year,spotify_song_id,chords,artist_id
2003,2ffJZ2r8HxI5DHcmf3BO6c,<intro_1> E D A/Cs E D A/Cs <verse_1> E D A/Cs E D A/Cs E D A/Cs E D A C <chorus_1> E G D A E G D A E G D A C D E D A/Cs <verse_2> E D A/Cs E D A/Cs E D A/Cs E D A C <chorus_2> E G D A E G D A E G D A C D <bridge_1> E C G D E C G D E C G D C D E G E G D A E G D A E G D A C D <chorus_3> E G D A E G D A E G D A C D <bridge_2> E C G D E C G D E C G D C D E,artist_2
2003,5KiY8SZEnvCPyIEkFGRR3y,<intro_1> Csmin <verse_1> A Csmin A Csmin A Csmin A B <chorus_1> Csmin A Fsmin A B <verse_2> Csmin A Csmin A Csmin A Csmin A Fsmin <chorus_2> Csmin A Fsmin A B Csmin A Fsmin Csmin <bridge_1> A Csmin A Csmin A Csmin A Csmin <chorus_3> Dsmin B Gsmin B Cs Dsmin B Gsmin Dsmin Csmin A Fsmin Csmin A Fsmin Csmin,artist_3
2022,01TtAcUqyLCRBZq4ZZiQWS,<intro_1> D Dmaj7 D Dmaj7 <verse_1> Emin A D G Emin A D G Emin A D G Emin A D <chorus_1> Emin A D G Emin A D G D/Fs Emin A D G D/Fs Emin A D G <verse_2> Emin A D G Emin A D G Emin A D G Emin A D G Emin A D G Emin A D <chorus_2> Emin A D G Emin A D G D/Fs Emin A D G D/Fs Emin A D G <bridge_1> Emin A D G D/Fs Emin A D G D/Fs Emin A D G D/Fs Emin A D <chorus_3> Emin A D G Emin A D G D/Fs Emin A D G D/Fs Emin A D G <outro_1> Emin A D G D/Fs Emin A D G D/Fs Emin A D G D/Fs Emin A D G <outro_2> Emin A D G D/Fs,artist_4
2023,3zUecdrWC3IqrNSjhnoF3G,<intro_1> C <verse_1> G C G C <chorus_1> F Dmin G Dmin G C <verse_2> G C <chorus_2> F Dmin G Dmin G C F Dmin G Dmin7 G C <verse_3> G C <chorus_3> F Dmin G Dmin G C <chorus_4> F Dmin G Dmin G C,artist_5
2018,2zGr6pFE273K7nnu8ACKjk,<intro_1> C G C G <verse_1> C G C G C Bmin Emin Amin D <chorus_1> G C D G C D G D/Fs F E Amin D G C D G C D G D/Fs F E Amin D <verse_2> C G C G C Bmin Emin Amin D <chorus_2> G C D G C D G D/Fs F E Amin D G C D G C D G D/Fs F E Amin D <chorus_3> G C D G C D G D/Fs F E Amin D G C D G C D G D/Fs F E Amin D C G C G,artist_6
2023,1gh9q0HsS3tVXQypDXp4gf,<intro_1> G Bmin Amin D G Bmin <verse_1> Amin D G Emin Amin D G Emin Amin D G Emin Amin D G Bmin Amin D <chorus_1> G Emin Amin7 D G Emin Amin7 D G Emin Amin D G Emin Amin D G Emin Amin <verse_2> D G Emin Amin D G Emin Amin D G Emin Amin D G Emin Amin D <chorus_2> G Emin Amin7 D G Emin Amin7 D G Emin Amin7 D G Emin Amin7 D G Emin Amin D G Emin Amin D G Emin Amin D G Emin Amin <verse_3> D G Emin Amin D G Emin Amin D <chorus_3> G Emin Amin7 D G Emin Amin7 D G Emin Amin D G Emin Amin D G Emin <outro_1> Amin D G Emin Amin D G Emin Amin D G Emin Amin7 D7 G,artist_5
2023,4y3uAOMHISJ3OOdjPC1FFN,<intro_1> Fsmin Fsno3d Bno3d E/B Fsno3d Bno3d E/B Fsmin B <chorus_1> Asno3d Gsmin B Csmin Gsmin Csmin Gsmin Fs Bmin Fsmin Fsno3d Bno3d E/B Fsno3d Bno3d E/B Fsmin B <chorus_2> Asno3d Gsmin B Csmin Gsmin Csmin Gsmin Fs Bmin Fsmin Fsno3d Bno3d E/B Fsno3d Bno3d E/B Fsmin E/B Fsmin <outro_1> Bno3d E/B Fsmin Bno3d E/B Fsmin,artist_7
2023,7FPREUUChbE5dPuDXAzjFz,<chorus_1> C Amin Dmin G C G Amin Dmin G C <verse_1> Dmin C Dmin C Amin Dmin G <chorus_2> C Amin Dmin G C G Amin Dmin G C <verse_2> Dmin C Dmin C Amin Dmin G <chorus_3> C Amin Dmin G C G Amin Dmin G C F C F G <chorus_4> C Amin Dmin G C G Amin Dmin G C <outro_1> Dmin G C Amin Dmin G C G C,artist_5
2022,6IgzeUSIN04yVLvZdxZ6iI,<chorus_1> Amin G F G Amin Fmaj7 Amin G Amin G Amin G Amin Fmaj7 Amin G <interlude_1> Amin G F G Amin F Amin G Amin Emin Amin Emin Amin Emin Amin Emin <verse_1> Amin Emin Amin Emin Amin F Amin G Amin Emin Amin Emin Amin F Amin G Amin Emin Amin Emin Amin F Amin G <chorus_2> Amin G Amin G Amin F Amin G Amin G Amin G Amin F Amin G <interlude_2> Amin Emin Amin Emin Amin Emin Amin Emin Amin Emin Amin Emin Amin F Amin Emin <verse_2> Amin Emin Amin Emin Amin F Amin G Amin Emin Amin Emin Amin F Amin G Amin Emin Amin Emin Amin F Amin G <chorus_3> Amin G Amin G Amin F Amin G Amin G Amin G Amin F Amin G <interlude_3> Amin Emin Amin Emin Amin Emin Amin Emin Amin Emin Amin Emin Amin F Amin Emin <verse_3> Amin Emin Amin Emin Amin F Amin G <chorus_4> Amin G Amin G Amin F Amin G Amin G Amin G Amin F Amin G <interlude_4> Amin Emin Amin Emin Amin Emin Amin Emin Amin Emin Amin Emin Amin F Amin Emin <outro_1> Amin Emin Amin Emin Amin Emin Amin Emin,artist_8
2023,6DneB3VYsHvIYdsfFoI1e6,<intro_1> Cmaj7 C Cmaj7 C <verse_1> G D Emin D Emin Amin D G <chorus_1> C Cmaj7 C G Cmaj7 C Amin7 Emin <verse_2> G Cmaj7 C Amin7 <chorus_2> G C G C Amin7 G C Amin7 D <bridge_1> G C Amin C <chorus_3> G C G C Amin G <outro_1> Cmaj7 C Amin,artist_5
2022,7MMMb1Ir8VDMAAaIFXFxun,<intro_1> G D Emin <verse_1> G D Emin G D Emin Amin G D Amin G D Emin D <chorus_1> Emin G D Amin Emin G D Amin Emin G D Amin C D G <interlude_1> D Emin <verse_2> G D Emin G D Emin Amin G D Amin G D Emin D <chorus_2> Emin G D Amin Emin G D Amin Emin G D Amin C D G D Amin <interlude_2> G D Amin <bridge_1> G D Amin C G D Amin C G D Amin C G D Amin C Emin D <chorus_3> Emin G D Amin Emin G D Amin Emin G D Amin C D G D Amin C G D Amin C <outro_1> G D Amin C G D Amin C G D Amin C G D Amin C G,artist_9
2009,3ouHmB2wtv5CzbsWlAGZzq,<intro_1> D G D G D G D G D G D Bb C D G D Bb C D <verse_1> G D Bb C D G D Bb C G D G D Bb C D G D Bb C D <chorus_1> C G C A D C <interlude_1> D G D Bb C D G D Bb C D <verse_2> G D Bb C D G D Bb C D G D Bb C D G D Bb C D <chorus_2> C G C A D <interlude_2> A D A D A C D <outro_1> G D Bb C D G D Bb C D G D Bb C D G D Bb C D G D G D Bb C D G D Bb C D,artist_10
2011,3uKv45soturBZVumfsXoag,<intro_1> E G D A <verse_1> D A D A D A D A <chorus_1> E D A E D E D A Bmin D <verse_2> A D A D <chorus_2> E D A E D E D A Bmin D <bridge_1> E G D E G D <verse_3> A D A D E D A E D E D A D E D A E D E D A Bmin D,artist_11
2010,3a3Zhb4QJx7r3yxw4j9VVP,Amin7 Emin Gmaj7 Amin Cmaj7 Emin7 Cmaj7 Amin7 Cmaj7 Emin7 Cmaj7 Amin7 Cmaj7 Amin7 Emin7 Fsmin Amin Fsmin Cmin B Cmaj7 Amin7 Cmaj7 Emin7 Cmaj7 Amin7 Cmaj7 Amin7 Emin7 Fsmin Amin Fsmin Cmin B Amin7 Emin7 Fsmin Amin Fsmin Cmin B Cmaj7 Amin7 Emin7 Dmin7 Cmaj7 Amin Emin7 Dmin7 G7 Cmaj7 Amin7 Emin7 Dmin7 G7 Cmaj7 Amin7 Emin7 Dmin7 G7 Amin7 Emin7 Fsmin Amin Fsmin Cmin B B7 Amin7 Emin7 Fsmin Amin Fsmin Cmin B B7 Amin7,artist_12
2003,0gyyXCNrJ2n4Et5iWYMWud,<intro_1> C Bb C Bb F Bb F Bb <verse_1> G F Bb G F Bb G F Bb G F Bb <chorus_1> F <interlude_1> Bb F Bb <verse_2> G F Bb G F Bb G F Bb G F Bb <chorus_2> F <bridge_1> Bb C D Bb C D Bb C D Bb C D <chorus_3> F E A D E A D <verse_3> G F Bb G F Bb G F Bb G F Bb <chorus_4> F Bb C D Bb C D Bb C D Bb C D Bb C D Bb C D Bb C D Bb C D Bb C D Bb C D Bb C D Bb C D,artist_14
2011,0F5IyjfspYrgLfQLwojQxj,<intro_1> C F <verse_1> C G C G Amin F Amin F G <verse_2> C G C G Amin F Amin F G <chorus_1> F Amin G F Amin G Amin C <verse_3> G C G <chorus_2> F Amin G F Amin G Amin C G C F C F G C G C F C F G <chorus_3> F Amin G F Amin G Amin C F Amin G F Amin G Amin C G C F C F G C G C F C F G C G C F C F G C G C F C F G,artist_15
2022,6MTGc6L8O2uvaWIUINmH93,<intro_1> Gsmin <verse_1> Fs Gsmin Fs B Fs Csmin E B Fs E <chorus_1> Gsmin E B Fs Gsmin E B Fs Gsmin <verse_2> Fs Gsmin Fs B Fs Csmin E B Fs E <chorus_2> Gsmin E B Fs Gsmin E B Fs Gsmin E B Fs Gsmin E B Fs <chorus_3> Gsmin E B Fs Gsmin E B Fs Gsmin,artist_16
2023,4PdGvl0Z3ZrD48jzfGe3ZK,<intro_1> Bb F C Bb F C <verse_1> Bb F Dmin C Bb F Dmin C Bb F Dmin C Bb F Dmin F/A Bb F C Bb F C <chorus_1> Bb F Dmin C Bb F Dmin C Bb F Dmin C Bb F C F/A <verse_2> Bb F Dmin C Bb F Dmin C Bb F Dmin C Bb F Dmin C Bb F C Bb F C <chorus_2> Bb F Dmin C Bb F Dmin C Bb F Dmin C Bb F C F/A <bridge_1> Bb F C Bb F C Bb F C Bb F C <chorus_3> Bb F Dmin C Bb F Dmin C Bb F Dmin C Bb F C F/A Bb F Dmin C Bb F Dmin C Bb F Dmin C Bb F Dmin F/A,artist_17
1992,5Lp3jYkxzIm9ZkUJ4jeH8P,<intro_1> G Cadd9 G Cadd9 G Cadd9 G <verse_1> Cadd9 G Cadd9 G Cadd9 G Cadd9 G <interlude_1> Cadd9 G <verse_2> Cadd9 G Cadd9 G Cadd9 G Cadd9 G <interlude_2> Cadd9 G Cadd9 G Cadd9 G D G D G C G D G D G C G C D G C G <verse_3> Cadd9 G Cadd9 G Cadd9 G <outro_1> Cadd9 G Cadd9 G,artist_18
2023,0GuYw7qcmDeDKRRGM0l3yp,<intro_1> E D/E E D/E <verse_1> E A E A Csmin B A Csmin B A E B Csmin A E B Csmin A <chorus_1> B A <verse_2> E D/E A E D/E A E Csmin B A Csmin B A E B Csmin A E B Csmin A <chorus_2> B A <verse_3> E B A E B A E B D A E B A <verse_4> B E/Gs A B E/Gs A B E/Gs A B E/Gs A Csmin B A Csmin B A E B E A B <bridge_1> E B E B E B D/E A E B D <verse_5> E B A E B A E B D A E B A <outro_1> B A,artist_19
2019,61vFhkZdG47M0DDOMPXss4,<verse_1> C Emin D Bmin C Emin D Bmin C Emin D Bmin C Emin D <chorus_1> C Emin D Bmin C Emin D Bmin Emin <verse_2> C Emin D Bmin C Emin D Bmin C Emin D <chorus_2> C Emin D Bmin C Emin D Emin Amin C Emin D C Emin D Bmin <bridge_1> Amin C Emin D Amin C Emin D <chorus_3> C Emin D Bmin C Emin D Emin Amin C Emin D C Emin D Bmin <outro_1> Amin C Emin D Amin C Emin D C,artist_20
2023,4rSNCJgnoYlmZTclowwXmr,<intro_1> D A Bmin G <chorus_1> D A Bmin G D A Bmin G D A Bmin7 G <verse_1> D A Bmin7 G D A Bmin7 G D A Bmin7 G <chorus_2> D A Bmin G D A Bmin G D A Bmin7 G <verse_2> D A Bmin G D A Bmin7 G <chorus_3> D A Bmin G D A Bmin G <bridge_1> D A Bmin G <chorus_4> D A Bmin G D A Bmin G D A Bmin G <outro_1> D A Bmin G,artist_21
1997,3l1OK33ZjQSaQJbuzF9w1D,<intro_1> Amin Amin7/G Fmaj7 Esus4 E <verse_1> Amin Amin7/G Fmaj7 E Amin Amin7/G Fmaj7 E C G/B E Amin G/B C G/B Esus4 E Amin Amin7/G Fmaj7 E7 <chorus_1> C G Amin F/A E C G Amin E7 F G E7 Amin F G E7 Amin F G Amin <verse_2> Amin7/G Fmaj7 E Amin Amin7/G Fmaj7 E C G/B E Amin G/B C G/B Esus4 E Amin Amin7/G Fmaj7 E7 <chorus_2> C G Amin F/A E C G Amin E7 F G E7 Amin F G E7 Amin F G Amin <outro_1> F G E7 Amin F G E7 Amin F G Amin,artist_22
2023,3Ivl6TLQRmygbBCz2X8f1e,<intro_1> A D A D <verse_1> A D A D A D A G <chorus_1> A D A D A D A D A D <verse_2> A D A D A D A G <chorus_2> A D A D A D A D A D A D <bridge_1> A D A D <chorus_3> A D A D A D A D A D <outro_1> A D,artist_23
2000,3j1udoaYEcFfiWJ1HqjFVK,<intro_1> Amin Asus2 Amin Amin7/G F E7 F <verse_1> Amin Fmaj7 G E7 <verse_2> Amin Fmaj7 G E7 <chorus_1> Amin Fmaj7 G E Amin F Dmin Gadd11 G Amin Fmaj7 G E Amin F Dmin Gadd11 G Amin <verse_3> Fmaj7 G E <verse_4> Amin Fmaj7 G E <chorus_2> Amin Fmaj7 G E Amin F Dmin Gadd11 G Amin Fmaj7 G E Amin F Dmin Gadd11 G Fmaj7 G <instrumental_1> Fmaj7 G Emin Amin Fmaj7 G Emin Amin <bridge_1> Fmaj7 G E7 Amin Fmaj7 E7 <chorus_3> Amin Fmaj7 G E Amin F Dmin Gadd11 <outro_1> G Amin Fmaj7 Amin,artist_22
2019,1EzC5xAyZvfoJDsiQsu4Mw,<intro_1> C G F Amin C F C G F Amin C F C G F Amin C F C G F Amin C F <chorus_1> C G F Amin C F C G F Amin C F <instrumental_1> C G F Amin C F C G F Amin C F C G F Amin C F C G F Amin C F <chorus_2> C G F Amin C F C G F Amin C F <instrumental_2> C G F Amin C F C G F Amin C F C G F Amin C F C G F Amin C F <chorus_3> C G F Amin C F C G F Amin C F <outro_1> C G F Amin C F,artist_24
2023,3JICV5tPaDMjzpYHBfAUrz,<chorus_1> C Amin G C Amin G <verse_1> Amin G C F Amin G C F Amin G C F Fmin <chorus_2> C Amin G C Amin G <outro_1> C Amin G,artist_25
2022,2Do2aatBxuuKWIav90Njvg,<verse_1> Amaj7 A7 Dmaj7 Dmin7 Amaj7 A7 Dmaj7 Dmin7 Amaj7 <chorus_1> Dmaj7 Dmin7 Amaj7 Dmaj7 Dmin7 Amaj7 <verse_2> A7 Dmaj7 Dmin7 Amaj7 A7 Dmaj7 Dmin7 Amaj7 <chorus_2> Dmaj7 Dmin7 Amaj7 Dmaj7 Dmin7 Amaj7 <instrumental_1> Dmaj7 Amaj7 Dmaj7 Dmin7 Amaj7 <chorus_3> Dmaj7 Dmin7 Amaj7 Dmaj7 Dmin7 Amaj7,artist_25
2022,5JCQgMY2RH0XRQlRTI4rgs,<verse_1> C G Amin F G C G Amin F G C G Amin F G C G Amin F G <chorus_1> Amin G C F G Amin G C F G Amin G C F G Amin G C F G C <verse_2> G Amin F G C G Amin F G C G Amin F G C G Amin F G <chorus_2> Amin G C F G Amin G C F G Amin G C F G Amin G C F G C <instrumental_1> G Amin F G <chorus_3> Amin G C F G Amin G C F G Amin G C F G Amin G C F G C,artist_25
2023,3ekyM2RKssRCbqVhrVt2R0,<chorus_1> Eb Bb Gmin F Eb Bb Gmin F <verse_1> Eb Bb Gmin F Eb Bb Gmin F Eb Bb Gmin F Eb Bb Gmin F <chorus_2> Eb Bb Gmin F Eb Bb Gmin F Eb Bb Gmin F Eb Bb Gmin F <verse_2> Eb Bb Gmin F Eb Bb Gmin Eb Bb Gmin F Eb Bb Gmin F <chorus_3> Eb Bb Gmin F Eb Bb Gmin F Eb Bb Gmin F,artist_28
2023,7dz9yXF8VlQCqsDDkZ8NiS,<intro_1> Fsmin G Bmin A <verse_1> Fsmin G Bmin A Fsmin G Bmin A Fsmin G Bmin A Fsmin G Bmin A Fsmin G Bmin A Fsmin G Bmin A Fsmin G Bmin A Fsmin G Bmin A Fsmin G Bmin A Fsmin G Bmin A Fsmin G Bmin A Fsmin G Bmin A Fsmin G Bmin A Fsmin G Bmin A Fsmin G Bmin A Emin Fsmin G A <chorus_1> Fsmin G Bmin A Fsmin G Bmin A Fsmin G Bmin A Fsmin G Bmin A Emin Fsmin G A Fsmin G Bmin A <verse_2> Fsmin G Bmin A Fsmin G Bmin A Fsmin G Bmin A Fsmin G Fsmin G Bmin A <interlude_1> Emin Fsmin G A <bridge_1> Emin Fsmin G A Emin Fsmin G A Emin Fsmin G A Emin Fsmin G A Emin Fsmin G A Emin Fsmin G A Fsmin G Bmin A Fsmin G Bmin A Fsmin G Bmin A Fsmin G Bmin A Fsmin G Bmin A Emin Fsmin G A Fsmin G Bmin A Fsmin G Bmin A Fsmin G Bmin A Fsmin G Bmin A Emin Fsmin G A Fsmin G Bmin A,artist_29
2023,13jdaWLIptrlaN9vrPXOxB,<chorus_1> D Bmin7 A E Bmin7 E7 A <verse_1> Amaj7 A7 Dmaj7 Csmin7 Fsmin7 Bmin7 E7 Dmin Fsmin E B7 <chorus_2> D Bmin7 A E Bmin7 <bridge_1> A Fs7 Bmin7 A Aaug Aadd13 G7 <chorus_3> D Bmin7 A E Bmin7 <outro_1> A D Bmin E A D Bmin E Gs A D Bmin E A D Bmin E Gs A D Bmin E A D Bmin E Gs A D Bmin E A D Bmin,artist_30
2022,4BxfStG0kB4oOYRd7KoCeV,<intro_1> A Emin7 Cadd9 G <verse_1> A Emin7 Cadd9 G A Emin7 Cadd9 G Bmin A Emin A Bmin A Emin A <chorus_1> D A Cadd9 G D A Cadd9 G <verse_2> A Emin7 Cadd9 G A Emin7 Cadd9 G Bmin A Emin A Bmin A Emin A <chorus_2> D A Cadd9 G D A Cadd9 G <outro_1> D A Cadd9 G D A Cadd9 G,artist_31
1999,2dPEPvdL38EnsZk9E4wu1m,<intro_1> Fmin7 Cmin7 Bbmin9 Fmin7 Cmin7 Bbmin9 Fmin7 Cmin7 Bbmin9 <verse_1> Fmin7 Cmin7 Bbmin9 Fmin7 Cmin7 Bbmin9 Fmin7 Cmin7 Bbmin9 Fmin7 Cmin7 Bbmin9 Fmin7 <chorus_1> Cmin7 Bbmin9 Fmin7 Cmin7 Bbmin9 Fmin7 Cmin7 Bbmin9 Fmin7 Cmin7 Bbmin9 <verse_2> Fmin7 Cmin7 Bbmin9 Fmin7 Cmin7 Bbmin9 Fmin7 Cmin7 Bbmin9 Fmin7 Cmin7 Bbmin9 Fmin7 <chorus_2> Cmin7 Bbmin9 Fmin7 Cmin7 Bbmin9 Fmin7 Cmin7 Bbmin9 Fmin7 Cmin7 Bbmin9 <bridge_1> Dbmaj7 F/G Eaug/Gb Fmin11 Ebmin9 Ab13 Dbmaj7 F/G Eaug/Gb Fmin11 Ebmin9 Ab13 Dbmaj7 C Bb/D C7/E Fmin7 Bb7 Bbmin7 C13b Fmin7 <chorus_3> Cmin7 Bbmin9 Fmin7 Cmin7 Bbmin9 Fmin7 Cmin7 Bbmin9 Fmin7 Cmin7 Bbmin9 <outro_1> Fmin7 Cmin7 Bbmin9 Fmin7 Cmin7 Bbmin9,artist_32
2017,3rl3ATO2NhY7888g3qNbYw,<intro_1> Dmin Bb Dmin Bb <verse_1> Dmin Amin A7 Dmin Bb F C/Bb Dmin Amin A Dmin Bb F A Dmin Bb F A Dmin <instrumental_1> Bb C7 F A7 Dmin7 <verse_2> Dmin Amin7 A7 Dmin Bb G/B F/C C/Bb Dmin G/B Amin A7 Dmin Bb C F C Dmin Bb C F A7 Dmin <instrumental_2> A Dmin Bb Dmin A7 Dmin <verse_3> Amin A7 Dmin Bb G7 F C Dmin Amin A7 Dmin Bb C F C Dmin Bb C F A7 Dmin <instrumental_3> Bb C A7 Bb Edim7 A7 Dmin7 <verse_4> Dmin Amin A7 Dmin Bb G/B F/C C/Bb Dmin C Bb A7 Dmin Amin A A7 Dmin Bb G/B F/C C/Bb A7 Dmin Amin Gmin Bb F A7 Dmin <instrumental_4> Bb Edim Bminadd13 G/B Bb A7 Dmin7 <verse_5> Dmin Amin7 A7 Dmin Bb C F C Dmin C Bb A7 Dmin Amin A7 Dmin Amin Bb C F C A7 Dmin C Bb C F A C7 F Bb A7 Dmin,artist_33
2023,3glzhe96SRqOMnMIM0Powq,<intro_1> D Bmin Emin A <verse_1> D Bmin Emin A D Bmin Emin A D Bmin Emin A D Bmin Emin A <chorus_1> D Bmin Emin A D Bmin Emin A <verse_2> D Bmin Emin A D Bmin Emin A D Bmin Emin A D Bmin Emin A <chorus_2> D Bmin Emin A D Bmin Emin A <bridge_1> Fsmin Bmin Emin A Fsmin Bmin E A <verse_3> D Bmin Emin A D Bmin Emin A <chorus_3> D Bmin Emin A D Bmin Emin A <bridge_2> Fsmin Bmin Emin A Fsmin Bmin E A <verse_4> D Bmin Emin A D Bmin Emin A <chorus_4> D Bmin Emin A D Bmin Emin A <outro_1> D Bmin Emin A D Bmin Emin A D,artist_35
2023,1ake0AJ6BEAtC62D4VJa2k,<intro_1> G <verse_1> Cadd9 G/B Emin7 G Cadd9 G/B Emin7 D <chorus_1> G D Emin7 Cadd9 G D A C D G <verse_2> Cadd9 G/B Emin7 G Cadd9 G/B Emin7 D <chorus_2> G D Emin7 Cadd9 G D A C D G <bridge_1> Emin7 Bmin G7 A7 C D <chorus_3> G D Emin7 Cadd9 G D A C D G <chorus_4> D Emin7 Cadd9 G D A C D G,artist_37
2013,6VIzXKKsb1ebcj8ds8MJR4,<intro_1> B Csmin E A <verse_1> Csmin E A B Csmin E A B <chorus_1> Csmin E A B Csmin E A B <verse_2> Csmin E A B Csmin E A B <chorus_2> Csmin E A B Csmin E A B,artist_38
2023,1NLcMYm8XYmg2hOVt6vWo2,<verse_1> D A G A D A G A <chorus_1> D G Bmin A D/Fs G Bmin A D/Fs G Bmin A D/Fs G Bmin A <verse_2> D A G A D A G A <chorus_2> D G Bmin A D/Fs G Bmin A D/Fs G Bmin A D/Fs G Bmin A <chorus_3> D G Bmin A D/Fs G Bmin A D/Fs G Bmin A D/Fs G Bmin A <bridge_1> Bmin G D A Bmin G D A Emin D/Fs G A Bmin Bmin7 Bmin <chorus_4> D G Bmin A D/Fs G Bmin A D/Fs G Bmin A D/Fs G Bmin A <chorus_5> D G Bmin A D/Fs G Bmin A D/Fs G Bmin A D/Fs G Bmin A <outro_1> D G Bmin A Asus2,artist_37
2023,5omsPZVDwJS3Jt2Ivlv7J2,<verse_1> G Cadd9 G/B G D Emin7 Cadd9 G D Emin7 Cadd9 Dsus4 D <chorus_1> G Cadd9 G Cadd9 G D Emin7 D G/B Cadd9 D G <verse_2> Cadd9 G/B G D G Cadd9 G/B G D Emin7 Cadd9 G D Emin7 Cadd9 Dsus4 D <chorus_2> G Cadd9 G Cadd9 G D Emin7 D G/B Cadd9 D G <chorus_3> Cadd9 G Cadd9 G D Emin7 D G/B Cadd9 D G <bridge_1> D Emin7 Cadd9 G/B Cadd9 G/B Gsus2/A Cadd9 G/B Cadd9 G/B Gsus2/A G Amin7 D <chorus_5> G Cadd9 G Cadd9 G D Emin7 D G/B Cadd9 D G <chorus_6> Cadd9 G Cadd9 G D Emin7 D G/B Cadd9 D G <chorus_7> Cadd9 G Cadd9 G D Emin7 D G/B Cadd9 D G Cadd9 D G Cadd9 D Cadd9 <outro_1> G/B Cadd9 G/B Gsus2/A G Cadd9 G/B Cadd9 G/B Gsus2/A G Cadd9,artist_37
2023,1tU42qWwEaEgqPIS6CLKgV,<intro_1> Amin D G D Emin7 Amin D G C G <verse_1> Amin D G D Emin7 Amin D G D Emin7 Amin D <chorus_1> C D G D Emin Amin7 D G D Emin Amin7 D Amin D G C G Amin <verse_2> D G D Emin7 Amin D G D Emin Amin D <chorus_2> C D G D Emin Amin7 D G D Emin7 Amin7 D Amin D C D G D Emin Amin D G D Emin <bridge_1> Amin D <chorus_3> C D G D Emin Amin D G D Emin Amin D Amin7 D G D Emin <outro_1> Amin D G C G,artist_5
2015,7asFHR74hcfNANNJ79cqVw,<intro_1> Db Gb Db Eb7 Ab7 Db Ab7 Db Ab7 Db Gb Db Bbmin7 Eb7 Ab7 Db Ab7 Gb Ab7 Db <verse_1> Ab7 Db Ebmin7 Ab7 Ab Db Ab7 Db <verse_2> Ab7 Db Ebmin7 Ab7 Gb Eb7 Ab Db Eb7 Ab7 Db Ab7 Db Ab Bbmin F7 Bbmin F7 Bbmin Gb Eb7 Db Eb7 Ab7 Db <chorus_1> Ab7 Db Ab7 Db Gb Db Eb7 Ab7 Db Ab7 Db Ab Db <verse_3> Ab Db Ebmin7 Ab7 Ab Db Ab7 Db <verse_4> Ab7 Db Db7 Gb Eb7 Db Bb7 Eb7 Ab7 Db Ab7 Db Ab Bbmin F7 Bbmin F7 Bbmin Gb Eb7 Db Eb7 Ab7 Db <chorus_2> Ab7 Db Ab7 Db Gb Db Eb7 Ab7 Db,artist_39
2023,1HcbOdPIS5KKeTmx05Drl8,<intro_1> C C/B G <verse_1> C Emin7 Amin7 Gmin7 F C Dmin7 G Dmin7 Gno3d G C C/B G C Emin7 Amin7 Gmin7 F C Dmin7 G Dmin7 G C Amin G F C G F Emin G C G <chorus_1> C7 F D7 C G C G <verse_2> C Emin Amin7 Gmin7 C7 F C Dmin7 G Dmin7 G Dmin G C F C G F Emin G C G <chorus_2> C C7 F D C G Amin D C G C,artist_5
2022,0nYH8hMJy1HvTZjKO715sZ,<intro_1> A Fsmin Csmin E <verse_1> A Cs D Cs A D B <chorus_1> A Fsmin Csmin E A Fsmin Csmin E A Fsmin Csmin E A Fsmin Csmin E <verse_2> A Cs D Cs A D B <chorus_2> A Fsmin Csmin E A Fsmin Csmin E A Fsmin Csmin E <chorus_3> A Fsmin Csmin E A Fsmin Csmin E A Fsmin Csmin E A Fsmin Csmin E A Fsmin Csmin E A Fsmin Csmin E A Fsmin Csmin E,artist_40
2023,3oWGBitSdsizfiIlCfwUqV,<intro_1> F Dmin G Bb F Dmin G <verse_1> F Dmin G F Dmin G G7 Bb Dmin7 G Bb Dmin7 G C F Dmin7 G F Dmin7 G <verse_2> F Dmin G F Dmin G Bb Dmin G Bb Dmin7 G C F Dmin7 G F Dmin7 G <verse_3> F Dmin G7 F Dmin G Bb Dmin G Bb Dmin7 G C F Dmin7 G <outro_1> F Dmin7 G Fs F,artist_41
2011,5A4yiMF8O79tfZCnLlZKXE,<intro_1> D C Bb F Dmin C <verse_1> Dmin C Bb F Dmin C G D C Bb F Bb F C Dmin C Bb F Dmin C G Dmin C Bb F Bb C F <chorus_1> Bb Amin Gmin C A Dmin C Bb F Dmin C <verse_2> Dmin C Bb F Dmin C G Dmin C Bb F Bb F C Dmin C Bb F Dmin C G Dmin C Bb F Bb C F <chorus_2> Bb Amin Gmin C A Dmin C Bb <verse_3> Dmin C Bb Dmin C G Dmin C Bb F Bb C Bb F <chorus_3> Bb Amin Gmin C A Bb Amin F Gmin C A Dmin C F,artist_43
2015,3CjF6b2Cz8p7DMVrevfxMS,<intro_1> Emin C Emin C Dsus2 <verse_1> Emin C Emin C Emin C G C C/B Amin <chorus_1> G G/Fs Emin G C C/B Amin G G/Fs Emin G C C/B F C D Emin <verse_2> C Emin C Dsus2 Emin C G C C/B Amin G G/Fs Emin G C C/B Amin G G/Fs Emin G C C/B F C D G C G <bridge_1> D C G D C G Amin C D <chorus_2> G G/Fs Emin G C C/B Amin G G/Fs Emin G C C/B F C D G <outro_1> G/Fs Emin G C C/B Amin G G/Fs Emin G C C/B F C D G,artist_44
2022,1VsMlO01OCEbkw1GYXLcPu,<verse_1> D G D G D G D G <chorus_1> D G D A <verse_2> D G D G D G D G <chorus_2> D G D A <bridge_1> D G D A D G D A G D A <chorus_3> D G D G D A D A D,artist_45
2006,5qiHrYEXSrfN95vqRSLiCZ,<intro_1> F Bmin E7 Amin <chorus_1> F Bmin E7 Amin F Bmin E7 Amin F Bmin E7 Amin F Bmin E7 Amin F Bmin E7 Amin F Bmin E7 Amin F Bmin E7 Amin F Bmin E7 Amin,artist_46
2017,7hI5N41VjACOmegJyW6Hem,<intro_1> C <verse_1> F C G C F C G C F C G C F C G <chorus_1> F C G C F C G C F C G C F C G C F C G C F C G C <verse_2> F C G C F C G C F C G C F C G C F C G <chorus_2> F C G C F C G C F C G C F C G C <verse_3> F C G C F C G C F C G C F C G C F C G C F C G C <chorus_3> F C G C F C G C F C G C F C G C,artist_47
2018,3cGvgiiV5QiTnoKvzzZKxW,<intro_1> D <verse_1> Fsmin G A D Fsmin G A D Fsmin G A <chorus_1> D Fsmin G A D Fsmin G A G Fsmin E D Fs Bmin Emin A <verse_2> D Fsmin G A D Fsmin G A D Fsmin G A <chorus_2> D Fsmin G A D Fsmin G A G Fsmin E D Fs Bmin Emin A <verse_3> D Fsmin G A D Fsmin G A D Fsmin G A <chorus_3> D Fsmin G A D Fsmin G A G D E D Fs G D Fs Bmin Emin Gmin E D,artist_43
2022,7aPKTG3yGQ8kbkKd88J2wB,<intro_1> D Bmin Fsmin Emin <chorus_1> D Bmin Fsmin Emin D Bmin Fsmin Emin <verse_1> D Bmin Fsmin Emin D Bmin Fsmin Emin D Bmin Fsmin Emin D Bmin Fsmin Emin <chorus_2> D Bmin Fsmin Emin D Bmin Fsmin Emin <verse_2> D Bmin Fsmin Emin D Bmin Fsmin Emin D Bmin Fsmin Emin D Bmin Fsmin Emin <chorus_3> D Bmin Fsmin Emin D Bmin Fsmin Emin D Bmin Fsmin Emin <chorus_4> D Bmin Fsmin Emin D Bmin Fsmin Emin D Bmin Fsmin Emin D Bmin Fsmin Emin,artist_48
2023,44IqmveSeUqF75j3jgQzM4,<intro_1> Fs Gs Gsmin Bmin Fsmaj7 <verse_1> Fs Gs Gsmin Bmin Fsmaj7 Fs Gs Gsmin Bmin Fsmaj7 <chorus_1> Dsmin7 Gs Emaj7 Gsmin7 Cs Fs Gsmin7 Fs Gsmin7 B Fs Gs Gsmin Bmin Fsmaj7 <verse_2> Fs Gs Gsmin Bmin Fsmaj7 Fs Gs Gsmin Bmin Fsmaj7 <chorus_2> Dsmin7 Gs Emaj7 Gsmin Cs Fs Gsmin7 Fs Gsmin7 B <outro_1> Fs Gs Gsmin Bmin Fsmaj7,artist_41
1973,2eDdFHgqNJltzlvlZFVDWd,<verse_1> G Emin G C D G Emin C G C D <chorus_1> G C G C D G Emin C G C D <verse_2> G Emin G C D G Emin C G C D <chorus_2> G C G C D G Emin C G C D <verse_3> G Emin G C D G Emin C G C D <chorus_3> G C G C D G Emin C G C D,artist_49
2001,5yA7AoyGWSUoxALn0RxCfb,<intro_1> D G C D G D G C D G C <verse_1> D G C D G C D G C D G C D <chorus_1> G C D G F G F D G C D G C <verse_2> D G C D G C D G C D G C D <chorus_2> G C D G D G C D G D F G F D <interlude_1> G C D G C D G C D G <verse_3> D G C D G C D G C D G C D G D G D G D G D F G D G D F G D,artist_50
2023,5ZwLuoFmMEXqPp53pxvH1P,<intro_1> Amin7 Amin G F <verse_1> C G F C G F <chorus_1> Amin G F C G F Amin Amin7 <verse_2> C G F <chorus_2> Amin G F C G F Amin Amin7 <chorus_3> Amin G F C G F Amin Amin7 F G <chorus_4> Amin Amin7 G F C G F Amin <outro_1> G C Emin F,artist_5
1968,53lCFR1blDWZy54m4PvGgg,<intro_1> Amin G F E7 Amin G Amin G <verse_1> Amin G Amin G E7 Amin G F E7 Amin G Amin G Amin <verse_2> G Amin C E7 Amin G F E7 Amin G Amin G Amin <instrumental_1> G F E7 Amin G Amin G <verse_3> Amin G Amin C E7 Amin G F E7 Amin G Amin G Amin <verse_4> G Amin C E7 Amin G F E7 Amin G Amin G Amin <outro_1> G Amin G Amin,artist_51
2023,2oxdi8sGIzwTKzPN5vAFKa,<intro_1> Dmin F C Dmin Emin C D Dmin Emin G C G C Dmin Emin Dmin Emin <verse_1> C Dmin Emin C Dmin Emin F G Dmin C <chorus_1> G D F Dmin Emin G C Dmin Emin G Amin Dmin F Dmin G Dmin Emin F G C Dmin G Dmin Emin G Amin Dmin F C G C G Dmin Emin F Dmin Emin G Amin <outro_1> G C Dmin G C Dmin Emin,artist_52
2022,3jn8DVkgWJcbYGZDb7cFd9,<intro_1> Bsus4 Asus2 E <verse_1> Bsus4 Asus2 E Bsus4 Asus2 E Bsus4 Asus2 E Bsus4 Asus2 E Bsus4 Asus2 E <verse_2> Bsus4 Asus2 E Bsus4 Asus2 E Bsus4 Asus2 E Bsus4 Asus2 E Bsus4 Asus2 E <bridge_1> Gadd13 Asus2 <chorus_1> Bsus4 Asus2 E Bsus4 Asus2 E Bsus4 Asus2 E Bsus4 Asus2 E Bsus4 Asus2 E <bridge_2> Gadd13 Asus2 <verse_3> Bsus4 Asus2 E Bsus4 Asus2 E Bsus4 Asus2 E Bsus4 Asus2 E Bsus4 Asus2 E <chorus_2> Bsus4 Asus2 E Bsus4 Asus2 E Bsus4 Asus2 E Bsus4 Asus2 E Bsus4 Asus2 E <outro_1> Bsus4 Asus2 E Asus2,artist_54
2013,62uFDbyzIZLSIlbtsP21Go,<intro_1> F Amin C G <verse_1> F Amin C G F Amin C G F Amin C G F Amin C G <chorus_1> F Amin C G F Amin C G F Amin C G F Amin C G <verse_2> F Amin C G F Amin C G F Amin C G F Amin C G <chorus_2> F Amin C G F Amin C G F Amin C G F Amin C G F Amin C G <bridge_1> F Amin C G F Amin C G <chorus_3> F Amin C G F Amin C G F Amin C G F Amin C G,artist_55
2023,3ym8ajVmKm6Fybgov3WBI5,<intro_1> Ebmaj7 F Bbmaj7 Gmin7 <verse_1> Ebmaj7 F Bbmaj7 Gmin7 Ebmaj7 F Bbmaj7 Gmin7 Ebmaj7 F Bmaj7 Gmin7 Ebmaj7 F Bbmaj7 Gmin7 <chorus_1> Ebmaj7 F Bbmaj7 Gmin7 Ebmaj7 F Bbmaj7 Gmin7 <verse_2> Ebmaj7 F Bbmaj7 Gmin7 Ebmaj7 F Bbmaj7 Gmin7 Ebmaj7 F Bmaj7 Gmin7 Ebmaj7 F Bbmaj7 Gmin7 <chorus_2> Ebmaj7 F Bbmaj7 Gmin7 Ebmaj7 F Bbmaj7 Gmin7 <outro_1> Ebmaj7 F Bbmaj7 Gmin7 Ebmaj7 F Bbmaj7 Gmin7 Ebmaj7 F Bmaj7 Gmin7 Cmin7 F Gmin7 Emin7,artist_59
1964,0ZWrQULmPlwqsAGgvWhTMP,<intro_1> F C G C <verse_1> C7 F C G F C G C <chorus_1> G F C G F G C <solo_1> C7 F C G C <verse_2> C7 F C G F C G C <chorus_2> G F C G F G C C7 <outro_1> F G C C7 F G C C7 F G C C7,artist_61
2015,41VipzFVimtyUgProD7JnS,<verse_1> E B E <chorus_1> B Fs G E B E Emin E B E Gsmin E <verse_2> Emaj7 Gsmin B Fs E Gsmin Fs Ds E <chorus_2> B Fs Ds G E B E Emin <bridge_1> E Fs E Gsmin Fs E B E Gsmin Fs B E Gsmin Fs E B Gsmin Fs E Gsmin Fs E Gsmin Fs E Fs E B Gsmin Fs E B Gsmin Fs E B <outro_1> Fs Gsmin Fs E Gsmin Fs E B Fs Ds E B E Emin E,artist_64
2021,4i4hRL6w2H1RCf9ZaR4gPj,<intro_1> G D G D C D G <chorus_1> D C G D C G D G D C D G <verse_1> D G D G C G D C D <chorus_2> G D C G D C G D C D G <verse_2> D G D G C G D C D <chorus_3> G D C G D C G D C G D C G D C G D G <verse_3> D G D G C D C D <chorus_4> G D C G D C G D C G D C G E A E D A E D E A E D A E A E A E D A E A E D A E A E D A E D E A,artist_65
2023,0GSvrBxW2M2eU23bDzCuCd,<intro_1> Emin Bmin7/Fs Emin Esus4/Fs Emin Bmin7/Fs <verse_1> Emin Esus4/Fs Emin Bmin7/Fs Emin Esus4/Fs Emin Bmin7/Fs Emin Esus4/Fs Emin Bmin7/Fs Emin Esus4/Fs Emin Bmin7/Fs <chorus_1> Emin Esus4/Fs Emin Esus4/Fs Emin Esus4/Fs Emin Esus4/Fs Emin Esus4/Fs Emin Esus4/Fs Emin Esus4/Fs Emin Esus4/Fs <verse_2> Emin Esus4/Fs Emin Bmin7/Fs Emin Esus4/Fs Emin Bmin7/Fs Emin Esus4/Fs Emin Bmin7/Fs Emin Esus4/Fs Emin Bmin7/Fs <verse_3> Emin Esus4/Fs Emin Bmin7/Fs Emin Esus4/Fs Emin Bmin7/Fs Emin Esus4/Fs Emin Bmin7/Fs Emin Esus4/Fs Emin Bmin7/Fs <chorus_2> Emin Esus4/Fs Emin Esus4/Fs Emin Esus4/Fs Emin Esus4/Fs Emin Esus4/Fs Emin Esus4/Fs Emin Esus4/Fs Emin Esus4/Fs Emin Esus4/Fs <verse_4> Emin Esus4/Fs Emin Bmin7/Fs Emin Esus4/Fs Emin Bmin7/Fs Emin Esus4/Fs Emin Bmin7/Fs Emin Esus4/Fs Emin Bmin7/Fs <outro_1> Emin Esus4/Fs Emin Esus4/Fs Emin Esus4/Fs Emin Esus4/Fs Emin Esus4/Fs Emin Esus4/Fs Emin Esus4/Fs Emin Esus4/Fs Emin Bmin7/Fs Emin Esus4/Fs,artist_66
2018,5aYWkBo83usKAVVu828bi9,<intro_1> G Emin Bmin D <verse_1> G Emin Bmin D G Emin Bmin D Ab Bmin G D A Bmin G <chorus_1> Bmin D A Bmin G D Bmin G <verse_2> Emin Bmin D G Emin Bmin D Ab Bmin G D A Bmin G <chorus_2> Bmin D A Bmin G D Bmin G <bridge_1> A Bmin D G A Bmin <chorus_3> D A Bmin G D Bmin D A Bmin G D Bmin D A Bmin D A Bmin D A,artist_67
2021,7bVHJnH0eKtJVj5kqQnpju,<intro_1> Emin C G D Emin C G D <verse_1> Emin Amin D G C Amin B Emin <verse_2> Amin D G C Amin B Emin <chorus_1> Amin D G C Amin B Emin C G D Emin C G D <verse_3> Emin Amin D G Emin Amin B Emin <verse_4> Amin D G C Amin B Emin <chorus_2> Amin D G C Amin B Emin C G D Emin C G D Emin C G D Bmin B C <verse_5> Fmin Asmin Ds Gs Cs Asmin C Fmin <verse_6> Asmin Ds Gs Cs Asmin C Fmin <chorus_3> Asmin Ds Gs Cs Asmin C <chorus_4> Fmin Asmin Ds Gs Cs Asmin C Fmin Cs <outro_1> Gs Ds Fmin Cs Gs Ds,artist_69
2022,4aZdaUQoz69EqlmXt78TrE,<verse_1> C F G C F G <chorus_1> C G F C G F C <verse_2> F G C F G <chorus_2> C G F C G F D <bridge_1> G C F D G C G F <chorus_3> D A G D A G <outro_1> D A G D A G D,artist_70
2015,4BWt5HB83BL6NCppcneKGE,<intro_1> D <verse_1> G D A G A G <chorus_1> D Amin G F Emin D <verse_2> Dmin D G D Amin G Amin G <chorus_2> D Amin G F Emin D <bridge_1> G Dmin Amin G F Emin Dmin F Emin G <chorus_3> D Amin G F Emin D G Dmin Amin G D,artist_72
2006,51UonN7uiVb96zWWg23Ege,<intro_1> A D Emin G A <verse_1> D G D A D Emin G A <verse_2> D G D A D Emin G A <verse_3> D G D A D Emin G A <verse_4> D G D A D Emin G A <instrumental_1> D G D A D Emin G A <verse_5> D G D A D Emin G A <verse_6> D G D A D Emin G A <verse_7> D G D A D Emin G A <verse_8> D G D A D Emin G A <instrumental_2> D G D A D Emin G A <verse_9> D G D A D Emin G A,artist_74
2022,62rXTgGmOsUBiIr10BHlTw,<verse_1> Amin C E E7 Amin C E E7 Amin C E E7 Amin C E Amin C E7 <chorus_1> Amin C E E7 Amin C E E7 Amin C E E7 Amin C E E7 Amin <verse_2> C E E7 Amin C E E7 Amin C E E7 Amin C E E7 Amin C E E7 Amin C E E7 Amin C E E7 Amin C E7 <chorus_2> Amin C E E7 Amin C E E7 Amin C E E7 Amin C E E7 Amin,artist_75
2023,5zMli5CLpcipGfE8xVFkWT,<intro_1> C Dmin G C Dmin G C G <verse_1> C Dmin G C Dmin F G C <verse_2> Dmin G C Dmin F G C <bridge_1> Dmin Emin F G Emin Amin Dmin G C Dmin <chorus_1> Emin F G Emin A Dmin G C Dmin <chorus_2> Emin F G Emin A Dmin G C Dmin Emin <interlude_1> F G Emin Amin Dmin G C G <verse_3> C Dmin G C Dmin F G C <bridge_2> Dmin Emin F G Emin Amin Dmin G C Dmin <chorus_3> Emin F G Emin A Dmin G Amin <chorus_4> Emin F G Emin A Dmin G C Dmin <chorus_5> Emin F G Emin A Dmin G C Dmin <chorus_6> Emin F G Emin A Dmin G C Amin <outro_1> Dmin G C Bmin C,artist_76
2023,3LSiq0BVGDwPa9YtXcm9V2,<intro_1> Bmin G D A <verse_1> Bmin G D A Bmin G D A Bmin G D A Bmin G A <chorus_1> Bmin G D A Bmin G D A Bmin G D A Bmin G D A Bmin G D A <verse_2> Bmin G D A Bmin G D A Bmin G D A Bmin G A <chorus_2> Bmin G D A Bmin G D A Bmin G D A Bmin G D A Bmin G <bridge_1> D A Bmin G D A <chorus_3> Bmin G D A Bmin G D A Bmin G D A Bmin G D A Bmin,artist_77
2021,0HBmcorGWox3KmkT4d4SL6,Amin Dmin G C Amin Dmin G C Amin Dmin G Amin Dmin G C G Amin Dmin G Amin Dmin G C G Amin Dmin G Amin Dmin G C G Amin Dmin G C G Amin Dmin G Amin Dmin G C G Amin Dmin G Amin Dmin G C Amin Dmin G Amin Dmin G C Amin Dmin G Amin Dmin G C G Amin Dmin G Amin Dmin G C G Amin Dmin G C,artist_78
2016,0e67UeDKEyXDQswxTvFPVZ,C G C F C G Dmin G C G C F C G Amin F G C F G C F G C F G C Dmin G C C/B Amin F Emin Dmin G C F G C F C G Amin F Emin Dmin G C G C F C G Dmin G C G C F C G Amin F G C F G C F G C F G C Dmin G C C/B Amin F Emin Dmin G C F G C F C G Amin F Emin Dmin G C G C F C G Dmin G C G C F C G Amin F G C Gs Cs Gs Cs Fs Cs Gs Dsmin Gs Cs Gs Cs Fs Cs Gs Asmin Fs Gs Cs Dsmin Gs Cs,artist_79
2015,0m19WjaN3H2gznSivGcJcG,Dmin Amin Bb F C Dmin Amin Bb Dmin Amin Bb F C Dmin Amin Bb Dmin Amin Bb F C Dmin Amin Bb F Amin Bb F Amin Bb F Amin Bb G Dmin Amin Bb F C Dmin Amin Bb Dmin Amin Bb F C Dmin Amin Bb Dmin Amin Bb F C Dmin Amin Bb F Amin Bb F Amin Bb F Amin Bb G C Bb F Bb Dmin Amin Bb F C Dmin Amin Bb F Amin Bb F Amin Bb F Amin Bb F Amin Bb F Amin Bb F Amin Bb F Amin Bb F,artist_80
2020,1KewjSLZaDp6wYaIaQoGsf,<intro_1> Amin G F E Amin G F E <verse_1> Amin G F E Amin G F E <chorus_1> Dmin C Dmin C <verse_2> Amin G F E Amin G F E <chorus_2> Dmin C Dmin C Dmin C Dmin C <outro_1> Dmin C Dmin,artist_82
1995,61NuNXEZRFGs8OQB9XAciR,<intro_1> Gno3d <verse_1> Cmin G Cmin D G Ab Cmin G Cmin <chorus_1> Eb Bb Cmin G Ab Bb Eb Bb Cmin G Cmin Eb Bb Cmin G Ab Bb Eb Bb Cmin G Cmin <interlude_1> Cno3d Fno3d Gno3d <verse_2> Cmin G Cmin D G Ab Cmin Fmin G Cmin G Cmin D G Ab Cmin G Cmin <chorus_2> Eb Bb Cmin G Ab Bb Eb Bb Cmin G Cmin Eb Bb Cmin G Ab Bb Eb Bb Cmin G Cmin <bridge_1> Gno3d Cno3d Gno3d Fno3d Gno3d <interlude_2> Cmin G Cmin D G Ab Cmin G Cmin <chorus_3> Eb Bb Cmin G Ab Bb Eb Bb Cmin G Cmin Eb Bb Cmin G Ab Bb Eb Bb Cmin G Cmin <outro_1> Gno3d,artist_83
2018,3urAuXn4JQ1ZG5jBePZUk4,<intro_1> G D Emin C G D Emin C <verse_1> G D Emin C G D Emin G <chorus_1> Emin D C G D Emin D C A D G D Emin C <verse_2> G D Emin C G D Emin C <chorus_2> Emin D C G D Emin D C A D G C G C <chorus_3> Emin D C G D Emin D C A D A D A D G D Emin C G,artist_85
2021,3BbggwlOcRWdcTVME4FKm1,<intro_1> D <verse_1> Bmin7 G A D Bmin7 G A <chorus_1> D Bmin7 G A D Bmin7 G A <verse_2> D Bmin7 G A <chorus_2> D Bmin7 G A D Bmin7 G A <solo_1> D Bmin7 G A <verse_3> D Bmin7 G A <chorus_3> D Bmin Bmin7 G A D Bmin7 G A <solo_2> D Bmin7 G A D,artist_85
2010,7EfQEOgEkAfumAT9kIsgAp,<intro_1> C Amin Emin F C Amin Emin F <verse_1> C Amin Emin F C Amin Emin F <verse_2> C Amin Emin F C Amin Emin F Dmin Amin G C <chorus_1> G Amin Emin F Emin F G C <verse_3> Amin Emin F C Amin Emin F <bridge_1> Dmin Amin G <chorus_2> C G Amin Emin F Emin F G C Amin Emin F C Amin Emin Fmin <instrumental_1> C Amin Emin F C Amin Emin Fmin <chorus_3> C G Amin Emin F Emin F G C <outro_1> Amin Emin F,artist_69
1972,7Iy1WEvOfAYC05ZrMoZpUT,<intro_1> Amin F G Amin F Amin F Amin F Amin G F Amin F E Amin F Amin F G Amin F Amin A F Amin F E <verse_1> Amin F Amin F Amin F Esus4 E Amin <verse_2> F Amin F Amin F Esus4 E C <verse_3> F C F C F C G <solo_1> Amin F Amin F Amin F Amin G F Amin F Esus4 E Amin <verse_4> F Amin F Amin F E <verse_5> Amin F Amin F Amin F Esus4 E C <verse_6> F C F C F C G <solo_2> Amin F Amin F Amin F Amin G F Amin F Esus4 E Amin F Amin F Amin F Amin A F Amin F Esus4 E Amin F,artist_86
2023,5iy5KJcoVkz3Wswh0K8VLl,<verse_1> F G C F G C Bb F G G7 C <chorus_1> F G G7 C C7 F Bb F Bb F G C <verse_2> F G C F Bb F Amin C F Bb C <chorus_2> F G G7 C C7 F Bb F Bb F G C <interlude_1> F G Bb Bbmin <bridge_1> Bb C F Gmin G Bb Bbmin,artist_87
2018,0c8XbVZkZ01F1Gec9fO0Pm,<verse_1> C Bb C Bb C Dmin G Dmin G <chorus_1> C F G Amin F C G C F G F G C F G Amin F C G C F G F G C <verse_2> Bb C Bb C Dmin G Dmin G <chorus_2> C F G Amin F C G C F G F G C F G Amin F C G C F G F G C <bridge_1> Dmin G Dmin G <chorus_3> C F G Amin F C G C F G F G C F G Amin F C G C F G F G C F G Amin F C G C F G F G C,artist_88
2023,0d2L8T9h31cJyyqVbsCZxL,<intro_1> D <verse_1> G A D E G A G A D D/Cs Bmin D A D <verse_2> G A D E G A G A D D/Cs Bmin D A D D7 <chorus_1> G D E G A A7 D A D D7 <instrumental_1> G A A7 D D7 <chorus_2> G D E G A <outro_1> D D/Cs Bmin Bmin/A G G/Fs Emin D A Bmin Bmin/A E/Gs D A D,artist_84
2022,28IuHKe3o1Cb7ECyEMxz7j,<intro_1> Gmaj7 Fs7 Emin7 A7 Dmaj7 Gmaj7 Fs7 E7 A7 Dmaj7 Gmaj7 Fs7 Dmaj7 B7 <verse_1> Gmaj7 Fs7 Emin7 A7 Dmaj7 Gmaj7 Fs7 E7 A7 Dmaj7 Gmaj7 Fs7 Dmaj7 B7 <chorus_1> G Fs7 Emin7 A7 Dmaj7 G Fs7 Emin7 A7 Dmaj7 <bridge_1> Gmaj7 Fs7 Dmaj7 Gmaj7 Fs7 Fsmin7 Dmaj7 B7 <verse_2> Gmaj7 Fsmin7 Emin7 A7 Dmaj7 Gmaj7 Fsmin7 Emin7 A7 Dmaj7 Gmaj7 Fsmin7 B7 <verse_3> Gmaj7 Fs7 Emin7 A7 Dmaj7 Gmaj7 Fs7 E7 A7 Dmaj7 Gmaj7 Fs7 B7 <chorus_2> G Fs7 Emin7 A7 Dmaj7 G Fs7 Emin7 A7 Dmaj7,artist_90
2022,6C7CPTb5kn0Qee90SP1roY,<intro_1> D <verse_1> G D A D G D A <chorus_1> D G D A Bmin A G D Bmin A E D G A D <verse_2> G D A D G D A D <chorus_2> G D A Bmin A G D Bmin A E D G A D <bridge_1> G D A D G D G A <chorus_3> D G D A Bmin A G D Bmin A E D G A D,artist_85
2011,6XfQZHc5Cne8qF2AiYOSUh,<intro_1> C Bb C Bb C <verse_1> Bb C Bb C <instrumental_1> Bb C Bb C <verse_2> Bb C Bb C <instrumental_2> Bb C Bb C <verse_3> Bb C Bb C <instrumental_3> Bb C Bb C <verse_4> Bb C Bb C <outro_1> Bb C Bb C,artist_91
2023,4cAMLV4qkknxaMGSo3vrIM,<intro_1> A D A D <verse_1> A D A E A D A E <chorus_1> A D A E A D A E A D <verse_2> A D A E A D A E <chorus_2> A D A E A D A E A D A D <bridge_1> E D E D <chorus_3> A D A E A D A E A E G Fs D <outro_1> A D A D A D A D A D A D A D A D A D A D,artist_93
2023,2pDoLxCy0aDjJtMOUjsoQu,<chorus_1> Cmaj7 A Amin B7 Emin <chorus_2> Cmaj7 A Amin B7 Emin <chorus_3> A Amin B7 Cmaj7 <bridge_1> Emin Cmaj7 A Amin B7 Emin <chorus_4> Cmaj7 A Amin B7 Emin,artist_94
1995,2ay5z7mPcG29jiF5BFdQSQ,<intro_1> E A B E B A <verse_1> E A B E B E A B E B E <chorus_1> B A E B A E B A E B A <interlude_1> E7 E B E <verse_2> A B E B E A B E B E <chorus_2> B A E B A E B A E B A <interlude_2> E7 E A B E7 E B E <bridge_1> B A E B A E Fs <interlude_3> E A B E B E <verse_3> A B E B E <chorus_3> B A E B A E B A E B A <outro_1> E A B E B E,artist_83
2022,7tbLYguvNYt9CsNdJe13WJ,<intro_1> G Emin G Emin <verse_1> G Emin Amin C G Emin Amin C Amin C <chorus_1> Amin C Amin C G Bmin7 Amin C D <verse_2> G Emin Amin C G Emin Amin C Amin C <chorus_2> Amin C Amin C G Bmin7 Amin C D <instrumental_1> G Emin Amin C G Emin Amin C D <chorus_3> Amin C Amin C G Bmin7 Amin C D <outro_1> G Emin Amin C C/G,artist_95
2023,60NdkVKLeIp2w1vmTezehP,<intro_1> A Fsmin7 D A Fsmin7 D A <verse_1> Fsmin7 A Fsmin7 D A Bmin7 E <chorus_1> A Fsmin7 D A Fsmin7 D A Fsmin7 D A <verse_2> Fsmin7 D A Fsmin D A Bmin7 E <chorus_2> A Fsmin7 D A Fsmin7 D A Fsmin7 D A Fsmin7 D A Fsmin7 D A <bridge_1> Bmin7 E <chorus_3> A Fsmin7 D A Fsmin7 D A Fsmin7 D A <outro_1> Fsmin7 D A Fsmin7 D A,artist_96
2000,6TtUR5HNTSOSbt8jfke8gm,<intro_1> C Emin C7 Fmin <verse_1> C F Amin7 Gsus4 G C F Amin7 Gsus4 G <bridge_1> F G7 A Amin G F Emin C Dmin7 Gsus4 G <chorus_1> C C7 Amin Gs C Amin F C Dmin7 G <verse_2> C F Amin7 Gsus4 G C F Amin7 Gsus4 G <bridge_2> F G7 A Amin G F Emin C Dmin7 Gsus4 G <chorus_2> C C7 Amin Gs C Amin F C Dmin7 G <chorus_3> C C7 Amin Gs C Amin F C Dmin7 G <outro_1> F C Dmin7 G,artist_97
2007,2RZZJHukquqyiqndIKYozV,<intro_1> G <verse_1> C G D C D Amin D G C G C G D G C D <verse_2> G C G D C D Amin D G C G C G D G A <chorus_1> D C G Amin G D Amin D G C G C G D G <solo_1> C D G C G C G D G A <chorus_2> D C G Amin G D G C G C G D G C G D C Bmin D G,artist_99
2023,1c0szvjQVr75cwsYOucESa,<intro_1> Amin F G Amin F G <verse_1> Amin F G Amin F G Amin F G Amin F G <chorus_1> Amin F C G Amin F G Amin F C G Amin F G Amin F G <verse_2> Amin F G Amin F G Amin F G A F G Amin <chorus_2> F C G Amin F G Amin F C G Amin F G Amin F G Amin F G <outro_1> Amin F C G Amin F G Amin F G Amin F G,artist_100
2022,2rcYTQRmj6HzSdqVzNdMak,<intro_1> Ab <verse_1> Db Ab Db Ab Db Bbmin Cmin Db Eb <chorus_1> Ab Eb Bbmin Cmin Db Eb Ab Eb Bbmin Cmin Db Eb Ab <verse_2> Db Ab Db Ab Db Bbmin Cmin Db Eb <chorus_2> Ab Eb Bbmin Cmin Db Eb Ab Eb Bbmin Cmin Db Eb Ab <bridge_1> Bbmin Eb Bbmin Eb E B Dbmin Absus4 Ab <chorus_3> Eb Bbmin Cmin Db Eb Ab Eb Bbmin Cmin Db Eb Ab Bbmin Cmin Db Eb Ab,artist_98
2015,3J4h5BEh3ctwSRWtKD55Sa,<intro_1> F Ab Bb C F Ab Bb Gb F Ab Bb C F Ab Bb Gb <verse_1> F Ab Bb C F Ab Bb Gb F Ab Bb C F Ab Bb Gb <chorus_1> F Ab Bb F Ab Bb F Ab Bb F Ab C <interlude_1> F Ab Bb C F Ab Bb Gb F Ab Bb C F Ab Bb Gb <verse_2> F Ab Bb C F Ab Bb Gb F Ab Bb C F Ab Bb Gb <chorus_2> F Ab Bb F Ab Bb F Ab Bb F Ab C F Ab Bb F Ab Bb F Ab Bb F Ab C <solo_1> F Ab Bb C F Ab Bb Gb F Ab Bb C F Ab Bb Gb <bridge_1> C B Bb F C B Bb C B Bb C B Bb Ab G Gb <chorus_3> F Ab Bb F Ab Bb F Ab Bb F Ab C F,artist_103
2023,1AsGIlTBsZA7zOJ1YF0C3S,<intro_1> A E Fsmin7 D <verse_1> A E Fsmin D A E Fsmin D <chorus_1> A E Fsmin7 D A E Fsmin7 D A <verse_2> E Fsmin D <chorus_2> A E Fsmin7 D A E Fsmin7 D A <bridge_1> E Fsmin D A E Fsmin D <chorus_3> A E Fsmin7 D A E Fsmin7 D A <outro_1> E Fsmin7 D A,artist_104
2023,14LUYUwo5vV4HzAwcFbEe3,<verse_1> C F C F C Emin F Emin G <chorus_1> C Emin F C Emin F Emin F G F C <verse_2> F C F C F C F C Emin F C Emin F <chorus_2> C Emin F C Emin F C Emin F G C F <bridge_1> Dmin Amin Emin F Dmin Amin Emin F <chorus_3> D Fsmin G D Fsmin G A D Emin A G Emin D Emin D,artist_105
1997,5x4IvXUkig1J9L6XRNHO2P,<intro_1> Amin G C Amin G C G <verse_1> C Emin F G C Emin D G Dmin C F G C <chorus_1> Amin G C Dmin C G Amin G F C G C <interlude_1> Amin G C Amin G C G <verse_2> C Emin F G C Emin D G Dmin C F G C <chorus_2> Amin G C Dmin C G Amin G F C G C <interlude_2> Amin G C Dmin C G Amin G F C G C <chorus_3> Amin G C Dmin C G Amin G F C G C Amin G C Dmin C G Amin G F C G C,artist_98
2018,3GurxhWl5rNdRxzna8ketf,<verse_1> Csmin Fs Csmin B A Csmin B A Csmin B <interlude_1> Csmin B Csmin B Csmin <chorus_1> B Csmin B Fs Gs Csmin Fs <verse_2> Csmin Fs Csmin B A Csmin B A Csmin B <chorus_2> Csmin B Csmin B Fs Gs Csmin <chorus_3> B A Gs Csmin B A Gs <solo_2> Csmin B A Gs Csmin B A Gs Csmin B A Gs Csmin,artist_106
2019,71c1NkwQgF2yYrEyv6deOf,<intro_1> G C G C G <chorus_1> C G C G <verse_1> C G C G <chorus_2> C G C G <solo_1> C G C G <verse_2> C G C <chorus_3> G C G C G <solo_2> C G C G <chorus_4> C G C G <chorus_5> C G C G C G <solo_3> C G C G C G C G C G C G C G C G,artist_107
2019,1TnTckQFXBub2kiOG56U2w,<intro_1> Amin <verse_1> C B Amin <interlude_1> C B Amin C B <verse_2> Amin C B Amin Gs <bridge_1> Amin Gs Amin Gs Amin Gs Amin <interlude_2> Gs Amin Gs Amin Gs Amin Gs <chorus_1> Amin <verse_3> C B <outro_1> Amin,artist_106
2019,3Vm5T4ZUrPXXkJ5YXqfvMX,<intro_1> Csmin E Csmin E Csmin E Csmin E <verse_1> Csmin <chorus_1> E Csmin E Csmin E Csmin E Csmin E Csmin E Csmin <chorus_2> E Csmin E Csmin E Csmin E Csmin E Csmin E Csmin <interlude_2> E Csmin E Csmin E Csmin E Fs G Fs G Fs G Fs Csmin <chorus_3> E Csmin E Csmin E Csmin E Csmin E Csmin E Csmin E Csmin,artist_106
2012,2CJe3am3KK6pTwPcVMBgFd,<intro_1> C G C <verse_1> F C G C F G C C7 F C G C F C <chorus_1> F G C C7 F C D7 G C C7 F D7 C G C F C F G <verse_2> C F C G C F G C C7 F C G C F C <chorus_2> F G C C7 F C D7 G C C7 F D7 C G C F C <solo_1> C7 F C G C F C F C C7 F D7 C G C F C F C G C G C,artist_107
2020,2QyT34x37gYETvV4VowrkD,<intro_1> C Csdim Dmin G C <verse_1> F Fs G F G C F C Dmin G <verse_2> C F Fs G F G C F C Amin Dmin G C <verse_3> F Fs G F G C F C Dmin G <verse_4> C F Fs G F G C F C Amin Dmin G C <interlude_1> F C F G Bb <verse_5> C F Fs G F G C F C Amin Dmin G F C,artist_108
2023,4d4JTVnWcHsFbgaWsZltbe,<intro_1> D E A E/Gs Fsmin D E A D A D E A E/Gs Fsmin D E A <chorus_1> D E A D E A D E A D E A <verse_1> D E A D E A D E A D E A <chorus_2> D E A D E A D E A D E A <solo_1> D E A D E A <verse_2> D E A D E A D E A D Bmin E A <chorus_3> D E A D E A D E A D E A,artist_108
2020,5p7EZkVtYGv8RlMC439saM,<intro_1> G C G <verse_1> D Amin Emin C G Amin D <verse_2> G D Amin Emin C G Amin D <bridge_1> G Amin D G C G Emin Amin D <verse_3> G D Amin Emin C G Amin D <bridge_2> G Amin D G C G Emin Amin D G C G,artist_108
2020,3YvrwxIypRlvggRpo1LcYe,<verse_1> Cmin Ab Eb Bb Cmin Ab Eb Bb <chorus_1> Cmin Ab Eb Bb Cmin Ab Eb Bb Cmin Ab Eb Bb Cmin Ab Eb Bb <interlude_1> Cmin <verse_2> Ab Eb Bb Cmin Ab Eb Bb Cmin Ab Eb Bb Cmin Ab Eb Bb <chorus_2> Cmin Ab Eb Bb Cmin Ab Eb Bb Cmin Ab Eb Bb Cmin Ab Eb Bb <verse_3> Cmin Ab Eb Bb Cmin Ab Eb Bb Cmin Ab Eb Bb Cmin Ab Eb Bb <chorus_3> Cmin Ab Eb Bb Cmin Ab Eb Bb Cmin Ab Eb Bb Cmin Ab Eb Bb Cmin,artist_108
2019,3Gb5RBYDNbvf094UxC6Loa,<verse_1> Amin C G F Amin C G F Amin C G F Amin C G F G Amin C F Amin C G <chorus_1> D Bmin Fs D Bmin Fs G Amin G Amin D Bmin Fs Amin G <verse_2> Amin C G F Amin C G F Amin C G F Amin C G F Amin G C F C Amin G <chorus_2> D Bmin Fs D Bmin Fs G Amin G Amin D Bmin Fs Amin G <bridge_1> Amin G F Emin Amin G F Emin Amin G F Emin Amin G F Emin <outro_1> Amin F Emin Amin F Emin,artist_109
2020,6oGzpR33vuoGjGiVXxOIdc,<chorus_1> Csmin Fs B Gs Csmin Fs B Gs <verse_1> Csmin Fs B Gs Csmin Fs B Gs Csmin Fs B Gs Gssus4 G Csmin <chorus_2> Fs B Gs Csmin Fs B Gs Csmin Fs B Gs Csmin Fs B Gs <verse_2> Csmin Fs B Gs Csmin Fs B Gs Csmin Fs B Gs Gssus4 G Csmin <chorus_3> Fs B Gs Csmin Fs B Gs Csmin Fs B Gs Csmin Fs B Gs <bridge_1> Csmin B/Ds Cs Csmin Fs B Gs Csmin Fs B Gs <chorus_4> Csmin Fs B Gs Csmin Fs B Gs Csmin Fs B Gs Csmin Fs Csmin B/Ds Csmin,artist_108
2023,05YWcAQiLkA88HTz5QHtY7,<intro_1> G Bmin/Gb C D <verse_1> G Bmin/Gb C D G Bmin/Gb C D <chorus_1> G Bmin/Gb C D G Bmin/Gb C D G Bmin/Gb C D G Bmin/Gb C D <verse_2> G Bmin/Gb C D G Bmin/Gb C D <chorus_2> G Bmin/Gb C D G Bmin/Gb C D G Bmin/Gb C D G Bmin/Gb C D G,artist_110
2020,4j1I7J0STUOFSAkxpvTmNa,<intro_1> E B Fsmin B E B <verse_1> E B Fsmin B E B Fsmin B Fsmin B <chorus_1> E B Fsmin B E B E B Fsmin B E B <interlude_1> E B Fsmin B E B <verse_2> E B Fsmin B E B Fsmin B Fsmin B <chorus_2> E B Fsmin B E B E B Fsmin B E B <bridge_1> Fsmin B Fsmin B <chorus_3> E B Fsmin B E B E B Fsmin B E B E,artist_108
2022,0hnp6GQIYLZ9OqiTWg6Rvs,<intro_1> Amin7 G C Amin7 G C <verse_1> Amin7 G C Amin7 G C Amin7 G C Amin7 G C Amin7 G C Amin7 G C Amin7 G C Amin7 G C <chorus_1> Amin7 G C Amin7 G C Amin7 G C Amin7 G C Amin7 G C <verse_2> Amin7 G C Amin7 G C Amin7 G C Amin7 G C <chorus_2> Amin7 G C Amin7 G C Amin7 G C Amin7 G C Amin7 G C Amin7 G C <chorus_3> Amin7 G C Amin7 G C Amin7 G C Amin7 G C <instrumental_1> Amin7 G C Amin7 G C <outro_1> Amin7 G C Amin7 G C,artist_111
2012,2RzQ205zjyZDaarUbkvUy0,<intro_1> C Emin C Emin C <verse_1> G D Emin G C Dmin7 Emin Amin G C G D Emin C Emin F D G C Bmin Emin Amin7 G C D <chorus_1> G C D Bmin G C Emin Amin7 C G Amin Bmin B7 Emin C G Amin7 Emin C D C Emin7 Amin7 C D <verse_2> G Bmin D Emin G C Emin Amin7 C D G D Emin7 G C Emin F D G C B7 Emin Amin7 G C D <chorus_2> G C D Bmin G C Emin Amin7 G C G Amin Bmin B7 Emin C G Amin7 Emin7 C D G <bridge_1> G7 C G Emin7 C Amin Bmin D E <chorus_3> A D E Amin D Fsmin Bmin A D A Bmin Csmin7 Cs7 Fsmin Amin D A Bmin Dmin E Fsmin Bmin A D E A,artist_107
2020,1OxZXr479WIWyHL3oYPyBP,<verse_1> Ab Abmaj7 Ab Abmaj7 Bbmin Bbmin/Ab Gb Db/Eb Ab Abmaj7 Ab Abmaj7 Bb Bbmin/Ab Gb Eb <chorus_1> Ab Fmin Db Eb Db/Eb Ab Fmin Db Eb Db/Eb Ab Fmin Db Db/Eb <verse_2> Ab Abmaj7 Ab Abmaj7 Bmin Bbmin/Ab Gb Eb <chorus_2> Ab Fmin Db Eb Db/Eb Ab Fmin Db Eb Db/Eb Fmin Cmin Db Bbmin Eb <verse_3> Bbmin Bbmin/Ab Gb Db/Eb <chorus_3> Ab Fmin Db Eb Db/Eb Ab Fmin Db Eb Db/Eb Bb Gmin Eb F Eb/F Bb Gmin Eb F Eb/F Bb Gmin Eb F Eb/F Bb Gmin Eb F Eb/F Bb F/Bb Eb Gmin F/A Bb,artist_108
2011,6OKFm1ROJTjzJJmwAAqOIA,<intro_1> D G D A D <verse_1> G D A G D G D A D <chorus_1> A G A D G D A D <solo_1> G D A D A <verse_2> D G D A D G D A D <chorus_2> A G A D G D A D <outro_1> G D A G D,artist_107
2011,68qAH2G1ko3x4NTQ0jL4yZ,<intro_1> C G C F C G C <verse_1> G C F C G C <chorus_1> G C F C F D C G C <solo_1> G C F C G C <verse_2> G C F C G C <chorus_2> G C F C F D C G C <solo_2> G C F C G C <verse_3> G C F C G C <chorus_3> G C F C F D C G C <chorus_4> G C F C F D C G C <outro_1> G C F C F D C G C,artist_107
2023,6WEpAJKjYc7cNCRE0mWT6a,<intro_1> G Emin D C <verse_1> G Emin7 G Emin7 <chorus_1> G Emin D C G Emin7 D C G Emin7 D C <verse_2> G Emin7 G Emin7 <chorus_2> G Emin D C G Emin7 D C G Emin7 D C G Emin D C G Emin7 D C G Emin7 D C,artist_112
2020,3tOEPQecBP4g8ZezCbw7hV,<intro_1> Eb Cmin Fmin Bb Eb Cmin Fmin Bb <verse_1> Eb Ebmaj7 Eb7 C7 Fmin Bb Eb Cmin Fmin Bb Eb Ebmaj7 Eb7 C7 Fmin Bb Eb Cmin Bbaug <chorus_1> Eb Fmin Bb Eb Cmin Fmin Bb Eb Ab Abmin Eb Cmin Fmin Bb Eb Cmin Fmin Bb Eb Cmin Fmin Bb <verse_2> Eb Ebmaj7 Eb7 C7 Fmin Bb Eb Cmin Fmin Bb Eb Ebmaj7 Eb7 C7 Fmin Bb Eb Cmin Bbaug <chorus_2> Eb Fmin Bb Eb Cmin Fmin Bb Eb Ab Abmin Eb Cmin Fmin Bb Eb Cmin B E Fsmin B E Csmin Fsmin B E A Amin E Csmin Fsmin B E Csmin Fsmin B E Csmin Fsmin B E Csmin Fsmin B E,artist_108
2022,57PhpgLzIgqOYc6m3576E9,<intro_1> C C7 C C7 C C7 C C7 <verse_1> C C7 C C7 F C F E7 Amin F C F Fs G Gs G <chorus_1> F C E7 Amin Bb B C Amin D C C7 C C7 C C7 C C7 <verse_2> C C7 C C7 F C F E7 Amin F C F Fs G Gs G <chorus_2> F C E7 Amin Bb B C Amin D C C7 <solo_1> C C7 C C7 F C F C Amin F C F Fs G Gs G F C C7 C C7 C C7 <verse_3> C C7 C C7 F C F E7 Amin F C F Fs G Gs G <chorus_3> F C E7 Amin Bb B C Amin D C <outro_1> Amin D C Amin D C7 C C7 C C7 C C7 C C7,artist_113
2022,36fdMDaWJE44kUwukUCiAh,<intro_1> G Bmin C D G D <verse_1> G Bmin C G Bmin C D G D G Bmin C G Bmin C D Emin D Amin C D G <solo_1> Bmin C D G D <verse_2> G Bmin C G Bmin C D G D G Bmin C G Bmin C D Emin D Amin C D G <solo_2> Bmin C D G D <verse_3> G Bmin C G Bmin C D G D G Bmin C G Bmin C D Emin D Amin C D G D <verse_4> G Bmin C G Bmin C D G D <outro_1> G Bmin C D Emin,artist_113
2022,7v3bV4GcwVoJfeay2nU7Xu,<intro_1> G <chorus_1> C G D G C G <solo_1> D C G D G C G <verse_1> C G D G C G <solo_2> C G D G C G <verse_2> C G D G C G <solo_3> C G D G <chorus_2> C G D G C G <outro_1> C G,artist_113
2008,1gXe5sqVchOmBQbfcMCXVr,<verse_1> G C G D G C G D G C G D G C G D G <chorus_1> C G D G C G D G <verse_2> C G D G C G D G <chorus_2> C G D G C G D G <verse_3> C G D G C G D G <chorus_3> C G D G C G D G <bridge_1> C G D G C G D G <chorus_4> C G D G C G D G C G D G C G D G,artist_114
2001,2xBStcKy2RFcD12hp0GfoT,<intro_1> E G Fs A <verse_1> E G Fs A E G Fs A <chorus_1> E G Fs A E G Fs A <verse_2> E G Fs A E G Fs A <chorus_2> E G Fs A E G Fs A <bridge_1> E G Fs A E G Fs A E G Fs A E G Fs A <chorus_3> E G Fs A E G Fs A E G Fs A E G Fs A E,artist_115
2022,6b9ZUpImkCimobWvm3YHhT,<intro_1> G D G D A D <verse_1> A G A D G A G A D <chorus_1> G D G D A D <solo_1> A D <verse_2> A G A D G A G A D <chorus_2> G D G D A D <solo_2> A G A D G A G A D <verse_3> A G A D G A G A D <chorus_3> G D G D A D <outro_1> G D G D A D A D A D,artist_113
2022,3NZqIgthGj9ODwTNnGi3YH,<intro_1> C F C G C <verse_1> F C D G C F C G C F C D G C F C G C <chorus_1> Amin G F C Amin G D G C F C G C <solo_1> F C G C <verse_2> F C D G C F C G C F C D G C F C G C <chorus_2> Amin G F C Amin G D G C F C G Amin <outro_1> F C G C,artist_113
2020,51VkCKC9tDSGr7O4lPJgvF,<verse_1> D A D A Csmin Fsmin D Bmin E <chorus_1> A Bmin E D A Bmin E A Bmin E D A E <verse_2> D A D A Csmin Fsmin D Bmin E <chorus_2> A Bmin E D A Bmin E A Bmin E D A <chorus_3> Bmin E D A Bmin E A Bmin E D A,artist_108
2023,5PUWvl5zlaYYpgIUaGREJn,<intro_1> Emin7 D G C <verse_1> Emin G C Emin7 G C Emin D G C Amin7 Emin D <chorus_1> C G Emin D C G Emin D C Amin7 G C G C <verse_2> Emin D G C Emin D G C Emin D G C Amin7 Emin D <chorus_2> C G Emin D C G Emin D C Amin7 G C G <bridge_1> Amin7 G C G Amin7 G F D <chorus_3> C G Emin D C G Emin7 D C Amin7 G C Amin7 G C G C G C,artist_116
2022,0u2PEdZHZ05IGlnX8m88Km,<verse_1> A D A E A D E A D A E E7 A <chorus_1> D G D A A7 D G D E E7 A D A E A <solo_1> D E A D A E E7 A D E A D A E E7 A A7 <chorus_2> D G D A A7 D G D E E7 A D A E A D <outro_1> A E D A,artist_113
1999,0ewNTdz0DyR5I3xmo33dyB,<verse_1> D G D G D G D <chorus_1> A Bmin A Bmin G D <verse_2> G D G D G D <chorus_2> A Bmin A Bmin G D,artist_117
2022,4JXgyD4C4uw0tFhy16os37,<intro_1> D Bmin G D <verse_1> Bmin G Asus4 A D Bmin G Asus4 A <chorus_1> D Bmin G Asus4 A D Bmin G A D <verse_2> Bmin G A D Bmin G A <chorus_2> D Bmin G Asus4 A D Bmin G A Bmin7 <bridge_1> G D Asus4 A <chorus_3> D Bmin G Asus4 A D Bmin G A <outro_1> D Bmin7 Bmin G A D Bmin G D A,artist_118
2013,4FegAd9J55TA4d1ai7Vx4O,<intro_1> A Fsmin D <verse_1> A Fsmin A Fsmin Bmin G D E A Fsmin A Fsmin D E Bmin G Fsmin A D A Fsmin D A D A E Fs D A Fsmin D E A <bridge_1> Fsmin D A Fsmin A Fsmin Bmin G D E A Fsmin A Fsmin D E Bmin G Fsmin A D A Fs D A D A E Fs D A Fsmin D E A <bridge_2> Fsmin D Dmin As F C As Dmin As F C As Dmin As F C As Dmin As F C As D,artist_119
2023,5WFQWaiVbUAgkbCI8Af7r1,<intro_1> D G D G <verse_1> D G D A Bmin A D G <verse_2> D G D A Bmin A D G <chorus_1> A G D A G D A Bmin A Fsmin G D <interlude_1> G D G <verse_3> D G D Bmin A Bmin G <verse_4> D G D Bmin A G <chorus_2> A G D A G D A Bmin A Fsmin G Bmin D <interlude_2> G Bmin D G A <chorus_3> G D A G D A Bmin A G D <outro_1> G D G D G D G D,artist_120
2020,2sBFqGkKrTpxsechu5scwh,<intro_1> Amin Bb Amin Bb C <chorus_1> F Bb C F Bb C F Bb C F Bb C F Bb C F Bb C F Bb C F Bb C <verse_1> Bb Amin Dmin Bb Amin Dmin Bb C <chorus_2> F Bb C F Bb C F Bb C F Bb C F Bb C F Bb C F Bb C F Bb C <verse_2> Bb Amin Dmin Bb Amin Dmin Bb C <chorus_3> F Bb C F Bb C F Bb C F Bb C F Bb C F Bb C F Bb C F Bb C F Bb C F Bb C,artist_108
2020,5BdfXPVUtOUg3qdrAUE7iV,<intro_1> Bb Gmin Eb F <verse_1> Gmin Dmin Eb Bb Dmin F Gmin Dmin Eb Bb Dmin F Gmin Dmin Eb Bb Cmin Bb F <chorus_1> Bb Eb Bb Gmin Eb F Bb Eb Bb F/A Gmin Cmin F Bb Gmin Eb F <verse_2> Gmin Dmin Eb Bb Dmin F Gmin Dmin Eb Bb Dmin F Gmin Dmin Eb Bb Cmin Bb F <chorus_2> Bb Eb Bb Gmin Eb F Bb Eb Bb F/A Gmin Cmin F Bb Cmin F Bb,artist_108
2020,3UoNuseEMKWju5jyxkx5pV,<intro_1> E <chorus_1> A Csmin Fsmin Bmin E A Csmin Fsmin Bmin E Csmin Fsmin Bmin E Csmin Fsmin Bmin E <verse_1> A Fsmin Bmin E A Fsmin Bmin E A Fsmin Bmin E A Fsmin Bmin E <chorus_2> A Csmin Fsmin Bmin E A Csmin Fsmin Bmin E Csmin Fsmin Bmin E Csmin Fsmin Bmin E <bridge_1> A Csmin Fsmin Bmin E A Csmin Fsmin Bmin E A <verse_2> Fsmin Bmin E A Fsmin Bmin E A Fsmin Bmin E A Fsmin Bmin E <chorus_3> A Csmin Fsmin Bmin E A Csmin Fsmin Bmin E Csmin Fsmin Bmin E Csmin Fsmin Bmin E <bridge_2> A Csmin Fsmin Bmin E A Csmin Fsmin Bmin E A,artist_108
2021,7hDitPY3y5DxNqY5q2MFMD,<intro_1> E A E <verse_1> A Fsmin B E <verse_2> A Fsmin B E A E <chorus_1> A E Fs B <verse_3> E A Fsmin B E A E <solo_1> A Fsmin B E A E <chorus_2> A E Fs B C <verse_4> F Bb Gmin C F Bb C F Bb C F Bb C F,artist_108
2021,3xHVrfCSQmTsciPTfOvujn,<intro_1> Bb F Dmin F/C C F C <verse_1> F Bb C F C F Bb F C F C <verse_2> F Bb C F C F Bb F C F C <verse_3> F Bb C F C F Bb F C F Fs <verse_4> B E Fs B Fs B E B Fs E B,artist_108
2021,23fBszGYmHDpVPwtqApuBd,<intro_1> G D G D A G D <verse_1> G D A D G D A G A D G D <chorus_1> A D A D A D Emin A D B <verse_2> E B E B A B E <chorus_2> B E B E B E Fsmin B E <solo_1> B E B E <chorus_3> B E Fsmin B E Fsmin B E,artist_108
2022,7cCqb1KFDVZ6qIXhlXgyzy,<intro_1> Emin D Emin <verse_1> Amin D Emin D Emin <verse_2> Amin D Emin <chorus_1> Amin Bmin Amin Bmin B D Emin D Emin D Emin <verse_3> Amin D Emin D Emin <verse_4> Amin D Emin <chorus_2> Amin Bmin Amin Bmin D Emin <bridge_1> Fmaj7 D B7 C Fsmin F C7 Fsmin B7 Emin <interlude_1> Amin D Emin F D B7 C7 Fsmin F7 C7 Fsmin B7 Emin <verse_5> Amin D Emin <verse_6> Amin Bmin Amin Bmin D Emin,artist_121
2021,6qBxVuXh72W7JbFMmexzQA,<intro_1> Fs <verse_1> B Csmin Dsmin D Fs <interlude_1> B Dsmin B Dsmin <chorus_1> B Bmaj7 Gsmin Csmin Fs Csmin Fs Csmin Fs B Csmin Fs B Bmaj7 Gsmin E Emin B Emin Csmin Fs B Bmaj7 Csmin Fs G A B <verse_2> Csmin Dsmin D Fs <chorus_2> B Bmaj7 Gsmin Csmin Fs Csmin Fs Csmin Fs B Csmin Fs B Bmaj7 Gsmin E Emin B Emin Csmin Fs B Bmaj7 Csmin Fs G A B <interlude_2> Bmaj7 Gsmin Csmin <bridge_1> Emin B Emin Csmin Fs <chorus_3> D Dmaj7 Cmin Emin A Emin A Emin A D Emin A D Dmaj7 Bmin G Gmin D Gmin Emin A D Dmaj7 Emin A Bb C D,artist_108
2021,3yyRmRMkd8pJ4i7EfWs33s,<intro_1> F C Bb F C Bb F <verse_1> Gmin Bb/C C Bb/C C F <verse_2> Gmin Bb/C C Bb/C C F <chorus_1> Gmin C F Cs <verse_3> Fs Gsmin B/Cs Cs B/Cs Cs Fs <chorus_2> Gsmin Cs D Fs <verse_4> Gsmin B/Cs Cs B/Cs C Fs D <verse_5> G Amin C/D D C/D D Eb F G,artist_108
2021,1tfBy4ScX5YlHZhoEDdUZo,<intro_1> A Fsmin Bmin E A Fsmin Bmin E <verse_1> A Cs7 Fsmin Bmin E A Cs7 Fsmin Bmin E <chorus_1> A Fsmin Bmin D A Fsmin Bmin Fs Bmin D A Fs Bmin E A <interlude_1> Fsmin Bmin E A Fsmin Bmin E <verse_2> A Cs Fsmin Bmin E A Cs Fsmin Bmin E <chorus_2> A Fsmin Bmin D A Fsmin Bmin Fs Bmin D A Fs Bmin E A <interlude_2> Fsmin Bmin E A Fsmin Bmin Fs <verse_3> B Ds Gsmin Csmin Fs <chorus_3> B Gsmin Csmin E B Gsmin Csmin Gs Csmin E B Gs Csmin Fs B <interlude_3> Gsmin Csmin Fs B Gsmin Csmin Fs B,artist_108
2021,3IA5c7IeC6VKJ0tJSgpGSG,<intro_1> Db <verse_1> Ebmin Ab Ebmin Ab Ebmin Ab Db Ebmin Ab Ebmin Ab Ebmin Ab Db D Emin A Emin A Emin A <chorus_1> D A D A D <interlude_1> Db <verse_2> Ebmin Ab Ebmin Ab Ebmin Ab Db Ebmin Ab Ebmin Ab Ebmin Ab <chorus_2> Db Ab Db A D A D A D,artist_108
2021,155tVxDA1bEBsRjNOafX6L,<verse_1> Abmin Dbmin Gb B Abmin Dbmin Gb B Abmin Dbmin Gb Db Abmin Dbmin Eb <chorus_1> Bbmin Ebmin Ab Db Bbmin Ebmin Ab F Bbmin Ebmin Ab Db Bbmin Ebmin Ab F <verse_2> Bbmin Ebmin Ab Db Bbmin Ebmin Ab Db Bbmin Ebmin Ab Db Bbmin Ebmin Ab F <chorus_2> Bbmin Ebmin Ab Db Bbmin Ebmin Ab F Bbmin Ebmin Ab Db Bbmin Ebmin Ab F <verse_3> Bbmin Ebmin Ab Db Bbmin Ebmin Ab G <chorus_3> Cmin Fmin Bb Eb Cmin Fmin Bb G Cmin Fmin Bb Eb Cmin Fmin Bb G <interlude_1> Cmin Fmin Bb Eb Cmin Fmin Bb G Cmin Fmin Bb Eb Cmin Fmin Bb G Cmin,artist_108
2023,0cclbt1n4zEdQaaDRlQohd,<verse_1> Cmin F Eb Bb F Cmin F Eb Bb Eb Bb Cmin F Eb Bb F Cmin F Eb Bb Eb Bb <chorus_1> Eb Bb F Cmin F Eb Bb Cmin Bb/D Eb F Gmin Cmin F Bb F Eb Bb <verse_2> Cmin F Eb Bb F Cmin F Eb Bb Eb Bb Cmin F Eb Bb F Cmin F Eb Bb Eb Bb <chorus_2> Cmin Bb/D Eb Bb F Cmin F Eb Bb Cmin Bb/D Eb F Gmin Cmin F Bb F Eb Bb Cmin F Bb F Eb Bb,artist_108
2021,5k9QLKMtL5mTn5BMypWLiG,<intro_1> F C <verse_1> F Dmin F Bb Gmin C Amin Dmin G Gmin C <verse_2> F Dmin F Bb Bbmin F D G C F <verse_3> Dmin F Bb Gmin C Amin Dmin G Gmin C <verse_4> F Dmin F Bb Bbmin F D G C F <interlude_1> Dmin F7 Bb Bbmin F D G C <verse_5> F Dmin F Bb Bbmin F D G C F,artist_108
2023,3G6Hbw5LTv9DazHPLkNP2o,<intro_1> D Bmin G A <verse_1> D Bmin G A D Bmin G A D Bmin G A D Bmin G A <chorus_1> D Bmin G A D Bmin G A <interlude_1> D A Bmin D Bmin D Bmin <verse_2> D Bmin G A D Bmin G A D Bmin G A D Bmin G A <chorus_2> D Bmin G A D Bmin G A <interlude_2> D A Bmin D Bmin D Bmin <verse_3> D Bmin G A D Bmin G A D Bmin G A D Bmin G A <chorus_3> D Bmin G A D Bmin G A <outro_1> D Bmin G A D,artist_122
2018,4hlSAQPNmKGjwrcaMPrbRR,<intro_1> F C Gmin Bb <verse_1> F C Dmin Bb F C Dmin Bb F C Gmin Bb <chorus_1> F C Gmin Bb F C Gmin Bb <interlude_1> F C Gmin Bb <verse_2> F C Dmin Bb F C Dmin Bb F C Gmin Bb <chorus_2> F C Gmin Bb F C Gmin Bb <bridge_1> F C Gmin Bb <chorus_3> F C Gmin Bb F C Gmin Bb F C Gmin Bb F,artist_123
2018,1sZ40gmoBbkoNoPfaPnrMV,<intro_1> Ab Cmin Ab Ab/Bb <verse_1> Fmin Bb Eb Cmin Fmin Bb Eb Cmin Fmin Bb Eb Cmin Fmin Ab Bb <chorus_1> Eb Ab Fmin Bb Gmin Cmin Fmin Bb Eb Ab Fmin Bb Gmin Cmin Fmin Bb <interlude_1> Ab Cmin Ab Ab/Bb <verse_2> Fmin Bb Eb Cmin Fmin Bb Eb Cmin Fmin Bb Eb Cmin Fmin Ab Bb <chorus_2> Eb Ab Fmin Bb Gmin Cmin Fmin Bb Eb Ab Fmin Bb Gmin Cmin Fmin Bb <chorus_3> Eb Ab Fmin Bb Gmin Cmin Fmin Bb Eb Ab Fmin Bb Gmin Cmin Fmin Bb <outro_1> Ab Cmin Ab Ab/Bb Eb,artist_123
2018,6rp6SdaoozdE5XNdTDg9N5,<verse_1> Eb Gmin Cmin Bb/D Eb Gmin Cmin Bb/D Eb Gmin Cmin Bb/D Eb Gmin <chorus_1> Eb Gmin Cmin Bb/D Eb Gmin Cmin Bb/D Eb Gmin Cmin Bb/D <verse_2> Eb Gmin Cmin Bb/D Eb Gmin Cmin Bb/D Eb Gmin Cmin Bb/D Eb Gmin Cmin Bb/D <chorus_2> Eb Gmin Cmin Bb/D Eb Gmin Cmin Bb/D Eb Gmin Cmin Bb/D <bridge_1> Eb Gmin Cmin Bb/D <chorus_3> Eb Gmin Cmin Bb/D Eb Gmin Cmin Bb/D <chorus_4> Eb Gmin Cmin Bb/D Eb Gmin Cmin Bb/D Eb Gmin Cmin Bb/D <bridge_2> Eb Gmin Cmin Bb/D <chorus_5> Eb Gmin Cmin Bb/D Eb Gmin Cmin Bb/D,artist_123
2018,3SDKOGKsOsZlv7HhKAlk3i,<intro_1> Fmin Bb Eb Cmin Fmin Bb Eb Cmin Fmin Bb Eb Cmin Fmin Bb Eb Cmin <verse_1> Ab Eb Bb Cmin Ab Eb Bb Cmin Ab Eb Bb Cmin Ab Eb Bb Cmin Ab Eb Bb Cmin Fmin Bb <chorus_1> Fmin Bb Eb Cmin Fmin Bb Eb Cmin Fmin Bb Eb Cmin Fmin Bb Eb Cmin <verse_2> Ab Eb Bb Cmin Ab Eb Bb Cmin Ab Eb Bb Cmin Ab Eb Bb Cmin Ab Eb Bb Cmin Fmin Bb <chorus_2> Fmin Bb Eb Cmin Fmin Bb Eb Cmin Fmin Bb Eb Cmin Fmin Bb Eb Cmin <interlude_1> Fmin Bb Eb Cmin Fmin Bb Eb Cmin <bridge_1> Fmin Bb Eb Cmin Fmin Bb Eb Cmin <interlude_2> Fmin Bb Eb Cmin Fmin Bb Eb Cmin <chorus_3> Fmin Bb Eb Cmin Fmin Bb Eb Cmin <outro_1> Fmin Bb Eb Cmin Fmin Bb Eb Cmin Fmin Bb Eb Cmin Fmin Bb Eb Cmin Fmin Bb Eb Cmin Fmin Bb Eb Cmin,artist_123
2018,1eCyWl9I7ZtNTXpxA0NhcJ,<verse_1> C Amin F G C Amin F G C Amin F G <chorus_1> C Amin Dmin G C Amin Dmin G <verse_2> C Amin F G C Amin F G C Amin F G <chorus_2> C Amin Dmin G C Amin Dmin G C Amin Dmin G C,artist_123
2018,0K5tN6hZqy7WkfLl3eecLP,<intro_1> C F Amin Dmin C/E F G <verse_1> Dmin G Emin Amin Dmin G C Dmin G Emin Amin Dmin G <chorus_1> F G Emin Amin Dmin G C F G Emin Amin Dmin G C G <verse_2> Dmin G Emin Amin Dmin G C Dmin G Emin Amin Dmin G <chorus_2> F G Emin Amin Dmin G C F G Emin Amin Dmin G C G <chorus_3> F G Emin Amin Dmin G C F G Emin Amin Dmin G C <chorus_4> F G Emin Amin Dmin G C G F Amin Dmin C/E F G C,artist_123
2018,0LulVCBvoW7qLoqerYFXHe,<intro_1> Bmin <verse_1> Emin A Bmin Emin A Bmin Emin Bmin Emin Fs <chorus_1> D A Bmin G D A Bmin G D A D <verse_2> Bmin Emin A D A Bmin Emin A Bmin Emin Bmin Emin Fs <chorus_2> D A Bmin G D A Bmin G D A D,artist_123
2018,79z6S0f9G9Do9VZYYw4YqH,<intro_1> Dmin G Emin Amin Dmin G C7 <verse_1> Dmin G Emin Amin Dmin G C C7 Dmin G Emin Amin Dmin G C Dmin G <verse_2> C Emin F C G C Emin F C G <chorus_1> Dmin G Emin Amin Dmin G C C7 Dmin G Emin Amin Dmin G C Dmin G <verse_3> C Emin F C G C Emin F C G <chorus_2> Dmin G Emin Amin Dmin G C C7 Dmin G Emin Amin Dmin G C Dmin G <chorus_3> Dmin G Emin Amin Dmin G C C7 Dmin G Emin Amin Dmin G C C7 Dmin G,artist_123
2019,3dacaOcfPk9ocp0uWDmnGW,<intro_1> G D Emin G D Emin <verse_1> G D Emin C G D G D Emin C G D Emin C Bmin D <chorus_1> G D Amin Emin C D G D Amin Emin C G D Emin C G D Emin C <chorus_2> G D Amin Emin C D G D Amin Emin C Cmin G D Emin C G D Emin C G,artist_123
2019,7xtgv0TBS3tbVABFcGjOjW,<intro_1> G <verse_1> C G C G Emin C <chorus_1> G C G Emin C G <verse_2> C G Emin C <chorus_2> G C G Emin C <bridge_1> D Amin D Amin C <chorus_3> G C G Emin C G C G Emin C Emin C G,artist_123
2019,5ecYOXxKFH1iX8kz2ldJe8,<intro_1> C G D Emin C G D Emin C G D Emin C G D Emin <verse_1> C G D Emin C G D Emin C G D Emin C G D Emin C G D Emin C G D <chorus_1> C G D Emin C G D Emin C G D Emin C G D C G D Emin <verse_2> C G D Emin C G D Emin C G D Emin C G D Emin C G D Emin C G D <chorus_2> C G D Emin C G D Emin C G D Emin C G D C G D Emin C G D Emin <bridge_1> C Emin D Amin C G D C G D Emin C G D Emin <chorus_3> C G D Emin C G D Emin C G D Emin C G D C G D Emin C G D Emin C G D Emin C G D,artist_123
2023,1CukmS0d4g2bulxVX59CLZ,<intro_1> G <verse_1> Emin7 C D G Emin7 C Dsus4 <chorus_1> G Emin7 C G D G Emin7 C D G <verse_2> Emin7 C D G Emin7 C D <chorus_2> G Emin7 C G D G Emin7 C D G Emin7 C D <bridge_1> C D <chorus_3> G Emin7 C G D G Emin7 C D G <outro_1> Emin C D,artist_124
2019,2ofD2PpYIvN5qOnKEBVdWz,<intro_1> G C D G C D G C Amin D <verse_1> G C D G C D G C Amin D G C D G C D G C Amin D D7 <chorus_1> C G D G C G D C G D G C C/B Amin7 Amin7/G D G C D G C D G C Amin D <verse_2> G C D G C D G C Amin D G C D G C D G C Amin D <chorus_2> C G D G C G D C G D G C C/B G/A G D G <bridge_1> Emin D G C Emin D C D Emin D C G D <chorus_3> C G D G C G D C G D G C C/B G/A G D G <outro_1> C D G C D G C Amin D G C D G C D G C Amin D G,artist_88
2016,5mshWVHuDzHDDTvJvDTqCr,D/A Amin/G Amin/Fs Amin/F E7/Gs Cadd13 Bdim Aminadd11 Dmin9 Fsdim7 Fmaj911s Dmin/A E7/B Amin7/E Amin D/A Amin D/A Amin D/A Amin D/A Amin Amin/G F G Amin Amin/G Amin/Fs Amin/F F G Amin Emin Fmaj7 G Amin Emin F E7/Gs Aminadd11 Emin Amin E7/Gs G Emin Amin C Bdim E7 Amin Amin/G Amin/F Emin7 Dmin9 Cadd13 Bdim E7 Amin Amin/G Amin/F Emin7 Dmin9 Cadd13 Bdim E7 Amin D/A Amin D/A Amin D/A Amin D/A Amin/G Amin/F E7 Amin/G Amin/F E7 Amin E7/Gs Amin E7/Gs Amin E7/Gs Amin E7/Gs Amin E7/Gs Amin E7/Gs Amin E7/Gs Amin E7/Gs Amin E7/Gs Amin E7/Gs Amin E7/Gs Amin Fno3d Eno3d Dno3d Cno3d Bno3d Ano3d Gsno3d Eno3d Amin Gadd13 Fsdim7 E7/Gs E7 Amin Gadd13 Fsdim7 E7/Gs E7 Amin Gadd13 Fsdim7 E7/Gs E7 Amin Gadd13 Fsdim7 E7/Gs E7 Amin Fmaj911s Dmin/A E7/Gs E7 Amin Fmaj911s Dmin/A E7/Gs E7 Amin Bdim Cadd13 Dmin C E7 Amin G F Emin Dmin C Bdim E7 Amin G F Emin Dmin C Bdim E7 Amin Fmaj7 G Amin Emin Fmaj7 G Amin Emin Amin E7/Gs Amin E7/Gs Amin E7/Gs Amin E7/Gs Amin Gadd13 Fmaj7 Amin7/E Dmin C Bdim E7 Amin F G C Amin F G C Amin F G C Amin F G C,artist_125
2022,3eVoB50kvcFMkQ5Gs4naQc,<intro_1> Fmin Bbmin Eb <verse_1> Fmin Bbmin Eb Ab Fmin Bbmin Eb Ab Fmin Bbmin Eb Ab Fmin Bbmin Eb <chorus_1> Fmin Bbmin Eb Ab Fmin Bbmin Eb Ab Fmin Bbmin Eb Ab Fmin Bbmin Eb Ab <verse_2> Fmin Bbmin Eb Fmin Bbmin Eb Ab Fmin Bbmin Eb Ab Fmin Bbmin Eb Ab <chorus_2> Fmin Bbmin Eb Ab Fmin Bbmin Eb Ab Fmin Bbmin Eb Ab Fmin Bbmin Eb Ab Fmin Bbmin Eb Ab <chorus_3> Fmin Bbmin Eb Ab Fmin Bbmin Eb Ab Fmin Bbmin Eb Ab Fmin Bbmin Eb Ab <outro_1> Fmin Bbmin Eb Ab Fmin Bbmin Eb Ab,artist_126
2022,2ul1zd4Hcaa4hPHyRSKZNh,<intro_1> E Csmin A E B Csmin A <verse_1> E B E Csmin A E B Csmin A <chorus_1> E B Csmin A E Csmin A E B Csmin A E B Csmin A E B Csmin A <verse_2> E B Csmin A E B Csmin7 A <chorus_2> E B Csmin A E Csmin A E B Csmin A E B Csmin A E Csmin A E B Csmin A <bridge_1> E Csmin B <chorus_3> E B E Csmin A E B Csmin A E B Csmin A E Csmin <outro_1> A E A E Csmin A E,artist_127
2023,6TtTvigrsLf9ShFaRGxGWJ,<verse_1> E B Csmin A E B Csmin7 A Csmin7 B Csmin7 B <chorus_1> A Csmin B A Csmin B A Csmin B A Csmin B <verse_2> E B Csmin A Csmin B <chorus_2> A Csmin B A Csmin B A Csmin B A Csmin B <bridge_1> A E B Csmin A E B A Csmin B A Csmin B A Csmin B A Csmin B Csmin,artist_128
1998,1Xf4T1cCVuhezvksORlr1k,<intro_1> E A E B A E B <verse_1> E A E B A E B <verse_2> E A E B A E B E B E B E A B <chorus_1> E A E A Asdim7 B C B E C B E C B E B <verse_3> E A E B A E B E B E B E A B <chorus_2> E A E A Asdim7 B C B E C B E C B E B <instrumental_1> E A E A Asdim7 B C B E B <outro_1> E A E A Asdim7 B C B E C B E C B E A E,artist_22
2023,3sopeaYNvNB91exItMxVkw,<intro_1> G D A Bmin G D A <verse_1> G D A Bmin G D A <verse_2> G D A Bmin G D A Emin A <chorus_1> G D A Bmin G D A Bmin G D A Bmin G A G D A <verse_3> Bmin G D A <chorus_2> G D A Bmin G D A Bmin G D A Bmin G A G D A Bmin <interlude_1> G D A G D A Bmin G D A Bmin G D A Bmin G A G D A Bmin G D A G,artist_129
2013,5hFZ2cMjGJGf86YkVEPWb1,<intro_1> A E D A Bmin A B7 E <verse_1> A E D A Bmin A B7 E D A Bmin E D A Bmin E A <interlude_1> E D A Bmin A B7 E <verse_2> A E D A Bmin A B7 E D A Bmin E D A Bmin E A <interlude_2> E D A Bmin A B7 E <verse_3> A E D A Bmin A B7 E D A Bmin E D A Bmin E A <solo_1> E D A Bmin A B7 E D A Bmin E D A Bmin E A <verse_4> E D A Bmin A B7 E D A Bmin E D A Bmin E A D A Bmin E D A Bmin E A,artist_131
2006,42gJqcAi4jSmqzXg4xYDH2,<intro_1> E B A E B7 <verse_1> E A E A E B A E B7 <verse_2> E A E A E B A E B7 E A E B A E B7 <verse_3> E A E A E B A E B7 <outro_1> E A E,artist_132
1964,49BTq4heNcOAFwTwBRjaX7,<intro_1> A E A D A E7 <verse_1> A D A E D A E7 <verse_2> A D A E D A E7 A D A E D A E7 <verse_3> A D A E D A E7 A D A E D A,artist_132
2015,7uafaUP3IxHXZeqJjWcsYo,<intro_1> A E7 <chorus_1> A D A E D A E7 <verse_1> A <chorus_2> D A E D A E7 A D A E D A E7 <verse_2> A <chorus_3> D A E D A E7 <verse_3> A <chorus_4> D A E D A E7 <outro_1> A,artist_133
2017,4uvdVSZSfDrXL09nFcrVTW,<intro_1> E B E B7 <verse_1> E A E A E B A E B7 <verse_2> E A E B A E B7 E A E B A E B7 <verse_3> E A E B A E B7 E,artist_132
1963,0DHVneG7bbklw8PqCWDB3U,<intro_1> E7 A7 E7 A7 D7 A7 E7 <verse_1> A7 D7 A7 D7 A7 E7 D7 A7 D7 A7 E7 <verse_2> A7 D7 A7 E7 D7 A7 D7 A7 E7 A7 D7 A7 E7 D7 A7 D7 A7 E7 <verse_3> A7 D7 A7 E7 D7 A7 E7 D7 A7 E7 <outro_1> A7 D7,artist_132
1963,5sbq5iMhby06e8CUzmghyG,<intro_1> A E7 <verse_1> A D A E A E7 <verse_2> A D A E A E7 A D A E D A E7 <verse_3> A D A E A E7 A D A E,artist_132
2023,6maTPqynTmrkWIralgGaoP,<intro_1> Cmaj7 Bmin7 Emin7 Gmaj7 <verse_1> Cmaj7 Bmin7 Emin7 Gmaj7 Cmaj7 Bmin7 Emin7 Gmaj7 Cmaj7 Amin7 Bmin7 Emin7 Gmaj7 Cmaj7 Amin7 Bmin7 Emin <chorus_1> Cmaj7 Amin7 Bmin7 Emin7 Gmaj7 Cmaj7 Amin7 Bmin7 Emin7 Gmaj7 Cmaj7 Amin7 Bmin7 Emin7 Gmaj7 Cmaj7 Amin7 Bmin7 Emin7 Gmaj7 <verse_2> Cmaj7 Bmin7 Emin7 Gmaj7 Cmaj7 Amin7 Emin7 Gmaj7 Cmaj7 Amin7 Emin7 Gmaj7 Cmaj7 Amin7 Emin7 <chorus_2> Cmaj7 Amin7 Bmin7 Emin7 Gmaj7 Cmaj7 Amin7 Bmin7 Emin7 Gmaj7 Cmaj7 Amin7 Bmin7 Emin7 Gmaj7 Cmaj7 Amin7 Bmin7 Emin7 Gmaj7,artist_134
1963,5QGhRNAX13URAp4F6I576r,<intro_1> E7 A7 E7 A7 B7 A7 E7 B7 <verse_1> E7 A7 E7 A7 E7 A7 E7 B7 <verse_2> E7 A7 E7 A7 E7 A7 E7 B7 E7 A7 E7 B7 A7 E7 B7 <verse_3> E7 A7 E7 A7 E7 A7 E7 B7 <outro_1> E7 A7,artist_132
2022,4nTsYZHFfecWk7NPXqqVyD,<intro_1> F G Emin F <verse_1> G Emin F G Emin F G Amin Dmin7 Emin G <chorus_1> F C G Amin F C G Amin F C G Amin F C G Amin F C G Amin F C G Amin <verse_2> F G Emin F G Emin F G Amin Dmin7 Emin G <chorus_2> F C G Amin F C G Amin F C G Amin F C G Amin F C G Amin F C G Amin <outro_1> F C G Amin F C G Amin F C G Amin F C G Amin,artist_135
2017,7fXnXs1KjxPpbhrh1W3Nm7,<intro_1> A7 D7 A7 E7 <verse_1> A7 D7 A7 D7 A7 E7 D7 A7 E7 D7 A7 E7 <verse_2> A7 D7 A7 E7 D7 A7 D7 A7 E7 A7 D7 A7 E7 D7 A7 E7 <verse_3> A7 D7 A7 E7 D7 A7 E7 <outro_1> A7,artist_132
2017,6ykzyzN5pRgygZsUell9yT,<intro_1> E7 <verse_1> A7 E7 B7 A7 E7 B7 <verse_2> E7 A7 E7 B7 A7 E7 B7 E7 A7 E7 B7 A7 E7 B7 <verse_3> E7 A7 E7 B7 A7 E7 B7 <outro_1> E7 A7 E7,artist_132
1963,0r3O0kffEfGVYWzMQ2F0Xm,<intro_1> A7 E7 A7 D7 A7 E7 <verse_1> A7 D7 A7 E7 D7 A7 E7 <verse_2> A7 D7 A7 E7 D7 A7 E7 A7 D7 A7 E7 D7 A7 E7 <verse_3> A7 D7 A7 E7 A7 E7 <outro_1> A7 D7 A7 E7 A7,artist_132
1962,0GrhsM0eQQFyFN4M2zqc5f,<intro_1> F7 C7 <verse_1> F7 Bb7 F7 C7 Bb7 F7 C7 <verse_2> F7 Bb7 F7 C7 Bb7 F7 C7 F7 Bb7 F7 C7 Bb7 F7 C7 <verse_3> F7 Bb7 F7 C7 Bb7 F7 C7 <outro_1> F7 Bb7 F7,artist_132
2018,5GIUHrDsFowJPjy6xFy9PR,<intro_1> Eb Gmin7 F Eb Gmin7 Bb <verse_1> Eb Gmin7 F Eb Gmin7 F Eb Gmin7 F Eb Gmin7 Bb <chorus_1> Eb Gmin7 F Eb Gmin7 F Eb Gmin7 F Eb Gmin7 Bb Eb Gmin7 F Eb Gmin7 Bb <verse_2> Eb F <chorus_2> Eb Gmin7 F Eb Gmin7 F Eb Gmin7 F Eb Gmin7 Bb Gmin7 Bb F Gmin7 Bb F Gmin7 Bb F Gmin7 Bb F <bridge_1> Eb D/Bb Eb F Eb D/Bb Eb F Eb Gmin7 F Eb Gmin7 Bb <chorus_3> Eb Gmin7 F Eb Gmin7 F <outro_1> Eb Gmin7 F Eb Gmin7 Bb Eb Gmin7 F Eb Gmin7 Bb Eb,artist_136
1960,3aVwyINZ1BAn0zq4Ab4LiX,<intro_1> A E7 <verse_1> A D A E D A E7 <verse_2> A D A E D A E7 A D A E D A E7 <verse_3> A D A E D A E7 <outro_1> A D A,artist_132
1960,2HpsnqW7jkTrzM2aiAS9Fn,<intro_1> E B7 <verse_1> E7 A7 E7 B7 A7 E7 B7 <verse_2> E7 A7 E7 B7 A7 E7 B7 E7 A7 E7 B7 A7 E7 B7 <verse_3> E7 A7 E7 B7 A7 E7 B7 E7,artist_132
1995,45uJq1Kl5DgomxCEg5e5OY,<intro_1> E,artist_132
1960,084PSDb2PUzArLqwsE0kwh,<intro_1> E B7 <verse_1> E A E B A E B7 <verse_2> E A E B A E B7 E A E B A E B7 <verse_3> E A E B A E B7 <outro_1> E,artist_132
1960,5dqgyu8brAwhtTXDJiO1V0,<intro_1> E <verse_1> A E B A E B7 <verse_2> E A E B A E B7 E A E B A E B7 <verse_3> E A E B A E B7 <outro_1> E,artist_132
1960,2CelkZmgIaM4ePolQzmcwB,<intro_1> E A E B7 <verse_1> E A E A E B A E B7 <verse_2> E A E A E B A E B7 E A E B A E B7 <verse_3> E A E B A E B7 <outro_1> E,artist_132
1960,6tRzmitQ3P0wK277WqfVzc,<intro_1> E B7 <verse_1> E A E B A E B7 <verse_2> E A E B A E B7 E A E B A E B7 <verse_3> E A E B A E B7,artist_132
2018,0tP414RMhI5EKej6pJsIvA,<intro_1> Amin7 G/B C C/D G Emin C Bb G Emin Amin7 G/B C C/D <verse_1> G Emin C Bb G Emin Amin7 G/B C C/D G Emin C Bb G Emin Amin7 G/B C C/D <verse_2> G Emin C Bb G Emin Amin7 G/B C C/D G Emin C Bb G Emin Amin7 G/B C C/D <chorus_1> G Emin C Bb G Emin Amin7 G/B C C/D G Emin C Bb G Emin Amin7 G/B C C/D <verse_3> G Emin C Bb G Emin Amin7 G/B C C/D G Emin C Bb G Emin Amin7 G/B C C/D <chorus_2> G Emin C Bb G Emin Amin7 G/B C C/D G Emin C Bb G Emin Amin7 G/B C C/D <bridge_1> Amin D Bmin Emin Amin D Eb Eb/F <solo_1> Bb Gmin Eb Db Bb Gmin Cmin7 Bb/D Eb Eb/F <chorus_3> Bb Gmin Eb Db Bb Gmin Cmin7 Bb/D Eb Eb/F Bb Gmin Eb Db Bb Gmin Cmin7 Bb/D Eb Eb/F Bb Gb Bb Gb Ab Bb Gb Bb Gb Eb Bb,artist_137
1960,5MeWVcpkkAOofncCpmwBaq,<intro_1> A E A D A E <verse_1> A D A E D A E <verse_2> A D A E D A E A D A E D A E <verse_3> A D A E D A E <outro_1> A,artist_132
2017,69BitnFFEW0yrtbNQL4inL,E7 B7 A7 E7 B7 E7 A7 E7 B7 A7 E7 B7 E7 A7 E7 B7 A7 E7 B7 E7 A7 E7 B7 A7 E7 B7 E7 A7 E7 B7 A7 E7,artist_132
2022,5nvy1CFXRbVvJkwUwuRqnh,A Csmin7 Dmaj7 A Csmin7 Dmaj7 A Csmin7 Dmaj7 A Csmin7 Dmaj7 A Bmin Fsmin Bmin Fsmin A Csmin7 Dmaj7 A Dmaj7 A Csmin7 Dmaj7 A Csmin7 Dmaj7 A Csmin7 Dmaj7 A Csmin7 Dmaj7 A Bmin Fsmin Bmin Fsmin A Csmin7 Dmaj7 A Dmaj7 A Dmaj7 A,artist_138
2015,1xNUDESQ5TyPvMziSRIfpH,<verse_1> Db C Dmin Bbmin Dmin Bbmin C <chorus_1> F Dmin Bb Amin Gmin Dmin Bbmin F <verse_2> Db C Dmin Bbmin Dmin Bbmin C <chorus_2> F Dmin Bb Amin Gmin Dmin Bbmin F Db D Bmin G Fsmin Emin D Bmin Emin D Bmin Emin Gmin D,artist_139
1975,7m3eIVd1XNpNHmSsv2joSt,<chorus_1> Fs Gsmin B E B Fs B Gsmin Fs Gsmin B <instrumental_1> Fs Gsmin B E B Gsmin <verse_1> B Gsmin Fs E B Gsmin B E Gsmin B E Gsmin E Fs B Fs B Fs B Fs Gsmin B E B Fs B Gsmin Fs Gsmin B <instrumental_2> E Fs Gsmin Fs B <verse_2> Gsmin Fs E B Gsmin B E Gsmin B Gsmin E Fs B Fs B Fs B E Gsmin E Fs B E Gsmin Fs Gsmin B E B Fs B Gsmin Fs Gsmin B,artist_140
2023,3QQyKKXqsgDd7sDFgXqOHM,<verse_1> C G C <chorus_1> G C <verse_2> D A D <chorus_2> A D <outro_1> A D A D A D,artist_142
2014,5YSFprpub5P5ImP7GgptCz,<intro_1> Fmin Eb Db <verse_1> Eb Ab Bb Db Eb Bbmin Db Eb Ab Cmin Fmin Bb Db Ab Cmin Fmin Ab Cmin Bb Db Ab C Fmin Db Ab Eb Cmin Bb Db Cmin Eb Db Bbmin Cmin Eb Db Bbmin <chorus_1> Cmin Bbmin Db Cmin Ab Db Fmin Cmin Ab Db <bridge_1> Ab Cmin Bbmin Db Ab Cmin Fmin Db Ab Cmin Bb Db Eb Fmin Cmin Bb <instrumental_1> Ab Db Eb Ab Db Eb Db Eb Db Eb,artist_143
1999,5aHhhjCqjqDxzgJxqTnx3I,<intro_1> Cs Csmin Cs E Cs Csmin Cs Csmin B Cs A <chorus_1> Cs E B As Cs E B Cs E B Cs E B Csmin Cs E B Cs Csmin7 Cs7 Csmin7 C Csmin <verse_1> Cs Csmin B Cs Csmin Cs Csmin B Cs Csmin B Cs Csmin Cs Csmin B C Cs Csmin B Cs7 Csmin7 B E Cs Cs7 Cs Csmin B Cs7 Csmin B <solo_1> Fs B Cs Cs7 Csmin B Cs <chorus_2> E Cs Cs7 E Cs E B Cs Csmin Cs A Cs Csmin Cs <outro_1> Csmin B Cs7 Csmin B Csmin Fs7 Cs Cs7 Cs B Cs7 Csmin7 B Fs B Cs Cs7 Cs Csmin B Cs7 B Cs Fs B Cs,artist_144
2023,7EIzti98M2f4Ur1YN8Z3Gz,<intro_1> G <verse_1> D D/C D/B D/A G <verse_2> D D/C D/B D/A G <verse_3> A E E/D E/Cs E/B A,artist_142
2023,3RDAtRpUJDMWMAqWWPhLM5,<intro_1> Ab Ab Ab Bb Cmin Db Dbmin Fmin Cmin A Gb Db <verse_1> Ab Bb Cmin Db Emin Fmin Cmin Ebmin Cmin A Bbmin Gb Db <chorus_1> Gbmin Ab Gbmin Ab Db Gb Fmin Gb Db Fmin Gb Gbmin Db Gb Db <interlude_1> Gb Ab Gb Ab Gb Ab Gb Ab,artist_146
2013,1l7dLAxDcMdy2ttMIkdHYE,<verse_1> G D G C G D G D G C D G <verse_2> C G C F C G C G C F G C <bridge_1> F/A G C Dmin/B E7 Amin G C G D7 G <verse_3> C G C F C G C G C F G C E7 <interlude_1> Amin G/B A/Cs Dmin Amin F E A D G D7 G <verse_4> C G C F C G C G C F G C <bridge_2> F/A G C Dmin/B E7 Amin G C G D7 G <verse_5> C G C F C G C G C F G C F/C C,artist_147
1999,0TSzMfoCsv18GtzzH4bwJG,<intro_1> Fs B Fs Esus2 B Fs B Fs <verse_1> E Fs D Fs E Fs D Fs Cs <chorus_1> E Cs E Fs Cs E Cs E Cs E Csmin E Fs Csmin E Cs Bmin Fs A Fs <verse_2> D E Fs E Fs D Fs <chorus_2> Csmin E Cs E Cs E Cs Csmin E Cs E Cs E Fs Csmin E Cs E B E <bridge_1> Fs E Fs Csmin7 E Fs Asmin Fs E Fs A B G A G A B G A G A B A G A B A <solo_1> Fs A Fs A Fs <chorus_3> A Fs E Fssus2 Fs A Fs Fs7 E Fs <chorus_4> Fssus2 A7 E Fsmin7 Fs <outro_1> Fsmin7 A Fs,artist_144
2021,2f5TtJQxzpaiL8NtfLBvGD,<intro_1> G C D G <verse_1> D G C G C G D G D G C G C G D G <chorus_1> C G C G D C G C G D G <verse_2> D G C G C G D G D G C G C G D G <chorus_2> C G C G D C G C G D G C G C G D C G C G D G,artist_148
2021,4wo1QovIYSpcuzVFHCD66v,<intro_1> Amin <verse_1> Dmin Amin <chorus_1> D Emin Amin D Emin Amin <verse_2> Dmin Amin Dmin Amin <chorus_2> D Emin Amin D Emin Amin Dmin Amin Dmin Amin Dmin Amin Dmin Amin,artist_149
2022,6qr4bldy3y451hApJFEWqa,<intro_1> Dmin C G Dmin C G <verse_1> Dmin C G Dmin C G Dmin C G Dmin C G Dmin C G Dmin C G Dmin C G Dmin C G <verse_2> Dmin G Dmin G Dmin C G Dmin C G <chorus_1> Dmin C G Dmin C G Dmin C G Dmin C G <interlude_1> Dmin C G F Amin G Dmin C G F Amin G F Amin G C G <chorus_2> Dmin C G Dmin C G Dmin C G F Amin G C G Dmin C G Dmin C G Dmin C G F Amin G <outro_1> F Amin G,artist_150
2020,0l0WkzEZEC7bP6AWnX2Bum,<intro_1> Cmin F G Cmin F G Cmin F G Cmin F <verse_1> G Cmin F G Cmin F G Cmin F G Cmin F G Cmin F G Cmin F G Cmin F G Cmin F G <verse_2> Ab Eb Ab G Cmin F G Cmin F G Cmin F G C <verse_3> Cmin F G Cmin F G Cmin F G Cmin F G Ab Eb Ab G Cmin F G Cmin F G Cmin F G Eb <interlude_1> Cmin F Cmin F G Cmin F Cmin F Cmin Ab <bridge_1> Eb Ab Cmin <outro_1> F G Cmin F G F G Cmin F Cmin F G Cmin G F G Cmin F G F G Cmin F G F G Cmin G F G Cmin,artist_151
2016,1culotnI4Pd9sF5bGT52eW,<intro_1> Fsmin D A E <verse_1> Fsmin D A E Fsmin D A E D A E A <chorus_1> E Fsmin D A E Fsmin D A E Fsmin D A E D <verse_2> Fsmin D A E Fsmin D A E D A E A <chorus_2> E Fsmin D A E Fsmin D A E Fsmin D A E Fsmin <bridge_1> Bmin D A E Bmin D A Fsmin D A E Fsmin E D A E Fsmin E D <chorus_3> A E Fsmin D A E Fsmin D A E Fsmin D A E Fsmin <outro_1> A E Fsmin E D A E Fsmin D A E Fsmin E D A E Fsmin D A,artist_152
2022,63yGv7ArIn2BiOzYVYTRcX,<intro_1> C Emin <chorus_1> Amin F C Emin Amin F C Emin Amin F <verse_1> C Emin Amin F C Emin Amin F C Emin Amin F C Emin Amin F C Emin Amin F C Emin Amin F <chorus_2> C E Amin F C Emin Amin F C E Amin F C Emin Amin F <outro_1> C Emin Amin F C Emin Amin F,artist_153
2022,5PvHr0dtFzsKzmd9wkC4Le,<intro_1> D G A <verse_1> D G A D G A <chorus_1> E G A D E G A D G A <verse_2> D G A D G A <chorus_2> E G A D E G A D G A <bridge_1> Emin D G A D C Emin D G Emin D C <chorus_3> E7 A D E G A D,artist_154
2020,5i4MHSHQchDCgBF9ByyaIB,<intro_1> Emin7 Amin7 Emin7 Amin7 Emin7 <verse_1> Amin7 B7 Emin7 Amin7 Bsus4 <chorus_1> B7 Amin7 Emin Amin7 Bsus4 B7 Emin7 <verse_2> Amin7 Bsus4 B Emin7 Amin7 Bsus4 B <chorus_2> Amin7 Emin Amin7 B7 Emin7 <interlude_1> Amin7 Emin7 Amin7 E <bridge_1> Cmaj7 Bmin7 Cmaj7 Bmin7 <chorus_3> Amin7 Emin Amin7 Bsus4 B7 Emin7 Bmin7 Amin7 <outro_1> Emin7 Bmin7 Amin7 E7sus4,artist_156
2015,50jwxaKrzuBnuoOva2Ej3Y,<verse_1> Bmin Fsmin Bmin Fsmin Cs Fsmin A Emin A Emin Fsmin Bmin Fsmin Bmin Fsmin Cs Fsmin A Emin A Emin <chorus_1> Fsmin Cs Fsmin Cs D A D A Bmin Fsmin G D Fsmin Cs Fsmin Cs <verse_2> Bmin Fsmin Bmin Fsmin Cs Fsmin A Emin A Emin Fsmin Bmin Fsmin Bmin Fsmin Cs Fsmin A Emin A Emin <chorus_2> Fsmin Cs Fsmin Cs D A D A Bmin Fsmin G D Fsmin Cs Fsmin Cs Fsmin Cs Fsmin Cs D A D A Bmin Fsmin G D Fsmin Cs Fsmin Cs <verse_3> Bmin Fsmin Bmin Fsmin Cs Fsmin A Emin A Emin Fsmin Bmin Fsmin Bmin Fsmin Cs Fsmin A Emin A Emin <chorus_3> Fsmin Cs Fsmin Cs D A D A Bmin Fsmin G D Fsmin Cs Fsmin Cs Fsmin Cs Fsmin Cs D A D A Bmin Fsmin G D Fsmin Cs Fsmin Cs Fsmin,artist_158
2001,730BuYnjAXIII8606zpYtz,<intro_1> E7 E E7 A Aadd13 A Aadd13 A A7 <verse_1> A Aadd13 E7 E E7 Eadd13 E A Aadd13 A Aadd13 A E7 <verse_2> A Aadd13 A E7 E E7 Eadd13 E A A7 <bridge_1> D Dsus2 Dadd13 Dmin Dminadd13 A Fs7 B7 E <verse_3> A Aadd13 E E7 E Eadd13 E A D A E <instrumental_1> A Aadd13 E E7 E7/B E E7/B Eadd13/B A D A E <verse_4> A Aadd13 E E7 E E7 A Aadd13 A Aadd13 A E7 A Aadd13 E E7 Eadd13 E7 E A A7 <bridge_2> D Dadd13 D Dminadd13 A Fs7 B7 E7 <outro_1> A Aadd13 E7 E E7 A Aadd13 A D Dadd13 A,artist_159
2020,3lX3IINEqVM6YykHaW3xiY,Bmin7 Emin Gmaj7 Cmaj7 Bmin7 Cmaj7 Bmin7 Cmaj7 Bmin7 Cmaj7 Bmin7 Cmaj7 Bmin7 Cmaj7 Bmin7 Cmaj7 Bmin7 Cmaj7 Bmin7 Emin Cmaj7 Gmaj7 Bmin7 Emin Cmaj7 Gmaj7 Bmin7 Emin Cmaj7 Gmaj7 Bmin7 Emin Cmaj7 Gmaj7 Bmin7 Emin Cmaj7 Gmaj7 Bmin7 Emin Cmaj7 Gmaj7 Bmin7 Emin Cmaj7 G Bmin7 Emin Cmaj7 G Bmin7 Emin Cmaj7 Gmaj7 Bmin7 Emin Cmaj7 Gmaj7 Bmin7 Emin Cmaj7 Gmaj7 Bmin7 Emin Cmaj7 Gmaj7 Bmin7 Emin Cmaj7 Gmaj7 Bmin7 Emin Cmaj7 Gmaj7 Bmin7 Cmaj7,artist_160
2014,2y0m8p5SEwKxEnVl3bqdFe,<intro_1> D G D G <verse_1> D G D G D G D G D <chorus_1> G D G <verse_2> D G D G D G D G D <chorus_2> G D G D G D G,artist_161
2023,2R5SzmhzoaCkjDJcSaGrN3,<intro_1> G <verse_1> Bmin C Cmin G A Bmin C Cmin Emin B <chorus_1> G C Emin D C Cmin G <verse_2> Bmin C Cmin Emin B <chorus_2> G C Emin D C Cmin G <bridge_1> Bmin C Cmin <chorus_3> Emin B G C Emin D C Cmin G <outro_1> Bmin C Cmin,artist_162
2023,0DYALM07LyrmvGBNpa8Zfw,<intro_1> Bb <verse_1> Eb Ab Eb Ab Eb Ab Eb Ab <chorus_1> Eb Gmin Ab Eb Gmin Ab Bb <verse_2> Eb Ab Eb Ab Eb Ab Eb Ab <chorus_2> Eb Gmin Ab Eb Gmin Ab Eb Gmin Ab Eb Gmin Ab Bb Eb Gmin Bb Eb Fmin Ab Eb Gmin G Cmin Bb Ab Bb Db Eb Fmin Eb Gmin Fmin Eb Fmin Eb Gmin Fmin Eb Fmin Ab Gmin Fmin Eb Fmin Ab Gmin Fmin Gmin Bb Gmin Bb Gmin Bb Gmin Bb Gmin Bb Gmin Bb Eb Ab Gmin G Cmin Bb Ab Bb Eb Ab Gmin G Cmin Bb Ab Bb Eb Ab Gmin G Cmin Bb Ab Bb <chorus_3> Eb Gmin Ab Eb Ab Bb Eb Gmin Ab Eb Ab Bb,artist_164
2015,6qtbJulxYHxmoAtWz0Qnhs,<intro_1> Fmin Gmin Dmin C Bb F Gmin Dmin Gmin Bb <verse_1> F Gmin Dmin Cmin F Gmin Dmin C <chorus_1> F Dmin7 C F Dmin7 C Gmin <verse_2> F Gmin Dmin Cmin F Gmin Dmin G <chorus_2> F Dmin7 C F Dmin7 C Gmin <instrumental_1> Dmin Gmin Bb C <verse_3> F Dmin C Bb F C Dmin C <chorus_3> F Dmin7 C F Dmin7 C Gmin F C7 Bbmin Gmin,artist_166
2018,6b9HG8TqB9ljgMQUMlbDvK,<chorus_1> G D A Bmin G D A Bb Bmin <verse_1> G D A Bmin G D A Bb Bmin <instrumental_1> G D A Bmin G D A Bb Bmin <verse_2> G D A Bmin G D A Bb Bmin <chorus_2> G D A Bmin G D A Bb Bmin <verse_3> G D A Bmin G D A Bb Bmin A Bb Bmin A Bb D,artist_168
2022,1vnv9SvtQiYBrFe4iloAcv,<intro_1> C Amin C Emin <verse_1> C Amin C Emin C Amin C Emin C Amin C Emin C Amin C Emin <chorus_1> C Amin C Emin C Amin C Emin <interlude_1> C Amin C Emin <verse_2> C Amin C Emin C Amin C Emin <interlude_2> C Amin C Emin <verse_3> C Amin C Emin C Amin C Emin <bridge_1> C D C D C D C D <chorus_2> C Amin C Emin C Amin C Emin <outro_1> C Amin C Emin C Amin C Emin,artist_169
2022,5PIfk3XQ06GCgWK9FQ8nu1,<intro_1> Amin Emin C G <verse_1> Amin Emin C G Amin Emin C G Amin Emin C G Amin Emin C G <verse_2> Amin Emin C G Amin Emin C G Amin Emin C G Amin Emin C G <chorus_1> Amin Emin C G Amin Emin C G <chorus_2> Amin Emin C G Amin Emin C G <interlude_1> Amin Emin C G <verse_3> Amin Emin C G Amin Emin C G <chorus_3> Amin Emin C G Amin Emin C G <chorus_4> Amin Emin C G Amin Emin C G <interlude_2> Amin Emin C G <outro_1> Amin Emin C G Amin Emin C G Amin Emin C G Amin Emin C G,artist_170
2022,6lTo9AAms2d88DDg11eRAo,<intro_1> Amin F C Dmin <chorus_1> Amin F C Dmin Amin F C Dmin Amin F C Dmin <verse_1> Amin F C Dmin Amin F C Dmin Amin F C Dmin Amin F C Dmin <chorus_2> Amin F C Dmin Amin F C Dmin Amin F C Dmin <verse_2> Amin F C Dmin Amin F C Dmin Amin F C Dmin <chorus_3> Amin F C Dmin Amin F C Dmin Amin F C Dmin <outro_1> Amin F C Dmin,artist_171
2015,1C18fJEsSR0hpRxMzRQCrA,<verse_1> C Dmin Amin Cmaj7 C Amin A Amin7 Fmaj7 Emin7 Dmin7 Cmaj7 <chorus_1> C Fmaj7 Emin7 E Fmaj7 Emin7 G E7 Ebmaj7 F <verse_2> Cmaj7 G C Dmin7 Amin Fmin Amin C Dmin Amin F Fmaj7 Emin Dmin7 Dmin C Cmaj7 <chorus_2> C Fmaj7 Emin7 Emin Fmaj7 Emin7 G Ebmaj7 Eb F <bridge_1> Gb Dbmaj7 Abmaj7 Gmin7 G Db Gbmaj7 Gb Db C7 <chorus_3> Fmaj7 Emin7 G Fmaj7 F C Emin7 Emin E Fmaj7 Emin7 C Fmaj7 Emin7 G C Emin7 G Ebmaj7 F,artist_172
2008,2E52vdd65PpRL7teV29eDB,<intro_1> G D G D <verse_1> G D G D A G D G A G A Fs Bmin A D G A D A <chorus_1> Bmin G A D A Bmin G A D A Bmin G A Bmin A D G A D <verse_2> G D G D A G D G A G D Fs Bmin A D G A D A <chorus_2> Bmin G A D A Bmin G A D A Bmin G A Bmin A D G A D <verse_3> Gs Ds Gs Ds As Gs Ds Gs As Gs Ds G Cmin As Ds Gs As Ds As <chorus_3> Bmin Gs As Ds As Cmin Gs As Ds As Cmin Gs As Cmin As Ds Gs As Ds <outro_1> Cmin Gs As Cmin Ds Gs As Ds Gs As Ds,artist_173
2023,1XL08mg8pTQRv3rjUjzGYW,<intro_1> D A G D A G D <verse_1> A G D A G D Bmin A G D A G D A G D A G D <verse_2> A G D A G D Bmin A G D A G D <chorus_1> G D G D A G D A G D A G D A G D <verse_3> A G D A G D Bmin A G D A G D <chorus_2> G D G D A G D A G D <outro_1> A G D A G D,artist_84
2023,7lF1wextYUfNFP5xy7DH4m,<intro_1> Amin C F Amin C F <verse_1> Amin C F Amin C F Amin G/B C Emin F Amin G/B C Emin F <chorus_1> Amin C F Amin C F Amin C F Amin C F Amin <interlude_1> C F <verse_2> A C F Amin C F Amin G/B C Emin F Amin G/B C Emin F <chorus_2> Amin C F Amin C F Amin C F Amin C F Amin C F Amin C F <outro_1> Amin,artist_176
2021,3xu9qRXyUlBzuuu0mFRbxh,<chorus_1> E Gs7 Csmin7 A Amin <verse_1> E Gs7 Csmin7 A Amin <chorus_2> E Gs7 Csmin7 A Amin <bridge_1> E Gs7 Csmin7 A Amin <verse_2> E Gs7 Csmin7 A Amin <chorus_3> E Gs7 Csmin7 A Amin E Gs7 Csmin7 A Amin,artist_177
2021,6CDN90YuWfBs9rC34CDSkM,<intro_1> B E Fs B E Fs B E Fs B E Fs B <verse_1> E Fs B E Fs B E Fs E Fs <chorus_1> B Gsmin E Fs B Gsmin E Fs B Gsmin E Fs B Gsmin E Fs <instrumental_1> B E Fs B E Fs B E Fs B E Fs B <verse_2> E Fs B E Fs B E Fs E Fs <chorus_2> B Gsmin E Fs B Gsmin E Fs B Gsmin E Fs B Gsmin E Fs B,artist_178
2011,2GZbJjsph5LKA0reVwefxH,<verse_1> Amin C F Dmin Amin C F Dmin Amin C F Dmin Amin C F Dmin <chorus_1> Amin Dmin C Amin C Amin Dmin C Dmin C Amin Dmin C Dmin C Amin Dmin C Dmin C <verse_2> Amin C F Dmin Amin C F Dmin Amin C F Dmin Amin C F Dmin <chorus_2> Amin Dmin C Amin C Amin Dmin C Dmin C Amin Dmin C Dmin C Amin Dmin C Dmin C,artist_179
2017,036mhHLlaQwnNbQEu5yW1S,<verse_1> D C D C <chorus_1> F G/D Emin Amin F G/D Emin Dmin <verse_2> D C D C <chorus_2> F G/D Emin Amin F G/D Emin Dmin <verse_3> D C D C <chorus_3> F G/D Emin Amin F G/D Emin Dmin,artist_182
2003,4DFlSRRguDUtXsg5QpoiLI,<intro_1> Bb Ab Bb <verse_1> G F C Eb G F C Eb Bb <chorus_1> A Ab G C F Bb A Ab G C F Bb <verse_2> G F C Eb G F C Eb Bb <chorus_2> A Ab G C F Bb A Ab G C F Bb <bridge_1> G C F Dmin Eb Bb <verse_3> G F C Eb Bb <chorus_3> A Ab G C F Bb A Ab G C F Bb <instrumental_1> G F C Eb Bb <chorus_4> A Ab G C F Bb A Ab G C F Bb A Ab G C F Bb A Ab G C F Bb <outro_1> G,artist_183
2022,01Hi4SayJn6sS9EQWZu7bu,<intro_1> Amin Emin <verse_1> Amin Emin Amin Emin Amin Emin Amin Emin <chorus_1> Amin Emin Amin Emin Amin Emin <verse_2> Amin Emin Amin Emin Amin Emin Amin Emin <chorus_2> Amin Emin Amin Emin Amin Emin <bridge_1> Amin <chorus_3> Emin Amin Emin Amin Emin Amin Emin,artist_184
2017,6h6spwf40QemYArQLID0xm,<intro_1> D Gmin13/G D G D/A Dsus4/A D A <verse_1> G D/Fs <chorus_1> D Gmin13/G D/A Gmin13/G Bmin7 E7 Emin7 A7 D Gmin13/G D Gmin13/G <verse_2> G D/Fs <chorus_2> D Gmin13/G D/A Gmin13/G Bmin7 E7 Emin7 A7 D Gmin13/G <bridge_1> Bmin7 E7 Emin7 A7 <chorus_3> D G/D D/A Gmin13/G Bmin7 E7 Emin7 A7 <outro_1> D Gmin13/G D/A Gmin13/G Bmin7 E7 Emin7 A7 Bmin7 E7 Emin7 A7 D Gmin13/G D Gmin13/G D Gmin13/G D Gmin13/G D,artist_186
2010,0jm3JDXyA61xvjyF1Zuobg,<intro_1> Asmin Gs F7 Asmin Gs Asmin F7 Asmin Gs F7 Fs F7 <verse_1> Dsmin7 Gs7 Cs Dsminadd13 F7 Asmin Dsmin7 Fs F7 Asmin As <verse_2> Dsmin7 Gs7 Cs Dsminadd13 F7 Asmin Dsmin7 Fs F7 Asmin Dsmin Asmin <interlude_1> Cs Dsmin Gs Cs Cs7 Fs F7 Asmin Dsmin Asmin <verse_3> Dsmin7 Gs7 Cs Dsminadd13 F7 Asmin Dsmin7 Fs F7 Asmin Gs F7 Asmin Gs Asmin F7 Asmin Gs F7 Fs F7 <interlude_2> Fs Fmin Dsmin Gs7 F7 <verse_4> Dsmin7 Gs7 Cs Dsminadd13 F7 Asmin Dsmin7 Fs F7 Asmin Gs F7 <outro_1> Asmin Gs Asmin F7 Asmin Gs F7 Fs F7,artist_187
2023,0LtkH6Qmzc3XPpoPE9bNYg,<intro_1> Bno3d Ano3d Fsno3d <verse_1> Bno3d Ano3d Fsno3d Ano3d Fsno3d Bno3d Ano3d Fsno3d <interlude_1> Bno3d Ano3d Fsno3d <verse_2> Bno3d Ano3d Fsno3d Ano3d Fsno3d Bno3d Ano3d Fsno3d Bno3d Fsno3d Dno3d Gno3d Bno3d Ano3d Fsno3d <chorus_1> Dno3d Ano3d Bno3d Fsno3d Dno3d Ano3d Bno3d Dno3d Ano3d Bno3d G Dno3d Ano3d Fsno3d <interlude_2> Bno3d Ano3d Fsno3d <verse_3> Bno3d Ano3d Fsno3d Bno3d Ano3d Fsno3d Bno3d Fsno3d Dno3d Gno3d Bno3d Ano3d Fsno3d <chorus_2> Dno3d Ano3d Bno3d Fsno3d Dno3d Ano3d Bno3d Dno3d Ano3d Bno3d G Dno3d Ano3d Fsno3d Dno3d Ano3d Bno3d Fsno3d Dno3d Ano3d Bno3d Dno3d Ano3d Bno3d Gno3d Dno3d Ano3d Fsno3d <bridge_1> Bno3d <outro_1> Ano3d Fsno3d <outro_1> Bno3d,artist_188
1968,5oHQ9nw3q7Uopy7mN9hfv4,<intro_1> Amin Amin7 D <verse_1> Amin G Amin G Amin D <verse_2> Amin G Amin G Amin A <verse_3> D Amin A D E7 Amin D Amin D Amin D Amin D Amin <verse_4> G Amin G Amin D Amin <verse_5> G Amin G Amin D Amin D Amin D Amin D Amin,artist_86
1995,0Xr6Jez8lbs7HwIu3quY2f,<intro_1> Gmin D Gmin F Bb Eb F Bb Gmin D Gmin F Bb F Gmin <verse_1> D Gmin F Bb Eb F Bb Gmin D Gmin F Eb F Gmin D Gmin F Bb Eb F Bb Gmin D Gmin F Gmin D Gmin F <chorus_1> Dmin C F Dmin Amin C Dmin Amin Bb F Bb C Dmin C F Dmin Amin C Dmin Amin Bb F Bb C Dmin <interlude_1> Gmin A D <verse_2> Gmin D Gmin F Bb Eb F Bb Gmin D Gmin F Eb F Gmin D Gmin F Bb Eb F Bb Gmin D Gmin F Eb F Gmin <chorus_2> Dmin C F Dmin Amin C Dmin Amin Bb F Bb C Dmin <interlude_2> Gmin D Gmin F Bb Eb F Bb Gmin D Gmin F Bb F Gmin <bridge_1> Bb F Gmin F Emin <chorus_3> Dmin C F Dmin Amin C Dmin Amin Bb F Bb C Dmin C F Dmin Amin C Dmin Amin Bb F Bb C D <outro_1> Gmin D Gmin F Bb Eb F Bb Gmin D Gmin F Bb F Gmin A D,artist_83
2023,0fOwJiPxWs5Wp8IggTSYAE,<intro_1> Cmin Bb Eb Ab <verse_1> Cmin Bb Eb Ab Cmin Bb Eb Ab Eb Bb Cmin Ab Eb Bb Cmin <chorus_1> Eb Bb Cmin Ab Eb Bb Cmin Ab Eb Bb Cmin <verse_2> Bb Eb Ab Cmin Bb Eb Ab Eb Bb Cmin Ab Eb Bb Cmin <chorus_2> Eb Bb Cmin Ab Eb Bb Cmin Ab Eb Bb Cmin Ab <bridge_1> Cmin Bb <chorus_3> Eb Bb Cmin Ab Eb Bb Cmin Ab Eb Bb Cmin Ab,artist_189
2022,40GG0uOsNMTSVkc4AeyhZe,<intro_1> E Csmin Fmin A <verse_1> E Csmin Fmin A E Csmin Fmin A <verse_2> E Csmin Fmin A E Csmin Fmin A <chorus_1> E Csmin Fmin A E Csmin Fmin A Gsmin A Fmin A <verse_3> E Csmin Fmin A E Csmin Fmin A <bridge_1> Gmin A Fmin A Gmin A Fmin A <chorus_2> E Csmin Fmin A E Csmin Fmin A,artist_191
2018,0AvbIYF6sUHmLc3AW2JcLm,<intro_1> C F C <verse_1> F Dmin C F Dmin G <chorus_1> F Dmin C F Dmin C F Dmin C <verse_2> F Dmin C F Dmin G <chorus_2> F Dmin C F Dmin C F Dmin C <bridge_1> F Dmin C F Dmin C <verse_3> F Dmin C F Dmin G <chorus_3> F Dmin C F Dmin C F Dmin C F Dmin C F Dmin C,artist_192
2005,4SavxnIir0o5ibmOGR2lCj,<intro_1> E Gs Cs B A <verse_1> E Gs Cs B E Gs Cs B <bridge_1> E Gs Cs B E Gs Cs B <chorus_1> E Gs Cs B E Gs Cs B E Gs Cs B E Gs Cs B <verse_2> E Gs Cs B E Gs Cs B <bridge_2> E Gs Cs B E Gs Cs B E Gs <chorus_2> E Gs Cs B E Gs Cs B E Gs Cs B E Gs Cs B <bridge_3> E Gs Cs B E Gs Cs B E Gs Cs B E Gs Cs B <chorus_3> E Gs Cs B E Gs Cs B E Gs Cs B E Gs Cs B <chorus_4> E Gs Cs B E Gs Cs B E Gs Cs B E Gs Cs B,artist_194
1970,0mnA9NI5FIhtgm7JsBAZuA,<intro_1> D <verse_1> D7 G D E A E A D D7 G D A D G D <verse_2> A G D Fsmin Emin A D D7 G D A D G D <solo_1> D7 G D A D G D <verse_3> A G D Fsmin Emin A D D7 G D A D G D A G D,artist_86
2023,0OdRKPM36edHZ8OEpbrDCu,<verse_1> C Amin C Amin Dmin7 F G <chorus_1> C Amin C Amin <verse_2> C Amin C Amin Dmin7 F G <chorus_2> C Amin C Amin <bridge_1> F C F C G <chorus_3> C Amin C Amin,artist_195
2023,5vdwmGKORgXXumjsrZBSFi,<intro_1> A D Fsmin E <verse_1> A D Fsmin E A D Fsmin E A D Fsmin E A D Fsmin E Bmin D <chorus_1> A D Fsmin E A D Fsmin E A D Fsmin E A D Fsmin E <verse_2> A D Fsmin E A D Fsmin E A D Fsmin E A D Fsmin E Bmin D <chorus_2> A D Fsmin E A D Fsmin E A D Fsmin E A D Fsmin E A D Fsmin E A D Fsmin E A D Fsmin E A D Fsmin E A D Fsmin E A D Fsmin E A D Fsmin E A D Fsmin E,artist_196
2020,6z2fRLlJwnMknT0ppkjd4a,<intro_1> Fsmin E B7 Fsmin <verse_1> E B7 Fsmin E B7 Fsmin <chorus_1> E Fsmin E Fsmin E Fsmin E B7 Fsmin <verse_2> E B7 Fsmin E B7 Fsmin <chorus_2> E Fsmin E Fsmin E Fsmin E B7 Fsmin <instrumental_1> E B7 Fsmin <chorus_3> E Fsmin E Fsmin E Fsmin E B7 Fsmin,artist_197
2023,34OvY5dVF9X9hauGzRuF16,<intro_1> E A Fsmin A <verse_1> E A Fsmin A E A Fsmin A E A Fsmin A E A Fsmin A <chorus_1> E A Fsmin A E A Fsmin A <verse_2> E A Fsmin A E A Fsmin A E A Fsmin A E A Fsmin A <chorus_2> E A Fsmin A E A Fsmin A E A Fsmin A E A Fsmin A <bridge_1> E A Fsmin A <chorus_1> E A Fsmin A E A Fsmin A E A Fsmin A E A Fsmin A <bridge_2> E A Fsmin A E A Fsmin A E A Fsmin A E A Fsmin A E A Fsmin E A Fsmin E <outro_1> A Fsmin A,artist_196
2018,5FJB3O7bOqHve2D8JTJBJF,<intro_1> Emin D/Fs G C Emin D/Fs G <verse_1> Emin D/Fs G D C/G Emin C/G G D Emin C/G Emin D/Fs G D C/G D Emin <chorus_1> C/G G D C/G G D Emin D/Fs C/G <verse_2> Emin D/Fs G D C/G Emin C/G Emin D/Fs G D C/G <chorus_2> G D C/G G D Emin D/Fs C/G D Emin D/Fs C/G D Emin D/Fs C/G <outro_1> Emin D/Fs G C Emin D/Fs G,artist_200
2021,5kAT5BeOVqqklcr2wZxxdH,<intro_1> Ab Eb Fmin Db Eb <verse_1> Fmin Bb Eb Ab Fmin Bb Eb Ab G Ab Bb Fmin Bb Eb Ab G Ab G F G Amin G C Amin G F Amin G C Amin G F G <interlude_1> Ab Eb Fmin Db Eb <verse_2> Fmin Bb Eb Ab Fmin Bb Eb Ab G Ab G F G Amin G C Amin G F Amin G C Amin G F G <chorus_1> Ab Eb Fmin Db Ab Eb Fmin Db Eb <bridge_1> Fmin C Fmin C <solo_1> Fmin Bb Eb Ab <verse_3> Fmin Bb Eb Ab Fmin Bb Eb Ab G Ab Bb Fmin Bb Eb Ab Eb,artist_202
2021,3Y1raTx9IdNHF7aEJIoK83,<intro_1> C F/C C <verse_1> F/C C F/C C <chorus_1> C/G Emin/B F/C C C/G Emin/B F/C C <interlude_1> F/C C <verse_2> F C F C <chorus_2> C/G Emin/B F/C C C/G Emin/B F/C C C/G Emin/B F/C C C/G Emin/B F/C C <bridge_1> Amin Emin F/C G/D Amin Emin F/C G/D <chorus_3> C F/C C F/C C C/G Emin/B F/C C C/G Emin/B F/C C C/G Emin/B F/C C C/G Emin/B F/C C <outro_1> F/C G/D C,artist_203
2002,5oXsuFshrLW74ONKuRE9cC,<verse_1> G C Amin C G C Amin C G C Amin C <verse_2> G C Amin C G C Amin C G <chorus_1> C Amin G <verse_3> C Amin C G C Amin C G <chorus_2> C Amin C G C Amin C G C Amin C G C Amin C G,artist_206
2023,6TV8v3DLeynr8p8jNeOsvl,<intro_1> Emin7 D G Emin7 D G <verse_1> Emin7 C G D Emin7 C G D Amin G C D <chorus_1> G D Emin C G D Emin D C D Emin D G <verse_2> Emin7 C G D Emin7 C G D Amin G C D <chorus_2> G D Emin7 C G D Emin D C D Emin D G <bridge_1> Amin Emin D C D <chorus_3> G D Emin C G D Emin D C D Emin D G Emin D G C,artist_116
2008,7w7fiTQQ1oWdMyMAGQ9XD5,<intro_1> Ab Eb/G Ab Cmin Db Db/E Cmin Bb <verse_1> Ab Eb Ab Eb Cmin Bb F/A Bbsus4 Bb Ab Eb Ab Cmin Ab Eb/G Db Bb <chorus_1> Eb Ab Fmin C Fmin Db Bb Gmin Ab Gmin Cmin Fmin Bb Eb Ab Ab/Bb <verse_2> Ab Eb Ab Eb Cmin Bb F/A Bbsus4 Bb Ab Eb Ab Cmin Ab Eb/G Db Bb <chorus_2> C F F/A Bb Gmin D Gmin Eb C Amin Bb Amin Dmin Gmin F/A Bb Gmin F/A Bb Gmin C F Bb Gmin F/A Bb C D,artist_207
2006,1Yluj1Jz1J7FFyPhgXhSXd,<intro_1> C G C Emin Amin C F G <chorus_1> C Amin G C F C Amin G C G <verse_1> C Emin F G F Emin Amin G C F C G C G <chorus_2> C Amin G C F C Amin G C G <verse_2> C Emin F G F Emin Amin G C F C G C G <chorus_3> C Amin G C F C Amin G C G <instrumental_1> C Emin F G Emin Amin G C F C G C F G <chorus_4> C Amin G C F C Amin G C G <verse_3> C Emin F G F Emin Amin G C F C G C G <chorus_5> C Amin G C F C Amin G C G <chorus_6> C Amin G C F C Amin G C G <outro_1> C Amin C Amin C Amin C Amin C,artist_208
2023,5JET5CUC6FZyvW35r5qDJm,<verse_1> G G/B G/A Cadd9 G G/B G/A Cadd9 G/A G/B Cadd9 D Dsus4 D G/A G/B Cadd9 Cadd9/D <chorus_1> G G/B G/A Cadd9 D G G/B G/A Cadd9 D G/A G/B Cadd9 Cadd9/D G G/B G/A Cadd9 <verse_2> G G/B G/A Cadd9 G G/B G/A Cadd9 G/A G/B Cadd9 D Dsus4 D G/A G/B Cadd9 Cadd9/D <chorus_2> G G/B G/A Cadd9 D G G/B G/A Cadd9 D G/A G/B Cadd9 Cadd9/D <instrumental_1> G G/B G/A Cadd9 Cadd9/D G/A G/B Cadd9 D Dsus4 D G/A G/B Cadd9 Cadd9/D <chorus_3> G G/B G/A Cadd9 D G G/B G/A Cadd9 D G G/B G/A Cadd9 D G G/B G/A Cadd9 D G/A G/B Cadd9 G/A G/B Cadd9 G/A G/B Cadd9,artist_209
2016,4fNgsZcLLD0hRrA2IwQIYT,<intro_1> Bb Eb9 Bbsus4 Bb <chorus_1> G Bmin7 Emin Bmin7 D G Bmin7 Emin C D G <verse_1> B Csmin7 Csdim7 B Gsmin Gsminmaj7 Csmin Fs <chorus_2> G Bmin7 Emin C Bmin7 D D7 G Bmin7 Emin C D G <verse_2> F Dmin C C7 A A7 Fsmin A7 Fs Bmin Cmaj7 Bmin Amin D <bridge_1> G Cadd13 <verse_3> B Csmin7 Csdim7 B Gsmin Gsminmaj7 Csmin Fs <chorus_3> G Bmin7 Emin Bmin7 D G Bmin7 Emin C D G Bmin7 Emin Bmin7 D G Bmin7 Emin C D G,artist_210
2023,0jGRcYZk5VsuE3clkqFyZM,<intro_1> Amin C G F <verse_1> Amin C G F Amin C G F Amin C G F Amin C G F <chorus_1> Amin C G Amin C G Amin C G F G Amin C G F <verse_2> Amin C G F Amin C G F <chorus_2> Amin C G Amin C G Amin C G F G Amin C G F <bridge_1> Amin C G F <chorus_3> Amin C G Amin C G Amin C G F G Amin C G,artist_211
2014,3go3uSXU48Oe8saowfLpxZ,<verse_1> C F C G7 C F C G7 C <verse_2> G7 F C F C G7 C F C G7 C <verse_3> F C G7 C F C G7 C <verse_4> G7 F C F C G7 C F C G7 C <verse_5> F C G7 C F C G7 C <verse_6> G7 F C F C G7 C F C G7 C G7 F C F C G7 C F C G7 C,artist_212
2010,7rkiEj8E0vlUm93f7UGKDO,<intro_1> Amin F C G Amin F C G <verse_1> Amin F C G Amin F C G Amin F C G Amin F C G Amin F C G <chorus_1> F C Amin C F G C F C Amin C F G C <verse_2> Amin F C G Amin F C G Amin F C G Amin F C G Amin F C G <chorus_2> F C Amin C F G C F C Amin C F G C <bridge_1> G Amin G Amin F C G Amin G Amin F C G F C G F C G Amin <verse_3> F C G Amin F C G Amin F C G Amin F C G Amin F C G <chorus_3> F C Amin C F G C F C Amin C F G C <outro_1> F C Amin C F G C,artist_213
2022,5VidpxACkwLoPC9zcNoZ0b,<intro_1> G Amin F C G Amin F C <verse_1> G Amin F C G Amin F C G Amin F C G Amin F C G Amin F C G Amin F C G Amin F C G Amin F C <chorus_1> G Amin F C G Amin F C G Amin F C G Amin F G C <verse_2> G Amin F C G Amin F C G Amin F C G Amin F C G Amin F C <chorus_2> G Amin F C G Amin F C G Amin F C G Amin F G C G Amin F C G Amin F C G Amin F C G Amin F G C <outro_1> G Amin F C,artist_214
2022,2QDLjQ0PTDJsxIZcSMwm4f,<intro_1> C Emin Amin F G <verse_1> C Emin Amin C Emin Amin C Emin Amin C Emin Amin C Emin Amin C Emin Amin C Emin Amin F C G <chorus_1> F G C F G C F G C F G C <verse_2> Emin Amin C Emin Amin C Emin Amin F C G C Emin Amin C Emin Amin C Emin Amin F C G C Emin Amin C Emin Amin C Emin Amin F C G,artist_214
2008,6eR9v7ffNGtDymCaIOeVym,<verse_1> C Fmaj7 Fmin Dmin7 G C Fmaj7 Fmin Dmin7 G C Fmaj7 Fmin Dmin7 G <chorus_1> Fmin C Dmin7 C G <verse_2> C Fmaj7 Fmin Dmin7 G C Fmaj7 Fmin Dmin7 G <chorus_2> Fmin C Dmin7 C G <bridge_1> Dmin7 G Dmin7 G <verse_3> Dmin7 C F C Fmaj7 Dmin7 G C Fmaj7 <chorus_3> Fmin C Dmin7 C G Fmin C Dmin7 C G C,artist_215
2021,2vuPIBVlcxHO5zqLBff8BB,<intro_1> E C Cs A <verse_1> E B Cs A E B Cs A <chorus_1> E B Fs A E B Fs A B E <verse_2> B Cs A E B Cs A B <bridge_1> A E B A E B A <chorus_2> E B Fs A E B Fs A B E,artist_214
2022,6ZJAmmxj0L5E9rLUbthVEW,<intro_1> C Emin Amin F C Emin Amin F <verse_1> C Emin Amin F C Emin Amin F Amin F C G Amin F C G <chorus_1> Amin F C G Amin F C G Amin F C G Amin F C G C <verse_2> Emin Amin F C Emin Amin F Amin F C G Amin F C G <chorus_2> Amin F C G Amin F C G Amin F C G Amin F C G C <bridge_1> Amin Emin F G Amin Emin F G Amin F C G Amin F C G <chorus_3> Amin F C G Amin F C G Amin F C G Amin F C G C,artist_214
2023,0LopEfv3D6ODNcBKyYtkdJ,<chorus_1> C E7 Amin F G C E7 Amin F G <verse_1> C E7 Amin F G C E7 Amin F G Amin E F C E7 Amin E F G <chorus_2> C E7 Amin F G C E7 Amin F G <verse_2> C E7 Amin F G C E7 Amin F G Amin E F C E7 Amin E F G <chorus_3> C E7 Amin F G C E7 Amin F G,artist_219
2023,6s0gFpKKKxd8EDhTCvEbYf,<verse_1> A E Fsmin D A E Fsmin D A E Fsmin D <chorus_1> A E Fsmin D A E Fsmin D <interlude_1> A E Fsmin D <verse_2> A E Fsmin D <chorus_2> A E Fsmin D A E Fsmin D <interlude_2> A E Fsmin D <bridge_1> A E Fsmin D <chorus_3> A E Fsmin D A E Fsmin D <interlude_3> A E Fsmin D,artist_220
2021,1I7u0ipOhIXhwgJ9yen5Up,<intro_1> C Amin F G <verse_1> C Amin F G C Amin F G F G F G <chorus_1> C Amin F G C Amin F G C <verse_2> Amin F G F G F G <chorus_2> C Amin F G C Amin F G <bridge_1> F Amin F G <chorus_3> C Amin F G C Amin F G,artist_214
2018,4NF2wkVJMrUipF7UDVmfjn,E/Gs Cs/F Dsdim7 A/Cs Gs/C B/Ds Bmaj7sus2 Fsmin7 E/Gs A E Cs/F Fsmin7 E/Gs A E Cs/F Fsmin Cs/F E Dsdim7 D A/Cs Gs/C Cs/F Fsmin Cs/F E B/Ds D A/Cs Gs/C Cs/F Fsmin Cs/F E Cs/F Fsmin Cs/F E Cs/F Fs Bmaj7sus2 Cs Dsmin7 Fs Bmaj7sus2 Cs Dsmin7 Fsmin7 E/Gs A E Cs/F Fsmin7 E/Gs A E Cs/F Fsmin Cs/F E Dsdim7 D A/Cs Gs/C Cs/F Fsmin Cs/F E B/Ds D A/Cs Gs/C Cs/F Fsmin Cs/F E B/Ds D A/Cs Gs/C Cs/F Fsmin Cs/F E B/Ds D A/Cs Gs/C Cs/F Fsmin Cs/F E Cs/F Fsmin Cs/F E Cs/F Fsmin Cs/F E Cs/F Fsmin Cs/F E Cs/F Fsmin Cs/F E Dsdim7 D A/Cs Gs/C Cs/F Fsmin Cs/F E B/Ds D A/Cs Gs/C Cs/F Fsmin Cs/F E Dsdim7 D A/Cs Gs/C Cs/F Fsmin Cs/F E B/Ds D A/Cs Fsmin Cs/F E B/Ds D A/Cs Gs/C Cs/F Fsmin Cs/F E B/Ds D A/Cs Gs/F Cs/F Fsmin Cs/F E Cs/F Fsmin,artist_125
2009,7srE9VkVibw9YcjocoSprY,<verse_1> G Emin C D G <verse_2> Emin C D G <chorus_1> C Amin Emin D G C Amin Emin D G C D G <verse_3> Emin C D G <chorus_2> C Amin Emin D G C Amin Emin D G C D G <bridge_1> Emin B D A Emin B D A C Amin B Emin A Emin A <instrumental_1> G Emin C D Emin D G <outro_1> C Amin Emin D G C Amin Emin D G C D Emin D G C D G,artist_221
2023,7tAw2iISxJnNgW1AL9Worq,<intro_1> Amin F C G <verse_1> Amin F C G Amin F C G Amin F C G Amin F C G <chorus_1> Amin F C G Amin F C G Amin F C G Amin F C G <verse_2> Amin F C G Amin F C G Amin F C G <bridge_1> Amin F C G <chorus_2> Amin F C G Amin F C G Amin F C G Amin F C G,artist_222
1987,2UHAAMXSiJf6W1OzuuqqBq,<intro_1> E B7 E <verse_1> A E A E Fs7 B7 E A E A E B7 E <chorus_1> A E B7 E A E B7 E <verse_2> A E A E Fs7 B7 E A E A E B7 E <chorus_2> A E B7 E A E B7 E <instrumental_1> A E A E Fs7 B7 E A E A E B7 E <verse_3> A E A E Fs7 B7 E A E A E B7 E <chorus_3> A E B7 E A E B7 E <outro_1> B7 E,artist_223
1986,0YzdjNbhhFJZ07O1jn5NWY,<intro_1> D A Bmin7 E7 A <verse_1> E7 D A E D A D A D A E A E7 D A E D A D A D E A <chorus_1> D E D A B7 E D A D E D E A E <verse_2> A E7 D A E D A D A D A E A E7 D A E D A D A D E A <chorus_2> D E D A B7 E D A D E D E A <outro_1> E D E D A Bmin7 E7 A,artist_224
2021,1UIsqFOatDUVOAIwogLkFE,<intro_1> G Amin Dmin E Fmin G Amin Dmin E Fmin G Amin Dmin E Fmin G Amin Dmin E Fmin G Amin Dmin G Amin Dmin E Fmin G Amin Dmin E G Amin Dmin F G Amin Dmin G Amin Dmin E Fmin G Amin Dmin E Fmin G Amin Dmin Emin Fmin G Amin Dmin <verse_1> G Amin Dmin E Fmin G Amin Dmin E G Amin Emin F C D Emin F G Amin Dmin C Dmin Emin G Amin Dmin G Amin Dmin G Amin Dmin Emin G Amin Dmin G Amin <outro_1> Dmin Emin G Amin Dmin G Amin,artist_52
2015,6riXznISRrFpsWF1ZT4uwq,<intro_1> G Gsus4 G <verse_1> Gsus4 G Gsus4 G Gsus4 G Gsus4 G Eb F C Ab Eb G <chorus_1> G/Fs F Fsus4 F Fsus4 C Csus4 C F Fsus4 F C Csus4 G Gsus4 <verse_2> G Gsus4 Gbno3d G Gsus4 G C Csus4 C Csus4 C G Gsus4 G Gsus4 G Bb Bb/F F Fsus4 F <chorus_2> Bb G D Ab Eb G F Fsus4 F C Csus4 C F Fsus4 F C Csus4 C G Gsus4 G Gsus4 G Gsus4 G Gsus4 G Gsus4 G <chorus_3> Eb F C Ab Eb G G/Fs F Fsus4 F Fsus4 C Csus4 C Csus4 F Fsus4 F Fsus4 C Csus4 C Csus4 F Fsus4 F Fsus4 C Csus4 C Csus4 F Fsus4 F Fsus4 C Csus4 C Csus4,artist_226
1992,4ebpwv177t0YrP2f2rCbu2,<intro_1> Amin G/B Amin G/B Amin <verse_1> G F Amin G F Amin G F Amin G F Amin G/B Amin G/B Amin G/B Amin G/B Amin <verse_2> G F Amin G F Amin G F Amin G F <chorus_1> C G F C G F C G <interlude_1> Fsmin Fmin <verse_3> Amin G F Amin G F Amin G F Amin G F <interlude_2> Amin G/B Amin G/B Amin <verse_4> G F Amin G F Amin G F Amin G F <chorus_2> C G F C G F C G F C G <outro_1> F C G F C G F C G F C G,artist_227
2021,1t3hC1PfyvHphEKnFujrMs,<intro_1> C G7 C <verse_1> G7 C G7 C <verse_2> G7 C G7 C <chorus_1> G7 C G7 C <interlude_1> G7 C <verse_3> G7 C G7 C <verse_4> G7 C G7 C <chorus_2> G7 C G7 C,artist_228
2021,7wxAG62z8zcE0ARRWJ6FJM,<verse_1> C Emin Dmin G C Emin Dmin G <chorus_1> C Emin C Amin D G C Emin C Amin G C <verse_2> Emin Dmin G C Emin Dmin G <chorus_2> C Emin C Amin D G C Emin C Amin G C <chorus_3> Emin C Amin D G C Emin C Amin G C <bridge_1> F C Dmin G F Dmin G <chorus_4> C Emin C Amin D G C Emin C Amin G C <chorus_5> Emin C Amin D G C Emin C Amin G C <outro_1> Emin C Amin D G C Emin C Amin G C,artist_229
2022,0JLrHB2DQtk2fqV8OhPrMg,<verse_1> Amin F Amin F Amin C F <verse_2> Amin F Amin F Amin C F Amin <chorus_1> C F Amin C F Amin C F Amin C F Amin F Amin F Amin C F <verse_3> Amin F Amin F Amin C F Amin F Amin F Amin C F Amin <chorus_2> C F Amin C F Amin C F Amin C F Amin C F Amin C F Amin F Amin F Amin C F Amin <chorus_3> C F Amin C F Amin C F Amin C F Amin F <outro_1> Amin F Amin C F,artist_230
2008,6IJCzJvhlqsCKBKey4zcnO,<verse_1> C G Dmin G C G Dmin G C G Amin Gs G C F D G C F D G C G As Amin D C G <chorus_1> C G F D Gs G As A D C G C G F Gs G Amin D C G <verse_2> C G Dmin G C G Dmin G C G Amin Gs G C G Dmin G C G Dmin G C G As A D C G <chorus_2> C G F D Gs G As A D C G C G F Gs G Amin D C G <bridge_1> As F C As F C Ds F C A D G <chorus_3> C G F D Gs G As A D C G C G F Gs G Amin D C G <chorus_4> C G F D Gs G As A D C G C G F Gs G Amin D C G,artist_231
2021,08fDyB3MTYWxiwwFhNONmI,<intro_1> Emin <verse_1> C D Emin C D Amin Emin D <chorus_1> Emin C G D Emin C G D Emin C G D Emin C G D Emin <verse_2> C D Emin C D Amin Emin D Amin Emin D <chorus_2> Emin C G D Emin C G D Emin C G D Emin C G D Emin C G D Emin C G D Emin C G D Emin C G D Emin <outro_1> C G D,artist_214
2023,1TcQgtcFpLIkYFQCbPxPZ3,<intro_1> C Cmaj7 Fmaj7 <verse_1> C Fmaj7 F C Fmaj7 G <chorus_1> Fmaj7 C Fmaj7 F Amin7 F Fmaj7 G C <verse_2> Fmaj7 C Fmaj7 F G <chorus_2> Fmaj7 C Fmaj7 F Amin7 F Fmaj7 G C F Fmaj7 F C <bridge_1> D Fmaj7 G <chorus_3> F C Fmaj7 F Amin7 F Fmaj7 G C <outro_1> F Fmaj7 G C,artist_232
2023,538txyi52ZOwzWxIQsCT12,<intro_1> G Emin G Emin <verse_1> G Emin G Emin <chorus_1> G Emin G Emin <verse_2> G Emin G D Emin <chorus_2> G D Emin G D Emin G D Emin G D Emin <bridge_1> G Emin G Emin G D Emin G D Emin <chorus_3> G D Emin G D Emin G D Emin G D Emin <outro_1> Cmaj7 G Gmaj7 Cmaj7 G Gmaj7 G,artist_233
2023,1GDy3ULhowIU6Tjoh6CTqR,<intro_1> G C F C G C F G <verse_1> C F C G C F G C F C G C F G C F <chorus_1> C G Amin C G Amin F C G Amin F C G Amin F C G Amin <verse_2> G C F C G C F G C F C G C F C <chorus_2> F C G Amin C G Amin F C G Amin F C G Amin F C G Amin <verse_3> G C F C G C F G C F C G C F G C F <bridge_1> C G C Amin7 F C G C F <instrumental_1> G C F G C F G C F C G C F G C F C <verse_4> G C F C G C F G C F C G C F C G C F G C F <chorus_3> C G Amin C G Amin F C G Amin F C G Amin F C G Amin F C G Amin <outro_1> C G Amin C G Amin F C G Amin C G Amin F C G Amin C G Amin F C G Amin C G Amin F C G Amin F C G Amin F C G Amin F,artist_234
2020,0nWkWcVcLH05ZRKo9GLA0R,<intro_1> G Emin C D <verse_1> G Emin C D G Emin C D G Emin C D G Emin C D C D Emin C D G <chorus_1> C Emin D G C Emin D G C Emin D G C Emin D G <verse_2> Emin C D G Emin C D G Emin C D G Emin C D C D Emin C D C D <bridge_1> C D Emin C D C D <chorus_2> G C Emin D G C Emin D G C Emin D G C Emin D G C Emin D G C Emin D G C Emin D G C Emin D G <outro_1> C Emin D G C Emin D G C Emin D G C Emin D G,artist_214
1989,3i9sE9my8shTVrCQkBMerp,<intro_1> D Gmaj7 <verse_1> D Gmaj7 Fsaug G Emin7 A7sus4 A7 Emin Asus4 A <verse_2> D G D/Fs G Emin7 A7sus4 A Emin A7sus4 A <chorus_1> G D/Fs G A G D/Fs G <instrumental_1> D G <verse_3> D G D/Fs G Emin7 A7sus4 A Emin A7sus4 A <chorus_2> G D/Fs G A G D/Fs G A G D/Fs G A G D/Fs G <instrumental_2> D G D/Fs G Emin7 A7sus4 A <chorus_3> G D/Fs G A G D/Fs G A G D/Fs G A G D/Fs G,artist_235
2012,5yT55i6u5zByvA6McnMIDZ,<intro_1> Amin Amin7 Amin Amin7 <verse_1> Amin Amin7 Amin Dmin7 Dmin Dmin7 G G7 G C7 Amin Amin7 Amin Dmin7 Dmin G G7 G G7 C <verse_2> Amin Amin7 Amin Dmin7 Dmin G7 G C7 Amin Amin7 Amin Dmin7 Dmin G G7 G G7 C <chorus_1> Cs D Ds E A/E A A/E A Bmin7 Bmin Bmin7 E Bmin/E E Bmin/E E A A7 A/E A A/E A Bmin7 Bmin E Bmin/E E Bmin/E E7 A A7 <chorus_2> Fsmin Fsmin7 Bmin Bmin7 E E7 A/E A A7 A/E A7/E A/E A7/E Bmin7 Bmin E Bmin/E E E7 A A7 Amin Dmin E E7 Amin Amin7 Amin Amin7 <verse_3> Amin Amin7 Amin Dmin7 Dmin G G7 C7 Amin Amin7 Amin Dmin7 Dmin G G7 G G7 C Amin Amin7 Amin Amin7 Dmin Dmin7 Dmin G G7 C7 Amin Amin7 Dmin Dmin7 G G7 G G7 C <chorus_3> Cs D Ds E A/E A A/E A Bmin7 Bmin Bmin7 E Bmin/E E Bmin/E E A A7 A/E A A/E A Bmin7 Bmin E Bmin/E E Bmin/E E7 A A7 <chorus_4> Fsmin Fsmin7 Bmin Bmin7 E E7 A/E A A7 A/E A7/E A/E A7/E Bmin7 Bmin E Bmin/E E E7 A A7 Amin Dmin E E7 A <outro_1> Dmin E E7 A D E E7 A/E A A/E A Bmin7 Bmin Bmin7 E Bmin/E E Bmin/E A A/E A7/E A/E A A/E A Bmin7 Bmin Amin Dmin E E7 Amin,artist_236
2019,6urriv5v0jrGtrL1rbC5iJ,<intro_1> B E B Ds B E B Ds B E Fs B <verse_1> E Fs B E Fs <bridge_1> E Fs E Fs E Fs <chorus_1> B E Fs <verse_2> B E Fs B E Fs <bridge_2> E Fs E Fs E Fs <chorus_2> B E Fs B E Fs <solo_1> B E Fs <chorus_3> B E Fs B E Fs <outro_1> B E Fs,artist_238
2023,1tfZUCLXVf4jFFPHvEWYXC,<intro_1> Amin F C Emin <verse_1> Amin F C Emin Amin F C Emin Amin F C Emin Amin F C Emin <chorus_1> Amin F C Emin Amin F C Emin Amin F C Emin Amin F C Emin Amin F C Emin Amin F C Emin Amin F C Emin Amin F C Emin <chorus_2> Amin F C Emin Amin F C Emin Amin F C Emin Amin F C Emin <outro_1> Amin F C Emin Amin F C Emin Amin F C Emin Amin F C Emin,artist_239
2019,7oTaLhUy6FCHsJlwSgZiJI,<intro_1> C F <verse_1> G Amin C F G D F G Amin C F G D <chorus_1> C F C F <interlude_1> G Amin C F G D <verse_2> F G Amin C F G D F G Amin C F G D <chorus_2> C F C F <solo_1> G Amin C F G D F Amin G F Amin G F G F G <chorus_3> C F C F <outro_1> C F C F,artist_238
2023,3CyHEWy0VG4bLyfmeYmXGY,<intro_1> C Dmin Amin F C Dmin Amin F C Dmin Amin F C Dmin Amin F C Dmin Amin F <chorus_1> C Dmin Amin F C Dmin Amin F C Dmin Amin F C Dmin Amin F <instrumental_1> C Dmin Amin F C Dmin Amin F C Dmin Amin F C Dmin Amin F C Dmin Amin F C Dmin Amin F C Dmin Amin F <chorus_2> C Dmin Amin F C Dmin Amin F C Dmin Amin F C Dmin Amin F <instrumental_2> C Dmin Amin F <bridge_1> C Dmin Amin F C Dmin Amin F C Dmin Amin F C Dmin Amin F <chorus_3> C Dmin Amin F C Dmin Amin F C Dmin Amin F C Dmin Amin F,artist_241
2003,4BOlhScXjZlVoOXis7Yjhx,<intro_1> Fs7 <verse_1> E Gs A Fs7 <verse_2> E Gs A Fs7 <chorus_1> E Gs7 A B E Gs7 A B E Gs7 A B E D7 E D7 E D7 Cs <verse_3> Fs7 E Gs A Fs7 <chorus_2> E Gs7 A B E Gs7 A B E Gs7 A B E D7 E D7 E D7 Cs <instrumental_1> Fs7 <bridge_1> E Gs A Fs7 <chorus_3> E Gs7 A B E Gs7 A B E Gs7 A B E D7 E D7 E D7 Cs <instrumental_2> Gs <outro_1> Fsmin Cs7 D E A,artist_183
2021,0yR52rZdXOCnNt67JRfCSU,<intro_1> C F Amin G F <verse_1> C F C F C F Amin G F Amin G F Amin G F <chorus_1> C F Amin G F Amin G F <verse_2> C F C F C F Amin G F Amin G F Amin G F <chorus_2> C F Amin G F Amin G F <bridge_1> Dmin Amin G Dmin Amin G C F Amin G F <chorus_3> C F Amin G F C F Amin G F Amin G F,artist_214
2023,3PW9KzyMRSqSRWUITtUaV3,<intro_1> G <verse_1> D C G D C G D C G <chorus_1> Emin D C G <instrumental_1> D C G <verse_2> D C G D C G <chorus_2> Emin D C G <verse_3> D C G D C G <chorus_3> Emin D C G <outro_1> D C G,artist_243
2023,11381lGFjjG4s9Pq9leCMg,<verse_1> G D C G D C G Emin D C G Emin D <chorus_1> G D C G D G D C G D G C D G D C D G <verse_2> D C G D C G Emin D <chorus_2> G D C G D G D C G D Emin <bridge_1> G C G D Emin D G C D G D C D G D C D G D C D G D C G,artist_244
2023,64aiJe3MnLPotrJGXffamw,<intro_1> Emin D Cs7 Fsmin Emin D Cs7 Fsmin Bmin Fsmin Cs7 Fsmin Bmin Fsmin Cs7 Fsmin <verse_1> Emin D Cs Fsmin Emin D Cs Fsmin Emin D Cs Fsmin Emin D Cs Fsmin <chorus_1> Bmin Fsmin Cs Fsmin Bmin Fsmin Cs Fsmin <verse_2> Emin D Cs Fsmin Emin D Cs Fsmin Emin D Cs Fsmin <chorus_2> Bmin Fsmin Cs Fsmin Bmin Fsmin Cs Fsmin <verse_3> Emin D Cs Fsmin Emin D Cs Fsmin Emin D Cs Fsmin Emin D Cs Fsmin <chorus_3> Bmin Fsmin Cs Fsmin Bmin Fsmin Cs Fsmin <outro_1> Emin D Cs7 Fsmin Emin D Cs7 Fsmin,artist_245
2023,1Rj94jgWA4e5Uqp5JDx9cs,<intro_2> Csno3d Ano3d Bno3d Fsno3d <verse_1> Csno3d Ano3d Bno3d Fsno3d Csno3d Ano3d Bno3d Fsno3d <chorus_1> Csno3d Bno3d Eno3d Bno3d Csno3d Bno3d Eno3d Bno3d Csno3d <intro_3> Ano3d Bno3d Gsno3d <verse_2> Csno3d Asno3d Bno3d Fsno3d Csno3d Asno3d Bno3d Fsno3d Csno3d Asno3d Bno3d Fsno3d Asno3d Bno3d Fsno3d <chorus_2> Csno3d Bno3d Eno3d Bno3d Csno3d Bno3d Eno3d Bno3d Csno3d <bridge_1> Ano3d Bno3d Fsno3d <bridge_2> Csno3d,artist_188
2023,1FtgIjYvB6sd0msxaqwvcL,<intro_1> Dmin C F Bb <verse_1> Dmin C F Bb Dmin C F Bb Dmin C F Bb C <chorus_1> Bb F Gmin Bb F Gmin Bb F Gmin Bb F Gmin Dmin C F Bb Dmin C F Bb <verse_2> Dmin C F Bb Dmin C F Bb Dmin C F Bb C <chorus_2> Bb F Gmin Bb F Gmin Bb F Gmin Bb F Gmin Dmin C F Bb Dmin C F Bb <outro_1> Dmin C F Bb Dmin C F Bb,artist_246
2023,3U4dbVgPQHwIr2XVH1eqZ7,<intro_1> Dmin <verse_1> Bb C F A7 <verse_2> Dmin Bb C F A7 <chorus_1> Bb C Gmin7 Bb C7 F A Bb C Gmin7 Bb C7 F A7 <verse_3> Dmin Bb C F A7 <verse_4> Dmin Bb C F A7 <chorus_2> Bb C Gmin7 Bb C7 F A Bb C Gmin7 Bb C7 F A7 Dmin <instrumental_1> Bb C F A Dmin,artist_249
2023,5RF3tVigushURapNS8GFga,<intro_1> Fmin Cmin Db Bbmin <verse_1> Fmin Cmin Db Bbmin Fmin Cmin Db Bbmin Db Cmin Db Eb <chorus_1> Fmin Db Ab C Fmin Db Ab C Fmin <verse_2> Cmin Db Bbmin Fmin Cmin Db Bbmin Db Cmin Db Eb <chorus_2> Fmin Db Ab C Fmin Db Ab C <bridge_1> Db Eb C/E Fmin Db Eb C/E Fmin Gdim7 Ab Fmin Db Ab C Fmin <chorus_3> Gmin Eb Bb D Gmin Eb Bb D Gmin Dmin Eb Cmin,artist_250
2021,4ZBYC3I0gQFWiJ4uMzz0Ro,<intro_1> Bmin A Fsmin G <chorus_1> Bmin A Fsmin G Bmin A Fsmin G Bmin A Fsmin G <verse_1> Bmin A Fsmin G Bmin A Fsmin G Bmin A Fsmin G <chorus_2> Bmin A Fsmin G Bmin A Fsmin G Bmin A Fsmin G <bridge_1> Bmin A Fsmin G Bmin A Fsmin G Bmin A Fsmin G Bmin A Fsmin G Bmin A Fsmin G <chorus_3> Bmin A Fsmin G Bmin A Fsmin G,artist_251
2023,3xHOTjxtWYpO8DJqLAfPqp,<intro_1> Emin C <verse_1> Emin C G D Emin C G D C D <chorus_1> Emin C G D Emin C G D Emin C G D Emin C G D <verse_2> Emin C G D Emin C G D C D <chorus_2> Emin C G D Emin C G D Emin C G D Emin C G D <bridge_1> C D C D <chorus_3> Emin C G D Emin C G D Emin C G D Emin C G D Emin,artist_253
2008,3dfFuNaahI1VjFIm7aY6mZ,<intro_1> Bmin G Fs E D Cs Bmin D G Fsmin Bmin A D Emin Fsmin Bmin D G Fsmin Bmin A D Emin Fsmin <verse_1> Bmin D G Fsmin Bmin A D Emin Fsmin Bmin D G Fsmin <verse_2> Bmin D G Fsmin Bmin D G Fsmin Bmin D G Fsmin <chorus_1> Bmin A G Fsmin D Cs Bmin A G Fsmin D Cs <interlude_1> Bmin D G Fsmin <verse_3> Bmin D G Fsmin Bmin A D Emin Fsmin Bmin D G Fsmin <verse_4> Bmin A D Emin Fsmin Bmin D G Fsmin Bmin D G Fsmin <chorus_2> Bmin A G Fsmin D Cs Bmin A G Fsmin D Cs <bridge_1> Bmin A G Fsmin D Cs Bmin <interlude_2> D G Fsmin Bmin A D Emin Fsmin <chorus_3> Bmin A G Fsmin D Cs Bmin A G Fsmin D Cs Bmin <outro_1> A G Fsmin D Cs Bmin A G Fsmin D Cs Bmin D G Fsmin Bmin D G Fsmin Bmin,artist_254
2022,2MQpXqqHi1ygVwEeCwTSBW,<intro_1> Emaj7 Csmin Gsmin7 Gmin7 Fsmin7 B <verse_1> Emaj7 Csmin Gsmin7 Gmin7 Fsmin7 Emaj7 Csmin Gsmin7 Gmin7 Fsmin7 B <chorus_1> Emaj7 Csmin Gsmin7 B Emaj7 Csmin Gsmin7 B <verse_2> Emaj7 Csmin Gsmin7 Gmin7 Fsmin7 Emaj7 Csmin Gsmin7 Gmin7 Fsmin7 B <chorus_2> Emaj7 Csmin Gsmin7 B Emaj7 Csmin Gsmin7 B <bridge_1> Fsmin7 B Fsmin7 B Emaj7 Csmin Gsmin7 Gmin7 Fsmin7 B <chorus_3> Emaj7 Csmin Gsmin7 B Emaj7 Csmin Gsmin7 B Emaj7,artist_256
2014,69MTcCogxksQ8WdtnejFaX,<intro_1> C <verse_1> Amin G F G C Amin G F G C Amin G F G C Amin G F G <chorus_1> C C/B Amin G F G C C/B Amin G F G C <verse_2> Amin G F G C Amin G F G C <chorus_2> C/B Amin G F G C C/B Amin G F G C C/B Amin G F G C C/B Amin G F G C,artist_257
2023,7zXcLSiKnMtmrmRQ0DieS9,<verse_1> Dmin Amin Dmin Amin Dmin F Amin Dmin Amin Bb Amin Bb Amin C Amin Dmin Amin Bb Amin Bb Dmin Bb C <chorus_1> Dmin F Amin Dmin Amin C Bb Dmin F Amin Dmin Amin C Bb Dmin Bb Dmin <instrumental_1> Bb <verse_2> Dmin C Bb Amin Bb Amin Dmin C Bb Amin C Bb Amin Dmin C Bb Amin C Dmin Amin C Dmin Amin C Amin Dmin Amin Bb Amin Bb Dmin Bb C <chorus_2> Dmin F Amin Dmin Amin C Bb Dmin F Amin Dmin Amin C Bb Dmin Bb Dmin <outro_1> Bb Dmin C Dmin Bb Dmin Amin F Dmin Bb Dmin Amin Dmin Bb Dmin Bb Dmin,artist_258
2011,2HLhjO1RuzdAnbKN1NXasT,<chorus_1> Fmin Fmin/Db Bbmin C7 Fmin <verse_1> Eb/G Fmin Eb/G Fmin Db Eb Eb/G Fmin/G Bbmin C,artist_259
2010,3nvQNtfb30iVFYOWxjKs8B,<intro_1> Bmin A Bmin A Bmin A Bmin A Bmin <verse_1> A D A Emin Bmin A D A Emin <chorus_1> Bmin A Bmin A G Bmin A Bmin A Emin D A Bmin Fsmin Bmin A Bmin A Emin <bridge_1> Bmin A Bmin A Bmin A Bmin A Bmin <verse_2> A D A Emin Bmin A D A Emin <chorus_2> Bmin A Bmin A Emin Bmin A Bmin A Emin D A Bmin Fsmin Bmin A Bmin A Emin D A Bmin Fsmin Bmin A Bmin A Emin Bmin A Bmin A G <outro_1> Bmin A Bmin A,artist_260
2012,6vlSHQuawej3vHxOr3cqjb,<intro_1> Fsmin D A E <verse_1> Fsmin D A E Fsmin D A E <verse_2> Fsmin D A E Fsmin D A E <chorus_1> D A E Fsmin D A E Fsmin D A Fsmin E D A E <verse_3> Fsmin D A E Fsmin D A E <chorus_2> D A E Fsmin D A E Fsmin D A Fsmin E D A E D A E <interlude_1> D A E D A E D A E <chorus_3> D A E Fsmin D A E Fsmin D A Fsmin E D A E Fsmin D A E Fsmin D A Fsmin E D A E D A E D A E,artist_261
2023,0cdB1pBFiryVU7pN6l9Wbp,<verse_1> G A D G A D G Dmaj7 <chorus_1> G A D G A D G A G D A <verse_2> G A D G A D G Dmaj7 A <chorus_2> G A D G A D G A G <bridge_1> D A D A G A Dmaj7 A G <chorus_3> A D G A D A G A D G A D A G <outro_1> D A G A D A G D A G A D A G D A,artist_262
2021,4WmFXEIlccOnO9ZprfxIek,<intro_1> G G/B C D G G/B C D <verse_1> G G/B C D G G/B C D G G/B C D G G/B C D <interlude_1> G G/B C D G G/B C D <verse_2> G G/B C D G G/B C D G G/B C D G G/B C D Amin Bmin C D <chorus_1> G G/Fs Emin Dmin G7 C Bmin Amin D7 G G/Fs Emin Dmin G7 C D <interlude_2> G G/B C D G G/B C D <verse_3> G G/B C D G G/B C D G G/B C D G G/B C D <instrumental_1> Ds D7 Ds D7 Ds D7 Ds F G G/Fs Emin Dmin G7 C Bmin Amin D <chorus_2> G G/Fs Emin Dmin G7 C Bmin Amin D7 G G/Fs Emin Dmin G7 C D <chorus_3> G G/Fs Emin Dmin G7 C Bmin Amin D7 G G/Fs Emin Dmin G7 C D C Bmin A7 G,artist_263
2023,39C4XHkmDebCPGK50NBZGe,<intro_1> D <verse_1> C F G D C F G D C F G D C F G <chorus_1> D <verse_2> C F G D C F G D C F G D C F G <chorus_2> D <bridge_1> C D F D C D F <verse_3> D C F G D C F G D C F G D C F G <outro_1> D C F G D,artist_264
2023,5m2zvDNnjP8CPxshwg2Fh8,<chorus_1> Bmin A D Emin Bmin A D Emin <verse_1> Bmin A D Emin Bmin A D Emin D Emin Bmin Bb D Emin Bmin Bb D Emin Bmin D Emin Bmin Bb <chorus_2> Bmin A D Emin Bmin A D Emin <verse_2> Bmin A D Emin Bmin A B Emin D Emin Bmin Bb D Emin Bmin Bb D Emin Bmin D Emin Bmin Bb <chorus_3> Bmin A D Emin Bmin A D Emin <bridge_1> D Emin Bmin Bb D Emin Bmin D Emin Bmin Bb D Emin Bmin Bb D Emin Bmin Bb D Emin Bmin Bb D Emin Bmin D Emin Bmin Bb <chorus_4> Bmin A D Emin Bmin A D Emin,artist_265
2022,6AdpLoNNVhSMXQBAFAK7Tz,<verse_1> A Esus4 Dsus2 A Esus4 Fsmin E A Esus4 Dsus2 A Esus4 Fsmin E A Esus4 Dsus2 A Esus4 Fsmin E A Esus4 Dsus2 A E Fsmin E D Csmin Fsmin A <chorus_1> Esus4 Fsmin7 E A Esus4 Fsmin7 E A Esus4 Fsmin7 E A Fsmin A E A <verse_2> Esus4 Dsus2 A Esus4 Fsmin E A Esus4 Dsus2 A Esus4 Fsmin E A Esus4 Dsus2 A Esus4 Fsmin E A Esus4 Dsus2 A Esus4 Fsmin E D Csmin Fsmin A <chorus_2> Esus4 Fsmin7 E A Esus4 Fsmin7 E A Esus4 Fsmin7 E A Fsmin A E A,artist_266
2001,7GnXTs84PzSky4wtT2fjZe,<intro_1> G D D7 G <verse_1> D D7 G D D7 G <chorus_1> C D G <verse_2> D D7 G D D7 G <chorus_2> C D G <verse_3> D D7 G D D7 G <chorus_3> C D G,artist_267
2009,0zIEDZQ7WrssQjG2lhD5dE,<chorus_1> Amin G C Amin G C Amin F Amin F Amin <verse_1> G Eno3d G Eno3d G Eno3d F Amin G Eno3d G Eno3d G Eno3d F Amin F Amin <chorus_2> G C Amin G C Amin F Amin F Amin G C Amin G C Amin F Amin F Amin F Amin F Amin <outro_1> G Eno3d G Eno3d G Eno3d G Eno3d G,artist_268
2019,6DYymplNcVytUIGNJfTFV7,<verse_1> C Amin F C Amin F C G <chorus_1> Amin F C G Amin F C F C <verse_2> Amin F C G C Amin F C G <chorus_2> Amin F C G Amin F C F C <bridge_1> Amin F C G C Amin F G <chorus_3> Amin F C G Amin F C F C,artist_270
2023,1TzlQZCtmoPzsZUt1z2BZ7,<intro_1> D Dsus4 G A D A G D A G Fsmin A <verse_1> D A Emin G A D A Emin G A <chorus_1> D Dsus4 G A D A G D A G <interlude_1> D Dsus4 G A D A G D A G Fsmin A <verse_2> D A Emin G A D A Emin G A <chorus_2> D Dsus4 G A D A G D A G D Dsus4 G A D A G D A G <bridge_1> Fsmin Csmin Fsmin G A Fsmin G Fsmin Emin Fsmin G A <interlude_2> D Dsus4 G A D A G D A G Fsmin A <verse_3> D A Emin G A D A Emin G A D A Emin G A D A Emin G <outro_1> D Dsus4 G A D A G D A G D Dsus4 G A D A G D A G,artist_271
1968,5Tu1nrHuksRaiswrweRMQ8,<intro_1> G A G F G A D E A <verse_1> G A G F G A D E A <chorus_1> D Bmin Fs G A D Amin D <verse_2> G A G F G A D E A <chorus_2> D Bmin Fs G A D Amin D <verse_3> G A G F G A D E A,artist_272
2022,1eWhbJl8jKvsmF1KFPPuK7,<intro_1> C <verse_1> G Amin F C G Amin F C G Amin F C G Amin F G C F G C F C <chorus_1> C/E F G C C/E F G C C/E F G C C/E F <interlude_1> C C/E F G C C/E F <verse_2> C G Amin F C G Amin F C G Amin F C G Amin F G C F G C F C <chorus_2> C/E F G C C/E F G C C/E F G C C/E F <interlude_2> C C/E F G C C/E F <bridge_1> C/E F Amin G C/E F Amin G <chorus_3> C/E F G C C/E F G C C/E F G C C/E F <outro_1> C C/E F G C C/E F,artist_273
2021,5h5nuAZnJFEaiAuSoMBOv2,<verse_1> E Csmin Gs A E Cs Gs A <chorus_1> E Csmin Gs A E Csmin Gs A <verse_2> E Csmin Gs A E Csmin Gs A <chorus_2> E Csmin Gs A E Csmin Gs A <verse_3> E Csmin Gs A E Csmin Gs A <chorus_3> E Csmin Gs A E Csmin Gs A <verse_4> E Csmin Gs A E Csmin Gs A <chorus_4> E Csmin Gs A E Csmin Gs A,artist_274
2003,05Jsyv8Oq5U9CZloBvqXkL,<verse_1> B E B E Fs A B <verse_2> Fs B E Fs A B C A C A B <chorus_1> E Gs7 E Gs7 A Fs A B <verse_3> Fs B E B E Fs A B C A C A B <chorus_2> E Gs7 E Gs7 A Fs A B <outro_1> Fs B C G G7 C G G7 B E,artist_183
2018,1asi7aiYpwdnFaUa6QRmrm,<intro_1> Bmin A D G Bmin D A D G <verse_1> Bmin A Bmin D A Fsmin G Emin Bmin A G Bmin A Bmin D A Fsmin G Emin D A G <chorus_1> D G D G D A G A D A G <verse_2> Bmin A D G Bmin D A Fsmin G Emin D A G Bmin A D G Bmin D A Fsmin G Emin D A G <chorus_2> D G D G D A G A D A G D G <bridge_1> Bmin A D G Bmin D A Fsmin G Emin D G <outro_1> D G D G D G D G D G D G D G D Dadd9 D,artist_275
2020,6eNCTpIlmVH1nY0h8VfLHr,<intro_1> Eb Gmin <verse_1> Eb Cmin Gmin Emin Cmin <chorus_1> Gmin Bb Eb Cmin Gmin Bb Eb Cmin Gmin Bb Eb Cmin Gmin Bb Eb Cmin <verse_2> Gmin Eb Cmin Gmin Eb Cmin <bridge_1> Eb Cmin Gmin F Eb Cmin <outro_1> Eb Cmin,artist_276
2023,6fAQULgYx8RZt6CHb9CJVw,<intro_1> G Emin C G Emin C G <verse_1> Emin C G Emin C G Emin C G Emin C G <chorus_1> Emin C G Emin C G Emin C G Emin C G Emin C G <verse_2> Emin C G Emin C G <chorus_2> Emin C G Emin C G Emin C G Emin C G <instrumental_1> Emin C G Emin C G Emin C G <chorus_3> Emin C G Emin C G Emin C G Emin C G Emin C G Emin C G,artist_277
2017,70NMUqNtIbaO91whuWQF7k,<verse_1> A A7 D G Fsmin Bmin D Fsmin G D G A G A Bmin D A Bmin Emin G D G A <verse_2> A7 D G Fsmin Bmin D Fsmin G D G A G A Bmin D A Bmin Emin G D G A D Fsmin G D A Bmin Emin G D G A <verse_3> A7 D G Fsmin Bmin D Fsmin G D G A G A Bmin D A Bmin Emin G D G A <verse_4> A7 D G Fsmin Bmin D Fsmin G D G A G A Bmin D A Bmin Emin G D G A D Fsmin G D A Bmin Emin G D G A <verse_5> A7 D G Fsmin Bmin D Fsmin G D G A G A Bmin D A Bmin Emin G D G A <verse_6> A7 D G Fsmin Bmin D Fsmin G D G A G A Bmin D A Bmin Emin G D G A D Fsmin G D A Bmin Emin G D G A <instrumental_1> D Fsmin G Fsmin A D G Fsmin A D G Fsmin A D Fsmin G Fsmin A D G Fsmin A D G Fsmin D <verse_7> A A7 D G Fsmin Bmin D Fsmin G D G A G A Bmin D A Bmin Emin G D G A <verse_8> A7 D G Fsmin Bmin D Fsmin G D G A G A Bmin D A Bmin Emin G D G A <verse_9> A7 D G Fsmin Bmin D Fsmin G D G A G A Bmin D A Bmin Emin G D G A D Fsmin G D A Bmin Emin G D G A A7 D G Fsmin Bmin D Fsmin G D G A G A Bmin D A Bmin Emin G D G A D Fsmin G D A Bmin Emin G D G A A7 D G Fsmin Bmin D Fsmin G D G A G A Bmin D A Bmin Emin G D G A A7 D G Fsmin Bmin D Fsmin G D G A G A Bmin D A Bmin Emin G D G A D Fsmin G D A Bmin Emin G D G A D Fsmin G D A Bmin Emin G D G A <outro_1> D Fsmin G Fsmin A D G Fsmin A D G Fsmin A D Fsmin G Fsmin A D G Fsmin A D G Fsmin D,artist_278
2013,60owBxmEfnPRbXcqQoyFRD,<intro_1> E Csmin Fsmin B E Csmin Fsmin B <verse_1> E Csmin Fsmin B E Csmin Fsmin B E Csmin Fsmin B <chorus_1> E Csmin Fsmin B E Csmin Fsmin B <instrumental_1> E Csmin Fsmin B E Csmin Fsmin B E Csmin Fsmin B E Csmin Fsmin B7 <verse_2> E Csmin Fsmin B E Csmin Fsmin B E Csmin Fsmin B <chorus_2> E Csmin Fsmin B E Csmin Fsmin B <verse_3> E Csmin Fsmin B E Csmin Fsmin B E Csmin Fsmin B <chorus_3> E Csmin Fsmin B E Csmin Fsmin B E Csmin Fsmin B E,artist_268
2023,1uMe6YpnPG3yrsvPCn3vKo,<intro_1> F <verse_1> Bb F Bb Gmin C <chorus_1> F Bb F <verse_2> Bb F Bb F Gmin C <chorus_2> F Bb F Bb F <bridge_1> Bb F Bb F Bb F Bb F <chorus_3> Bb F Bb F Bb F <outro_1> Bb F,artist_279
2017,3ICPgX95ALVzH7YBtLAjvY,<intro_1> Eb Ab Cmin Ab <verse_1> Eb Cmin Ab Bb Eb Cmin Ab Bb Eb E Csmin A B E Csmin A B E <verse_2> F Dmin Bb C F Dmin Bb C F <bridge_1> Dmin Bb C F Dmin Bb C F Dmin Bb C <bridge_2> F Dmin Bb <chorus_1> C Bb C Bb C Bb C <instrumental_1> F Dmin Bb C Bb <outro_1> C Bb C Bb C F,artist_280
2023,08vqJRf0PuLF1YACmIG3o8,<intro_1> C Amin C Amin C Amin C Amin <verse_1> C Amin C Amin C Amin C Amin C Amin C Amin C Amin C Amin <chorus_1> Dmin7 G C F Dmin7 G C <interlude_1> Amin C Amin <verse_2> C Amin C Amin C Amin C Amin C Amin C Amin C Amin C Amin <chorus_2> Dmin7 G C F Dmin7 G <interlude_2> F G Emin F <bridge_1> G Emin F G Emin F C <instrumental_1> Amin C Amin C Amin C Amin <chorus_3> Dmin7 G C F Dmin7 G F <outro_1> G F G C Amin C,artist_162
2003,0yCEXuWYu54FWObWR4SHno,<verse_1> D G D F C A7 D G D F C A7 D G A C D G Fsmin A A7 <verse_2> D G D F C A7 D G A C D G Fsmin A A7 <chorus_1> D A7/Cs Bmin D A7/Cs Bmin G E G Fs7 B B7 G Fs7 B B7 A <verse_3> D G D F C A7 D G A C D G Fsmin A A7 <chorus_2> D A7/Cs Bmin D A7/Cs Bmin G E G Fs7 B B7 G Fs7 B B7 A <outro_1> D F D,artist_183
2023,3hk1nq3xRWJpsXkRjIjtiT,<intro_1> G B7 Emin C G B7 Emin G B7 Emin C G B7 Emin G B7 Emin Fs G B7 Emin C G B7 Emin E Fs G B7 Emin C G B7 Emin <chorus_1> Amin B7 C Amin G C <verse_1> G B7 Emin C G B7 Emin E Fs G B7 Emin C G B7 Emin <chorus_2> Amin B7 C Amin G C G B7 Emin C G B7 Emin E Fs G B7 Emin C G B7 Emin E Fs G B7 Emin C G B7 Emin E Fs G B7 Emin C G B7 <chorus_3> Amin G C Amin G C <verse_2> G Emin C G B7 Emin E Fs G B7 Emin C G B7 Emin Amin B7 C,artist_281
2022,2xQ84kai9N4tomkesqL0yt,<intro_1> A Fsmin Csmin <verse_1> A Fsmin Csmin A Fsmin Csmin <chorus_1> A Fsmin Csmin A Fsmin Csmin A <verse_2> Fsmin Csmin A Fsmin Csmin <chorus_2> A Fsmin Csmin A Fsmin Csmin A Fsmin Csmin A Fsmin Csmin <chorus_3> A Fsmin Csmin A Fsmin Csmin,artist_283
1991,7qXOfLiSN1CfojZrNcMYBs,<intro_1> C C7 Cadd13 Caug <verse_1> C C7 Cadd13 Caug C C7 Cadd13 Caug C C7 Cadd13 Caug C C7 Cadd13 Caug C C/Bb C/A Caug/Gs C Bb F C <verse_2> C7 Cadd13 Caug C C7 Cadd13 Caug C C7 Cadd13 Caug C C7 Cadd13 Caug C C/Bb C/A Caug/Gs C Bb F C <bridge_1> F G F C F G F <verse_3> C C7 Cadd13 Caug C C7 Cadd13 Caug C C7 Cadd13 Caug C C7 Cadd13 Caug C C/Bb C/A Caug/Gs C Bb F C <bridge_2> F G F C F G F <verse_4> C C7 Cadd13 Caug C C7 Cadd13 Caug C C7 Cadd13 Caug C C7 Cadd13 Caug C C/Bb C/A Caug/Gs C Bb F C <bridge_3> F G F C F G F,artist_284
2023,7ctVoja9am9toduAssHPVq,Emin Bmin C D Emin Bmin C D Emin Bmin C D Emin Bmin C D Emin Bmin C D Emin Bmin C D Emin Bmin C D Emin Bmin C D Emin Bmin C D Emin Bmin C D Emin Bmin C D Emin Bmin C D Emin Bmin C D Emin Bmin C D Emin Bmin C D Emin Bmin C D Emin Bmin C D Emin Bmin C D Emin Bmin C D Emin Bmin C D Emin Bmin C D Emin Bmin C D Emin Bmin C D Emin Bmin C D Emin,artist_286
2022,4prlNhMRRchBTiSghrMhsk,<intro_1> A Csmin B <verse_1> E A E A Csmin B E E/Gs A Csmin B E E/Gs A <chorus_1> E B A E B A Csmin B A Csmin B A Csmin B <verse_2> E A E A Csmin B E E/Gs A Csmin B E E/Gs A <chorus_2> E B A E B A Csmin B A Csmin B <bridge_1> A Csmin B A Csmin B B/Gs A Csmin B B/Gs A Csmin B B/Gs A Csmin B A Csmin B B/Gs A Csmin B B/Gs A Csmin B <chorus_3> A E B A Csmin B A Csmin B A Csmin B <outro_1> A Csmin B,artist_287
2023,01cSiTfKYlM5o0PGA7kaSB,<intro_1> Emaj7 Fsmin Gsmin A B Emaj7 A9 <verse_1> Emaj7 A9 Emaj7 A9 <chorus_1> Emaj7 Fsmin7 A Csmin B A <interlude_1> Emaj7 A9 <verse_2> Emaj7 A9 Emaj7 A9 <chorus_2> Emaj7 Fsmin7 A Csmin B A <interlude_2> Emaj7 A9 Emaj7 A9 B A B Csmin B A Fsmin Gsmin A B Fsmin Gsmin A B <outro_1> Emaj7 A9 Emaj7 A9,artist_286
2020,7rC1JeuTtfYxNwjiZfgtUw,<intro_1> Bno3d Ano3d Bno3d Fno3d Eno3d Fsno3d Bno3d Ano3d Bno3d Fno3d Eno3d Fsno3d Bno3d Ano3d Fno3d Eno3d Fsno3d Bno3d Ano3d Fno3d Eno3d Fsno3d <verse_1> Bno3d Ano3d Fno3d Eno3d Fsno3d Bno3d Fno3d Eno3d Fsno3d Bno3d Fno3d Eno3d Fsno3d Bno3d Fno3d Eno3d Fsno3d Bsus2 Dno3d Bsus2 Dno3d Ano3d Bsus2 Dno3d Bsus2 Dno3d Ano3d Fsno3d <chorus_1> Bno3d Ano3d Bno3d Fno3d Eno3d Fsno3d Bno3d Ano3d Bno3d Fno3d Eno3d Fsno3d Bno3d Ano3d Bno3d Fno3d Eno3d Fsno3d Bno3d Ano3d Bno3d Fno3d Eno3d Fsno3d <verse_2> Bno3d Ano3d Bno3d Fno3d Eno3d Fsno3d Bno3d Ano3d Bno3d Fno3d Eno3d Fsno3d Bno3d Ano3d Bno3d Fno3d Eno3d Fsno3d Bno3d Ano3d Bno3d Fno3d Eno3d Fsno3d Bsus2 Dno3d Bsus2 Dno3d Ano3d Bsus2 Dno3d Bsus2 Dno3d Ano3d Fsno3d <chorus_2> Bno3d Ano3d Bno3d Fno3d Eno3d Fsno3d Bno3d Ano3d Bno3d Fno3d Eno3d Fsno3d Bno3d Ano3d Bno3d Fno3d Eno3d Fsno3d Bno3d Ano3d Bno3d Fno3d Eno3d Fsno3d Bno3d Ano3d Bno3d Fno3d Eno3d Fsno3d Bno3d Ano3d Bno3d Fno3d Eno3d Fsno3d Bno3d Ano3d Bno3d Fno3d Eno3d Fsno3d Bno3d Ano3d Bno3d Fno3d Eno3d Fsno3d <interlude_1> Bno3d Dno3d Eno3d Bno3d <chorus_3> Ano3d Bno3d Fno3d Eno3d Fsno3d Bno3d Ano3d Bno3d Fno3d Eno3d Fsno3d Bno3d Ano3d Bno3d Fno3d Eno3d Fsno3d Bno3d Ano3d Bno3d Fno3d Eno3d Fsno3d Bno3d Ano3d Bno3d Fno3d Eno3d Fsno3d Bno3d Ano3d Bno3d Fno3d Eno3d Fsno3d Bno3d Ano3d Bno3d Fno3d Eno3d Fsno3d Bno3d Ano3d Bno3d Fno3d Eno3d Fsno3d,artist_289
2022,7FFHR2hpewYDlFJOogREND,<verse_1> F C Dmin Bb F C Dmin Bb C Bb C Bb <chorus_1> F C Dmin Bb F C Dmin Bb F C Dmin Bb <verse_2> F C Dmin Bb F C Dmin Bb C Bb C Bb <chorus_2> F C Dmin Bb F C Dmin Bb <bridge_1> C Bb F C Bb F C C7 <chorus_3> F C Dmin Bb F C Dmin Bb <outro_1> F C Dmin Bb F C Dmin Bb,artist_290
2008,3NuUBFK71HyFVmZpiAUqDa,<intro_1> E Ano3d Cmaj7 Bsus4 <verse_1> E Ano3d Cmaj7 Bsus4 E Ano3d Cmaj7 Bsus4 E Ano3d Cmaj7 Bsus4 E Ano3d Cmaj7 Bsus4 <interlude_1> E Ano3d Cmaj7 Bsus4 <verse_2> E Ano3d Cmaj7 Bsus4 E Ano3d Cmaj7 Bsus4 E Ano3d Cmaj7 Bsus4 E Ano3d Cmaj7 Bsus4 <chorus_1> E Ano3d Bsus4 E Ano3d Bsus4 E Ano3d Bsus4 E Ano3d Bsus4 <interlude_2> E Ano3d Cmaj7 Bsus4 <verse_3> E Ano3d Cmaj7 Bsus4 E Ano3d Cmaj7 Bsus4 E Ano3d Cmaj7 Bsus4 E Ano3d Cmaj7 Bsus4 <chorus_2> E Ano3d Bsus4 E Ano3d Bsus4 E Ano3d Bsus4 E Ano3d Bsus4 <interlude_3> E Ano3d Cmaj7 Bsus4 <verse_4> E Ano3d Cmaj7 Bsus4 E Cmaj7 Bsus4 E Ano3d Cmaj7 Bsus4 E Ano3d Cmaj7 Bsus4 <chorus_3> E Ano3d Bsus4 E Ano3d Bsus4 E Ano3d Bsus4 E Ano3d Bsus4 <outro_1> E Ano3d Cmaj7 Bsus4,artist_291
2005,3q8ZvhYv9wlBCFMW4rDerK,<intro_1> Emin Fs Emin Fs <verse_1> Emin Fs Emin Fs <verse_2> Emin Fs Emin Fs <chorus_1> Amin Emin Amin Emin <verse_3> Fs Emin Fs Emin Fs <chorus_2> Amin Emin Amin Emin Amin Emin Amin Emin B E <interlude_1> Emin Fs Emin Fs Emin Fs Emin Fs <chorus_3> Amin Emin Amin Emin Amin Emin Amin Emin B E <outro_1> Emin Fs Emin Fs,artist_292
2008,2A8zIAqKHAnFPQ0fiUA0H2,G A D G A D G D G A C D G C D G A D G A D G D G A C D G C D G A C D G C D G A D G A D G D G A C D G C D,artist_294
1970,4SBiPU98M4ru5Srm1KoFRx,<intro_1> C <verse_1> G C G C F C G C G C,artist_295
2000,1di8epbr0BwpGQr7dOlJ2Q,<verse_1> G C G7 C G7 C G7 C G7 C G7 F C C7 <chorus_1> F C F C F G <verse_2> C G7 C G7 C G7 C G7 C C7 F Fmin C C7 <chorus_2> F C F C F G,artist_295
1970,0JcDL74sKTVsPY3gqn6i8f,<intro_1> D Dsus4 A B7sus4 Bmin7 G D D/Db Bmin7 D A <verse_1> D Dsus4 A B7sus4 Bmin Bmin7 G D A G D Dsus4 A B7sus4 Bmin Bmin7 G D A <chorus_1> Asus4/B Bmin A Emin A Emin G Asus4 A Bmin A D Emin G Fsmin Emin D Emin A G D A <verse_2> D Dsus4 A B7sus4 Bmin Bmin7 G D A G D Dsus4 A B7sus4 Bmin Bmin7 G D A <chorus_2> Asus4/B Bmin A Emin A Emin G Asus4 A Bmin A D Emin G Fsmin Emin D Emin A G D A <verse_3> D Dsus4 A B7sus4 Bmin Bmin7 G D A G D Dsus4 A B7sus4 Bmin Bmin7 G D A <chorus_3> Asus4/B Bmin A Emin A Emin G Asus4 A Bmin A D Emin G Fsmin Emin D Emin A G D A D Emin D Emin D Emin D C D,artist_295
2000,6eb1Cerv3moGbuwqPy1yS5,<intro_1> Fsmin Emin G Fsmin Emin G Bmin D G Fsmin Emin D <verse_1> Emin G D Emin G D G Fsmin Emin D <chorus_1> Emin G Emin D Emin G Emin D <verse_2> Emin G D Emin G D G Fsmin Emin D <chorus_2> Emin G Emin D Emin G Emin D Emin D Emin Fsmin Emin Fsmin Emin Fsmin Emin A G A G A G,artist_295
2000,6BtXBziHKYGKuU7tFi05rP,<verse_1> G C D C G C D C G C G D C D G C D G C D Emin B Emin C Emin <chorus_1> D G D G D G D G D D7 C Amin G D Bmin Amin <verse_2> G C D C D G C D C G C G D C D G C D G C D Emin B Emin C Emin <chorus_2> D G D G D G D G D G D G,artist_295
2000,2XC4HzsqQEacsa2SCbi6yV,<verse_1> C G G7 C G G7 C <verse_2> G G7 C G G7 F C <chorus_1> Bb Amin Gmin F C7 F Bb C F Bb C F Bb C F Bb C F Bb C F Bb C F Bb C F Bb C,artist_295
2023,5AZxZbDKuIDPMopyZJjrJr,<intro_1> Cadd9 Emin7 Cadd9 Emin7 Cadd9 Emin7 D <verse_1> Emin7 Cadd9 Emin7 D Emin7 Cadd9 Emin7 D Emin G Gadd11 G C D C D7 <chorus_1> G C Emin D C Emin D C D7 <instrumental_1> Cadd9 Emin7 Cadd9 Emin7 Cadd9 Emin7 D <verse_2> Emin7 Cadd9 Emin7 D Emin7 Cadd9 Emin7 D Emin G Gadd11 G C D C D7 <chorus_2> G C Emin D C Emin D C <solo_1> Emin C Emin C Emin D <chorus_3> G C Emin D C Emin D C Emin D C Emin D C,artist_296
1994,2vD08twayyIwift9jsHp3v,E D E Csmin A B E Csmin A B A E A B E Csmin B E Fsmin B A B E D E Csmin A B E Csmin A B A E A B E Csmin B E Fsmin B A B E D,artist_297
2022,2WobN5LbCC0ekXYoJkSQmM,<verse_1> C G C G F C Dmin G F G <chorus_1> C G F C F G C G F C Dmin C <verse_2> G C G F C Dmin G C F G <chorus_2> C G F C F G C G F C Dmin C,artist_299
2023,5SRLX1A6DVDXMxc74ksJyH,Fsmin D E Fsmin D E Fsmin D E Fsmin D E Fsmin D E Fsmin D E Fsmin D E Fsmin D E Fsmin D E Fsmin D E Fsmin D E Fsmin D E Fsmin D E Fsmin D E Fsmin D E Fsmin D E Fsmin D E Fsmin D E Fsmin D E Fsmin D E Fsmin D E Fsmin D E Fsmin D E Fsmin D E Fsmin D E Fsmin D E Fsmin D E Fsmin D E Fsmin D E Fsmin D E Fsmin D E Fsmin D E Fsmin D E Fsmin D E Fsmin D E Fsmin,artist_300
1994,779vozNXnMDlOVIkga6rIe,<verse_1> Gmin D F C Cmin Bb A7 D7 <verse_2> Gmin D F C Cmin Bb A7 D7 C Bb D <chorus_1> Gmin C7 Gmin C7 Eb D7 Gmin F <verse_3> Gmin D F C Cmin Bb A7 D7 Gmin <verse_4> D F C Cmin Bb A7 D7 C Bb D <chorus_2> Gmin C7 Gmin C7 Eb D7 Gmin F <outro_1> Gmin C Gmin C7 Gmin C7,artist_293
2016,5gskY93lmv82WM7LCMeV63,<verse_1> Gmin D7 Gmin D7 Gmin D7 Gmin <chorus_1> D7 Gmin D7 Gmin D7 Gmin D7 Gmin D7 Gmin D7 Gmin D7 Gmin D7 Gmin D7 Gmin <chorus_2> D7 Gmin D7 Gmin D7 Gmin D7 Gmin D7 Gmin D7 Gmin D7 Gmin D7 Gmin D7 Gmin D7 Gmin,artist_301
2013,3XYQzE4JwzEd2KXVBdPI9L,<intro_1> G A C G <verse_1> Bb G A C G A C G A C G <verse_2> Bb G A C G A C G A C G <verse_3> Bb G A C G A C G A C G <verse_4> Bb G A C G A C G A C G A C G A B D A <verse_5> C A B D A B D A B D A <verse_6> C A B D A B D A B D A C A,artist_302
2023,1v0PrbGuumgytx0OTUbE06,<verse_1> F Dmin Emin Bb A F Dmin Emin Bb A F Dmin Emin Bb A F Dmin Emin Bb A <chorus_1> F Dmin Emin Bb A F Dmin Emin Bb A F Dmin Emin Bb A F Dmin Emin Bb A Bb A F Dmin Emin Bb A F Dmin Emin <verse_2> F Dmin Emin Bb A F Dmin Emin Bb A F Dmin Emin Bb A F Dmin Emin Bb A <chorus_2> F Dmin Emin Bb A F Dmin Emin Bb A F Dmin Emin Bb A F Dmin Emin Bb A Bb A F Dmin Emin Bb A F Dmin Emin <chorus_3> F Dmin Emin Bb A F Dmin Emin Bb A F Dmin Emin Bb A F Dmin Emin Bb A Bb A F Dmin Emin Bb A F Dmin Emin Bb A F Dmin Emin,artist_303
1962,2P2teY23XqucXk85CQGs0O,<intro_1> E B E A E <verse_1> A E B E A E B E A E <chorus_1> A E B Fs B Fs B E A E B E A E <interlude_1> B E A E <verse_2> A E B E A E B E A E <chorus_2> A E B Fs B Fs B E A E B E A E,artist_304
2010,3UZugfa6dzHfOFshHwLarc,C F C F C F C Amin Emin F C F C F C F C F C F C Amin Emin F Emin F G A D Cmin A7 G A G7 G As D Cmin As G A7 G7 C F C F C F C Amin Emin F G As D Cmin As G As C F G As D Cmin As G A D Cmin G A D Cmin G A C F G A C F G A G As G As G As G As G As G As G As G,artist_305
2021,6qYI36VdFtITJA9bUKglOK,<intro_1> Gmin Ab Cmin Bb Gmin Abmaj7 Cmin Bmin Abmaj7 Fmin Cmin7 Eb Fmin7 Cno3d <verse_1> Gmin Ab Cmin Bb Gmin Ab Cmin Bb Gmin Ab Cmin Bb Gmin Ab Cmin Bb <verse_2> Gmin Ab Cmin Bb Gmin Ab Cmin Bb Gmin Ab Cmin Bb Gmin Ab Cmin Bb <chorus_1> Ab Fmin Cmin7 Bb Ab Fmin Eb Bb Ab Fmin7 Cmin7 Bb Ab Fmin Eb Bb <verse_3> Gmin Ab Cmin Bb Gmin Ab Cmin Bb Gmin Ab Cmin Bb Gmin Ab Cmin Bb <chorus_2> Ab Fmin Cmin7 Bb Ab Fmin Eb Bb Ab Fmin7 Cmin7 Bb Ab Fmin Eb Bb Gmin Ab Cmin Bb <verse_4> Gmin Ab Cmin Bb Gmin Ab Cmin Bb Gmin Ab Cmin Bb Gmin Ab Cmin Bb,artist_306
2021,6FCvz4Dgk26EeKRgCadljR,<intro_1> D A Bmin G D Asus4 G <verse_1> D A Bmin G D Asus4 Bmin G D Asus4 Bmin G D Asus4 Bmin G Bmin Asus4 G Bmin A G <chorus_1> A Bmin A G A Bmin A G A Bmin A G A Bmin A G <verse_2> D A Bmin G D A Bmin G D A Bmin G D A Bmin G Bmin A G Bmin A G <chorus_2> A Bmin A G A Bmin A G A Bmin A G A Bmin A G <bridge_1> Bmin A G Bmin Asus4 A G Bmin A G Bmin A G <chorus_3> A Bmin A G A Bmin A G A Bmin A G A Bmin A G <chorus_4> A Bmin A G A Bmin A G A Bmin A G A Bmin A G,artist_307
2003,02UwH8XQQYTfUVuy1yTY0T,D7 C7 A7 Gmin F Amin Bb G Bb C7 A7 Gmin F Amin Bb G Bb Db Ab Bb F Db Ab Bb F D7 C7 A7 Gmin F Amin Bb G Bb Db Ab Bb F Db Ab Bb F D7 C7 E C E C7 F D7 C7 A7 Gmin F Amin Bb G Bb Db Ab Bb F Db Ab Bb F D7,artist_183
2023,5I3wwDVx0t6eamZnUvlHQA,<intro_1> Amin C G F Amin C G F <verse_1> Amin C G F Amin C G F <chorus_1> Amin C G F Amin C G F Amin C G F <verse_2> Amin C G F Amin C G F <chorus_2> Amin C G F Amin C G F Amin C G F Amin C G F <bridge_1> Amin C G F Amin C G F <chorus_3> Amin C G F Amin C G F Amin C G F <outro_1> Amin C G F Amin C G,artist_93
2017,0X8m5yVbH4inz2EHF4cUCe,<intro_1> G <verse_1> C D G <verse_2> C D G <chorus_1> D C G D C G <verse_3> C D G <verse_4> C D G <chorus_2> D C G D C G <bridge_1> C G C G C C/B C/A C G <verse_5> C D G <verse_6> C D G <chorus_3> D C G D C G,artist_309
2023,4zO08ix7nulvQHfKm1bwC7,<intro_1> A <verse_1> D Fsmin D A D Fsmin D A D Fsmin D <chorus_1> A A/Cs D Cs/ Fsmin A/Cs D A A/Cs D Cs/ Fsmin A/Cs D A <verse_2> D Fsmin D A D Fsmin D A D Fsmin D <chorus_2> A A/Cs D Cs/ Fsmin A/Cs D A A/Cs D Cs/ Fsmin A/Cs D A A/Cs D Fsmin A/Cs D Fsmin <bridge_1> Csmin/E D A Fsmin Csmin/E D A E Fsmin Csmin/E D <chorus_3> A A/Cs D Cs/ Fsmin A/Cs D A A/Cs D Cs/ Fsmin A/Cs D,artist_310
2003,0NgDSipBaAowNXKnrLcMKJ,<intro_1> B D Cs <verse_1> B D Cs B D Cs B D Cs A G <verse_2> B D Cs B D Cs B D Cs A G <chorus_1> E B D B E B D B E B D B E G A <verse_3> B D Cs B D Cs B D Cs A G <chorus_2> E B D B E B D B E B D B E G A <outro_1> B A B A B A B A B A B A B A B A B A B A B A B A B A B A B,artist_183
2021,3TMmmPJ85SMqrhl03qNYNm,<verse_1> Amaj7 Fsmin Amaj7 Fsmin Bmin7 E7 Bmin7 E7 <chorus_1> Amaj7 Fsmin <verse_2> Amaj7 Fsmin Amaj7 Fsmin Bmin7 E7 Bmin7 E7 <chorus_2> Amaj7 Fsmin <verse_3> Amaj7 Fsmin Amaj7 Fsmin Bmin7 E7 Bmin7 E7 <outro_1> Amaj7 Fsmin Amaj7 Fsmin Bmin7 E7 Bmin7 E7 Amaj7 Fsmin Amaj7 Fsmin Bmin7 E7 Bmin7 E7 Amaj7,artist_311
2012,5n1L8joP3aqRJtp3lIIY82,<instrumental_1> G7 Fadd9 G7 <verse_1> G7/D C Fadd9/G G Dmin F G7sus4 G Dmin Dmin7/C G7sus4 G Dmin F Gsus4 G <instrumental_2> Asus4 <chorus_1> Emin Emin7 D A Amin7 G Dsus4 D Emin Emin7 D A Amin7 G Dsus4 D Emin7 A Cadd9 Emin7 A Cadd9 A7sus4/G <instrumental_3> A7sus4 Dsus4/G A7/Cs <verse_2> Emin D A7sus4 A7 Emin Dadd11/G A7sus4 A Emin Emin7/D A7sus4 A7 Emin G Asus4 A7 Bsus4 <chorus_2> Emin Emin7 D A Amin7 G Dsus4 D Emin Emin7 D A Amin7 G Dsus4 D Emin7 A Cadd9 Emin7 A Cadd9 A7sus4/G <instrumental_4> Asus4 <bridge_1> F Emin7 Amin7 Gsus4 F13 Emin7 Amin7 G/C Fadd9 Emin7 Amin11 G Fadd9 Emin7 Asus4 A <solo_1> As7 G As7 G A7sus4 <chorus_3> Emin Emin7 D A Amin7 G Dsus4 D Emin Emin7 D A Amin7 G Dsus4 D Emin7 A Cadd9 Emin7 A Cadd9 Emin7 A Cadd9 Emin7 A Cadd9 Asus4 Gadd9/A Asus4 <outro_1> Gadd9/A Asus4 Gadd9/A Asus4 Gadd9/A D/A,artist_312
2019,756pQwfmcv9CgdZRusfiDq,<intro_1> F C Dmin F C Dmin Gmin F C Gmin F C <verse_1> F C Dmin F C Dmin F C Dmin F C Dmin Gmin F C Gmin F C Gmin F C Gmin F C <interlude_1> Bb F C Bb F C <chorus_1> Dmin C Emin Dmin Gmin Dmin C Emin Dmin Gmin <intro_2> F C Dmin F C Dmin Gmin F C Gmin F C <interlude_2> Bb F C Bb F C <bridge_1> Amin Dmin Gmin Amin Dmin Gmin C Emin Amin Dmin Gmin Amin Dmin Gmin C Emin Amin <chorus_2> Dmin C Emin Dmin Gmin Dmin C Emin Dmin Gmin <intro_3> F C Dmin F C Dmin Gmin F C Gmin F C <verse_2> F C Dmin F C Dmin F C Dmin F C Dmin Gmin F C Gmin F C Gmin F C Gmin F C <chorus_3> Dmin C Emin Dmin Gmin Dmin C Emin Dmin Gmin <chorus_4> Dmin C Emin Dmin Gmin,artist_313
1987,2Sda1KzCD3MnlfP0Oq2Ysj,<intro_1> A G A G A G A <verse_1> D A B7 E A D A E A <chorus_1> D A E D A D A E A D A D E D A E A <verse_2> D A B7 E A D A E A <chorus_2> D A E D A D A E A <outro_1> D A D A E A,artist_314
2020,5B9mNfvJFliEZEMk9BlCBx,<intro_1> G C <verse_1> D F G Amin Dmin G Amin C D F G Amin Dmin F G Amin Dmin F G Amin Dmin C D F G Amin Dmin G <verse_2> Amin Dmin D Fmin G Amin Dmin F G Amin Dmin F G Amin Dmin F G Amin Dmin F C D Emin Amin G Amin D <verse_3> Fmin Gmin G Amin D <outro_1> C D Emin Fmin G Amin Dmin F G Amin Dmin G A D,artist_315
2022,5ekn0rTXRpR5M99v64inDc,<intro_1> Gmin Bb Gmin Bb Gmin Bb Gmin Bb <verse_1> Gmin Bb Gmin Bb Gmin Bb Cmin7 Eb F Gmin Bb Gmin Bb <verse_2> Gmin Bb Gmin Bb Gmin Bb Cmin7 Eb F Gmin Bb Gmin Bb <outro_1> Gmin Bb Gmin Bb Gmin Bb Gmin Bb,artist_316
2019,6YENVTsLPNXtUbnoqZPxWE,<intro_1> Emin D G Cmaj7 Emin D G Cadd9 Emin D G Cmaj7 <verse_1> Emin D Cmaj7 Emin D Cadd9 Emin D Cmaj7 D Cadd9 Emin D G Cmaj7 Emin D G Cadd9 Emin D G Cmaj7 <verse_2> Emin D Cmaj7 Emin D Cadd9 Emin D Cmaj7 D Cadd9 Emin D G Cmaj7 Emin D G Cadd9 Emin D G Cmaj7 <bridge_1> D Cmaj7 Emin Cadd9 Amin D Emin Cadd9 C/B Amin D <outro_1> Emin D G Cmaj7 Emin D G Cadd9 Emin D G Cmaj7 D Cmaj7 D Cadd9 Emin Cmaj7 Amin D Emin D G Cmaj7 Emin D G Cadd9 Emin D G Cmaj7 Emin D G Cadd9,artist_317
2023,3DxtZFEWrRc6EuMHfKpgG6,<intro_1> D <verse_1> F D F A D F D G D A D <verse_2> F D F A D F D G D A D <verse_3> C D C A D F D G D A D <instrumental_1> A D A D <verse_4> F D F A D F D G D A D <verse_5> C D C A D F D G D A D,artist_318
2023,4HykouKy5aX0JT3oplCi1O,<intro_1> G D <intro_2> Cadd9 G D Emin Cadd9 G D <verse_1> Emin Cadd9 G D Emin Cadd9 G D <chorus_1> Emin Cadd9 G D Emin Cadd9 G D Emin Cadd9 G D Emin Cadd9 G D Emin Cadd9 G D <verse_2> Emin Cadd9 G D Emin Cadd9 G D <verse_3> Emin Cadd9 G D Emin Cadd9 G D <chorus_2> Emin Cadd9 G D Emin Cadd9 G D Emin Cadd9 G D Emin Cadd9 G D Emin Cadd9 G D Emin Cadd9 G <chorus_3> D Emin Cadd9 G D Emin Cadd9 G D Emin Cadd9 G D Emin Cadd9 G <outro_1> D Emin Cadd9 G D Emin Cadd9 G D Emin,artist_319
1998,6ILuFaXkz9N9xCpnurGTnF,<intro_1> D Fsmin D Fsmin D Fsmin E <verse_1> A Fsmin A Fsmin D Fsmin E Fsmin D E <verse_2> A Fsmin A Fsmin D Fsmin E Fsmin D E <chorus_1> Fsmin A D A Fsmin A D A Fsmin A Fsmin D Fsmin D Fsmin <instrumental_1> D Fsmin D Fsmin D Fsmin E <verse_3> A Fsmin A Fsmin D Fsmin E Fsmin D E <verse_4> A Fsmin A Fsmin D Fsmin E Fsmin D E <chorus_2> Fsmin A D A Fsmin A D A Fsmin A Fsmin D Fsmin D Fsmin <instrumental_2> D Fsmin D Fsmin D Fsmin E <verse_5> A Fsmin A Fsmin D Fsmin E Fsmin D E <verse_6> A Fsmin A Fsmin D Fsmin E Fsmin D E <instrumental_3> Fsmin A D A Fsmin A D A Fsmin A Fsmin D Fsmin D Fsmin <verse_7> A Fsmin A Fsmin D Fsmin E Fsmin D E <verse_8> A Fsmin A Fsmin D Fsmin E Fsmin D E <chorus_3> Fsmin A D A Fsmin A D A Fsmin A Fsmin D Fsmin D Fsmin <outro_1> D Fsmin D Fsmin D Fsmin D Fsmin D Fsmin E,artist_320
2022,6g8AwSzzB9tvvqlvnGrxAk,<intro_1> G Gsus4 G Gsus4 <verse_1> G Gsus4 G G/B Cadd9 Amin G D/Fs G G/B Emin D Cadd9 G <verse_2> Gsus4 G G/B Cadd9 Amin G D/Fs G G/B Emin D Cadd9 G <chorus_1> Cadd9 Emin D/Fs Cadd9 Emin D/Fs G Amin G G/B Cadd9 Amin G D/Fs G Gsus4 G Emin Cadd9 D <bridge_1> G G/B Cadd9 Emin D G G/B Emin D Cadd9 G Gsus4 G G/B Cadd9 Emin D G G/B Emin D Cadd9 G Gsus4 <chorus_2> Cadd9 Emin D/Fs Cadd9 Emin D/Fs G Amin G G/B Cadd9 Emin D/Fs Cadd9 Emin D/Fs G Amin G G/B Cadd9 G/B D/Fs G Gsus4 G <bridge_2> Cadd9 G/B Amin G Emin D Cadd9 D Amin G Emin D Cadd9 G/B Amin G Emin D Cadd9 D Amin G Emin D <chorus_3> Amin G Emin D Amin G Emin D Cadd9 G/B D/Fs G Gsus4 G Gsus4 G G/B <chorus_4> Cadd9 Emin D/Fs Cadd9 Emin D/Fs G Amin G G/B Cadd9 Amin G D/Fs G,artist_322
2023,4QEIx7L0dxINrkJLCuQZGS,<verse_1> D7 D G Emin Bmin D/G E D7 D G Emin Bmin D/G E <chorus_1> D7 D A G D7 D A G D <verse_2> D7 D G Emin Bmin D/G E D7 D G Emin Bmin D/G E <chorus_2> D7 D A G D7 D A G D,artist_323
2003,1xsr0BPZXcXXmg7dofoiOk,<intro_1> D <verse_1> F A7 F A7 <verse_2> D F A7 F A7 <chorus_1> C G Bb F G <verse_3> D F A7 F A7 <chorus_2> C G Bb F G <outro_1> D G D G D G D G D G E7 A7 D,artist_183
2023,44A8n8h4StNxx4KlDOceXA,<verse_1> D Cadd9 G/B Gmin/Bb D Cadd9 G/B Gmin/Bb D Cadd9 G/B Gmin/Bb D Cadd9 G/B Gmin/Bb D Cadd9 G/B Gmin/Bb D Cadd9 G/B Gmin/Bb D Cadd9 G/B Gmin/Bb D Cadd9 G/B Gmin/Bb <chorus_1> G A7 D G A7 D D7 G A7 D G A7 D <verse_2> Cadd9 G/B Gmin/Bb D Cadd9 G/B Gmin/Bb D Cadd9 G/B Gmin/Bb D Cadd9 G/B Gmin/Bb D Cadd9 G/B Gmin/Bb D Cadd9 G/B Gmin/Bb D Cadd9 G/B Gmin/Bb D Cadd9 G/B Gmin/Bb <chorus_2> G A7 D G A7 D D7 G A7 D G A7 D <verse_3> Cadd9 G/B Gmin/Bb D Cadd9 G/B Gmin/Bb D Cadd9 G/B Gmin/Bb D Cadd9 G/B Gmin/Bb D Cadd9 G/B Gmin/Bb D Cadd9 G/B Gmin/Bb D Cadd9 G/B Gmin/Bb D Cadd9 G/B Gmin/Bb <chorus_3> G A7 D G A7 D D7 G A7 D G A7 D <outro_1> G A7 D G A7 D G A7 D Cadd9 G/B Gmin/Bb,artist_325
2019,7fnHSgIITveyrYBAA1sxKR,<intro_1> D A D A <verse_1> D A D A D A D A D A D A D A D A <chorus_1> D A D A D A D A <verse_2> D A D A D A D A D A D A D A D A <chorus_2> D A D A D A D A D A D A,artist_328
2023,2ASD3lIvN1z7MUgXqnZd8R,<intro_1> Amin Emin C C/B <chorus_1> Amin Emin C C/B Amin Emin C C/B Amin Emin C C/B Amin Emin C C/B Amin Emin C C/B Amin Emin C C/B Amin Emin C C/B Amin Emin C C/B Amin Emin C C/B Amin Emin C C/B <chorus_2> Amin Emin C C/B Amin Emin C C/B Amin Emin C C/B Amin Emin C C/B Amin Emin C C/B Amin Emin C C/B Amin Emin C C/B Amin Emin C C/B <chorus_3> Amin Emin C C/B Amin Emin C C/B Amin Emin C C/B Amin Emin C C/B <outro_1> Amin Emin C C/B Amin Emin C C/B,artist_330
2010,5DjlRWhfZK94Mx7l6JLvFg,<verse_1> Gsno3d Dsno3d Csno3d Gsno3d Dsno3d Csno3d Gsno3d Dsno3d Csno3d Gsno3d Dsno3d Csno3d Gsno3d Dsno3d Csno3d Gsno3d Dsno3d Csno3d <chorus_1> Fno3d Gno3d Gsno3d Fno3d Gno3d Gsno3d Fno3d Gno3d Gsno3d Fno3d Gno3d Gsno3d <verse_2> Dsno3d Csno3d Gsno3d Dsno3d Csno3d Gsno3d Dsno3d Csno3d Gsno3d Dsno3d Csno3d Gsno3d Dsno3d Csno3d Gsno3d Dsno3d Csno3d <chorus_2> Fno3d Gno3d Gsno3d Fno3d Gno3d Gsno3d Fno3d Gno3d Gsno3d Fno3d Gno3d Gsno3d <verse_3> Dsno3d Csno3d Gsno3d Dsno3d Csno3d Gsno3d Dsno3d Csno3d Gsno3d Dsno3d Csno3d <chorus_3> Fno3d Gno3d Gsno3d Fno3d Gno3d Gsno3d Fno3d Gno3d Gsno3d Fno3d Gno3d Gsno3d,artist_331
2006,1ew9nlf8XQ9uDeNZFrWGCH,<intro_1> F Fsus2 Fno3d F Fsus2 Bbadd9/D <verse_1> F Fsus2 F Fsus2 F Fsus2 C/E F Fsus2 F Fsus2 F Fsus2 C/E F <chorus_1> C/E Bb C C/E Bb C Gmin7 C F <verse_2> Fsus2 F Fsus2 F Fsus2 C/E F <verse_3> Fsus2 F Fsus2 F Fsus2 C/E F <bridge_1> C/E Bb C C/E Bb C C/E Bb C C/E Bb C <bridge_2> F/A Bb F/A Bb F/A Bb Gmin7 C F,artist_332
2019,4nasoCZAXKguDUz1s0c9es,<intro_1> Ab Db Eb Ab Db Eb <verse_1> Ab Db Eb Ab Db Eb Bmin Db Bmin Ab <verse_2> Db Eb Ab Db Eb Bmin Db Bmin Ab <verse_3> Db Eb Ab Db Eb Bmin Db Bmin Db Bmin Db Ab,artist_333
2023,026r3p9a0dt7RWZZU4SZKo,<intro_1> G Bmin D A G Bmin D A <verse_1> G Bmin7 D A G Bmin7 D A G Bmin7 D A G Bmin7 D A <chorus_1> G Bmin7 D A G Bmin D A G Bmin D A G Bmin D A G Bmin D A <verse_2> G Bmin D A G Bmin D A G Bmin D A G Bmin7 D A <chorus_2> G Bmin D A G Bmin D A G Bmin D A G Bmin D A G Bmin D A G Bmin D A <bridge_1> G Bmin7 D A G Bmin7 D A <chorus_3> G Bmin D A G Bmin D A G Bmin D A G Bmin D A G Bmin7 D A G Bmin D A,artist_335
2022,0RMMHLg8HxiMRtErksfoqE,<intro_1> Bb Eb F Bb/D Dmin Eb F Bb Eb F Bb/D Dmin Eb F <verse_1> Bb Ebmaj7 F Dmin Gmin F/A <verse_2> Bb Ebmaj7 F Dmin Gmin F/A <chorus_1> Bb Eb F Bb/D Dmin Eb F <verse_3> Bb Ebmaj7 F Dmin Gmin F/A <verse_4> Bb Ebmaj7 F Dmin Gmin F/A <chorus_2> Bb Eb F Bb/D Dmin Eb F <instrumental_1> Bb Eb F Bb/D Dmin Eb F <verse_5> Bb Ebmaj7 F Dmin Gmin F/A F <verse_6> Bb Ebmaj7 F Dmin Gmin F/A F <bridge_1> Eb F/Eb Bb Bb/Ab Eb <chorus_3> F/Eb Bb Bb/Ab Eb F/Eb Bb Eb F Bb/D Dmin Eb F Bb Eb F Bb/D Dmin Eb F <instrumental_2> Bb Eb F Bb/D Dmin Eb F <outro_1> Bb Eb F Bb/D Dmin Eb F Bb,artist_336
2022,51BRJ3qoajOXQhqqFXwvGA,<intro_1> Fadd9 C G C Fadd9 C G C <verse_1> Fadd9 C Amin7 G Fadd9 C G Amin7 Amin7/G Fadd9 C Amin7 G Fadd9 C G Gadd11 G Gadd11 <verse_2> Amin7 G Fadd9 C C/B Amin7 G Fadd9 G Gadd11 G Amin7 G Fadd9 C C/B Fadd9 C G Gadd11 G Gadd11 <chorus_1> Amin7 Fadd9 G C Amin7 Fadd9 G C Amin7 Fadd9 G C G Fadd9 C Fadd9 C G C Fadd9 C G C <verse_3> Fadd9 C Amin7 G Fadd9 C G Amin7 Amin7/G Fadd9 C Amin7 G Fadd9 C G Gadd11 G Gadd11 <verse_4> Amin7 G Fadd9 C C/B Amin7 G Fadd9 G Gadd11 G Amin7 G Fadd9 C C/B Fadd9 C G Gadd11 G Gadd11 <chorus_2> Amin7 Fadd9 G C Amin7 Fadd9 G C Amin7 Fadd9 G C G Fadd9 C G Fadd9 C <bridge_1> G Fadd9 C Fadd9 G Fadd9 C G Gadd11 G Fadd9 C G Gadd11 G Fadd9 C G Gadd11 G Gadd11 <chorus_3> Amin7 Fadd9 G C Amin7 Fadd9 G C Amin7 Fadd9 G C G Fadd9 C G Fadd9 C <outro_1> Fadd9 C G C Fadd9 C G C,artist_337
2021,1rH1rjIMjoAmJG2omx5VyN,<intro_1> Bmin E Bmin B A As <verse_1> B E B Fs B E B Fs B <verse_2> E B Bmin B Fs Bmin E B Fs B <chorus_1> E B Fs B E B Fs B <instrumental_1> E B Fs B E B Fs B Bmin A <verse_3> B E B Fs B E B Fs B <chorus_2> E B Fs B E B Fs B Fs Bmin <outro_1> E B A B,artist_338
2020,66gBA3PLPbp8eAU5BpyR3z,<verse_1> G Bmin C Amin C D G Bmin C Amin C D G C G <chorus_1> D7 G Emin Gmaj7 Emin G Emin C Amin Amin/Gs Amin/G Amin D G Emin G Emin G Bmin C Amin Cs G Emin Amin D G <verse_2> Bmin C Amin C D G Bmin C Amin C D G C G <chorus_2> D7 G Emin Gmaj7 Emin G Emin C Amin Amin/F Amin/Gs Amin/G Amin D G Emin G Emin G Bmin C Amin Cs G Emin Amin D G,artist_339
2022,2ldm03N4VOi2n2hjRS6ZP5,<intro_1> Bb Amin Gmin F Emin Dmin C F Bb C Dmin Bb F C Dmin C F Bb C Dmin Bb F C <verse_1> F C F Bb F C Bb Bbmin F C F Bb F C Bb Bbmin F <chorus_1> Dmin C F Bb Dmin Bb F C Dmin C F Bb C Dmin Bb F C F C <verse_2> F Bb F C Bb Bbmin F <chorus_2> Dmin C F Bb Dmin Bb F C Dmin C F Bb C Dmin Bb F C F Dmin C F Bb A Dmin Bbmin F C F Bb F C Bb Bbmin F,artist_340
2023,1PF9t1TdGxpkSaarscoznq,<intro_1> G Bmin Amin Cmin <verse_1> G Bmin Amin Cmin G Bmin Amin Cmin <chorus_1> G Bmin C Cmin G Bmin C Cmin G Bmin C Cmin <verse_2> G Bmin Amin Cmin G Bmin Amin Cmin <chorus_2> G Bmin C Cmin G Bmin C Cmin G Bmin C Cmin <verse_3> G Bmin C Cmin G Bmin C Cmin <chorus_3> G Bmin C Cmin G Bmin C Cmin G Bmin C Cmin,artist_341
2021,7kXvGshEu26r9KJSXBWHzs,<intro_1> E B E <verse_1> A E B E A E B E <chorus_1> A E B E A E B E <instrumental_1> A E B E <verse_2> A E B E B E A E B E <chorus_2> A E B E A E B E A E B E,artist_338
2023,7DgASny65Th4hscKX9aqs1,<intro_1> F C Dmin F C Dmin <verse_1> F C Dmin F C Dmin F C Dmin F C Dmin <chorus_1> F C F Dmin F C F Dmin F C F Dmin F C F Dmin <verse_2> F C Dmin F C Dmin F C Dmin F C Dmin <chorus_2> F C F Dmin F C F Dmin F C F Dmin F C F Dmin <solo_1> C Bb F C Dmin C Bb F C Dmin C Bb F C Dmin C Bb F C Dmin <verse_3> F C Dmin F C Dmin F C Dmin F C Dmin F C Dmin F C Dmin F C Dmin F C Dmin F C Dmin,artist_342
2023,0rYXSQ5SztqtP3DfBAHoA6,<intro_1> E Fsmin7 B E Fsmin7 B E <chorus_1> Fsmin7 B E Fsmin7 B E <verse_1> Fsmin7 B E Fsmin7 B E <chorus_2> Fsmin7 B E Fsmin7 B E <verse_2> Fsmin7 B E Fsmin7 B E <chorus_3> Fsmin7 B E Fsmin7 B E <bridge_1> Fsmin7 B E Csmin7 Fsmin7 B E Csmin Fsmin7 B E Csmin Fsmin7 B E <outro_1> Csmin Fsmin B E Csmin Fsmin B E <intro_2> D Emin7 A D Emin7 A D <chorus_4> Emin7 A D Emin7 A D <verse_3> Emin7 A D Emin7 A D <chorus_5> Emin7 A D Emin7 A D <verse_4> Emin7 A D Emin7 A D <chorus_6> Emin7 A D Emin7 A D <bridge_2> Emin7 A D Bmin7 Emin7 A D Bmin Emin7 A D Bmin Emin7 A D <outro_2> Bmin Emin A D Bmin Emin A D,artist_343
2017,3KSdU4QuTP886AMFWzsNZf,<intro_1> Emin G Dmin Amin Emin G Dmin Amin <verse_1> Emin G Dmin Amin Emin G Dmin Amin <chorus_1> C Emin C D Amin C/B Cadd9 C/B Amin C/B Cadd9 C/B Amin C/B Cadd9 C/B Amin G D C Emin G Dmin Amin Emin G Dmin Amin <verse_2> Emin G Dmin Amin Emin G Dmin Amin <chorus_2> C Emin C D Amin C/B Cadd9 C/B Amin C/B Cadd9 C/B Amin C/B Cadd9 C/B Amin G D C Emin <bridge_1> G Dmin Amin Emin G Dmin Amin <chorus_3> C Emin C D Amin C/B Cadd9 C/B Amin C/B Cadd9 C/B Amin C/B Cadd9 C/B Amin C/B Cadd9 C/B Amin C/B Cadd9 C/B Amin C/B Cadd9 C/B Amin G D C <outro_1> Emin G Dmin Amin Emin G Dmin Amin,artist_344
2023,5YlzVwQF5CbDXBUeoSJeyH,<intro_1> G Bmin C Cmin <verse_1> G Bmin C Cmin G Bmin C Cmin G Bmin C Cmin <chorus_1> G Bmin C Cmin G Bmin C Cmin G <instrumental_1> Bmin C Cmin <verse_2> G Bmin C Cmin G Bmin C Cmin G Bmin C Cmin <chorus_2> G Bmin C Cmin G Bmin C Cmin G Bmin C Cmin <outro_1> G Bmin C Cmin G Bmin C Cmin G,artist_345
2023,0vjZaE7xR496wiKavIzsgv,<intro_1> G C <verse_1> G C G C <chorus_1> G C G C G <verse_2> C G C <chorus_2> G C G C G C <bridge_1> Amin G C <chorus_3> G C G C G C G C,artist_346
2014,0rVADwbDx9R1M0NLseSWzN,<intro_1> Dno3d Ebno3d Dno3d Ebno3d Dno3d Ebno3d Dno3d Ebno3d <verse_1> Dmin G Fmaj7 Emin7 Dno3d Ebno3d Dmin G Fmaj7 Emin7 D <chorus_1> Dmin Gadd11 Dmin Gadd11 Fmaj7 Emin7 D G/D Fmaj7 Emin7 D G/D Fmaj7 Emin7 Dno3d Ebno3d <verse_2> Dmin G Fmaj7 Emin7 Dno3d Ebno3d Dmin G Fmaj7 Emin7 D <chorus_2> Dmin Gadd11 Dmin Gadd11 Fmaj7 Emin7 D G/D Fmaj7 Emin7 D Gadd11/D Fmaj7 Emin7 Dno3d Ebno3d <chorus_3> Dmin Gadd11 Dmin Gadd11 Fmaj7 Dmin Gs G F Dmin Gs G Fmaj7 <chorus_4> Dmin Gs G Fmaj7 Dmin7 Gs G Fmaj7 Dmin Gs G Fmaj7 Dmin Gs G F <outro_1> Dno3d Ebno3d Dno3d Ebno3d Dno3d Ebno3d Dno3d Ebno3d Dno3d,artist_348
2022,5MF7WqDx40eGewUkrPiigs,<intro_1> D G <verse_1> D G D G Bmin A G D Bmin A G <chorus_1> D G D Bmin G A D G A D <verse_2> G D G Bmin A G D Bmin A G <chorus_2> D G D Bmin G A D G A D <chorus_3> G D Bmin G A D G A D G A D,artist_349
2022,683vYd6JzbsguUFrX5VeG9,<intro_1> Fsmin As Gs <verse_1> Fsmin As Gs Fsmin As Gs Fsmin As Gs Fsmin As Gs Fsmin As Gs Fsmin As Gs Fsmin As Gs Fsmin As Gs Fsmin As Gs Fsmin As Gs Fsmin As Gs <chorus_1> Fsmin As Gs Fsmin As Gs Fsmin As Gs Fsmin As Gs Fsmin As Gs Fsmin As Gs Fsmin As Gs Fsmin As Gs Fsmin <verse_2> As Gs Fsmin As Gs Fsmin As Gs Fsmin As Gs Fsmin As Gs Fsmin As Gs Fsmin As Gs <chorus_2> Fsmin As Gs Fsmin As Gs Fsmin As Gs Fsmin As Gs Fsmin As Gs Fsmin As Gs Fsmin As Gs Fsmin As Gs Fsmin <interlude_1> As Gs <chorus_3> Fsmin As Gs Fsmin As Gs Fsmin As Gs Fsmin As Gs Fsmin As Gs Fsmin As Gs Fsmin As Gs Fsmin As Gs Fsmin As Gs Fsmin As Gs Fsmin,artist_350
2023,42nxSGIeYum2W5nyd2PFhx,<intro_1> C F Dmin7 G <verse_1> C F Dmin7 G C F Dmin7 G <chorus_1> C F Dmin7 Dmin G C F Dmin7 Dmin G C F Dmin <verse_2> C F Dmin G <chorus_2> C F Dmin7 Dmin G C F Dmin7 Dmin G C F Dmin7 G C <bridge_1> F Dmin7 G <chorus_3> C F Dmin7 Dmin G C F Dmin7 Dmin G C F Dmin7 G C,artist_5
2022,269kPmzjzBsqgVL87VYEUD,<intro_1> G <chorus_1> Cadd9 G Cadd9 G <chorus_2> Cadd9 G Cadd9 G <bridge_1> Emin D G <chorus_3> Cadd9 G Cadd9 G Cadd9 G Cadd9 G,artist_352
2023,3Ues7YM3y8JYnTeu2OYFVH,<intro_1> D Dmaj7 Gmaj7 Gmin <verse_1> D Dmaj7 Gmaj7 Gmin D Dmaj7 Gmaj7 Gmin Bmin Gmaj7 Gmin <chorus_1> D Dmaj7 Gmaj7 Gmin D Dmaj7 Gmaj7 Gmin D <verse_2> Dmaj7 Gmaj7 Gmin D Dmaj7 Gmaj7 Gmin Bmin Gmaj7 Gmin <chorus_2> D Dmaj7 Gmaj7 Gmin D Dmaj7 Gmaj7 Gmin D <bridge_1> Dmaj7 Gmaj7 Gmin D Dmaj7 Gmaj7 Gmin <chorus_3> D Dmaj7 Gmaj7 Gmin D Dmaj7 Gmaj7 Gmin D,artist_353
1998,05a8rwA9fOH32xwr5O4Bim,<intro_1> E A D E A Fsmin A <verse_1> D A D E D E A Fsmin B7 D E A <chorus_1> D E A D E A D E A Fsmin B7 D E A <verse_2> D A D E D E A Fsmin B7 D E A <chorus_2> D E A D E A D E A Fsmin B7 D E A <solo_1> D A D E D E A Fsmin B7 D E A <verse_3> D A D E D E A Fsmin B7 D E A <chorus_3> D E A D E A D E A Fsmin B7 D E A D E A D E A D E A Fsmin B7 D E A,artist_354
2023,1PtK9wVHHwkoLix2iAqRPH,<intro_1> Amin G C Amin G C <verse_1> Amin C Amin C Amin C G Amin <chorus_1> F C F Amin G F C G F Amin7 G C <verse_2> Amin7 C Amin7 C G Amin7 <chorus_2> C F C F Amin G F C G F Amin7 G C Amin7 G C <chorus_3> F C F Amin G F C G F Amin G F Amin G C Amin G C Amin G C Amin G C Amin G C Amin G C Amin7 G C Amin7 G C Amin7 G C Amin G C Amin G C Amin G C Amin G C Amin G C Amin G C Amin C Amin C Amin C Amin C Amin C Amin G C Amin G C Amin G C Amin G C Amin G C Amin G C Amin G C Amin G C Amin G C Amin G C Amin F C Amin C Amin G,artist_93
1967,72zIb0HzKQxXttKwTX7weL,D A D A D A D A D A D E A D B A B A G Emin A D A D A D A D A D A D E A D B A B A G Emin A D A D A D A B A B A G B A D A D A D A D A D A D E A D B A B A G Emin A B A B A G Emin A,artist_356
2022,2M1qfEXLOWn0nPJJ20iY5J,<intro_1> Emin7 Asus4 A Dmaj7 D Dmaj7 <verse_1> Emin7 Asus4 A Dmaj7 Emin7 Asus4 A Dmaj7 Emin7 Dmaj7 Emin7 Asus4 A <chorus_1> Emin7 Asus4 A Emin7 Asus4 A Emin7 Asus4 A Dmaj7 D Dmaj7 <verse_2> Emin7 Asus4 Dmaj7 Emin7 Asus4 Dmaj7 Emin7 Dmaj7 Emin7 Asus4 A <chorus_2> Emin7 Asus4 A Emin7 Asus4 A Emin7 Asus4 A Dmaj7 D Dmaj7 Emin7 Asus4 A Emin7 Asus4 A Emin7 Asus4 Dmaj7 B7 Emin7 Asus4 Dmaj7 B7 Gmaj7 Fsmin7 Emin7 B7 Emin7 Asus4 Dmaj7 B7 Gmaj7 Fsmin7 Emin7 B7 Emin7 Asus4 A Dmaj7,artist_357
2023,3l3OKeed88yAAjyq5xhUMs,<verse_1> E A E A E A E A <chorus_1> E A E A E A E <verse_2> A E A E A E A <chorus_2> E A E A E A E A E A <bridge_1> E A E A E A E A <chorus_3> E A E A E A E <outro_1> A E,artist_358
2023,3XfmKIeWD1gGrKhwIEon6Q,<intro_1> E C B7 <verse_1> E C B7 E C B7 E C B7 E C B7 E C B7 E C B7 E C B7 E C B7 E B <chorus_1> Amin C E D Amin C D E C B7 <verse_2> E C B7 E C B7 E C B7 E C B7 A Gsmin A B <chorus_2> Amin E D Amin C D <instrumental_1> Amin G B7 <bridge_1> Amin G B7 Amin G Fs B7 <instrumental_2> Amin Emin B7 <chorus_3> Amin E D Amin C D C B7 <outro_1> E D C B7 E D C B7 A G Fs,artist_162
2013,4CWMB9QpCdZpHft8btcfM1,<intro_1> A B7 E <verse_1> A B7 E A A7 D F A Fsmin A E A <chorus_1> D A D A B7 E A A7 D F A Fsmin A E A <chorus_2> D A D A B7 E A A7 D F A Fsmin A E A <outro_1> Fsmin A E A,artist_360
2022,45ysPNP15uAV1zZbwneZ5j,<intro_1> F C Gmin Bb F C Bb <verse_1> F C Gmin C F C Bb F C Gmin F/A Bb C Gmin Bb F <verse_2> C Gmin F C Bb F C Gmin F/A Bb C Gmin Bb <chorus_1> F C Gmin F/A Bb F C Gmin F/A Bb F C/F Gmin Bb D <verse_3> G D Amin G D C G D Amin G/B C D Amin C <chorus_2> G D Amin G/B C G D Amin G/B C Amin G/B C D <interlude_1> G Amin G/B C D A E Bmin A/Cs D A E Bmin A/Cs D A Asus4 A,artist_361
2023,4gmMNf8sN96duRf2oneX4t,<intro_1> D Amin G D <verse_1> Amin7 G D Amin7 G D Amin7 <chorus_1> D G D C G D C G D Amin G D G <verse_2> D Amin7 Amin C G D Amin7 G D Amin7 <chorus_2> D G D C G D C G D Amin G D <instrumental_1> Amin C G <chorus_3> C G D C G D C G D Amin G D G D,artist_23
2014,1IcwyDAAdo5mYIC5ujB9sz,<intro_1> G D Emin7 G D Emin7 <verse_1> G D Emin7 G D Emin7 G D Emin7 G Emin7 G D G D Emin7 G D Emin7 G D Emin7 C D G D Emin C D G D Emin <chorus_1> B7 Emin B7 Emin C D Emin <instrumental_1> G D Emin7 Emin G D Emin <verse_2> G D Emin7 G D Emin7 Emin G D Emin G D Bmin Emin7 <chorus_2> B7 Emin B7 Emin C D Emin Emin7 C D G D Emin C D G D Emin <chorus_3> B7 Emin B7 Emin C D Emin <bridge_1> B7 C7 D G G7 Emin7 B7 C D G D Emin Emin7 C D G D Emin7 <chorus_4> B7 Emin B7 Emin D Emin G D Emin G D Emin7 <outro_1> G D Emin G D Emin7 G,artist_362
1998,1XLDwj2XXXNPOJvpvjHOas,<verse_1> Fsno3d <verse_2> Csno3d Eno3d Csno3d Eno3d Csno3d Eno3d Csno3d <chorus_1> Fsno3d <verse_6> Csno3d Eno3d Csno3d Eno3d Csno3d Eno3d Csno3d <chorus_2> Fsno3d <bridge_1> Cno3d Asno3d Ano3d Fsno3d,artist_363
2021,0zgDdDUQbCSRhU8G1bbJIa,<intro_1> E Amaj7 E Amaj7 <verse_1> E Amaj7 E Amaj7 <chorus_1> E Amaj7 B A E Amaj7 B A Amin E Amaj7 <verse_2> E Amaj7 E Amaj7 <chorus_2> E Amaj7 B A E Amaj7 B A Amin E Amaj7 <interlude_1> E Amaj7 E Amaj7 <outro_1> E Amaj7 B A Amin E,artist_365
2023,3G0B8efe0z12WS4RjCcHMj,<intro_1> Fmaj7 Amin G Fmaj7 Amin G <verse_1> Fmaj7 Amin G Amin7 Fmaj7 Amin G <verse_2> Amin7 F Amin G Amin7 F Amin G F G <chorus_1> F Amin G F Amin G F Amin G F Amin Dmin F <interlude_1> G <verse_3> F Amin G Amin7 F Amin G <verse_4> F Amin G Amin7 F Amin G <chorus_2> F Amin G F Amin G Amin F Amin Gadd11 F Amin Dmin F <interlude_2> G F G F G Amin C F G Fmaj7 Gadd11 <outro_1> F Amin Gadd11 Amin F Amin G F Amin Gadd11 F Amin Dmin F Amin G F Amin G,artist_366
2023,5gTCp2dIRTLgJ8ZZllw0bR,<intro_1> G Amin Emin C G Amin Emin C G <verse_1> Amin Emin C G Amin Emin C D Amin C G Amin Emin C G Amin Emin C G <verse_2> Amin Emin C G Amin Emin C D Amin C G Amin Emin C G Amin Emin C D <bridge_1> C Amin D C Amin F D G Amin Emin C G Amin Emin C G <verse_3> Amin Emin C G Amin Emin C D Amin C G Amin Emin C G Amin Emin C D <outro_1> C Amin D C Emin Amin F D G Amin Emin C G Amin Emin C G,artist_367
2019,11fx3ODm5loaubQpfPueIj,<intro_1> C F C F <verse_1> C F C F <chorus_1> C F C F C F C F <verse_2> C F C F <chorus_2> C F C F C F C F <chorus_3> C F C F C F C F,artist_274
2022,5FldekVXIOv91hEnkCAu6Z,<verse_1> Amin D G C Amin D G C <verse_2> Amin D G C Amin D G C <verse_3> Amin D G C Amin D G C <verse_4> Amin D G C Amin D G C,artist_368
2023,6sBrYPM922vPzXDDxroT5p,<intro_1> F C Amin G C <verse_1> Amin C F G Amin C F G F G F G <chorus_1> F C Amin G F C Amin G F C Amin G <verse_2> Amin C F G F Amin G <chorus_2> F C Amin G F C Amin G F C Amin G <bridge_1> F G F G <chorus_3> F C Amin7 G F C Amin G <chorus_4> F C Amin7 G F C Amin G F C Amin G F C Amin G F,artist_335
2023,6ZWFRCsf2oAm6XczSbgxEi,<intro_1> G Amin C Dmin7 G Amin C Dmin7 G <verse_1> Amin C Dmin7 G Amin C Dmin7 G Amin C Dmin7 G Amin <instrumental_1> C Dmin7 G Amin C Dmin7 G Amin C Dmin7 G Amin C Dmin7 G Amin <instrumental_2> C Dmin7 G F C G C/E F C G E <chorus_1> Amin E C G Amin E C G Amin E C G Amin E C G <verse_2> Amin C Dmin7 G Amin C Dmin7 G Amin C Dmin7 G Amin <instrumental_3> C Dmin7 G Amin C Dmin7 G Amin C Dmin7 G Amin C Dmin7 G Amin <instrumental_4> C Dmin7 G F C G C/E F C G E <chorus_2> Amin E C G Amin E C G Amin E C G Amin E <outro_1> C G Amin E C G Amin E C G Amin E C G Amin E C G <outro_2> Amin,artist_369
1999,03n2CckkTzZVzhJgRi2QJY,<intro_1> Amin G7 Bmin Dmin Amin A <verse_1> C Amin Dmin Amin C Ab Amin Dmin C Amin <chorus_1> Amin7 G G7 Esus2 D Bb Amin G7 Bmin Esus4 Amin Gmin7 Bb Amin D Amin G <verse_2> E E7 Amin D Dsus2 D Amin Asus2 C D Amin C D G Amin Amin7 Amin D G A A7 Amin Amin7 D <verse_3> C Amin G C7 Bmin A Bb C Amin Amin7 G G7 Emin Bmin E7 F Bb Amin Amin7 D Amin G G7 Cmin G E Amin <chorus_2> Dsus2 D Dsus2 Amin D Amin D Amin Amin7 Amin D G Amin A7 E A Amin G <chorus_3> E Amin D G D Amin D Amin D Amin Amin7 D Amin D D7 G Amin D <chorus_4> Amin C E Bb Bbmin A Amin D B A Dmin Amin A,artist_144
2019,66TMNJ6bYF3ybVSNV3ARyK,<intro_1> Dsmin Gsmin Fs Dsmin Gsmin Fs <verse_1> Dsmin Gsmin Fs Dsmin Gsmin Fs Cs Dsmin Gsmin Fs Dsmin Gsmin Cs Gsmin Fs Cs Gsmin Bsus2 <chorus_1> Dsmin Gsmin Fs Dsmin Gsmin Cs Dsmin Gsmin Fs Gsmin Bsus2 Cs Fs <interlude_1> Dsmin Gsmin Fs Dsmin Gsmin Fs <verse_2> Dsmin Gsmin Fs Dsmin Gsmin Cs Dsmin Gsmin Fs Dsmin Gsmin Cs Gsmin Fs Cs Gsmin Bsus2 <chorus_2> Dsmin Gsmin Fs Dsmin Gsmin Cs Dsmin Gsmin Fs Gsmin Bsus2 Cs Fs <interlude_2> Dsmin Gsmin Fs Dsmin Gsmin Fs Dsmin Gsmin Fs <bridge_1> Dsmin Fs Cs Gsmin Bsus2 Gsmin Fs Cs Bsus2 Cs <chorus_3> Dsmin Gsmin Fs Dsmin Gsmin Cs Dsmin Gsmin Fs Gsmin Bsus2 Cs <chorus_4> Dsmin Gsmin Fs Dsmin Gsmin Cs Dsmin Cs Gsmin Fs Gsmin Bsus2 Cs Gsmin Bsus2 Cs <outro_1> Dsmin Gsmin Fs Dsmin Gsmin Fs,artist_371
2023,1ssrtT9gCinaqFZARAgEMz,<intro_1> A <verse_1> D A E D A D E D A <verse_2> D E D A D E D <chorus_1> A D E D A Fsmin E D E D A <verse_3> D E D A D E D A <chorus_2> D E D A Fsmin E D E D A D A D A <bridge_1> D E D A D E D <chorus_3> A D E D A Fsmin E D E D A D E D A Fsmin E D E D <outro_1> A,artist_93
1999,61Ee4xWxFRPduzF0LgBWFB,<intro_1> C G Eb Gmin C D G C D G C D C G <verse_1> Gmin F G F G Bb F G Gmin C Gmin Bb F G Bb Ab G Bb F <chorus_1> Amin D Amin D Amin C G Gmin C Gmin Gmin7 Csus4 C G Gmin C Gmin C7 G Gmin7 Bb Gmin Bb Cmin Gmin7 <verse_2> G Ab F <chorus_1> Amin D Amin D Amin C G Gmin C Gmin C G C G Gmin C G F G <bridge_1> F G Bb G Ab C F G Eb Bb G F C F <chorus_2> Amin D Amin C G Gmin Csus4 Gmin C Gmin C Gmin7 Csus4 Bb Gmin C G7 C Bb G Gmin7 Gmin C Bb Gmin7 Csus4 Gmin Gmin7 G F G F Gmin7,artist_144
2014,4y20MC6ocOiHApPMcJ5Agq,<intro_1> Gsmin Fsmin F Bbmin <verse_1> Fmin Fs Cmin Dsmin F Dsmin Gs Bbmin Gs Fsmaj7 Cmin F Bbmin <verse_2> Fmin Fs Cmin Dsmin F Dsmin Gs Bbmin Gs Fsmaj7 Cmin F Bbmin <chorus_1> Bb Dsmin Gs Cs Fs F F7 Bbmin Bb Dsmin Gs Csmaj7 Fsmaj7 Cmin F Bbmin Fmin Fs F <verse_3> Bbmin Gs Fs Cmin Dsmin F Dsmin Gs Bbmin Gs Fsmaj7 Cmin Fs F Bbmin <chorus_2> Bb Dsmin Gs Cs Fs F F7 Bbmin Bb Dsmin Gs Csmaj7 Fsmaj7 Cmin F Bbmin Bb <bridge_1> Dsmin Fmin Bbmin Bmaj7 F7 Bbmin Fsmaj7 <instrumental_1> Fmin Bbmin Dsmin F Bbmin Bb Dsmin Gs Cs Fs Fsus4 F Bbmin <chorus_3> Bb Dsmin Gs Cs Fs F F7 Bbmin Bb Dsmin Gs Csmaj7 Fs Cmin F Fsmaj7 Fs F Bbmin F Fs,artist_372
2021,0gnm6S5ZJ4VQ9NbmC8HZVM,<verse_1> Emin A Emin Bmin Emin Amin C Bmin B Emin A E Bmin B Emin Amin C B Emin Amin A Emin Bmin Emin Amin C B7 Emin A Emin Bmin Emin Amin C B7 Emin A Emin B Emin Amin C B Emin A Emin B Emin Amin C B7 Emin Amin A Emin Bmin Emin Amin C B7 Emin A Emin Bmin Emin Amin C B7 Emin A Emin B Emin Amin C B Emin A Emin Bmin B Emin Amin C B7 Emin Amin A Emin Bmin Emin Amin C B7 Emin A Emin Bmin Emin Amin C B7 Emin A Emin Bmin Emin Amin C Bmin Emin A Emin Bmin B Emin Amin A Emin Bmin Emin Amin C B7 Emin A Emin Bmin Emin Amin C B7 Emin,artist_373
1988,3ksGCNSE0jPcGPA1hTH9Ij,<intro_1> E <verse_1> A B E <chorus_1> Csmin A E Csmin A D E D E D C D E <verse_2> A B E <chorus_2> Csmin A E Csmin A D E D E D C D E <interlude_2> Cs D E Cs G Bmin Emin C Emin C Emin C Emin C Emin C Emin C Emin C Emin C Emin C Emin C,artist_305
2023,4chRIgxhQTCpVkSY0a7nDX,<intro_1> F C <verse_1> F C F C G C F C F C G <chorus_1> C F G C C7 F G C G F C <verse_2> F C F C G C F C F C G Amin G <chorus_2> C F G C C7 F G C G F C F G C C7 F G C G C F G C C7 F G C G F C,artist_5
2020,5BgaT5YCMQcYHjTSDdWXar,<intro_1> E Gsmin Fsmin B E Gsmin Fsmin B E Gsmin Fsmin B E Gsmin Fsmin B <verse_1> E Gsmin Fsmin B E Gsmin Fsmin B E Gsmin Fsmin B E Gsmin Fsmin B <chorus_1> A B/A Gsmin Csmin A B Csmin Fsmin <interlude_1> E Gsmin Fsmin B E Gsmin Fsmin B E Gsmin Fsmin B E Gsmin Fsmin B <verse_2> E Gsmin Fsmin B E Gsmin Fsmin B E Gsmin Fsmin B E Gsmin Fsmin B <interlude_2> E Csmin A Fsmin B E Csmin A Fsmin B <chorus_2> A B/A Gsmin Csmin A B Csmin Fsmin <outro_1> E Gsmin Fsmin B E Gsmin Fsmin B E Gsmin Fsmin B E Gsmin Fsmin B E,artist_374
2023,6YZmoddoYP2dyyN8vTEua1,<intro_1> D A G D A G <verse_1> D A G D A G D A G D A G <chorus_1> D A G D A G D A G D A G D A G <verse_2> D A G D A G D A G D A D <chorus_2> A G D A G D A G D A G D A G D A G <interlude_1> A G A Emin D Emin <bridge_1> D A G D A G <chorus_3> D A G D A G D A G D A G D A G D A G D A G <outro_1> D A G,artist_93
2009,17tIwr1xQm4SB6cRDylO2O,<intro_1> D E D E D E D E <verse_1> D E D E D E D E G <chorus_1> Bmin G Bmin <verse_2> D E D E D E D E G <chorus_2> Bmin G Bmin G Bmin G Bmin <bridge_1> G Bmin G Bmin G Bmin G <interlude_1> Dmin Amin Dmin Amin Dmin Amin Dmin <verse_3> D E D E D E D E G <chorus_3> Bmin G Bmin <bridge_2> G Bmin G Bmin G Bmin G <outro_1> Dmin Amin Dmin Amin Dmin Amin Dmin Amin D E D,artist_375
2020,5v80AKgxhOPEzKAnZTCszz,<verse_1> Db Ab Bbmin Gb Db Ab Bbmin Gb Ebmin Bbmin Ab Bbmin Gb Db Ab <chorus_1> Bbmin Gb Db Ab Bbmin Gb Db Ab Db <verse_2> Ab Bbmin Gb Db Ab Bbmin Gb Ebminadd13 Bbmin Ab <chorus_2> Bbmin Gb Db Ab Bbmin Gb Db Ab Db <bridge_1> Ab Bbmin Ab <chorus_3> Bbmin Gb Db Ab Bbmin Gb Db Ab Db,artist_376
2022,2LVeQgGd1tn1zn890howZ7,<intro_1> Gmin Eb Gmin Eb Gmin Eb Gmin Eb Bb Gmin Bb Gmin Eb Cmin Bb Gmin Eb Cmin Bb Gmin <intro_2> Eb Gmin Cmin F Dmin Gmin Cmin F Dmin Gmin Cmin F Dmin Gmin Cmin F Dmin Gmin Cmin F Dmin Gmin Cmin F Dmin Gmin Cmin F Dmin Gmin Cmin F Dmin Eb F Bb Eb F Bb Eb F Bb Eb F Bb Gmin Eb Gmin Eb Gmin Eb Gmin Eb Bb Gmin Bb Gmin Eb Cmin Bb Gmin Eb Cmin Bb Gmin Eb,artist_377
1994,7Hfldj7PL4dVD5ibetcAru,<intro_1> A D/B A D/B A D/B A D/B <verse_1> A E/Gs D A E/Gs D A E/Gs D A E/Gs D <interlude_1> A D/B A D/B A D/B A D/B <verse_2> A E/Gs D A E/Gs D A E/Gs D A E/Gs D <chorus_1> Bmin Csmin G Bmin Csmin D <interlude_2> A D/B A D/B A D/B A D/B <verse_3> A E/Gs D A E/Gs D A E/Gs D A E/Gs D <chorus_2> Bmin Csmin G Bmin Csmin D <solo_1> A D/B A D/B A D/B A D/B A D/B A D/B A D/B A D/B,artist_378
2023,1kMcomt1jrAqPYxKFxaIQq,<verse_1> E B A E <verse_2> B A Fsmin B E <verse_3> B A E B A E <verse_4> B A E Fsmin B B7 <verse_5> A E B A B <outro_1> E,artist_379
1987,6bjtyFZfSLMkciToU2054g,<intro_1> E A E B E <verse_1> A E B E A E B E <chorus_1> A E B E A E B E <verse_2> A E B E A E B E <chorus_2> A E B E A E B E <solo_1> A E B E <verse_3> A E B E A E B E <chorus_3> A E B E A E B E B E,artist_381
2023,1Eu82HwOMF3PqY1aV1cVv2,<intro_1> Eb Bb F Gmin <verse_1> Dmin F C Gmin Dmin F C Gmin Dmin F C Gmin Dmin F C Eb Gmin Bb Cmin F <chorus_1> Eb Bb F Gmin Eb Bb F Gmin Eb Bb F Gmin Eb Bb F Gmin Eb F Bb Gmin Eb Bb F Gmin <verse_2> Dmin F C Gmin Dmin F C Eb Gmin Bb Cmin F <chorus_2> Eb Bb F Gmin Eb Bb F Gmin Eb Bb F Gmin Eb Bb F Gmin Eb F Bb Gmin Eb Bb F Gmin <bridge_1> Eb Bb F Gmin Eb Bb F Gmin <chorus_3> Eb Bb F Gmin Eb Bb F Gmin Eb Bb F Gmin Eb Bb F Gmin Eb F Bb Gmin Eb Bb F Gmin,artist_382
2020,6fAomEmUgdo7rk5LegKpOy,<intro_1> A E Fsmin E A Fsmin <verse_1> A Fsmin7 A Fsmin7 Fsmin A Fsmin7 Fsmin A Fsmin7 Fsmin <chorus_1> E Esus4 B B7sus4 A E Esus4 B B7sus4 Fsmin A E Esus4 B B7sus4 A E B A E Fsmin A Fsmin <verse_2> A Fsmin A Fsmin7 <verse_3> A Fsmin7 Fsmin A Fsmin7 Fsmin <chorus_2> E Esus4 B B7sus4 A E Esus4 B B7sus4 Fsmin A E Esus4 B B7sus4 A E B A <verse_4> Fsmin7 A Fsmin7 Fsmin7 <verse_5> A Fsmin7 A Fsmin7 A,artist_383
1975,587EW9Ua3ACG2TjA7GXWdf,<intro_1> Dmin Amin Dmin Amin Dmin Amin Dmin F G A Dmin <verse_1> Amin Bb A Dmin F C E Amin Dmin C F A Bb F Bb C A E Amin Bb F Bb C Amin E Amin <interlude_1> Dmin A Dmin A Amin Dmin F G A <verse_2> Dmin F C Emin A Dmin F C Emin A D Bb F C Emin A Dmin F C Emin A Dmin <verse_3> Amin Gmin A Bb F Bb C Amin E A Dmin C E A Bb F C Amin E Amin Bb F Bb C Amin E A D G C G D Fsmin B E A <outro_1> Dmin Amin Gmin A Dmin A D A Dmin G A G,artist_384
2023,7bnLk78rg6n7Z536iY4q0d,<intro_1> Emin <verse_1> Amin Bmin Emin Amin Bmin Emin Amin Bmin Emin Amin Bmin Amin Bmin Emin C Amin Bmin C <chorus_1> Emin C Amin Bmin Emin C Amin D Emin C Amin D Emin <verse_2> Amin Bmin Emin Amin Bmin Amin Bmin Emin C Amin Bmin C <chorus_2> Emin C Amin Bmin Emin C Amin D <chorus_3> Emin C Amin Bmin D Emin C Amin D Emin C Amin Bmin Emin C Amin D <bridge_1> Emin C Amin D Emin C Amin D7 <chorus_4> Emin C Amin Bmin Emin C Amin D <chorus_5> Emin C Amin Bmin D Emin C Amin D <outro_1> Emin C Amin Bmin Emin C Amin D Emin,artist_385
2019,2r4fsB5GzRmgvXk95oeIy2,<verse_1> G Emin G Emin G Emin G Emin G Emin G Emin G Emin G Emin C <chorus_1> G Emin G/B C G Emin G/B C G Emin G/B C G Emin G/B C <verse_2> G Emin G Emin <interlude_1> G G/B C G G/B C G G/B C G G/B C G G/B C G G/B C <bridge_1> G G/B C G G/B C <chorus_2> G Emin G/B C G Emin G/B C G Emin G/B C G Emin G/B C G Emin G/B C Emin G/B C Emin G/B C <outro_1> G G/B Emin G G/B Emin G G/B Emin G G/B Emin G G/B Emin G G/B Emin G G/B Emin G G/B Emin G G/B Emin G G/B Emin G G/B Emin G G/B Emin,artist_386
2023,73LvCiAlWlLOz01yHsLeAq,<intro_1> Dmin F C Bb <verse_1> Dmin Dmin/C Bbmaj7 C Dmin Dmin/C Bbmaj7 A7 <chorus_1> Dmin F C Bb Dmin F C Bb Dmin F C Bb A7 Dmin F C Bb Dmin F C Bb Dmin F C Bb A7 <interlude_1> Dmin F C Bb <verse_2> Dmin Dmin/C Bbmaj7 C Dmin Dmin/C Bbmaj7 A7 <chorus_2> Dmin F C Bb Dmin F C Bb Dmin F C Bb A7 Dmin F C Bb Dmin F C Bb Dmin F C Bb A7 <interlude_2> Dmin F C Bb Dmin Bb Gmin7 A7 <bridge_1> Dmin C Bb Gmin7 A7 Dmin C Bb Gmin7 A7 Dmin C Bb Gmin7 A7 Dmin C Bb Gmin7 A7 <chorus_3> Dmin F C Bb Dmin F C Bb Dmin F C Bb A7,artist_387
2020,4A961jK2bzls5vbsiN2dHX,<intro_1> Gmin F Bb Gmin F Eb <verse_1> Gmin F Bb Gmin F Eb Gmin F Eb Bb Gmin F Eb Gmin F Bb Gmin F Eb Gmin F Bb Gmin F Eb Ebmin <chorus_1> Bb Gmin Eb Ebmin Bb Gmin Eb Ebmin Eb Bb Eb Bb Eb Bb Eb Bb <verse_2> Gmin F Bb Gmin F Eb Gmin F Eb Bb Gmin F Eb Gmin F Bb Gmin F Eb Gmin F Eb Bb Gmin F Eb Ebmin <chorus_2> Bb Gmin Eb Ebmin Bb Gmin Eb Ebmin Eb Bb Eb Bb Eb Bb Eb Bb,artist_388
2023,26YvZWW29FXHaSRQzajRYv,<intro_1> Dmin7 F Dmin7 F <verse_1> Dmin7 F Dmin7 F Dmin7 G Dmin7 F Dmin7 F <chorus_1> Bb F Bb F Gmin7 Bb Dmin7 <interlude_1> F Dmin7 F <verse_2> Dmin7 C F Dmin7 C F Dmin7 F <chorus_2> Bb F Bb F Gmin7 Bb Dmin7 F Dmin7 C F <bridge_1> Dmin7 C Gmin7 Bb Dmin7 F Dmin7 C F <chorus_3> Bb F Bb F Gmin7 Bb Gmin7 Bb <outro_1> Dmin7 F Dmin7 F,artist_389
2020,67656ymPySNK3Np2zpBV9D,<intro_1> Gmin Bb C Csus4 C Csus2 C <verse_1> Gmin Bb C Csus4 C Csus2 C Gmin Bb C Csus4 C Csus2 C Gmin Bb C Csus4 C Csus2 C Gmin Bb C Csus4 C Csus2 C Gmin Bb C Csus4 C Csus2 C Gmin Bb C Csus4 C Csus2 C Gmin Bb C Csus4 C Csus2 C <chorus_1> Gmin Bb F C Gmin Bb F C Gmin Bb F C Gmin Bb F C <verse_2> Gmin Bb C Csus4 C Csus2 C Gmin Bb C Csus4 C Csus2 C Gmin Bb C Csus4 C Csus2 C Gmin Bb C <chorus_2> Gmin Bb F C Gmin Bb F C Gmin Bb F C Gmin Bb F C Gmin Bb C Csus4 C Csus2 C Gmin Bb C Csus4 C Csus2 C Gmin Bb C Csus4 <outro_1> Gmin Bb F C Gmin Bb F C Gmin Bb F C Gmin Bb F C Gmin Bb C Csus4 C Csus2 C Gmin Bb C Csus4 C Csus2 C,artist_390
2023,6uFwpvTdEe9yOodXsfuLJX,<intro_1> D G D G D Emin7 A <verse_1> D Fsmin7 G D G Fsmin7 Emin7 A D Fsmin7 G D G Fsmin Emin7 A <chorus_1> D G D G D Emin A D G D G D Emin A D <interlude_1> G D G D Emin7 A <verse_2> D G D G D Emin7 A <chorus_2> D G D G D Emin A D G D G D Emin A Bmin G Bmin A <bridge_1> Bmin A G D Emin7 D G <chorus_3> D G D G D Emin A D G D G D Emin A G D Emin7 A D <outro_1> G D G D Emin A D,artist_391
2023,5nfueskTryDjBrdTsex5fr,<intro_1> G <verse_1> C G D G <verse_2> C G D G <chorus_1> C G D G C G C D <verse_3> G D G <chorus_2> C G D G C G D G <outro_1> C G D G,artist_392
2023,1Sz7AlQskzUlFOCg777Blx,<verse_1> Bmin A G Bmin A G Bmin A G Bmin A G Bmin <chorus_1> A G Bmin A G Bmin A G Bmin A G Emin Fsmin G Bmin A G Bmin <verse_2> A G Bmin A G <chorus_2> Bmin A G Bmin A G Bmin A G Bmin A G Emin Fsmin G Bmin A G <bridge_1> Emin Fs G Bmin A G <chorus_3> Bmin A Bmin A G Bmin A G Emin D G Emin Fs G Bmin A G,artist_393
2023,2ePiBvKtQOCBHq9uOlwiiU,<intro_1> A Csmin Bmin <verse_1> A Csmin Bmin A Csmin Bmin A Csmin Bmin <chorus_1> A Csmin Bmin E A Csmin Bmin E A Csmin Bmin E Bmin E A Csmin Bmin <verse_2> A Csmin Bmin A Csmin Bmin <chorus_2> A Csmin Bmin E A Csmin Bmin E A Csmin Bmin E Bmin E A Csmin Bmin <instrumental_1> A Csmin Bmin <bridge_1> A Csmin Bmin <chorus_3> A Csmin Bmin E A Csmin Bmin E A Csmin Bmin E Bmin E A Csmin Bmin A Csmin <outro_1> Bmin A,artist_394
2023,5OqdP2X00J7oOfJ2YCMgzH,<intro_1> C D Emin G C D <verse_1> C D Emin C D G C D Emin D Cadd9 D C D Emin C D G C D Emin D Cadd9 D <chorus_1> Cadd9 G D Emin Cadd9 G D Emin Cadd9 G D Emin Cadd9 G D <verse_2> C D Emin C D G C D Emin D Cadd9 D C D Emin C D G C D Emin D Cadd9 D <chorus_2> Cadd9 G D Emin Cadd9 G D Emin Cadd9 G D Emin Cadd9 G D Cadd9 G D Emin <chorus_3> Cadd9 G D Emin Cadd9 G D Emin Cadd9 G D Emin Cadd9 G D Emin <outro_1> Cadd9 G D,artist_395
2021,3FHDvauPuAwRAq6BwFR2cY,<verse_1> C Bmin Eno3d Gno3d C Bmin Eno3d Gno3d C Bmin Eno3d Gno3d C Bmin Eno3d Gno3d C Bmin Eno3d Gno3d C Bmin Eno3d Gno3d C Bmin Eno3d Gno3d C Bmin Eno3d Gno3d Cno3d <chorus_1> Bmin Eno3d Gno3d C Bmin Eno3d Gno3d C Bmin Eno3d Gno3d C Bmin Eno3d Gno3d C Bmin Eno3d Gno3d C Bmin Eno3d Gno3d C Bmin Eno3d Gno3d C Bmin Eno3d Gno3d <verse_2> C Bmin Eno3d Gno3d C Bmin Eno3d Gno3d C Bmin Eno3d Gno3d C Bmin Eno3d Gno3d C Bmin Eno3d Gno3d C Bmin Eno3d Gno3d C Bmin Eno3d Gno3d C Bmin Eno3d Gno3d <chorus_2> C Bmin Eno3d Gno3d C Bmin Eno3d Gno3d C Bmin Eno3d Gno3d C Bmin Eno3d Gno3d C Bmin Eno3d Gno3d C Bmin Eno3d Gno3d C Bmin Eno3d Gno3d C Bmin Eno3d Gno3d <outro_1> C D Emin G C D Emin G C D Emin G C D Emin G C Bmin Eno3d Gno3d C Bmin Eno3d Gno3d C Bmin Eno3d Gno3d C Bmin Eno3d Gno3d,artist_396
2016,4DIrkWC0q31IQ8FwCwPBzB,<intro_1> C Amin Emin G7 Emin <verse_1> C Amin Emin G7 Emin C Amin Emin G7 Emin C Amin Emin G7 Emin C Amin Emin G7 C Amin Amin7 Emin G G7 C Amin Amin7 Emin G7 Gadd13 <verse_2> C Amin Emin G7 Emin C Amin Emin G7 Emin C Amin Emin G7 Emin C Amin Emin G7 Emin C Amin Emin G7 Emin C Amin Emin G7 Emin Dmin F C Amin Amin7 Emin G G7 C Amin Amin7 Emin G7 Gadd13 Gadd9 G G7 Gadd13 G Gadd11 C Amin Emin G7 Emin <verse_3> C Amin Emin G7 Emin C Amin Emin G7 Emin C Amin Emin G7 Emin C Amin Emin G7 Emin C Amin Emin G7 Emin C Amin Emin G7 C Amin Amin7 Emin G G7 <outro_1> C Amin Amin7 Emin G7 Gadd13 Gadd9 G G7 Gadd13 G Gadd11 C,artist_397
2022,3qAJAUr7yc9bPDx4ESt6ND,<verse_1> E Bmaj7 E Bmaj7 <verse_2> E Bmaj7 E Bmaj7 E Bmaj7,artist_398
2017,4OkaNzzmwWhOrn6TjpCvGp,<verse_1> C F C F C F Amin <verse_2> C F C F C F Amin <chorus_1> F C F C F C Amin <verse_3> C F C F C F Amin <verse_4> C F C F C F Amin <chorus_2> F C F C F C Amin <verse_5> C F C F C F Amin Dmin Amin C G Dmin Amin C G Dmin Amin C G Dmin Amin C G <verse_6> C F C F Amin <chorus_3> F C F C F C Amin F C F C F C Amin C Amin,artist_399
2023,164QjgWOxnSZYHQghRKeC0,<intro_1> Fsmin A E Csmin <verse_1> Fsmin A E Csmin Fsmin A E Csmin Fsmin A E Csmin Fsmin A E Csmin <chorus_1> Fsmin D E Gsmin Fsmin D E Gsmin Fsmin D E Gsmin Fsmin D E Gsmin <verse_2> Fsmin A E Csmin Fsmin A E Csmin Fsmin A E Csmin Fsmin A E Csmin <chorus_2> Fsmin D E Gsmin Fsmin D E Gsmin Fsmin D E Gsmin Fsmin D E Gsmin <interlude_1> Fsmin D E Gsmin <bridge_1> Fsmin D E Gsmin <chorus_3> Fsmin D E Gsmin Fsmin D E Gsmin Fsmin D E Gsmin Fsmin D E Gsmin <outro_1> Fsmin D E Gsmin Fsmin D E,artist_400
2023,373gDROnujxNTFa1FojYIl,<intro_1> Dmin F C G Dmin F C G Amin <verse_1> C G Dmin Amin C G Dmin Amin C G Amin C G <chorus_1> Dmin F C G Dmin F C G <verse_2> Amin C G Dmin Amin C G Dmin Amin C G <chorus_2> Dmin F C G Dmin F C G <bridge_1> Amin Dmin F C G Dmin F C G <chorus_3> Dmin F C G Dmin F C G Amin,artist_401
1987,6Bbb6HX4Ck3dw8F4NaNWTc,<verse_1> G F G F G D G F G D G <solo_1> F G F G D G F G D G <verse_2> F G F G D G F G D G <solo_2> F G F G D G F G D G <verse_3> F G F G D G F G D G <solo_3> F G F G D G F G D G <verse_4> F G F G D G F G D G F G Bb G,artist_402
2008,3LRyDXvrjzpLXYAFw78d0R,<verse_1> G C Emin D G C Emin D G C Emin D G C Emin D <chorus_1> C Emin D C Emin D C Emin D Emin D C D <verse_2> G C Emin D G C Emin D G C Emin D G C Emin D <chorus_2> C Emin D C Emin D C Emin D Emin D C D C D <verse_3> G C Emin D G C Emin D G C Emin D G C Emin D <bridge_1> C D Emin D C G D Emin D C G D Emin D C D <chorus_3> C Emin D C Emin D C Emin D Emin D C D C D,artist_403
2023,6AF3BaBegL6ROl394Jx0nG,<intro_1> B Gsmin A E Fs <verse_1> B Gsmin A E Fs B Gsmin A E Fs E Fs Dsmin E Fs <chorus_1> Dsmin B Gsmin A E Fs B Gsmin A E Fs <verse_2> B Gsmin A E Fs B Gsmin A E Fs E Fs Dsmin E Fs <chorus_2> Dsmin B Gsmin A E Fs B Gsmin A E Fs <bridge_1> E Fs Dsmin E Fs Dsmin E Fs Dsmin E Fs <chorus_3> E Fs Dsmin E Fs Dsmin E Fs E Fs Dsmin <outro_1> E Fs Dsmin,artist_404
2022,4RzZc87VNZinruOF7vVvun,<intro_1> Dsmin <verse_1> Cs B Gsmin Dsmin Cs B Gsmin <chorus_1> Dsmin Cs B Fs Dsmin Cs B Dsmin Cs B Dsmin Cs B Fs Dsmin <verse_2> Cs B Gsmin Dsmin B Gsmin Fs E Ds Fs E B <chorus_2> Dsmin Cs B Fs Dsmin Cs B Dsmin Cs B Dsmin Cs B Fs Dsmin <bridge_1> Cs B Dsmin Cs B Fs <chorus_3> Dsmin Cs B Fs Dsmin Cs B Dsmin Cs B Dsmin Cs B Fs Dsmin,artist_406
2023,6O0WEM0QNEhqpU50BKui7o,<intro_1> Gs/C As/D Ds Gs/C As/D <verse_1> C C/As F Dmin G C C/As F Dmin G G/F C/E F Dmin E <chorus_1> A A/Gs Fsmin D Csmin Bmin E A A/Gs Fsmin D Csmin Bmin E D/Fs E A G/B <verse_2> C C/As F A7 Dmin G C/E F A7 Dmin E E/Gs <chorus_2> A A/Gs Fsmin D Csmin Bmin E A A/Gs Fsmin D Csmin Bmin E D/Fs E F <bridge_1> Emin Dmin E <chorus_3> A A/Gs Fsmin D Csmin Bmin E A A/Gs Fsmin Emin A D Csmin Bmin E D/Fs E A E/Gs Fsmin E D E <outro_1> A,artist_407
2022,58vWCkOvsAPXsAhOW9OQhE,<verse_1> G <interlude_1> Emin C D <chorus_1> G Emin C D G Emin C D G Emin C D G Emin C D G Emin C D G Emin C D G Emin C D G,artist_408
2015,1VxW8LraxdE168OWaytqrC,<intro_1> E Gsmin A E Gsmin A <verse_1> B A Fs B A Fs B A Fs B A Fs <chorus_1> E Gsmin A E Gsmin A E Gsmin A E Gsmin <verse_2> B A Fs B A Fs B A Fs B A Fs <chorus_2> E Gsmin A E Gsmin A E Gsmin A E Gsmin <bridge_1> E B A E Fsmin E B A Csmin B Gsmin Fsmin <chorus_3> E Gsmin A E Gsmin A E Gsmin A E Gsmin <outro_1> E Dsmin Csmin B Gsmin Fs,artist_158
2019,73VZ60IcyAfUzPWaZEy9uE,<intro_1> Dmin C Bb Gmin A <verse_1> Dmin C Bb Gmin A7 Dmin C Bb Gmin A7 Dmin Dmin/C Dmin/Bb Gmin Gsmin Gmin Dmin Dmin/C Dmin/Bb Gmin Gsmin Gmin A7 Dmin C Bb Gmin A7 Dmin C Bb Gmin A7 Dmin C Bb Gmin A7 Dmin C Bb Gmin A7 Dmin C Bb Gmin A7 Dmin C Bb Gmin A7 Dmin Dmin/C Dmin/Bb Gmin Gsmin Gmin Dmin Dmin/C Dmin/Bb Gmin Gsmin Gmin A7 Dmin C Bb Gmin A7 D C Gmin A7 Dmin C Bb Gmin A7 Dmin C Bb Gmin A7 Dmin Dno3d Ebno3d Dbno3d Dno3d Ebno3d Dbno3d Dno3d Ebno3d Dbno3d Dno3d Ebno3d Dbno3d Dno3d Ebno3d Dbno3d Dno3d Ebno3d Dbno3d Dno3d Ebno3d Dbno3d Dno3d Ebno3d Dbno3d Dno3d <bridge_1> A7 Dmin C Bb Gmin A7 D C Gmin A7 Dmin C Bb Gmin A7 Dmin C Bb Gmin A7 Dmin,artist_411
2023,4o7cD5leZmbn7Q1QSiFpKm,<verse_1> C G/B Amin G F Emin Dmin Emin F <verse_2> C G/B Amin G F Emin Dmin Emin F <chorus_1> C G/B Amin G F Emin Dmin Emin F G C <interlude_1> G/B Amin G F Emin Dmin Emin F G <chorus_2> C G/B Amin G F Emin Dmin Emin F G C <outro_1> G/B Amin G F Emin Dmin Emin F G C,artist_412
2023,3bYy4ymswxudteYtK3LBug,<intro_1> B Fsno3d Bsus2 B <verse_1> Fs B Fs B Fs Bsus2 B Bsus2 Fs B <verse_2> Fs B Fs B Bsus2 Fs B Bsus2 Fs B Bsus2 B Fs B Bno3d Fs B Fs Bsus2 <chorus_1> Gsmin Cs Fs B Gsmin Cs Fs B Fs B <verse_3> Fs B Bsus2 Fs B Fs B Fs B Bsus2 B <chorus_2> Gsmin Cs Fs B Gsmin Cs Fs B Fs B Fs B <interlude_1> Fs B <outro_1> Fs B Fs B Fs B Fs B Fs,artist_413
2018,6PHjNKsxceRVv8D8ylomIX,<intro_1> D Bmin G D Bmin G <verse_1> D Bmin G D Bmin G D Bmin G D Bmin G A D G Bmin A G D A Bmin A G D A G D Bmin G D Bmin G D Bmin G D Bmin G D Bmin G D Bmin G A G Bmin A G D A Bmin A G D A G A Bmin D G A Bmin D G D Bmin G D Bmin G D Bmin G D Bmin A G D A Bmin A G D A G D,artist_414
2023,0ohuwnCXOf6Lu6akBgBt7h,<intro_1> A Dmaj7 <verse_1> A Dmaj7 Fsmin E Dmaj7 A Dmaj7 Fsmin E Dmaj7 <chorus_1> A Dmaj7 Fsmin E A Dmaj7 Fsmin E A Dmaj7 <verse_2> A Dmaj7 Fsmin E Dmaj7 A Dmaj7 Fsmin E Dmaj7 <chorus_2> A Dmaj7 Fsmin E A Dmaj7 Fsmin E A Dmaj7 <outro_1> A Dmaj7 A Dmaj7 Fsmin Dmaj7 A Dmaj7 Fsmin Dmaj7 A Dmaj7 Fsmin Dmaj7 <chorus_3> A Dmaj7 Fsmin E A Dmaj7 Fsmin E A Dmaj7,artist_416
2019,0fkFHPi2FwXvrUc7c9s6Jc,<verse_1> C C/B Amin G F C <verse_2> C/B Amin G F C C/E F Amin G C/E F Amin G Gsus4 G <chorus_1> C G Amin F C G Amin F Amin G F C G E7 C G Amin F <verse_3> C C/B Amin G F C <verse_4> C/B Amin C/G F C C/E F Amin G Dmin C/E F Amin G Gsus4 G <chorus_2> C G Amin F C G Amin F Amin G F C G Dmin7 E C G E7 Amin F <outro_1> Dmin C G Amin F Dmin C Amin F C,artist_417
2022,7uVSiur2qbRT0py1aeJuC8,<intro_1> Cmin Fmin Cmin D Gmin Cmin Fmin Cmin G7 Cmin <chorus_1> Fmin Cmin Ab G Cmin Fmin Cmin Ab G Cmin Fmin Cmin Ab G Cmin Fmin Cmin Ab G Cmin <chorus_2> Fmin Cmin Ab G Cmin Fmin Cmin Ab G Cmin Fmin Cmin Ab G Cmin Fmin Cmin G Cmin,artist_418
2002,7v5ms39cZ4nRws7VAJsS3l,Fs B E Fs7 Bsus4 Fs B E Fs B E Fs B E Fs E Fs E Fs E Fs E B Fs7 B Fs7 Fs E Fs E Fs E Fs E Fs E B Fs7 B Fs7 Fs B Fs E Fs E Fs B Bsus4 B Fs B Bsus4 B Fs B Fs E Fs E Fs E Fs E B Fs7 B Fs7 Fs E Fs E Fs E Fs E Fs E Fs E,artist_419
2023,2Y67qsABsPKMrvCxPCzL6r,<intro_1> Amin E7 G D <verse_1> Amin E7 G D Amin E7 G D Amin <interlude_1> E7 G D <verse_2> Amin E7 G D Amin E7 G D Dmin E7 <chorus_1> F G Emin F G Emin F <instrumental_1> Amin E7 G D <verse_3> Amin E7 G D Amin E7 G D <interlude_2> Amin E7 G D <verse_4> Amin E7 G D Amin E7 G D Dmin E7 <chorus_2> F G Emin F G Emin F <outro_1> G Emin F G Emin F,artist_420
2023,7JH2H8oc2LfcEfiiEN0mML,<verse_1> D G Fsmin Fs D G Fsmin Fs D G Fsmin Fs D G Fsmin Fs G <chorus_1> D G Fsmin Fs D G Fsmin Fs D G Fsmin Fs D G Fsmin Fs G <instrumental_1> D G Fsmin Fs D G Fsmin Fs <verse_2> D G Fsmin Fs D G Fsmin Fs D G Fsmin Fs D G Fsmin Fs G <chorus_2> D G Fsmin Fs D G Fsmin Fs D G Fsmin Fs D G Fsmin Fs G <instrumental_2> D G Fsmin Fs D G Fsmin Fs <bridge_1> D G Fsmin Fs D G Fsmin Fs D G Fsmin Fs D G Fsmin Fs <chorus_3> D G Fsmin Fs D G Fsmin Fs D G Fsmin Fs D G Fsmin Fs <outro_1> G,artist_421
2005,2nelV9bdqHKx775qhYCWO7,<intro_1> G D G D C D C D <verse_1> G D G D C D C D G D G D C D C D <bridge_1> G D G D C D C D <verse_2> G D G D C D C D G D G D C D C D <bridge_2> Emin C D Emin C D Emin C D C D <verse_3> G D G D C D C D G D G D C D C D G C D C D G,artist_422
2010,2VB6kCNlIL9lqZ5kJVdKjB,<intro_1> Amin C F G Amin C F G <verse_1> Amin C F G Amin C F G Amin C F G Amin G C <chorus_1> G F C G F C F G Amin F G C F C F <verse_2> Amin C F G Amin C F G Amin C F G Amin G C <chorus_2> G F C G F C F G Amin F G C F <chorus_3> G F C G F C F G Amin F G Amin G F G Amin G F G C F C F <outro_1> Amin C F G F G F G F C G C G F C G C G F C,artist_423
2023,7wYCva1bI1AkHRQoVXhy8F,<intro_1> Cmaj7 Gmaj7 Cmaj7 Gmaj7 Bmin Cmaj7 Gmaj7 Cmaj7 Gmaj7 Bmin <verse_1> Cmaj7 Gmaj7 Cmaj7 Gmaj7 Bmin Cmaj7 Gmaj7 Cmaj7 Gmaj7 Bmin <chorus_1> Cmaj7 Gmaj7 Cmaj7 Gmaj7 Cmaj7 Gmaj7 Cmaj7 Gmaj7 Bmin Cmaj7 Gmaj7 <verse_2> Cmaj7 Gmaj7 Cmaj7 Gmaj7 Bmin Cmaj7 Gmaj7 Cmaj7 Gmaj7 Bmin <chorus_2> Cmaj7 Gmaj7 Cmaj7 Gmaj7 Cmaj7 Gmaj7 Cmaj7 Gmaj7 Bmin <instrumental_1> Emin D Cmaj7 D <bridge_1> Emin D Cmaj7 D Emin D Cmaj7 D <chorus_3> Cmaj7 Gmaj7 Cmaj7 Gmaj7 Cmaj7 Gmaj7 Cmaj7 Gmaj7 Bmin Cmaj7,artist_421
2023,1oeKqHrG4EGSAQd9PgvPgs,<intro_1> F Amin C G <verse_1> F Amin C G F Amin C G F Amin C G F Amin C G F Amin C G C <chorus_1> Amin G Amin F Amin G F <instrumental_1> A C G <verse_2> F Amin C G F Amin C G F Amin C G F Amin C G F Amin C G C <chorus_2> Amin G Amin F Amin G C <chorus_3> Amin G Amin F Amin G F <instrumental_2> Amin C G <bridge_1> F Amin C G F Amin C G F Amin C G F Amin C G F Amin C G F Amin C G F Amin C G F Amin C G <chorus_4> C Amin G Amin F Amin G C <chorus_5> Amin G Amin F Amin G C <chorus_6> Amin G Amin F Amin G C <instrumental_3> F Amin C G F Amin C G F,artist_424
2023,7EUhSxz4srS8pqh1cENbLB,<intro_1> Emin D G A G C D Amin G <verse_1> Emin D Bmin A G C D Cmaj7 <chorus_1> G Emin Bmin A G Emin Bmin A G <verse_2> Emin D Bmin A G C D Cmaj7 <chorus_2> G Emin Bmin A G Emin Bmin A D <bridge_1> Cmaj7 D Amin Bmin Cmaj7 D Amin Bmin Cmaj7 D Amin Bmin Cmaj7 D Amin Bmin <chorus_3> G Emin Bmin A G Emin Bmin A G Emin Bmin A G Emin Bmin A G,artist_421
2014,2lFrU5wsc4o8Jgpb8TpHQp,<intro_1> Dmin C Dmin C <chorus_1> Dmin F C Dmin F C As Dmin F C Dmin F C As <verse_1> Dmin D Dmin F C Dmin F C Dmin F C Dmin F C As A <chorus_2> Dmin F C Dmin F C As Dmin F C Dmin F C As <verse_2> Dmin F D F Dmin F C Dmin F C Dmin F C Dmin F C Dmin F C Dmin F C <chorus_3> Dmin F C Dmin F C As Dmin F C Dmin F C As <verse_3> Dmin F C As D Dmin F C Dmin F C As A Dmin F C Dmin F C <chorus_4> Dmin F C Dmin F C As Dmin F C Dmin F C As Dmin,artist_425
2023,2Jb3hVkRFoiiwXYcELiBfC,<intro_1> Emin Cmaj7 Emin Bmin Cmaj7 Emin Bmin <verse_1> Cmaj7 Emin Bmin Cmaj7 Emin Bmin Cmaj7 Emin Bmin Cmaj7 Emin Bmin <chorus_1> Cmaj7 Emin Cmaj7 Amin D Emin Cmaj7 Amin Cmaj7 Emin Bmin <verse_2> Cmaj7 Emin Bmin Cmaj7 Emin Bmin Cmaj7 Emin Bmin Cmaj7 Emin Bmin <chorus_2> Cmaj7 Emin Cmaj7 Amin D Emin Cmaj7 Amin Cmaj7 Emin <instrumental_1> Cmaj7 Emin <bridge_1> Amin Cmaj7 G Amin Cmaj7 G Amin Cmaj7 G Amin Cmaj7 G <chorus_3> Cmaj7 Emin Cmaj7 Amin D Emin Cmaj7 Amin Cmaj7 Emin Amin D Emin Cmaj7 Amin Cmaj7 Emin Bmin,artist_421
2022,60AZe1jpvHj4Wugt9Igt5s,<intro_1> A E B7 E <verse_1> A B7 E A E B7 E <verse_2> A E A B7 E A E B7 E <bridge_1> A B7 E <verse_3> A E B7 E A E B7 E <verse_4> A E A B7 E A E B7 E,artist_427
2023,4w34xOG4R20bcijSufbq8l,<intro_1> Emin7 Bmin Emin7 Bmin G <verse_1> Emin7 Bmin G Emin7 Bmin G Fsmin Emin7 Dmaj7 A Emin7 Dmaj7 <chorus_1> Bmin D G Bmin D G Emin7 <verse_2> Bmin G Emin7 Bmin G Fsmin Emin7 Dmaj7 A Emin7 Dmaj7 <chorus_2> Bmin D G Bmin D G <instrumental_1> Fsmin G Bmin <bridge_1> G Fsmin G Bmin G A G Emin7 <chorus_3> Bmin D G Bmin D G Emin7,artist_421
2023,2bfOeIn8bQkRr02NNX29tR,<intro_1> Fmaj7 Cmaj7 Amin Fmaj7 Cmaj7 Amin Fmaj7 Cmaj7 Amin Fmaj7 Cmaj7 Amin <verse_1> Fmaj7 Cmaj7 Amin Fmaj7 Cmaj7 Amin <chorus_1> Dmin7 Fmaj7 Cmaj7 Dmin7 Fmaj7 Cmaj7 Dmin7 Fmaj7 Amin Dmin7 Fmaj7 Cmaj7 Fmaj7 Cmaj7 Amin <verse_2> Fmaj7 Cmaj7 Amin Fmaj7 Cmaj7 Amin <chorus_2> Dmin7 Fmaj7 Cmaj7 Dmin7 Fmaj7 Cmaj7 Dmin7 Fmaj7 Amin Dmin7 Fmaj7 Cmaj7 Fmaj7 Cmaj7 Amin <bridge_1> Fmaj7 Amin G Fmaj7 Amin G Fmaj7 Amin Cmaj7 G Emin Fmaj7 Amin G Emin <chorus_3> Dmin7 Fmaj7 Cmaj7 Dmin7 Fmaj7 Cmaj7 Dmin7 Fmaj7 Amin Dmin7 Fmaj7 Cmaj7 <outro_1> Fmaj7 Cmaj7 Amin Fmaj7 Cmaj7 Amin Fmaj7 Cmaj7 Amin Fmaj7 Cmaj7 Amin Fmaj7 Cmaj7 Amin Fmaj7 Cmaj7 Amin Fmaj7 Cmaj7 Amin Fmaj7,artist_421
2023,1rpaiQIgFkFg76VUTRuh2m,<intro_1> B Dsmin E Fs <verse_1> B Dsmin E Fs B Dsmin E Fs B Gsmin E Fs B Gsmin B <chorus_1> Gsmin Dsmin E Dsmin E B Gsmin Dsmin E Dsmin E <verse_2> B Dsmin E Fsmin B Dsmin E Fs B Gsmin E Fs B Gsmin B <chorus_2> Gsmin Dsmin E Dsmin E B Gsmin Dsmin E Dsmin E B Dsmin E B Dsmin E B Dsmin E B Dsmin E,artist_428
2023,5NRtdsFFlmyE8qDMgS08PE,<intro_1> Fs D Fs D <verse_1> Fs D Fs D Fs D Fs D Fs D Fs D <chorus_1> Fs D Fs D Fs D Fs D <verse_2> Fs D Fs D Fs D Fs D Fs D Fs D <chorus_2> Fs D Fs D Fs D Fs D <instrumental_1> Fs D Fs D <bridge_1> Fs D Fs D <chorus_3> Fs D Fs D Fs D Fs D Fs D Fs D Fs D Fs D,artist_421
2016,0QqKwogBhBEouLNmOuCsDw,<intro_1> Gmaj7 Eminadd9 <verse_1> Gmaj7 Eminadd9 Gmaj7 Eminadd9 Cmaj7 Bmin Gmaj7 Cmaj7 Bmin Gmaj7 Eminadd9 <verse_2> Gmaj7 Eminadd9 Gmaj7 Eminadd9 Cmaj7 Bmin Gmaj7 Cmaj7 Bmin Gmaj7 Eminadd9 Gmaj7 Eminadd9 C G <chorus_1> C G C G C G C G C G C G C G C G C G C <chorus_2> G C G C G C G Cmaj7 Bmin Gmaj7 Cmaj7 Bmin Gmaj7 Eminadd9 Gmaj7 Eminadd9 <verse_3> Gmaj7 Eminadd9 Gmaj7 Eminadd9 Gmaj7 Eminadd9 Gmaj7 Eminadd9 Cmaj7 Bmin Gmaj7 Cmaj7 Bmin Gmaj7 Eminadd9 Gmaj7 Eminadd9 C G <chorus_3> C G C G C G C G C G,artist_429
2017,40fvcDX5oxbLZXOoIBJ8II,<intro_1> F <verse_1> Gmin C F C F <chorus_1> Bb F C F Gmin Amin Dmin Gmin C F <verse_2> Gmin C F C F <chorus_2> Bb F C F Gmin Amin Dmin Gmin C F <instrumental_1> Gmin Amin Dmin Gmin C F Cs <verse_3> Fs Gsmin Cs Fs Cs Fs <chorus_3> B Fs Cs Fs Gsmin Asmin Dsmin Gsmin Cs Fs <outro_1> B Fs Cs Fs Gsmin Asmin Dsmin Gsmin Cs Fs,artist_431
2017,2eKK8yecnfdNlpqmy1R7oR,<intro_1> Ds Gmin A7 D7 G A D7 G <verse_1> F7 E7 Amin7 D7 D G Amin G D G Gsdim E7 Amin7 F7 G Gsdim F7 E7 A7 D7 G <chorus_1> D7 Gmin F7 As Gs7 G7 Cmin F7 As Ds Gmin A7 D7 Gmin <instrumental_1> Ds7 D7 D <verse_2> G Bmin E7 Amin7 D7 D G Amin Gdim G D7 G Bmin E7 Amin F7 G Gsdim F7 E7 A7 D G <chorus_2> D7 Gmin F7 As Gs7 G7 Cmin F7 As Ds Gmin A7 D7 Gmin D Gmin,artist_33
2005,6LRRnDBaalYj2dS33cpjxN,<intro_1> C <verse_1> F G C F G Emin Amin Emin Amin Emin Amin F G <chorus_1> Amin C Amin G Amin C Amin G <verse_2> C F G C F G Emin Amin Emin Amin Emin Amin F G <chorus_2> Amin C Amin G Amin C Amin G <bridge_1> E F Bb Amin F Dmin F Dmin G Dmin E G <outro_1> C Amin E Amin,artist_433
2018,5z3JoCggEaXnTI3E2ZDp05,<intro_1> Emin7 G D Bmin D Emin7 G <verse_1> D Bmin D Bmin D Bmin D Bmin Emin7 A D Bmin D Bmin <verse_2> D Bmin D Bmin D Bmin D Bmin Emin7 A D Bmin D Bmin <chorus_1> Emin7 A D Bmin D Bmin Emin7 G D Bmin D Bmin <interlude_1> Emin7 G <verse_3> D Bmin D Bmin D Bmin D Bmin Emin7 A D Bmin D Bmin <chorus_2> Emin7 A D Bmin D Bmin Emin7 G D Bmin D Bmin <outro_1> Emin7 G D Bmin D Bmin Emin7 G D Bmin D,artist_435
2001,4QO00F2MwWmZ37IeoSWejw,<intro_1> Asus2 E B <verse_1> A E B A E B A E/Gs Bsus4 A E/Gs Bsus4 <chorus_1> E Bsus4 Fsmin7 A E Bsus4 Fsmin7 A Csmin7 A Fsmin7 A E Bsus4 Dadd13 <verse_2> A E B A E B A E/Gs Bsus4 A E/Gs Bsus4 <chorus_2> E Bsus4 Fsmin7 A E Bsus4 Fsmin7 A Csmin7 A Fsmin7 A E Bsus4 Dadd13 <bridge_1> Fsmin7 G Bmin7 Csus2 Fsmin7 G Bmin7 A G <solo_1> Csmin7 D E Csmin7 A Fsmin7 A E Bsus4 Dadd13 <chorus_3> E Bsus4 Fsmin7 A E Bsus4 Fsmin7 A E Bsus4 Fsmin7 A E Bsus4 Fsmin7 A Csmin7 A Fsmin7 A E Bsus4 Dadd13 E,artist_436
2001,43hxiM60UPz15vh7JtBWuf,<intro_1> A E A E <verse_1> A E A E A G Fsmin7 F <chorus_1> A Emin F Dmin A Emin F Dmin A Emin D A/Cs C G A <instrumental_1> E <verse_2> A E A E A G Fsmin7 F <chorus_2> A Emin F Dmin A Emin F Dmin A Emin D A/Cs C G <instrumental_2> Csno3d Bno3d Gno3d Ano3d Csno3d Bno3d Eno3d Ano3d Csno3d Bno3d Gno3d Ano3d E <solo_1> A E F Dmin A G Fsmin7 F <chorus_3> A Emin F Dmin A Emin F Dmin A Emin D A/Cs C G A Emin F Dmin A Emin F Dmin A Emin F Dmin <outro_1> A E A E A,artist_436
2022,0RwyaIGtHqnSVjlbnV6GxJ,<verse_1> G D Bmin A G D A A7 G D Bmin A A7 G D A A7 <chorus_1> G D Bmin A A7 G D A A7 G D Bmin A A7 G D A A7 G D Bmin A G D A A7 <verse_1> G D Bmin A G D Bmin A A7 G A Bmin G A Bmin G A Fs Bmin A A7 <chorus_2> G D Bmin A A7 G D A A7 G D Bmin A A7 G D A A7 <outro_1> G D Bmin A G D A A7,artist_437
2022,2HUWePdV0AFS4mipk4G28q,<intro_1> C <verse_1> G C G C <bridge_1> G Amin G Amin Emin C G7 C G D C G C <verse_2> G C G C <bridge_2> G Amin G Amin Emin C G7 C G D C G C <verse_3> G C G C G C <outro_1> Amin C Amin Emin C G7 C G D C,artist_438
2022,3hVbWl8FXniKgKHwExeqFh,<intro_1> G D Emin C <verse_1> G D Emin D G D Emin C D <chorus_1> Emin C G D Emin C G D D7 G D Emin C <verse_2> G D Emin C D G D Emin C D <chorus_2> Emin C G D Emin C G D D7 G D Emin C G D Emin C D D7 Emin C G D D7 Emin C G D D7 <outro_1> Emin C G D D7 Emin C G D D7 Emin,artist_437
2021,4nZEzbQJsML7axnpndGlx7,<verse_1> G C Emin D G C Emin D D7 G C Emin D D7 G C Emin D D7 <chorus_1> Emin C G D D7 Emin C G D D7 Emin C G D D7 Emin C D D7 <verse_2> G C Emin D G C Emin D D7 G C Emin D D7 G C Emin D D7 <chorus_2> Emin C G D D7 Emin C G D D7 Emin C G D D7 Emin C D D7 C D Bmin Emin D C D Bmin Emin D C D D7 Emin C G D D7 Emin C G D D7 Emin C G D D7 Emin C G D D7 Emin C G D D7 Emin C D D7 <outro_1> Emin C G D Emin C G D,artist_437
2022,78UitC8kxvWCClPPwkWAgE,<intro_1> G D Amin C G D Amin C <verse_1> G D Amin C D G D Amin C D G D Amin C D G D Amin C D <chorus_1> G D Amin C D D7 G D Amin C D D7 G D Amin C D D7 <verse_2> G D Amin C D G D Amin C D G D Amin C D G D Amin C D <chorus_2> G D Amin C D D7 G D Amin C D D7 G D Amin C D D7 G D Amin C D D7 G D Amin C D D7 G D Amin C D D7 G D Amin C D D7 G,artist_437
2021,6C1tJiIj7TccUh3YEx9f43,<verse_1> Bmin G D A A7 Bmin A G D A A7 Bmin G D A A7 Bmin A G D A A7 <chorus_1> Bmin G D A Bmin A G D A A7 Bmin G D A Bmin A G D A A7 Bmin G D A <verse_2> A7 Bmin G D A A7 Bmin A G D A A7 Bmin G D A A7 Bmin A G Bmin G D A G A A7 <chorus_2> Bmin G D A Bmin A G D A A7 Bmin G D A Bmin A G D A A7 Bmin G D A Bmin A G D A A7 <outro_1> Bmin G D A A7 Bmin A G D A Bmin G D A A7 Bmin A G D A A7,artist_437
2022,4uxQTrY3t7CgKttKJsazLc,<intro_1> C G Amin F C G Amin F G <verse_1> C G Amin F C G Amin F G C G Amin F C G Amin F G Amin F C G Amin F C G <chorus_1> F G C Amin F Amin F G F G C Amin F Amin F G F G C G Amin F G C F C G C F Amin G C F Amin G <chorus_2> F G C Amin F Amin F G F G C Amin F Amin F G F G C G Amin F <outro_1> C G Amin F C G Amin F G,artist_437
2022,1tM4K9YPlP1soTZXMHAxPM,<intro_1> G D Emin C G D Emin C D D7 <verse_1> G D Emin D G D Emin D D7 Emin C G D D7 Emin C G D <chorus_1> G D Emin C G D Emin C D G D D7 <verse_2> G D Emin C G D Emin C D D7 Emin C G D D7 Emin C G D <chorus_2> G D Emin C G D Emin C D Emin C G D D7 Emin C G D G D Emin C G D Emin C D G D Emin C G D Emin C D G,artist_437
2016,1X7RdbDd9xKlXir2cUmRCr,<verse_1> Dsmin D Dsmin D Cssus4 Bno3d Ano3d Cssus4 Bno3d Dsmin7 Dmaj7 Dsmin7 Dmaj7 <verse_2> Dsmin D Dsmin D Cssus4 Dsaugmaj7/Cs Csaugmaj7/A Csno3d Bno3d Gsaugmaj7/E Dsaugmaj7/B Csaugmaj7/A Gsaugmaj7/E Dsaugmaj7/B Csaugmaj7/A Gsaugmaj7/E Dsaugmaj7/B Csaugmaj7/A Gsaugmaj7/E Dsaugmaj7/B Csaugmaj7/A Gsaugmaj7/E Dsaugmaj7/B Csaugmaj7/A Gsaugmaj7/E Dsaugmaj7/B Csaugmaj7/A Gsaugmaj7/E Dsaugmaj7/B Csaugmaj7/A Gsaugmaj7/E Dsaugmaj7/B Csaugmaj7/A Gsaugmaj7/E Dsaugmaj7/B Csaugmaj7/A Gsaugmaj7/E Dsaugmaj7/B Csaugmaj7/A Gsaugmaj7/E Dsaugmaj7/B Csaugmaj7/A Gsaugmaj7/E Dsaugmaj7/B Csaugmaj7/A E,artist_19
2021,5GwXSdqUvaTqzT31szDMwI,<intro_1> Emin G D <verse_1> Emin G D Emin G D <chorus_1> Emin G D Emin G D <verse_2> Emin G D Emin G D <chorus_2> Emin G D Emin <bridge_1> Amin D Amin D Amin D Amin D <chorus_3> G D Emin G D Emin G D Emin G D G D G D,artist_441
2017,4HyrU5YjWXAlhR8kXm5w4e,<intro_1> Emin <verse_1> D A Emin D A Emin <verse_2> D A Emin D A Emin <chorus_1> D A Emin <verse_3> D A Emin D A Emin <bridge_1> A Bmin C D B <chorus_2> Emin D A Emin <chorus_3> D A Emin,artist_442
2021,6LBpjWMfy1NUfyxAJbcMRs,<intro_1> E Gsmin7 A Amin B <verse_1> E Gsmin A B7 <verse_2> E Gsmin A B7 Fsmin D B B7 <chorus_1> A B7 Gsmin Gs7 Csmin B <chorus_2> A B7 Gs Gs/C Csmin B A B7 <interlude_1> E Gsmin A Amin B7 <verse_3> E Gsmin A B7 E Gsmin A B7 Fsmin D B B7 <chorus_3> B Bb A B7 Gsmin Gs/C Csmin B <chorus_4> A B7 Gs Gs/C Csmin B A B7 A <interlude_2> B Gsmin Gs/C Csmin B <chorus_5> A B7 Gs Gs/C Csmin B A B7 E <outro_1> Gsmin A Amin B7 E,artist_443
2023,1tLF8UaFMkT28AUCOO2ccd,<intro_1> Gsmin Dsadd11 Gsmin/B Gsmin Dsadd11 Gsmin/B <verse_1> Gsmin Dsadd11 Gsmin Dsadd11 Gsmin Dsadd11 Csmin Gsmin Dsadd11 <chorus_1> Csmin B Gsmin Fs Csmin B Gsmin Fsadd13 Emin7 Emin Gsmin Dsadd11 Csmin Gsmin Dsadd11 Csmin Gsmin Dsadd11 Csmin Gsmin Dsadd11 Eadd13 <chorus_2> Csmin B Gsmin Fs Csmin B Gsmin Fs Emin7 Emin E Csmin Gsmin Fs E Csmin Gsmin Fsadd13 E Csmin Gsmin Fsadd13 Csmin Badd13 Gsmin Fsadd13,artist_444
2017,4sSqslLbaYNsYMu3sIQh3c,<intro_1> G Amin C Bmin Emin <verse_1> G Amin C Bmin Emin G Amin C Bmin Emin G Amin C Bmin Emin G Amin C Bmin Emin <chorus_1> C G Amin C G Amin Emin <interlude_1> G Amin C Bmin Emin <verse_2> G Amin C Bmin Emin G Amin C Bmin Emin <chorus_2> C G Amin C G Amin Emin <solo_1> G Amin C Bmin Emin G Amin C Bmin Emin C G Amin C G Amin Emin <verse_3> G Amin C Bmin Emin G Amin C Bmin Emin <chorus_3> C G Amin C G Amin Emin <outro_1> C G Amin C G Amin Emin G Amin C Bmin Emin,artist_445
2019,6ZzqsrZ1xAjDzd2ORGOzoA,<verse_1> D A D A D <chorus_1> A D <verse_2> A D A D <chorus_2> A D,artist_447
2007,2y2fBWTVMVbzPlmxkLojE7,<intro_1> D A G D <verse_1> A G D A G D A G D A G D A G D A G D A G D A G D,artist_448
2021,5JDWJtBLdArudvrEiCrv5G,<intro_1> C G Dmin F C G Dmin F C <verse_1> G Dmin F C G Dmin F <chorus_1> C G Dmin F C G Dmin F C G Dmin F C <verse_2> G Dmin F C G Dmin F <chorus_2> C G Dmin F C G Dmin F C G Dmin F C <verse_3> G Dmin F C G Dmin F <chorus_3> C G Dmin F C G Dmin F <interlude_1> C G Dmin F C G Dmin F C G Dmin F C G Dmin F <chorus_4> C G Dmin F C G Dmin F <verse_4> C G Dmin F C G Dmin F <chorus_5> C G Dmin F C G Dmin F C,artist_450
2023,0fQIh3kxy3MeDDuHuJMEXN,<intro_1> C G Amin F C G Amin F <verse_1> C G Amin F C G Amin F C G Amin F C G Amin F C G Amin F C G Amin F <verse_2> C G Amin F C G Amin F C G Amin F C G Amin F <chorus_1> C G Amin F C G Amin F C G Amin F <verse_3> C G Amin F C G Amin F C G Amin F C G Amin F <chorus_2> C G Amin F C G Amin F C <outro_1> G Amin F C G Amin F,artist_451
2023,2zSb2Db4kNYH5qIs5V3BgG,<intro_1> Eno3d Fsno3d Ano3d Eno3d Fsno3d Bno3d Eno3d Fsno3d Ano3d Eno3d Fsno3d Bno3d Cno3d Eno3d Fsno3d Ano3d Eno3d Fsno3d Bno3d Eno3d Fsno3d Ano3d Eno3d Fsno3d Bno3d Cno3d Fsno3d Bno3d Ano3d Bno3d Ano3d Fsno3d Bno3d Ano3d Bno3d Fsno3d Bno3d Ano3d Bno3d Ano3d Fsno3d Bno3d Ano3d Fsno3d Eno3d Fsno3d Ano3d Bno3d Cno3d Fsno3d Ano3d Bno3d Cno3d Fsno3d Ano3d Bno3d Cno3d <verse_1> Eno3d Fsno3d Eno3d Fsno3d Eno3d Fsno3d Gno3d Ano3d Eno3d Fsno3d Eno3d Fsno3d Eno3d Fsno3d Gno3d Ano3d Eno3d Fsno3d Eno3d Fsno3d Eno3d Fsno3d Gno3d Ano3d Eno3d Fsno3d Eno3d Fsno3d Eno3d Fsno3d Gno3d Ano3d Eno3d Cno3d Dno3d Cno3d Dno3d Cno3d Dno3d Ebno3d Cno3d Dno3d Cno3d Dno3d Cno3d Dno3d Cno3d Dno3d Ebno3d Cno3d Dno3d <chorus_1> Eno3d Bbno3d Ano3d Eno3d Bbno3d Ano3d Bbno3d Ano3d Eno3d Bbno3d Ano3d Eno3d Bbno3d Ano3d Bno3d Cno3d <interlude_1> Fsno3d Ano3d Bno3d Cno3d Fsno3d Ano3d Bno3d Cno3d <verse_2> Eno3d Fsno3d Eno3d Fsno3d Eno3d Fsno3d Gno3d Ano3d Eno3d Fsno3d Eno3d Fsno3d Eno3d Fsno3d Gno3d Ano3d Eno3d Fsno3d Eno3d Fsno3d Eno3d Fsno3d Gno3d Ano3d Eno3d Fsno3d Eno3d Fsno3d Eno3d Fsno3d Gno3d Ano3d Eno3d Cno3d Dno3d Cno3d Dno3d Cno3d Dno3d Ebno3d Cno3d Dno3d Cno3d Dno3d Cno3d Dno3d Cno3d Dno3d Ebno3d Cno3d Dno3d <chorus_2> Eno3d Bbno3d Ano3d Eno3d Bbno3d Ano3d Bbno3d Ano3d Eno3d Bbno3d Ano3d Eno3d Bbno3d Ano3d Bno3d Cno3d <interlude_2> Fsno3d Ano3d Bno3d Cno3d Bno3d Ano3d Bno3d Fsno3d Ano3d Bno3d Cno3d Bno3d Ano3d Fsno3d Ano3d Bno3d Cno3d Bno3d Ano3d Bno3d Fsno3d Ano3d Bno3d Cno3d Bno3d Ano3d Fsno3d Ano3d Bno3d Cno3d Bno3d Ano3d Bno3d Fsno3d Ano3d Bno3d Cno3d Bno3d Ano3d Fsno3d Ano3d Bno3d Cno3d Bno3d Ano3d Bno3d Fsno3d Ano3d Bno3d Cno3d Bno3d Ano3d Fsno3d Ano3d Bno3d Cno3d Bno3d Ano3d Bno3d Fsno3d Ano3d Bno3d Cno3d Bno3d Ano3d Fsno3d Ano3d Bno3d Cno3d Bno3d Ano3d Bno3d Fsno3d Ano3d Bno3d Cno3d Bno3d Ano3d Fsno3d Ano3d Bno3d Cno3d Bno3d Ano3d Bno3d Fsno3d Ano3d Bno3d Cno3d Bno3d Ano3d Fsno3d Ano3d Bno3d Cno3d Bno3d Ano3d Bno3d Fsno3d Ano3d Bno3d Cno3d Bno3d Ano3d <bridge_1> Fsno3d Ano3d Bno3d Cno3d Bno3d Ano3d Bno3d Fsno3d Ano3d Bno3d Cno3d Bno3d Ano3d Fsno3d Ano3d Bno3d Cno3d Bno3d Ano3d Bno3d Fsno3d Ano3d Bno3d Cno3d Bno3d Ano3d Eno3d Fsno3d Eno3d Fsno3d Eno3d Fsno3d Ano3d Bno3d Cno3d Bno3d Ano3d Eno3d Fsno3d Eno3d Fsno3d Eno3d Fsno3d Ano3d Bno3d Cno3d Bno3d Ano3d Eno3d Fsno3d Eno3d Fsno3d Eno3d Fsno3d Ano3d Bno3d Cno3d Bno3d Ano3d Eno3d Fsno3d Eno3d Fsno3d Eno3d Fsno3d Ano3d Bno3d Cno3d Bno3d Ano3d Fsno3d Cno3d Bno3d Eno3d <interlude_3> Fsno3d Eno3d Fsno3d Eno3d Fsno3d Eno3d Fsno3d Cno3d Bno3d Gno3d Fsno3d Cno3d Bno3d Eno3d Fsno3d Cno3d Bno3d Gno3d Fsno3d Cno3d Bno3d Eno3d <bridge_2> Fsno3d Cno3d Bno3d Gno3d Fsno3d Cno3d Bno3d Eno3d Fsno3d Cno3d Bno3d Gno3d Fsno3d Cno3d Bno3d Eno3d Fsno3d Gno3d Eno3d Fsno3d Gno3d Eno3d Fsno3d Gno3d Eno3d Fsno3d Gno3d <chorus_3> Eno3d Bbno3d Ano3d Eno3d Bbno3d Ano3d Bbno3d Ano3d Eno3d Bbno3d Ano3d Eno3d Bbno3d Ano3d Bno3d Cno3d <interlude_4> Fsno3d Ano3d Bno3d Cno3d Bno3d Ano3d Bno3d Fsno3d Ano3d Bno3d Cno3d Bno3d Ano3d Fsno3d Ano3d Bno3d Cno3d Bno3d Ano3d Bno3d Fsno3d Ano3d Bno3d Fsno3d Ano3d Bno3d Cno3d Bno3d Ano3d Bno3d Fsno3d Ano3d Bno3d Cno3d Bno3d Ano3d Fsno3d Ano3d Bno3d Cno3d Bno3d Ano3d Bno3d Fsno3d Ano3d Bno3d Cno3d Bno3d Ano3d <bridge_3> Fsno3d Ano3d Bno3d Cno3d Bno3d Ano3d Bno3d Fsno3d Ano3d Bno3d Cno3d Bno3d Ano3d Fsno3d Ano3d Bno3d Cno3d Bno3d Ano3d Bno3d Fsno3d Ano3d Bno3d Cno3d Bno3d Ano3d <outro_1> Fsno3d Bno3d Ano3d Bno3d Ano3d Fsno3d Bno3d Ano3d Bno3d Fsno3d Bno3d Ano3d Bno3d Ano3d Fsno3d Bno3d Ano3d Fsno3d Eno3d Fsno3d,artist_452
2011,4jvazUN2aHuJxvJjmqrBqv,Bmin Gadd13 Fs7 A Emin C D Bmin Gadd13 Fs7 Bmin A Fs7 Bmin Gadd13 Fs7 Bmin A Fs7 Bmin Gadd13 Fs7 Bmin Gadd13 Fs7 Bmin A Fs7 Bmin A Fs7 Bmin Emin C D Bmin Emin C D Bmin Emin C D Bmin Emin C D Bmin Gadd13 Fs7 Bmin A Fs7 Bmin Gadd13 Fs7 Bmin Gadd13 Fs7 Bmin A Fs7 Bmin A Fs7 Bmin Emin C D Bmin Emin C D Bmin Emin C D Bmin Emin C D Bmin Gadd13 Fs7 Bmin A Fs7 Bmin Gadd13 Fs7 Bmin A Fs7 Bmin,artist_453
2022,0CGLGp4b9BFmTHiQvCsXGv,<intro_1> C F Amin F G C F Amin F G <verse_1> C F Amin F G C F Amin F G <chorus_1> C G Amin F Amin G/B C F Dmin C/E G C <interlude_1> F Amin F G C F Amin F G <verse_2> C F Amin F G C F Amin F G <chorus_2> C G Amin F Amin G/B C F Dmin C/E G C <interlude_2> F Amin F G <bridge_1> F C G Amin G F C G Amin G F C G Amin G F C G Amin G F C G <chorus_3> C G Amin F Amin G/B C F Dmin C/E G F C G Amin F Amin G/B C F Dmin C/E G C <interlude_3> F Amin F G C F Amin F G C,artist_455
2021,13vCQ1N7N0tqRH1d5jnNQA,<intro_1> Emin Esus2 Dsus2 Csus2/C G D <verse_1> Emin Esus2 Dsus2 Csus2/C G D <chorus_1> C D Emin Fsmin G D <verse_2> Emin Fsmin G C Emin Fsmin G D Emin Fsmin G C Bmin C D Amin <chorus_2> Bmin C D Emin Fsmin G D <bridge_1> Amin Emin G C Amin Emin G C <chorus_3> D Emin Fsmin G D,artist_456
2021,6gRn64hY90R4ZkrabIPa05,<verse_1> C G Amin C G Amin F G Amin Dmin G <chorus_1> C G Amin C G Amin F G Amin Dmin G <verse_2> C G Amin C G Amin F G Amin Dmin G <verse_3> C G Amin C G Amin F G Amin Dmin G <chorus_2> C G Amin C G Amin F G Amin Dmin G <verse_4> C G Amin C G Amin F G Amin Dmin G <chorus_3> C G Amin C G Amin F G Amin Dmin G,artist_457
2022,3gDR2fKnxyvDuVtL8BCF5n,<intro_1> A D A D A D <verse_1> A G D A G D A <bridge_1> G D A G D A <chorus_1> G D A G D A <verse_2> G D A G D A <bridge_2> G D A G D A <chorus_2> G D A G D A <bridge_3> G D A G D A <chorus_3> G D A G D A,artist_458
2021,0RKajkby9qSFKjChpfyYoW,<verse_1> Fmin Fs Fmin Fs Fmin Fs Fmin Fs Fmin <chorus_1> Fs Fmin Fs Fmin Fs Fmin Fs Fmin <verse_2> Fs Fmin Fs Fmin Fs Fmin Fs Fmin <chorus_2> Fs Fmin Fs Fmin Fs Fmin Fs Fmin <verse_3> Fs Fmin Fs Fmin Fs Fmin Fs Fmin <chorus_3> Fs Fmin Fs Fmin Fs Fmin Fs Fmin <verse_4> Fs Fmin Fs Fmin Fs Fmin <chorus_4> Fs Fmin Fs Fmin Fs Fmin Fs Fmin <outro_1> Fs Fmin Fs Fmin Fs Fmin Fs,artist_460
2021,5nLyf0oOizRtOfUMUaKWZm,<intro_1> Bbmaj7 Amin7 Dmin7/A Bbmaj7 Amin7 Dmin7 <verse_1> Bbmaj7 Amin7 Dmin7/A Bbmaj7 Amin7 Dmin7 Bbmaj7 Amin7 Dmin7/A Bbmaj7 Amin7 Dmin7 Bbmaj7 Amin7 Dmin7/A Bbmaj7 Amin7 Dmin7 Bbmaj7 Amin7 Dmin7/A Bbmaj7 Amin7 Dmin7 Bbmaj7 Amin7 Dmin7/A Bbmaj7 Amin7 <chorus_1> Bbmaj7 Amin7 Dmin7/A Bbmaj7 Amin7 Dmin7 Bbmaj7 Amin7 Dmin7/A Bbmaj7 Amin7 Dmin7 Bbmaj7 Amin7 Dmin7/A Bbmaj7 Amin7 Dmin7 <verse_2> Bbmaj7 Amin7 Dmin7/A Bbmaj7 Amin7 Dmin7 Bbmaj7 Amin7 Dmin7/A Bbmaj7 Amin7 Dmin7 Bbmaj7 Amin7 Dmin7/A Bbmaj7 Amin7 Dmin7 Bbmaj7 Amin7 Dmin7/A Bbmaj7 Amin7 Dmin7 Bbmaj7 Amin7 Dmin7/A Bbmaj7 Amin7 <chorus_2> Bbmaj7 Amin7 Dmin7/A Bbmaj7 Amin7 Dmin7 Bbmaj7 Amin7 Dmin7/A Bbmaj7 Amin7 Dmin7 Bbmaj7 Amin7 Dmin7/A Bbmaj7 Amin7 Dmin7 <bridge_1> Bbmaj7 Amin7 Dmin7/A Bbmaj7 Amin7 Dmin7 Bbmaj7 Amin7 Dmin7/A <chorus_3> Bbmaj7 Amin7 Dmin7/A Bbmaj7 Amin7 Dmin7 Bbmaj7 Amin7 Dmin7/A Bbmaj7 Amin7 Dmin7 Bbmaj7 Amin7 Dmin7/A Bbmaj7 Amin7 Dmin7 <outro_1> Bbmaj7 Amin7 Dmin7/A Bbmaj7 Amin7 Dmin7,artist_461
2022,2iS3P95EkgyRAHx2hLy0ga,<verse_1> D Fsmin D Fsmin Csmin D Fsmin Csmin D Fsmin D Fsmin E D Fsmin E D Fsmin E Bmin Fsmin Csmin D <chorus_1> Fsmin Csmin D Bmin Fsmin Csmin D Bmin Fsmin Csmin D Bmin Fsmin <verse_2> D Fsmin Csmin D Bmin Fsmin Csmin D Bmin Fsmin Csmin D Bmin Fsmin Csmin D <chorus_2> Fsmin E A D Fsmin D Bmin Fsmin Csmin D Bmin Fsmin <bridge_1> D Fsmin D Fsmin E Bmin Fsmin Bmin <verse_3> D Fsmin Csmin D Bmin Fsmin Csmin D Bmin Fsmin Csmin D Bmin Fsmin A D <chorus_3> Fsmin Csmin D Fsmin G,artist_462
2017,5xv7ansmoUPI67HcfPuuNX,<verse_1> C F C Amin F C G C F C Amin F C Dmin Amin C F <chorus_1> G F C G Amin Dmin G G7 <verse_2> C F C Amin F C G C F C Amin F C G Dmin Amin C F <chorus_2> G F C G Amin Dmin G G7 <bridge_1> C Amin F G C G C Amin F G C G Dmin G Dmin G G7 <verse_3> C F C C/B Amin F C G C F C Amin F C <chorus_3> F C G Amin F C G Amin Dmin G C <outro_1> Amin G Amin F G C G C Amin C G Amin F G C,artist_463
2008,66wfrvlXVOPFlC79OhiQJl,<intro_1> G Emin7 Cmaj9 G Emin7 Cmaj9 G Emin7 Cmaj9 G Emin7 Cmaj9 G <chorus_1> Emin7 Cmaj9 Dsus4 D Emin7 Amin7 C G <verse_1> Emin7 C G Emin7 C G <chorus_2> Emin7 Cmaj9 Dsus4 D Emin7 Amin7 C G <bridge_1> D Emin7 Amin7 C D Emin7 Amin7 G Emin7 C C <chorus_3> Emin7 Cmaj9 Dsus4 D Emin7 Amin7 C G Emin7 Cmaj9 Dsus4 D <chorus_4> Emin7 Cmaj9 Dsus4 D Emin7 Amin7 C G Emin7 Amin7 C G,artist_464
1994,7LpFD7TIcbYpN6fJBJtQjK,<intro_1> G Emin7 Amin D Bmin7 C G D Emin D7 G Emin C D G C G <verse_1> Emin Amin D Bmin7 Csus2 G D Bmin Csus2 G Emin7 Amin D G Emin Amin D Bmin Csus2 G D Bmin Csus2 G Emin7 Amin D G <chorus_1> C D G Emin7 Amin7 D7 G D Emin D G Bmin C D C G <solo_1> Emin D7 G Emin C D G C G <verse_2> Emin Amin D Bmin7 Csus2 G D Bmin Csus2 G Emin7 Amin D G Emin Amin D Bmin Csus2 G D Bmin Csus2 G Emin7 Amin D G <chorus_2> C D G Emin7 Amin7 D7 G Emin D G Bmin C D C <solo_2> Emin D7 G Emin C D G Emin D7 G Emin C D G C G <verse_3> D C G D C G D C G Emin7 Amin7 D G D C G D C G D C G Emin7 Amin7 D G <chorus_3> C D G Emin7 Amin7 D7 G D Emin D G Bmin C D Gsus4 <chorus_4> C D G Emin7 Amin7 D7 G D Emin D G Bmin C D C <outro_1> Emin D7 G Emin C D G Emin D7 G Emin C D G C G,artist_465
2022,40qb95F1GdotBLLJJ0NhXR,<intro_1> G D <verse_1> G Emin G Emin C G C G <verse_2> Emin G Emin C G C G G/Fs Emin Emin/Fs G G/Fs Emin Emin/Fs G <chorus_1> C G Emin D C G Emin D G D <verse_3> G Emin G Emin C G C G G/Fs Emin Emin/Fs G G/Fs Emin Emin/Fs G <chorus_2> C G Emin D C G Emin D C G Emin D C G Emin D G,artist_468
2019,0gWfyrNLqhiKhXD8oILKMD,<intro_1> Dmaj7 Csmin7 Bmin7 E13 Amaj7 Dmaj7 Csmin7 Bmin7 E13 Amaj7 <verse_1> Dmaj7 Csmin7 Bmin7 E13 Amaj7 Dmaj7 Csmin7 Bmin7 E13 Amaj7 <chorus_1> Bmin7 Csmin7 Dmaj7 Csmin7 Bmin7 Csmin7 Dmaj7 Csmin7 Bmin7 Csmin7 Dmaj7 Csmin7 Cmin7 Bmin7 Fs13 Amaj7 <verse_2> Dmaj7 Csmin7 Bmin7 E13 Amaj7 <chorus_2> Bmin7 Csmin7 Dmaj7 Csmin7 Bmin7 Csmin7 Dmaj7 Csmin7 Bmin7 <solo_1> Csmin7 Dmaj7 Csmin7 Cmin7 Bmin7 Fs13 A <chorus_3> Bmin7 Csmin7 Dmaj7 Csmin7 Bmin7 Dmaj7 Csmin7 Bmin7 E13 Amaj7 Dmaj7 Csmin7 Bmin7 E13 Amaj7,artist_469
2023,6Qw4HUMmHFOZDm7ifh2Vui,<verse_1> Dsmin Cs Dsmin Cs Dsmin Cs Dsmin Cs Dsmin Cs Dsmin Cs Dsmin Cs Dsmin Cs Dsmin Cs Dsmin Cs Dsmin Cs <chorus_1> Fs Cs Bbmin Gs Fs Cs Gssus4 Gs Fs Cs Gssus4 Gs Fs Cs Gssus4 Gs Fs Cs <verse_2> Dsmin Cs Dsmin Cs Dsmin Cs Dsmin Cs Dsmin Cs Dsmin Cs Dsmin Cs Fs Dsmin C/Fs Gs <chorus_2> Cs Fs Cs Bbmin Gs Fs Cs Gssus4 Gs Fs Cs Gssus4 Gs Fs Cs Gssus4 Gs Fs Cs Fs Gs <bridge_1> Bbmin Fs Gs Bbmin Fs <chorus_3> Cs Bbmin Gs Fs Cs Gssus4 Gs Fs Cs Gssus4 Gs Fs Cs Gssus4 Gs Fs Cs,artist_471
2022,7062vbsPmNVrgRQNfBlnYW,<verse_1> G D Emin C G D Emin C G D Emin C <chorus_1> G D Emin C G D Emin C G D Emin C <bridge_1> G D Emin C G D Emin7 C <chorus_2> G D Emin7 C G D Emin7 C G B Emin C <outro_1> G D Emin C G,artist_472
2019,0Mlp9ySQVrscxvfrh6Z3bi,<intro_1> E Csmin Fs A E Csmin Fs A E Csmin Fs A E Csmin Fs A E Csmin Fs A E Csmin Fs A E Csmin Fs A E Csmin Fs A E Csmin Fs A E Csmin Fs A E Csmin Fs A E Csmin Fs A E Csmin Fsmin A E Csmin Fs A E Csmin Fs A E Csmin Fs A E,artist_474
2020,1x6MXwyxf4R0V0Cdy4MnYl,<intro_1> Dmin7 Ab Bb <verse_1> Dmin7 Ab Bb Dmin7 Ab Bb Dmin7 Ab Bb Dmin7 Ab Bb Ab Bb Ab Bb <chorus_1> Dmin7 Ab Bb Dmin7 Ab Bb <verse_2> Dmin7 Ab Bb Dmin7 Ab Bb Dmin7 Ab Bb Dmin7 Ab Bb Ab Bb Ab <bridge_1> Dmin7 Bb Dmin7 Bb Dmin7 Bb Dmin7 Bb <outro_1> Dmin7 Ab Bb Dmin7 Ab Bb Dmin7 Ab Bb Dmin7 Ab Bb,artist_475
2014,3w77P9O8bZq7G3RDhsy59H,<intro_1> Fsmin Csmin E Fsmin Csmin E Fsmin Csmin E Fsmin Csmin E <verse_1> Fsmin Csmin E Fsmin Csmin E Fsmin Csmin E Fsmin Csmin E Fsmin E <bridge_1> Csmin E B <verse_2> Fsmin Csmin E Fsmin Csmin E Fsmin <chorus_1> Csmin E Fsmin Csmin E <outro_1> Fsmin Csmin E Fsmin Csmin E,artist_476
2019,7o0HI844pa9iN9rrA5H41Z,<intro_1> Bb C Dmin C Gmin C Dmin C <verse_1> F C Bb F Amin7 Bb <verse_2> F C Bb F Amin7 Bb <chorus_1> Dmin C Bb Dmin C Bb <verse_3> F C Bb F Amin7 Bb <verse_4> F C Bb F Amin7 Bb <chorus_2> Dmin C Bb Dmin C Bb <bridge_1> Dmin C Bb Dmin C Bb C Dmin C Gmin C Dmin C <chorus_3> Gmin C Dmin C Bb C Dmin C Gmin Dmin C Bb C Dmin C Gmin C Dmin C Gmin Dmin,artist_22
2019,1y1rQTkWmrZdJmjwuK07GC,<intro_1> Bmin Fsmin7 Bmin Fsmin G Asus4 D G A D G Emin7 A <chorus_1> D Fsmin G Asus4 A D Fsmin G Asus4 A D Fsmin D <verse_1> Fsmin G A D Bmin Fsmin G A D Fs7 Bmin Emin7 A G Asus4 D G A D G Emin7 A <chorus_2> D Fsmin G Asus4 A D Fsmin G Asus4 A,artist_477
2020,7uHoNWpMZ8BdJo3I6h9oIk,<intro_1> Amin G F G <verse_1> Amin G F G Amin G F G Amin G F G Amin G F G Amin G F G Amin G F G Amin G F G Amin G F G <chorus_1> Amin G F G Amin G F G Amin G F G Amin G F G <interlude_1> Amin G F G <verse_2> Amin G F G Amin G F G Amin G F G Amin G F G Amin G F G Amin G F G Amin G F G Amin G F G <chorus_2> Amin G F G Amin G F G Amin G F G Amin G F G <interlude_2> Amin G F G <verse_3> Amin G F G Amin G F G Amin G F G Amin G F G Amin G F G Amin G F G Amin G F G Amin G F G <chorus_3> Amin G F G Amin G F G Amin G F G Amin G F G <interlude_3> Amin G F G <verse_4> Amin G F G Amin G F G Amin G F G Amin G F G Amin G F G Amin G F G Amin G F G Amin G F G <chorus_4> Amin G F G Amin G F G Amin G F G Amin G F G Amin G F G <chorus_5> Amin G F G Amin G F G Amin G F G Amin G F G Amin G F G,artist_478
2023,2jeeJUdskWxxB8ivvTk0Z5,<intro_1> Bbmin7 <verse_1> Bbmin Bbmin7 Bbmin Bbmin7 Bbmin Bbmin7 Bbmin Bbmin7 Gb Bbmin Gb Bbmin Bbmin7 Bbmin Gb/Bb Bbmin Bbmin7 Bbmin Gb Bbmin Bbmin7 Gb Bbmin Fno3d <chorus_1> Bbmin Abadd13 Gmin7 Gb Db Cmin7 F7 Bbmin Abadd13 Gmin7 Gbmaj7 F7 Bbmin Gb/Bb Bbmin Gb/Bb <verse_2> Bbmin Bbmin7 Bbminadd13 Gbmaj7/Bb Bbmin Bbmin7 Bbminadd13 Gbmaj7/Bb Gb Bbmin Gb/Bb Bbmin Fadd11 <chorus_2> Bbmin Abadd13 Gmin7 Gbmaj7 F7 Db Ab/C B Gb/Bb Db/Ab Abmin7 B/Gb Gb Ebmin7 Gbadd9 Amaj7 Bbmin Abadd13 Gmin7 Gbmaj7 Db Cmin7 F7/A Bbmin Abadd13 Gmin7 Gbmaj7 F7 Bbmin,artist_479
2023,7zbLHH0prN66iIognD95F6,<verse_1> Bmin A Dmaj7 G Bmin A Dmaj7 G Bmin A D G Bmin A D <chorus_1> Bmin A D Gmaj7 Bmin A D Gmaj7 Bmin A D Gmaj7 Bmin A D Gmaj7 <verse_2> Bmin A Dmaj7 Bmin A Dmaj7 G Bmin A D G Bmin A D <chorus_2> Bmin A D Gmaj7 Bmin A D Gmaj7 Bmin A D Gmaj7 Bmin A D Gmaj7 <verse_3> Bmin A D Gmaj7 Bmin A D Gmaj7 Bmin D Bmin A Dmaj7 <chorus_3> Bmin A D Gmaj7 Bmin A D Gmaj7 Bmin A D Gmaj7 Bmin A D Gmaj7,artist_480
2023,3p5JD79PQP737dyEY2hnmf,<intro_1> C D Bmin Emin D C D Bmin Emin D C D Bmin Emin D C D Bmin Emin D <verse_1> C D Bmin Emin D C D Bmin Emin D C D Bmin Emin D C D Bmin Emin D <chorus_1> C D Bmin Emin D C D Bmin Emin D <instrumental_1> C D Bmin Emin D C D Bmin Emin D <verse_2> C D Bmin Emin D C D Bmin Emin D C D Bmin Emin D C D Bmin Emin D <chorus_2> C D Bmin Emin D C D Bmin Emin D <instrumental_2> C D Bmin Emin D C D Bmin Emin D <chorus_3> C D Bmin Emin D C D Bmin Emin D C D Bmin Emin D C D Bmin Emin D <outro_1> C D Bmin Emin D C D Bmin Emin D C D Bmin Emin D C D Bmin Emin D,artist_481
1991,1LISiPbB2YLJREwinzbN54,<chorus_1> C F Bb F <chorus_2> C Bb F Dmin F Dmin C F Bb F <chorus_3> C Bb F Bb F Bb F C F Bb F <chorus_4> C Bb F,artist_334
2022,24QSizv628ZFPezSgnwGdd,<intro_1> F C G F <verse_1> C G F C G <verse_2> C G F G <chorus_1> C G F C G C G F G C F G C Amin G F G C Amin G F C F <verse_3> C G F C G <verse_4> C G F G <chorus_2> C G F C G C G F B C F G C Amin G F G C Amin G F C F C F C F C F C F C F,artist_482
2022,0f71Yue16yAvu2KaEsbDx9,<intro_1> E D A <verse_1> E D A E D E D A E D A <chorus_1> E D A E D A E D A E D A <verse_2> E D A E D A E D A E D A <chorus_2> E D A E D A E D A E <solo_1> D A E D A <bridge_1> G A E G A Fs B <chorus_3> E D A E D A E D A E D A E D A <outro_1> E D A E D A D A D A E D A E,artist_483
2004,2qqhAGuMtFyv0YdiChqUXu,<intro_1> Csmin B Csmin B Csmin B Csmin B <verse_1> Csmin B Csmin B Csmin B Csmin B Csmin B Csmin B Csmin B Csmin B Csmin B Csmin B Csmin B Csmin B Csmin B Csmin B Csmin B Csmin B Csmin B Csmin B Csmin B Csmin B <chorus_1> Csmin B Csmin B Csmin B Csmin B <interlude_1> Csmin B Csmin B Csmin B Csmin B Csmin B Csmin B Csmin B Csmin B <verse_2> Csmin B Csmin B Csmin B Csmin B Csmin B Csmin B Csmin B Csmin B <chorus_2> Csmin B Csmin B Csmin B Csmin B Csmin B Csmin B,artist_484
2016,39CKyG1wRghlce98hmDTGt,<intro_1> A7 G7 C A7 C G C G A7 G7 C A7 C G C G <verse_1> A7 G7 Emin A7 C G C G A7 G7 Emin A7 C G C G A7 <chorus_1> Fsmin Emin Fsmin Emin Fsmin Emin C G A7 C G A7 <interlude_1> G7 C A7 C G C G A7 G7 C A7 C G C G <verse_2> A7 G7 Emin A7 C G C G A7 G7 Emin A7 C G C G A7 <chorus_2> Fsmin Emin Fsmin Emin Fsmin Emin C G A7 C G A7 <interlude_2> C G A7 <outro_1> C G A7 C G A7 C G A7 C G A7,artist_485
2019,1KQ8ESfJR7qkLLh5LR3BUC,<intro_1> Fs Cs Fs Asmin7 Gs <verse_1> Fs Cs Fs Asmin7 Gs Cs Fs Asmin7 Gs Dsmin7 Fmin7 Fs Gssus4 <chorus_1> Cs Gssus4 Asmin7 Fssus2 Cs Gssus4 Asmin7 Fssus2 <interlude_1> Fs Cs Fs Cs Asmin7 Gs <verse_2> Fs Cs Fs Asmin7 Gs Fs Cs Fs Asmin7 Gs Dsmin7 Fmin7 Fs Gssus4 <chorus_2> Cs Gssus4 Asmin7 Fssus2 Cs Gssus4 Asmin7 Fssus2 <interlude_2> Fs Cs Fs Cs Asmin7 Gs Fs Cs Fs Cs Asmin7 Gs Fs Cs Fs Cs Asmin7 Gs Fs Cs Fs Cs Asmin7 Gs Fs Cs Fs Cs Asmin7 Gs Fs Cs Fs Cs Asmin7 Gs Fs Cs Fs Cs Asmin7 Gs Fs Cs Fs Cs Asmin7 Gs Fs Cs Fs Cs Asmin7 Gs Fs Cs Fs Cs Asmin7 Gs <chorus_3> Asmin7 Fssus2 Cs Gssus4 Asmin7 Fssus2,artist_486
2022,5FC1Nm4dviw2WEEQ5cNPeU,<intro_1> C F C F C <verse_1> F C F C Amin F C F C <verse_2> F C F C Amin F C Amin C F <chorus_1> C Emin C F G C Emin C F G <verse_3> C F C F C Amin F C <verse_4> F C F C Amin F C <chorus_2> Emin F G C Emin F G Amin G F Amin G F Amin G F,artist_482
2019,1qN9L6jLVHWlsCo2FdvHaA,<intro_1> Cadd9 Emin G D <verse_1> Cadd9 Emin G D Cadd9 Emin G D Cadd9 D Emin Cadd9 D Emin <chorus_1> Cadd9 G Emin D Cadd9 G Emin D Cadd9 Emin G Bmin <verse_2> Cadd9 Emin G D Cadd9 Emin G D <chorus_2> Cadd9 G Emin D Cadd9 G Emin D Cadd9 G Emin D Cadd9 D Emin Cadd9 D Emin <chorus_3> Cadd9 G Emin D Cadd9 G Emin D Cadd9 G Emin D G,artist_487
2022,2kjC7Db9n6zN7XwOquPvS3,<intro_1> F Dmin Amin <verse_1> F Dmin Amin F Dmin Amin F Dmin Amin F Dmin Amin <chorus_1> F Dmin Amin F Dmin Amin <verse_2> F Dmin Amin F Dmin Amin F Dmin Amin F Dmin Amin <chorus_2> F Dmin Amin F Dmin Amin <verse_3> F Dmin Amin F Dmin Amin F Dmin Amin <chorus_3> F Dmin Amin F Dmin Amin F Dmin Amin F Amin F Dmin Amin,artist_488
2002,3EvolQ19qQJDsVFPuE9ySG,<intro_1> Eb G Ab <verse_1> Eb G Ab Eb G Ab Eb <chorus_1> G Ab Eb G Ab Eb G Ab Eb <verse_2> G Ab Eb G Ab Eb G Ab Eb G Ab Eb <chorus_2> G Ab Eb G Ab Eb G Ab Eb <outro_1> G Ab Eb,artist_489
2018,4omhBF7gkddYZXYx8aEfhN,<verse_1> E A E B A E B <chorus_1> E A D A E A E A <verse_2> E A E B A E B <chorus_2> E A D A E A E A <solo_1> E <verse_3> B A E B <chorus_3> E A D A E A,artist_106
2022,5431nMAW8bggPO2oAdDxXn,<intro_1> Cmin Gs Bb Fmin Gmin Cmin Gs Gmin Fmin Eb Dmin Cmin Csmin Cmin <verse_1> Gs Bb Fmin Eb Cmin Gs Bb Fmin Gs Fmin G Gs G <chorus_1> Amin F C G Amin F Amin F C G Amin F Cmin Gs Gmin Fmin Eb Dmin <verse_2> Cmin Gs Bb Fmin Eb Dmin Cmin Gs Bb Fmin Eb Dmin Gs Fmin G Gs G <chorus_2> Amin F C G Amin F Amin F C G Amin F <solo_1> Cmin Gs Bb F G Gs G <chorus_3> Amin F C G Amin F Amin F C G Amin F <outro_1> Cmin Csmin Cmin,artist_490
2023,35BICD5dEJLVicj9cV0jhe,<intro_1> Bmin <verse_1> Emin Bmin Emin Bmin Emin Bmin Emin Bmin Emin Bmin Emin Bmin Emin Bmin Eminadd13 Bmin Eminadd13 Bmin Eminadd13 Bmin Eminadd13 Emin Bmin Eminadd13 Bmin Eminadd13 Bmin Eminadd13 Bmin <chorus_1> Eminadd13 Bmin Eminadd13 Bmin Eminadd13 Bmin Eminadd13 Bmin Emin Bmin Emin Bmin Emin Bmin Edim Bmin Emin Bmin Emin Bmin Emin Bmin Emin <verse_2> Bmin Eminadd13 Bmin Eminadd13 Bmin Eminadd13 Bmin Eminadd13 Bmin Eminadd13 Bmin Eminadd13 Bmin Eminadd13 Bmin Edim Bmin Eminadd13 Bmin Eminadd13 Bmin Eminadd13 Bmin Eminadd13 Emin Bmin Eminadd13 Bmin Eminadd13 Bmin Eminadd13 Bmin <chorus_2> Eminadd13 Bmin Eminadd13 Bmin Eminadd13 Bmin Eminadd13 Bmin Emin Bmin Emin Bmin Emin Bmin Edim Bmin Emin Bmin Emin Bmin Emin Bmin Emin <interlude_1> Bmin <chorus_3> Eminadd13 Bmin Eminadd13 Bmin Eminadd13 Bmin Eminadd13 Bmin Emin Bmin Emin Bmin Emin Bmin Edim Bmin Emin Bmin Emin Bmin Emin Bmin Emin Bmin Eminadd13 Bmin Eminadd13 Bmin Eminadd13 Bmin Edim Bmin,artist_492
2023,3BmaFHt6q91CmMrA7fLLRC,<intro_1> Dmaj7 <verse_1> Fsmin7 G E9 E Dmaj7 Fsmin7 G E E9 Gmaj7 A7 Fs7 Bmin7 Bmin7/A Gmaj7 A7 Fs7 Bmin7 Bmin7/A Gmaj7 A7 Fs7 Bmin7 A E9 A7sus4 Dmaj7 <chorus_1> Emin7 A7 Dmaj7 D7 G Gmaj7 Emin7 A13 A7sus4 Abdim7 A7sus4 A7 <verse_2> Dmaj7 Fsmin7 Gmaj7 E9 D Dmaj7 Fsmin7 Gmaj7 E9 Gmaj7 A7 Fs7 Bmin7 Bmin7/A Gmaj7 A7 Fs7 Bmin7 Bmin7/A G A7 Fs7 Bmin7 Bmin7/A E9 A7sus4 Dmaj7 <chorus_2> Emin7 A7 Dmaj7 D D9 G Gmaj7/F Emin7 Gadd9/A Abdim7 A7sus4 A <bridge_1> Gmaj7 Dmaj7 Gmaj7 Dmaj7 Fs7 G Abdim7 A7 Bbdim7 Bmin7 E9 E7 A7sus4 <chorus_3> Dmaj7 Emin7 A7sus4 A7 D D7 G Gmaj7 Emin7 A7sus4 Abdim7 A7sus4 <instrumental_1> Dmaj7 Emin7 A7 Dmaj7 D7 G Gmaj7 Emin7 A7sus4 Abdim7 Gadd9/A A7,artist_493
2023,2m5wZJciBSeNQ3t9rErzCt,<intro_1> Eb <verse_1> Cmin Fmin Bb Eb Cmin Fmin Bb Eb Cmin Fmin Bb Eb Cmin Ab Bb G <chorus_1> Eb Fmin Bb Ab Eb Cmin Fmin Bb Ab Eb Bb Eb <verse_2> Cmin Fmin Bb Eb Cmin Fmin Bb Eb Cmin Fmin Bb Eb Cmin Ab Bb G <chorus_2> Eb Fmin Bb Ab Eb Cmin Fmin Bb Ab <interlude_1> Eb <verse_3> Cmin Fmin Bb Eb Cmin Ab Bb G <chorus_3> Eb Fmin Bb Ab Eb Cmin Fmin Bb Ab Bb Ab Bb Eb Db Ab Db,artist_494
2018,0x02IKC09GufIhUIW7WCbN,<intro_1> C Emin C Emin C Emin C Emin <verse_1> C Emin C Emin C Emin C Emin <chorus_1> F G F G F G C Emin C Emin <verse_2> C Emin C Emin C Emin C Emin C Emin C Emin <chorus_2> F G F G F G C Emin C Emin <verse_3> C Emin C Emin C Emin C Emin <chorus_3> F G F G F G C,artist_495
2023,2FyRW5FCNTKZNoFGHOwHPs,<intro_1> Bmin F Emin Gmin Bmin Emin G Bmin Gmin Bmin Gmin <verse_1> Bmin G Gmin Bmin G Bmin Gmin Bmin Gmin Bmin G Bb Bmin G Bmin Gmin Bb Bmin G Bb Bmin G <chorus_1> Bmin D G Bmin D Bmin D <instrumental_1> Bmin G Bmin Gmin G Bmin G Bmin G Bb <verse_2> Bmin G Bmin G Bmin G Bmin G Bmin G Bmin Emin Gmin Bmin Gmin Bmin C <chorus_2> G Bmin D G Bmin D Bmin D <instrumental_2> Bmin G Bmin G Bmin G Bmin G <verse_3> Bmin E G Bmin G Bmin G Bmin G Bmin G Bmin G Bmin G Bmin G <instrumental_3> Bmin G Emin Bmin G E Bmin G Bmin G E Bmin G E Bmin G Emin Bmin G <chorus_3> Bmin D G Bmin D Bmin D,artist_496
2023,2gnB7LSNjqrHBonnuipfiG,<intro_1> Amin F/A Amin G/A <verse_1> Amin F G Amin F G Amin F G Amin F G F Amin G F Amin G <chorus_1> Amin F C G Amin F C G Dmin Bb F C Bb C <verse_2> Amin F G Amin F G Amin F G Amin F G F Amin G F Amin G <chorus_2> Amin F C G Amin F C G Dmin Bb F C Bb C <bridge_1> Bb Dmin C Bb Dmin C <solo_1> F Amin G F Amin G <bridge_2> F Amin G F Amin G <chorus_3> Amin F C G Amin F C G Dmin Bb F C Bb C Amin F/A Amin G/A Amin G/A F/A G/A Amin,artist_497
2023,72FMKiJcDj3jjUFJgLvZ5Q,<intro_1> Bmaj7 <verse_1> Gsmin7 Dsmin11 Dsmin7 Dsmin11 Dsmin7 Bmaj7 Gsmin7 Dsmin11 Dsmin7 Dsmin11 Dsmin7 Cs Badd13 Badd9 Gsmin7 Cs <chorus_1> Bmaj7 Gsmin7 Dsmin11 Dsmin7 Ds11 Dsmin7 Bmaj7 Gsmin7 Cs Asmin7 Bmaj7 <verse_2> Gsmin7 Dsmin11 Dsmin7 Dsmin11 Dsmin7 Bmaj7 Gsmin7 Dsmin11 Dsmin7 Dsmin11 Dsmin7 Cs Badd13 Badd9 Gsmin7 Cs <chorus_2> Bmaj7 Gsmin7 Dsmin11 Dsmin7 Dsmin11 Dsmin7 Bmaj7 Gsmin7 Dsmin11 Dsmin7 Dsmin11 Dsmin7 Bmaj7 Gsmin7 Dsmin11 Dsmin7 Dsmin11 Dsmin7 Bmaj7 Gsmin7 Dsmin11 Dsmin7 Bmaj7 Gsmin7 Dsmin11 Dsmin7 Dsmin11 Dsmin7,artist_498
2005,3ptpgM8mvJgIZ9aBT2XwaU,<verse_1> Emin Amin Emin Amin F Amin Dmin F Amin F Amin Emin Amin Emin Amin Emin Amin Emin Amin F Amin Dmin F Amin F Amin Emin Amin Emin Amin Emin Amin Emin Amin Emin Amin Emin Amin Emin F,artist_499
2022,3UKlSrL2PFIDbt1a0wA3LU,<intro_1> Amin F C <verse_1> Amin F C Amin F C Amin7 Amin F C Amin C F C <verse_2> Amin F C Amin F C Amin F C G Amin F C E Amin F C E Amin F <chorus_1> C E Amin F C E Amin F C E Amin F C E Amin F C E Amin F C E Amin <instrumental_1> F C <outro_1> Amin F C Amin F C,artist_500
2021,3u7a2c9595rXVuZUEh9a8H,<intro_1> Dno3d <verse_1> Dmin Dsus2 D Dsus4 Dmin Dsus2 D Dsus4 Dmin Dsus2 D Dsus4 Gmin/D Dmin Dsus2 D Dsus4 Gmin/D Dmin Dsus2 D Gmin/D Dmin Dsus2 D Gmin Dmin Dsus2/C Gmin Bb Dmin Dsus2/C Gmin Bb Dmin <chorus_1> Dsus2/C Gmin Bb C Dmin Dsus2/C Gmin Bb C Dmin Dsus2/C Gmin Bb C Dmin Dsus2/C Gmin Bb C Dmin <interlude_1> Dsus2/F D/Fs Gmin <verse_2> Dmin Dsus2/F D/Fs Gmin Dmin Dsus2/F D/Fs Gmin Dmin Dsus2/F D/Fs Gmin <verse_3> Dmin Dsus2/F D/Fs Gmin Dmin Dsus2/F D/Fs Gmin Dmin Dmin/C Gmin Bb C Dmin Dmin/C Gmin Bb A <chorus_2> Dmin Dsus2/C Gmin Bb C Dmin Amin Gmin F A Dmin Dsus2/C Gmin Bb C Dmin Amin Gmin F A Dmin Dsus2/C Gmin Bb C Dmin Amin Gmin F A Dmin <outro_1> Dsus2/C Gmin Bb C Dmin Amin Gmin F A,artist_502
2023,6D7zop7mvKLDKqpSkchYIw,<verse_1> Amin G F G Amin G F G Amin G F G Amin G F Fmin Amin G F G Amin G F Fmin Amin G F G Amin G F G Amin G F G Amin G Amin Fmin Amin G F G Amin G F Fmin Amin G F G Amin G F G Amin G F G Amin G F G,artist_503
2009,0SgbP5ZZOsUiHlE8EfeHma,<intro_1> Amin7 D7 Gmin7 C7 Amin7 D7 Gmin7 C7 Amin7 D7 Gmin7 C7 <verse_1> Amin7 D7 Gmin7 C7 Amin7 D7 Gmin7 C7 Amin7 D7 Gmin7 C7 Amin7 D7 Gmin7 C7 Amin7 D7 <chorus_1> Gmin7 C7 Amin7 D7 Gmin7 C7 Amin7 D7 Gmin7 C7 Amin7 D7 Gmin7 C7 Amin7 D7 <verse_2> Gmin7 C7 Amin7 D7 Gmin7 C7 Amin7 D7 Gmin7 C7 Amin7 D7 Gmin7 C7 Amin7 D7 <chorus_2> Gmin7 C7 Amin7 D7 Gmin7 C7 Amin7 D7 Gmin7 C7 Amin7 D7 <bridge_1> Gmin7 C7 Amin7 D7 Gmin7 C7 Amin7 D7 Gmin7 C7 Amin7 D7 Gmin7 C7 Amin7 D7 <chorus_3> C C7 Amin7 D7 Gmin7 C7 Amin7 D7 Gmin7 C7 Amin7 D7 Gmin7 C7 Amin7 D7 Gmin7 C7 Amin7,artist_504
2020,35uiXstrAJ7MsDma2Ohvj8,<intro_1> A D A E A D A D A E A D A <chorus_1> Fsmin D E A D E A Fsmin D E A <verse_1> Fsmin D Fsmin E Fsmin D A E A E Fsmin D A E D E <chorus_2> A Fsmin D E A D E A Fsmin D E A D A E A D A <solo_1> Amin Gsmin Bmin E Amin A E Dmin E <bridge_1> A E D A E D E A E D A D E A D E A E D A E D E A B D A D E G Fsmin E A D A,artist_505
2011,30wK78v06ZQVFNe24hSQoC,G D G C D G D G C G D C G C D G C G D G C G C G D G C G D G D G D G C D G D G C G D C G D G,artist_506
2022,20UUqgUjpiEZWKW0wujOVP,<intro_1> D Fsmin G <verse_1> D Fsmin G D Fsmin7 G <chorus_1> D Fsmin7 G D Fsmin7 G Gmin D Fsmin7 G <verse_2> D Fsmin7 G D Fsmin7 G <chorus_2> D Fsmin7 G D Fsmin7 G Gmin D Fsmin7 G D Fsmin7 G <chorus_3> D Fsmin7 G D Fsmin7 G Gmin D Fsmin G <outro_1> D G Gmin,artist_487
2023,0EWHn0McVO8Ewbkqvh53AD,<intro_1> A E Bmin D A E Bmin D <verse_1> A E Bmin D A E Bmin D <verse_2> A E Bmin D A E Bmin D <chorus_1> Bmin D A E Bmin D A E Bmin D A E Bmin D A E <bridge_1> A E Bmin D A E Bmin D A E Bmin D E Bmin D Bmin <chorus_2> D A E Bmin D A E Bmin D A E Bmin D A E <outro_1> A E Bmin D,artist_510
2009,3cbDdoVPsU5OlGfIGhgHh8,<intro_1> Emin D Emin <chorus_1> D Emin D Emin D Emin D Emin <verse_1> D Emin D Emin D Emin <chorus_2> D Emin D Emin D Emin D Emin <verse_2> D Emin D Emin D Emin <chorus_3> D Emin D Emin D Emin D Emin <verse_3> D Emin D Emin D Emin <chorus_4> D Emin D Emin D Emin D Emin <verse_4> D Emin D Emin D Emin <outro_1> D Emin D Emin D Emin D Emin,artist_511
2010,3P43WpBHNxj5wMqSNWCp75,<intro_1> Emin <verse_1> C D Emin C D C D C D <chorus_1> Emin C G D Emin C D Emin C G D Emin C D Emin <verse_2> C D Emin C D C D C D <chorus_2> Emin C G D Emin C D Emin C G D Emin C D Emin <verse_3> G C D Emin G C D C D C D Emin <chorus_3> C G D Emin C D Emin C G D Emin C D Emin C G D Emin C D Emin C G D Emin C D Emin,artist_512
2022,0SmsBon58vD8QskC1l18TQ,<verse_1> Amin/E E7b9 Amin/E <chorus_1> Amin C E Gsdim7 F A7/Cs Dmin F E7 <verse_2> Amin/E <chorus_2> Amin C E Gsdim7 F A7/Cs Dmin F E7,artist_514
2023,1I3yFdfvL3zbTRlcnoUmX5,<intro_1> G Amin G Amin G Amin G Amin <verse_1> G Amin G Amin G Amin G Amin <chorus_1> C G/B D C G/B D C G/B D C G/B D G Amin C G/B Amin G Amin C G/B Amin <instrumental_1> G Amin G Amin <verse_2> G Amin G Amin G Amin G Amin <bridge_1> G C G C <chorus_2> G/B D C G/B D C G/B D C G/B D G Amin C G/B Amin G Amin C G/B Amin G Amin C G/B Amin G Amin C G/B Amin <outro_1> G,artist_515
2023,2Hvzq7ogFz5Xk0WX7Gbviz,<intro_1> D G D G <verse_1> D G D G D G D G <chorus_1> D A Bmin7 A G A D A Bmin7 A G A Bmin7 Emin7 A D G <verse_2> D G D G D G D G <chorus_2> D A Bmin7 A G A D A Bmin7 A G A Bmin7 Emin7 A Bmin7 A G Emin7 <chorus_3> D A Bmin A G A D A Bmin7 A G A Bmin7 Emin7 A Bmin7 Emin7 A D G D G D,artist_487
2023,3LrZy46NcTosu1FHoleBse,<verse_1> G Emin G Emin G Emin G Emin G Emin G Emin G Emin G Emin Amin C G D/Fs <chorus_1> Amin C G D Amin C G D G <verse_2> Emin G Emin G Emin G Emin G Emin G Emin G Emin G Emin Amin C G D/Fs <chorus_2> Amin C G D Amin C G D Amin <outro_1> C G D G,artist_517
2020,39LkA4qDpUqjxZLPiMqq3V,<intro_1> C G D C G D C <verse_1> G D C G D C <chorus_1> G D C G D C <verse_2> G D Emin C G D C <chorus_2> G D C G D C Cmin <interlude_1> C D G G/D Emin C D G G/D Emin C D G G/D C D G G/D C Cmin G,artist_518
1997,0hOCa3vJD3oulhcY8GGCRC,<intro_1> Fsmin D Fsmin D Fsmin D E Fsmin D <verse_1> Fsmin E Fsmin D Cs Fsmin E Fsmin D Cs A E Bmin Cs <verse_2> Fsmin E Fsmin D Cs Fsmin E Fsmin D Cs A E Bmin Cs <chorus_1> Fsmin A E D Cs Fsmin A D Cs Fsmin D Fsmin D <verse_3> Fsmin E Fsmin D Cs Fsmin E Fsmin D Cs A E Bmin Cs <chorus_2> Fsmin A E D Cs Fsmin A D Cs Fsmin D Fsmin D <solo_1> Fsmin D Fsmin D Fs Bmin E A D B/Ds Cs Fs Bmin E A D B/Ds Cs Fsmin D Fsmin D E <bridge_1> A E Bmin Fsmin Cs A E Bmin Cs <chorus_3> Fsmin A E D Cs Fsmin A D Cs Fsmin A E D Cs Fsmin A D Cs Fsmin D Fsmin D Fsmin D Fsmin D Fsmin D Fsmin E/Gs A Bmin Cs Fsmin,artist_519
2023,72Ze4nativHv39hK8Gqd72,<intro_1> Dsus2 D7sus2 G Dsus2 D7sus2 Amin Dsus2 D7sus2 Amin Dsus2 D7sus2 Emin <verse_1> Amin G Amin G Amin D G <chorus_1> Amin C G Amin C G <instrumental_1> Dsus2 D7sus2 Amin Dsus2 D7sus2 Emin <verse_2> Amin G <bridge_1> D G D G C G D G <instrumental_2> Dsus2 D7sus2 G Dsus2 D7sus2 Amin Dsus2 D7sus2 Amin Dsus2 D7sus2 G Amin G Amin D G <chorus_2> Amin C G Amin C G Amin C G Amin D G,artist_520
2022,2Cfm0uChvnvuKw7j6InCxP,<intro_1> Bb Eb Gmin Eb <verse_1> Bb Eb Gmin Eb Bb Eb Gmin Eb <chorus_1> Bb Eb Gmin Eb Bb Eb Gmin Eb <intro_2> Bb Eb Gmin Eb <verse_2> Bb Eb Gmin Eb Bb Eb Gmin Eb F <chorus_2> Bb Eb Gmin Eb Bb Eb Gmin Eb Ebmin <instrumental_1> Gmin Eb Bb F Gmin Eb Bb F <bridge_1> Gmin Eb Bb F <instrumental_2> Gmin Eb Bb F <chorus_3> Bb Gmin Eb Bb/D Eb Gmin Eb <outro_1> Bb Eb Gmin Eb Bb Eb Gmin Eb,artist_521
2018,4MpcbfvnYFqu1ZlsGewTE9,<intro_1> Amin G F Amin G F <verse_1> Amin G F Amin G F <verse_2> Amin G F Amin G F G F G <chorus_1> F G C Amin F G C <verse_3> Amin G F Amin G F G F G <chorus_2> F G C Amin F G C F G C Amin F G C <bridge_1> F G C Amin F G C Amin F G C Amin F G C Amin <chorus_3> F G C Amin F G C F G C Amin F G C,artist_522
2022,0rw7E6zwcpgeMAz2fuZPNq,<intro_1> Amaj7 A Csmin Bmin E <verse_1> A Csmin Bmin E A Csmin Bmin7 Bmin A E <chorus_1> Bmin7 E A Bmin E A <instrumental_1> Amaj7 A Csmin Bmin E <verse_2> A Csmin Bmin E A Csmin Bmin E <chorus_2> Bmin7 E A Bmin E A <bridge_1> Dmaj7 A D Bmin Cs E <chorus_3> Bmin Csmin A Bmin Csmin A <outro_1> Bmin A Bmin A B,artist_523
2023,6YufjjSqUweXdQHduL76zr,<verse_1> Emin Amin G Emin Amin G Emin Amin G Emin Amin G <chorus_1> Emin Amin G Emin Amin G Emin Amin G Emin Amin G Emin Amin G Emin Amin G Emin Amin G Emin Amin G <verse_2> Amin G Emin Amin G Emin Amin G Emin Amin G Emin Amin G Emin Amin <chorus_2> Emin Amin G Emin Amin G Emin Amin G Emin Amin G Emin Amin G Emin Amin G Emin Amin G Emin Amin G <bridge_1> Emin Amin G Emin Amin G Emin Amin G Emin Amin G Emin Amin G Emin Amin G Emin Amin G Emin Amin G <chorus_3> Emin Amin G Emin Amin G Emin Amin G Emin Amin G Emin Amin G Emin Amin G Emin Amin G Emin Amin G,artist_525
2008,6AqIhSDn28XFG0ymRAWQpe,<intro_1> Dmin C Amin Bb Dmin Amin Bb C <verse_1> Dmin C Amin Bb Dmin Amin Bb C Dmin Amin Bb C Bb C Bb C <chorus_1> Fmin Cs Gs Ds Fmin Cs Gs Ds Gmin Ds Bb F Gmin Ds D <verse_2> Dmin C Amin Bb Dmin Amin Bb C Bb C Bb C <chorus_2> Fmin Cs Gs Ds Fmin Cs Gs Ds Gmin Ds Bb F Gmin Ds D <bridge_1> Dmin C Amin Bb Dmin Amin Bb C <solo_1> Gmin Eb Gmin Dmin Cmin Gmin Eb Bb Cmin Dmin Bb C Bb C <chorus_3> Fmin Cs Gs Ds Fmin Cs Gs Ds Gmin Ds Bb F Gmin Ds D <chorus_4> Fmin Cs Gs Ds Fmin Cs Gs Ds Gmin Ds Bb F Gmin Ds D <outro_1> Dmin F Dmin F G F Dmin F Dmin F G A Dmin F Dmin F G F,artist_490
1999,1a08K9aIMOoJwG8j1Z9hET,Bmin Fmin G A D Fmin G D G D A D A G D G D A D Fmin G D G D A D A G D G D A D A G D G D A Bmin Fmin G D G D A D Bmin Fmin G A D Bmin A G D G D A Bmin Fmin G D G D A D G D G D A D,artist_506
2023,1aNcRXb2dHyCqcd5PBAE8m,<verse_1> F Bb Dmin F Bb F Bb Dmin F Bb Gmin Dmin7 Gmin7 F Bb <chorus_1> F Dmin7 C Bb F Dmin7 C Bb <verse_2> F Bb Dmin7 F Bb Dmin7 C F Bb Dmin C Amin Bb Gmin Dmin7 Gmin F Bb <chorus_2> F Dmin7 C Bb F Dmin7 C Gmin7 <bridge_1> Bb Dmin7 C F C Bb <chorus_3> F Dmin7 C Gmin7 Bb F Dmin7 C Gmin7 F Bb F Dmin7 C Gmin7 F Bb,artist_526
2022,7JFZRofZgVuHNe0nVqYkns,<intro_1> G C Emin7 C G C Emin7 C <verse_1> G Dmin7 Amin7 C G Dmin7 Amin7 C D Emin7 D <chorus_1> G Amin7 G/B C Emin7 C G Amin7 G/B C Emin7 C G <interlude_1> Amin7 G/B C Emin7 C <verse_2> G Dmin7 G C Cmin7 G7 Dmin7 G C Cmin7 G/B C D Emin7 D <chorus_2> G Amin7 G/B C Emin7 C G Amin7 G/B C Emin7 C G <interlude_2> Amin7 G/B C Emin7 C G Amin7 G/B C Emin7 C <bridge_1> Amin7 C G D Amin7 C G D Amin7 C G D Amin7 C G D <interlude_3> C D/C G/B C <chorus_3> G Amin7 G/B C Emin7 C G Amin7 G/B C Emin7 C <chorus_4> G G/C G/E G/C G G/C G/E G/C G <outro_1> C Emin7 C,artist_521
2022,59PjkF6iaAQrBlOE61qeRS,<intro_1> E <chorus_1> A E A E A E B A E A E A E B <interlude_1> E <chorus_2> A E A E A E B A E A E A E B <interlude_2> A E A E A E B A E A E A E B <chorus_3> A E A E A E B A E A E A E B A E A E A E B A E A E A E B,artist_527
2023,7zyS2Fs4BNWXoZtsLEmqk2,<intro_1> Gmin Bb Gmin Bb Gmin Bb Gmin Bb <verse_1> Gmin Bb Gmin Bb Gmin Bb Gmin Bb Gmin Bb Gmin Bb Gmin Bb Gmin Bb Eb Dmin Cs C <chorus_1> Gmin Bb Eb Gmin Bb Eb Gmin Bb Eb Gmin Bb Eb <interlude_1> Gmin Bb Gmin Bb Gmin Bb Gmin Bb <verse_2> Gmin Bb Gmin Bb Gmin Bb Gmin Bb Gmin Bb Gmin Bb Gmin Bb Gmin Bb Eb Dmin Cs C <chorus_2> Gmin Bb Eb Gmin Bb Eb Gmin Bb Eb Gmin Bb Eb Gmin Bb Eb Gmin Bb Eb Gmin Bb Eb Gmin Bb Eb <solo_1> Gmin Bb Eb Gmin Bb Eb Gmin Bb Eb Gmin Bb Eb Gmin Bb Eb Gmin Bb Eb D <chorus_3> Gmin Bb Eb Gmin Bb Eb Gmin Bb Eb Gmin Bb Eb Gmin Bb Eb Gmin Bb Eb Gmin Bb Eb Gmin Bb Eb <outro_1> Gmin Bb Gmin Bb F Gmin Bb Gmin Bb F Gmin,artist_528
2023,7LCYkerBZ30eorfev3AHwd,<intro_1> Db Fmin Ab Bbmin <verse_1> Fmin Eb Db Fmin Eb Db Fmin Eb Db F Fmin Eb Db Fmin Ab Db Fmin Eb Db Fmin Ab Db Fmin Eb Db Dbmin Bbmin Fmin Ab Bbmin Db Fmin Ab Bbmin <chorus_1> Db Fmin Ab Bbmin Db Fmin Ab Bbmin <interlude_1> Db Fmin Ab Bbmin <verse_2> Fmin Ab Db Fmin Ab Db Fmin Ab Db Fmin Eb Db Fmin Ab Db Fmin Eb Db Fmin Ab Db Fmin Eb Db Dbmin Bbmin Fmin Ab Bbmin Db Fmin Ab Bbmin <chorus_2> Db Fmin Ab Bbmin Db Fmin Ab Bbmin <bridge_1> Eb Db Fmin Eb Cmin <chorus_3> Db Fmin Ab Bbmin Db Fmin Ab Bbmin,artist_529
2023,6V56v1doz8vc9tVXgY4HXY,<intro_1> Emin C G D <verse_1> Emin C G D Emin C G D Emin C G D <chorus_1> C G D C G D C G B D Emin C G D Emin <verse_2> C G D G Emin C G D Emin C G D Emin C D <chorus_2> C G D C G D C G B D Emin C G D C G D C G D <bridge_1> Amin D Amin D Amin Emin D F <chorus_3> C G D C G D C G B D Emin C G D,artist_531
1999,4bn18EWACtnepu20f2YtiA,<intro_1> Amin G Dmin E Amin G Dmin E Amin G Dmin E Amin G Dmin E <verse_1> Amin G Dmin E Amin G Dmin E Amin G Dmin E Amin G Dmin E Amin G Dmin E Amin G Dmin E <chorus_1> Amin G Dmin E Amin G Dmin E Amin G Dmin E Amin G Dmin E Amin G Dmin E Amin G Dmin E Amin E/Gs Dmin E Amin E/Gs Dmin E <verse_2> Amin G Dmin E Amin G Dmin E Amin G Dmin E Amin G Dmin E <chorus_2> Amin G Dmin E Amin G Dmin E Amin G Dmin E Amin G Dmin E Amin G Dmin E Amin G Dmin E Amin E/Gs Dmin E Amin E/Gs Dmin E <interlude_1> Amin G Dmin E Amin G Dmin E Amin G Dmin E Amin G Dmin E Amin G Dmin E Amin G Dmin E Amin G Dmin E Amin G Dmin E Amin G Dmin E <chorus_3> Amin G Dmin E Amin G Dmin E Amin G Dmin E Amin G Dmin E Amin G Dmin E Amin G Dmin E Amin E/Gs Dmin E Amin E/Gs Dmin E,artist_532
2022,0mHC3BK9vFGoEU0EcGPWRZ,<intro_1> Dmin Amin Bbmaj7 Cadd13 <verse_1> Dmin Amin Bbmaj7 Cadd13 Dmin Amin Bbmaj7 C <verse_2> Dmin Amin Bb Cadd13 <chorus_1> Dmin Amin Bb Cadd13 <verse_3> Dmin F Bb F <verse_4> Dmin Amin Bb Cadd13 <chorus_2> Dmin Amin Bb Cadd13 Dmin Amin Bb Cadd13 <bridge_1> Bbmaj7 Gmin Amin Dmin Amin Bb Gmin Amin <chorus_3> Dmin Amin Bb Cadd13 Dmin Amin Bb Cadd13 Dmin,artist_328
2001,66CnEXvRUAbv4FjXS3kVsu,<intro_1> D C/D D G/D D C/D D G D G F D G F D G F D G F <verse_1> G Bb G Bb G Bb G Bb D <chorus_1> F D F G D F G <interlude_1> D G F D G F <verse_2> G Bb G Bb G Bb G Bb D <chorus_2> F D F G D F G D F G <bridge_1> A G F Bb A G F Bb A G F Bb C <solo_1> D G F D G F D G F D G F <bridge_2> D <interlude_2> C/D D G/D D F G <chorus_3> D F G D F G D F G D F G D F G D F G D F G F G D F,artist_533
2009,5ihnjN1d2LOK087HydYutz,<intro_1> E A E A B E B A B E A B <verse_1> E A B E A B E A B E A B <chorus_1> E Csmin A B E Csmin A B E Csmin A B E Csmin A B E A B E B A B <verse_2> E A B E A B E A B E B A B <chorus_2> E Csmin A B E Csmin A B E Csmin A B E Csmin A B E Csmin <bridge_1> A Csmin B <chorus_3> E Csmin A B E Csmin A B E Csmin A B E Csmin A B E <outro_1> Csmin B E Csmin B E Csmin B A B E,artist_534
1997,2IL6VtR11FDYZIb5RupkcI,<intro_1> Bmin G D A Bmin G D A <chorus_1> Bmin G D A Bmin G D A Bmin G D A Bmin G D A D C D A <verse_1> D C G A D C G A D C G A D C G A Bmin <chorus_2> G D A Bmin G D A Bmin G D A Bmin G D A D C D A <verse_2> D C G A D C G A D C G A D C G A Bmin <chorus_3> G D A Bmin G D A Bmin G D A Bmin G D A <bridge_1> G D A G D A Bmin G D A Bmin G D A Bmin G D A Bmin G D A Bmin A D E A Bmin <outro_1> G D A Bmin G D A,artist_536
2020,2eoPKOONaK9Dh9essIxrIt,<intro_1> Db Ebmin Bbmin Abmin <verse_1> Db Ebmin Bbmin Ab Db Ebmin Bbmin Ab Gb Db Bbmin Ab Gb Db Bbmin Ab <chorus_1> Gb Db Bbmin Ab Gb Db Bbmin Ab Gb Db Bbmin Ab <interlude_1> Db Ebmin <verse_2> Db Ebmin Bbmin Ab Db Ebmin Bbmin Abmin Gb Db Bbmin Ab Gb Db Bbmin Ab <chorus_2> Gb Db Bbmin Ab Gb Db Bbmin Ab Gb Db Bbmin Ab <interlude_2> Db Ebmin Bbmin Abmin <chorus_3> Gb Db Bbmin Ab Gb Db Bbmin Ab Gb Db Bbmin Ab <outro_1> Db Ebmin Bbmin Abmin,artist_537
2008,2jk7v5nioQqFMP4Yakz6JM,<intro_1> Bmin A Fsmin G A <verse_1> Bmin A Fsmin G A Bmin A Fsmin G A Bmin A Fsmin G A Bmin A Fsmin G A G <chorus_1> Bmin A Fsmin G A Bmin A Fsmin G A <verse_2> Bmin A Fsmin G A Bmin A Fsmin G A Bmin A Fsmin G A Bmin A Fs Fsmin G A G <chorus_2> Bmin A Fsmin G A Bmin A Fsmin G A Bmin A Fsmin G A Bmin A Fsmin G A <instrumental_1> Cmin As Gmin Gs As Cmin As Gmin G Gs A Bmin A Fsmin G Bmin A Fsmin G Bmin A Fsmin G A Emin <chorus_3> Bmin A Fsmin G A Bmin A Fsmin G A Bmin A Fsmin G A Bmin A Fsmin G A <outro_1> Bmin A Fsmin G A Bmin A D G A Bmin A G A Bmin,artist_538
2021,6NLqVOAD9oYf2fMAlkqfNv,<intro_1> E <verse_1> A E A E A B E A E A B E <chorus_1> A E B E A E B A E Gs Csmin E A E B E <instrumental_1> A E B E F <verse_2> As F As F As C F As F As C F <chorus_2> As F C F As F C As F A Dmin F As F C F <outro_1> As F C F,artist_338
2017,1A9KhC4OAl2XfpXUYqClg3,<verse_1> G C G D D7 G C G <chorus_1> Amin G D G C G D G <verse_2> C G D D7 G C G <chorus_2> Amin G D G C G D G <verse_3> C G D D7 G C G <chorus_3> Amin G D G C G D G <outro_1> Amin G D G C G D G,artist_539
2021,5jH5MaS9kdWzBd5sVyv7Io,<intro_1> F <verse_1> Bb F Bb C Bb C F Bb C Bb C F <chorus_1> Bb F C Bb C F Bb F C Bb C F <instrumental_1> C Bb C F <verse_2> Fmin Bb C Bb C F Bb C Bb C F <chorus_2> Bb F C Bb C F Bb F C Bb C F C Bb C F,artist_338
2022,0FYKoqCrIte8iCt3Mn4nd9,<verse_1> Cmaj7 Dmaj7 D7 Amin7 D7 Cmaj7 Dmaj7 D7 Amin7 D7 Cmaj7 Bmin7 Amin7 G Cmaj7 Bmin7 Amin7 D7 Cmaj7 Bmin7 Amin7 G Cmaj7 Bmin7 Amin7 G Cmaj7 Bmin7 Amin7 Bmin7 Cmaj7 Bmin7 Amin7 G Amin7 G Cmaj7 Dmaj7 Cmaj7 Dmaj7 D7 Amin7 D7 Cmaj7 Dmaj7 Cmaj7 Bmin7 Amin7 G Cmaj7 Bmin7 Amin7 D7 Cmaj7 Bmin7 Amin7 G Cmaj7 Bmin7 Amin7 G Cmaj7 Bmin7 Amin7 G Cmaj7 Bmin7 Amin7 G Cmaj7 Bmin7 Amin7 G Cmaj7 Bmin7 Amin7 G Cmaj7 Bmin7 Amin7 D7,artist_540
2022,6CHSSXvAEDPJcSJzqD6TkI,<intro_1> Fsmaj7 Dsmin7 Fsmaj7 Dsmin7 Csmin7 <verse_1> Bmaj7 Bmin7 Fsmaj7 Dsmin7 Csmin7 Bmaj7 Bmin7 Fsmaj7 Dsmin7 <chorus_1> Csmin7 Bmaj7 Bmin7 Fsmaj7 Dsmin7 Csmin7 Bmaj7 Bmin7 Fsmaj7 Dsmin7 Csmin7 Bmaj7 Bmin7 Fsmaj7 Dsmin7 Csmin7 Bmaj7 Bmin7 Fsmaj7 Dsmin7 <chorus_2> Csmin7 Bmaj7 Bmin7 Fsmaj7 Dsmin7 Csmin7 Bmaj7 Bmin7 Fsmaj7 Dsmin7 Csmin7 Bmaj7 Bmin7 Fsmaj7 Dsmin7,artist_542
2010,1ZCrBGrpDDdLGgk7c9AvGk,<intro_1> G C Emin D/Fs C <verse_1> G C Emin D/Fs C <chorus_1> G C Emin D/Fs C G C Emin D/Fs C,artist_544
2015,6BpGr5DoiBhwBkwGMxbSEy,<intro_1> C Emin F G <verse_1> C Emin F G C Emin F G Amin Emin F G <chorus_1> C G C G C G C G C Emin <verse_2> C Emin F G C Emin F G Amin Emin F G <chorus_2> C G C G C G C G C <bridge_1> F E7 Amin F E7 Amin F E7 Amin F G <chorus_3> C G C G C G C G C,artist_546
2020,46KDaQrOxKuPchEddEWmF8,<verse_1> E B7 E A E B7 E B7 E A E B7 E <chorus_1> A E B7 E B7 E A E B7 E <chorus_2> A E B7 E <verse_2> B7 E A E B7 E B7 E A E B7 E <chorus_3> A E B7 E A E B7 E,artist_547
2023,43N0Hhr1jUDFWhkaWrNzNR,<intro_1> F Amin F C F Amin G <verse_1> F C F C F Amin G C <verse_2> F C F C F Amin G C <chorus_1> F Amin F C F Amin G F Amin F C F Amin G C F Amin G C <verse_3> F C F C F Amin G C <verse_4> F C F C F Amin G C <chorus_2> F Amin F C F Amin G F Amin F C F Amin G C F Amin G C <bridge_1> Amin F C G Amin F C G <chorus_3> F Amin F C F Amin G F Amin F C F Amin G C F Amin G F <outro_1> Amin F C G F Amin G F Amin F C G F Amin G,artist_548
1992,5xKCzJrHr2M81hbmadzVkV,<verse_1> F Bb F Bb C Bb <chorus_1> F Bb F Bb C Bb <solo_1> F Bb F Bb C Bb F <outro_1> Bb C F Bb C F Bb C F Bb C F Bb F Bb F,artist_549
2021,0RICDmtykWneVpFrLVY0Jz,<intro_1> A E D A <verse_1> E D A E D A D A E D A D A E D A G D A E D A E D A E <verse_2> A E D A E D A D A E D A <outro_1> D A E D A E D A,artist_550
2015,4Pwbmdi0Q2RwktwTjMK5WA,<intro_1> A C D <verse_1> A C D A C D <chorus_1> A C D A C D <verse_2> A C D A C D F G F D <chorus_2> A C D A C D <bridge_1> F G F G A <chorus_3> C D A C D <outro_1> A C D A C D A C D A C D A C D,artist_158
2020,3oRAkzAGOrKFVAuxAIvRsS,<intro_1> Dmin7 Emin7 Dmin7 Emin7 Dmin7 Emin7 Dmin7 Emin7 Dmin7 Emin7 Dmin7 Emin7 <verse_1> Dmin7 Emin7 Dmin7 Emin7 Dmin7 Emin7 Dmin7 Emin7 <chorus_1> Dmin7 Emin7 Dmin7 Emin7 <chorus_2> Dmin7 Emin7 Dmin7 Emin7 Dmin7 Emin7 Dmin7 Emin7 <verse_2> Dmin7 Emin7 Dmin7 Emin7 Dmin7 Emin7 Dmin7 Emin7 <chorus_3> Dmin7 Emin7 Dmin7 Emin7 <chorus_4> Dmin7 Emin7 Dmin7 Emin7 Dmin7 Emin7 Dmin7 Emin7 <outro_1> Dmin7 Emin7 Dmin7 Emin7 Dmin7 Emin7 Dmin7 Emin7,artist_551
1988,3aDF4xN6yOlDmF91U9C2xJ,<intro_1> Dmin C Dmin Asus4 Dmin C Dmin Amin7 Dmin C Bb Dmin C Bb A7 <verse_1> Dmin C Dmin Gmin7 Asus4 A7 Dmin C F Dmin Dmin7 Gmin7 Asus4 A7 Dmin C Dmin Bb7 C A <chorus_1> F C Dmin Amin Bb F Dmin Bb Gmin7 Csus4 C F C Dmin Amin7 Bb F Dmin7 Gmin7 Asus4 A7 Dmin C Dmin Bb7 C Asus4 A7 Dmin C Dmin Amin7 Dmin C Bb Dmin C Bb A7 <verse_2> Dmin C Dmin Gmin7 Asus4 A7 Dmin C F Dmin Gmin7 Asus4 A7 Dmin C Dmin Bb7 C Asus4 A <chorus_2> F C Dmin Amin Bb F Dmin Bb Gmin7 Csus4 C F C Dmin Amin7 Bb F Dmin7 Gmin7 Asus4 A7 Dmin C Dmin Bb7 C Asus4 A7 Dmin <outro_1> C Dmin Amin7 Dmin C Dmin C Dmin C Dmin Bb Dmin7,artist_552
2013,0HwK4w6byACK872Hwrj3Q3,<verse_1> Gmin F D7 Eb F7 Bb Dmin Eb Cmin7 F7 Fsus4 F7 <chorus_1> Bb7 Dmin Eb7 Dmin Bb7 Dmin Eb7 F <verse_2> Gmin F F7 D7 Eb7 Eb Bb Dmin Eb Cmin7 F Eb F <chorus_2> Bb7 Bb Dmin7 Eb7 Dmin7 Bb7 Bb Dmin Eb7 F <bridge_1> D7 Gmin F Eb D7 Gmin F Eb Eb7 Ebmin <chorus_3> Bb Eb Dmin Bb Dmin Eb F <outro_1> Bb Dmin Eb Dmin Bb Dmin Eb F,artist_554
2015,6tHe6afvLtCSftjaITXjbN,<verse_1> Emin C D C D Emin C D C D Emin C D Emin Amin Bmin C <chorus_1> Emin C Emin C Emin <interlude_1> Amin Bmin C G B7 Emin <verse_2> G D Emin G D Amin Emin Amin D Emin Amin Bmin C D <chorus_2> Emin C Emin C Emin <interlude_2> C D Emin C D Emin <verse_3> G D Emin G D Amin Emin Amin Bmin C Amin D Emin Amin Bmin C D <chorus_3> Emin C Emin C Emin,artist_555
1988,3FLJhwXvMIAWFeWhzFurwe,<intro_1> Fmin Eb Fmin7 Eb <verse_1> Cmin Fmin Cmin Cmin7 Ab7 Gsus4 G7 Cmin Fmin Cmin Cmin7 Ab7 Dmin7 G7 Ab7 <chorus_1> Bb Ebsus4 Eb Bb Ab Eb Bb Cmin Cmin7 Ab7 Fmin7 Bb G7 Fmin Cmin Fmin7 Bb Fmin7 Eb Bb Ab Eb Bb Cmin Cmin7 Abmin7 Fmin Bb Ab Eb Ab Eb Fmin Eb Fmin Bb Abdim Eb Gaug G7 <verse_2> Cmin Fmin Cmin Cmin7 Cmin Ab Eb Fmin Eb Gsus4 G7 Cmin Ab7 Cmin Ab Eb Fmin Eb Gsus4 G Ab7 <chorus_2> Bb Ab Eb Bb Ab Eb Eb7 Cmin Cmin7 Ab7 Fmin7 Bb G7 Fmin Cmin Fmin7 Bb Ab Eb Bb Ab Eb Eb7 Cmin Cmin7 Adim Ab7 Fmin Bb Ab Eb <outro_1> Ab Eb Fmin Eb Fmin Ab Eb Fmin Eb Fmin Bb Abdim Eb G7 Cmin Cmin7 Cmin,artist_552
2023,28J92lAyXPqIKsspMZLdEG,<intro_1> Gmin A7 Dmin Gmin A7 Dmin <verse_1> Gmin A7 Dmin Gmin A7 Dmin Gmin A7 Dmin Gmin A7 Dmin Gmin A7 Dmin Bb Gmin A7 <chorus_1> Gmin A7 Dmin Gmin A7 Dmin Gmin A7 Dmin C Bb A7 Gmin A7 Dmin <verse_2> Gmin A7 Dmin Gmin A7 Dmin Gmin A7 Dmin Gmin A7 Dmin Gmin A7 D Bb Gmin A7 <chorus_2> Gmin A7 Dmin Gmin A7 Dmin Gmin A7 Dmin C Bb A7 Gmin <bridge_1> A7 Gmin A7 Gmin <outro_1> A7 Dmin Gmin A7 Dmin Gmin A7 Dmin C Bb A7,artist_557
1988,47us9gfAfSBMfj5OIMQUCo,<intro_1> E Fs7 <verse_1> B Fs Gsmin Fs E B Cs Fssus4 Fs B Fs Gsmin Fs E B Cs Fs Csmin7 Fs7 B Cs7 Emin Cs7 Csdim Fssus4 <chorus_1> D Daug D D7 G7 D E7 Emin7 A7 D Daug D Fsmin G D E Gmin Asus4 <verse_2> D A Bmin Fsmin G D E7 Asus4 <bridge_1> D A Bmin Fsmin G D E7 A7 G A7 D E7 Gmin E Bb Asus4 A <chorus_2> F Faug F Bb F Bbmin Bbdim D Daug D Fsmin G D E7 Gmin Asus4 A <outro_1> G D,artist_552
2019,2LTbdjNraFvobHaIPettGy,<intro_1> C Amin F G <verse_1> C Amin F G C Amin F G C Amin F G C Amin F G <chorus_1> C Amin F G C Amin F G <verse_2> C Amin F G C Amin F G C Amin F G C Amin F G <chorus_2> C Amin F G C Amin F G <bridge_1> C Amin F G C Amin F G <chorus_3> C Amin F G C Amin F G C Amin F G C Amin F G,artist_558
2023,2j8E9m3kDHfxFnGhN4fXaC,<intro_1> Dsmin Asmin Gsmin <verse_1> Dsmin Asmin Gsmin Dsmin Asmin Gsmin <chorus_1> Dsmin Csadd13 Gsmin9 Gsmin Dsmin Csadd13 Gsmin9 <verse_2> Dsmin Csadd13 Gsmin9 Dsmin Csadd13 Gsmin9 Gsmin <chorus_2> Dsmin Csadd13 Gsmin9 Dsmin Csadd13 Gsmin9 <bridge_1> Dsmin Asmin Gsmin Dsmin Csadd13 Gsmin9 <chorus_3> Dsmin Csadd13 Gsmin9 Dsmin Csadd13 Gsmin9,artist_559
2023,32XKm4CJzVNRUCzkhQoX13,<intro_1> A E Fsmin D A E Fsmin D <verse_1> A E Fsmin D A E Fsmin C A E Fsmin D A E Fsmin D Bmin E Bmin E <chorus_1> A Fsmin D E A Fsmin D E A E Fsmin D <verse_2> A E Fsmin D A E Fsmin D Bmin E Bmin E <chorus_2> A Fsmin D E A Fsmin D E Fsmin <bridge_1> Csmin D A E Fsmin Csmin D E <chorus_3> B Gsmin E Fs B Gsmin E Fs B Csmin E,artist_560
2022,74cyFjvgjyiFiQ3QxszFWq,<verse_1> Bmaj7 Db Gb Db/F Ebmin Db Bmaj7 Db Gb Db/F Ebmin Abmin7 Db Ebmin Bbmin <chorus_1> Abmin7 Db7 Gbmaj7 Bbmin7 Abmin7 Db7 Gbmaj7 Bbmin7 Abmin Db <verse_2> Bmaj7 Db7 Gb Db/F Ebmin Db Bmaj7 Db Gb Db/F Ebmin Db/F Abmin7 Db Ebmin Bbmin <chorus_2> Abmin7 Db7 Gbmaj7 Bbmin7 Abmin7 Db7 Gbmaj7 Bbmin7 Abmin7 Db <bridge_1> Gb Bb <chorus_3> Abmin7 Db7 Gb Bbmin7 Abmin7 Db Gb,artist_561
2023,6bVtAHmzr3X8pwJ2TpeF2G,<intro_1> D Bmin G Fs D Bmin G Fs <verse_1> D Bmin G Fs D Bmin G Fs D Bmin G Fs D Bmin G Fs D Bmin G Fs D Bmin G Fs D Bmin G Fs D Bmin G Fs D Bmin G Fs D Bmin G Fs D Bmin G Fs D Bmin G Fs D Bmin G Fs D Bmin G <chorus_1> D Bmin G Fs D Bmin G A Bmin G D Bmin G,artist_562
2000,4wYRxaRj8r8u9UCitElZ2x,<intro_1> E A E A E A E A E B A E B E A E B E A E B E A E B A B A E <chorus_1> Esus4 Asus2 Esus4 E A Esus4 E A Esus4 E A E B A E Bsus4 E A E B E A E B E A E B A B A Esus4 E A E A Esus4 E A E Esus4 E A E A E A E B A E B E A E B E A E Bsus4 E A E Bsus4 E A E B <outro_1> A Bsus4 A Esus4 A Bsus4 A Esus4 B A E B A E B A7 E,artist_430
2023,7jiuSQrU8EVgrwQZiPavvS,F Bb F Bb F Bb F Gmin F Bb F Bb F Bb F Gmin F Bb F Bb F Gmin7 F Bb F Bb F Bb F Bb F Gmin F Bb F Bb F,artist_563
1996,3fwJnywakCdRr4rqeQcgmK,<intro_1> Amin C Amin C <verse_1> Amin C Amin C Amin C Amin C Amin C G <chorus_1> F C F C G C F C F C G F C G F C G F C G F C Amin C Amin <verse_2> C Amin C Amin C Amin C <chorus_2> F C F C G C F C F C G F C G F C G F C G F C Amin C Amin C Amin,artist_564
1963,0M1uwzjENOO4nD1K4PYijC,<intro_1> A7 D <chorus_1> D7 G D E7 A7 D D7 G A7 D <verse_1> G D A7 D D7 G A7 D <chorus_2> D7 G D E7 A7 D D7 G A7 D <verse_2> D7 G D A7 D D7 G A7 D <chorus_3> D7 G D E7 A7 D D7 G A7 D,artist_565
2022,3X1boMr4xCcji24wYgwof5,<verse_1> A Bmin A D B7 E Cs7 Fsmin D E <verse_2> A Bmin A D B7 E E/F Cs7 Fsmin E D E <chorus_1> D A E Fsmin D A E Fsmin E D E E/F Cs7 Fsmin E D <verse_3> Fsmin Csmin D A E Fsmin Csmin D A E Fsmin D A E Fsmin D A Bmin7 E <chorus_2> D A E Fsmin D A E Fsmin E D E E/F Cs7 Fsmin D E <verse_4> A Bmin7 A D B7 E E/F Cs7 Fsmin D E <chorus_3> D A E Fsmin D A E Fsmin E D E E/F Cs7 Fsmin D E,artist_566
2013,6erzfSOHsGXVrzXeqMDjxu,<intro_1> G C G <verse_1> C G C G C G C G C G <verse_2> C G C G C G C G C G <verse_3> C G C G C G C G C G <verse_4> C G C G C G C G C G <verse_5> C G C G C G C G C G <verse_6> C G C G C G C G C G <verse_7> C G C G C G C G C G <verse_8> C G C G C G C G C G <interlude_1> C G C G C G C G C G <verse_9> C G C G C G C G C G,artist_567
2023,3cKFb6k6jl2yQnzmakBgo7,<intro_1> Fsmin E A E D E Fsmin <verse_1> D Fsmin E D Fsmin E Dmaj9 Cs7 Fsmin Aadd9 Dmaj9 Cs7 Fsmin7 Dadd9 E Fsmin Aadd9 Dadd9 E Cs7 <chorus_1> Dadd9 E Fsmin7 Aadd9 Dadd9 Cs7 Fsmin Aadd9 A Dadd9 E Csmin7 Cs7 Fsmin Dadd9 E Fsmin7 D E <interlude_1> Fsmin E A E <verse_2> D Fsmin E D Fsmin E Dmaj9 Cs7 Fsmin Aadd9 Dmaj9 Cs7 Fsmin7 Dadd9 E Fsmin Aadd9 Dadd9 E Cs7 <chorus_2> Dadd9 E Fsmin7 Aadd9 Dadd9 Cs7 Fsmin Aadd9 A Dadd9 E Csmin7 Cs7 Fsmin Dadd9 E Fsmin7 D E <solo_1> Fsmin E A E D E <bridge_1> Dadd9 E Fsmin7 A Dadd9 E A G Dadd9 E Fsmin7 Aadd9 Dadd9 D E <chorus_3> Eb F Gmin Bb Eb D7 Gmin Bbadd9 Bb Eb F Dmin7 D7 Gmin Eb F Gmin Eb F <outro_1> Gmin F Bb F Gmin Bb F Ebmaj7,artist_568
2022,1dSX3YNfvxlBicHsT4VQH3,<verse_1> G D Emin C G Dsus4 Emin C G/D C D <chorus_1> G/B D Emin C Fsaug G/B D Emin C Fsaug <verse_2> G D Emin C Dsus4 C G/D C D <chorus_2> G/B D Emin C Fsaug G/B D Emin C <bridge_1> Emin C G/B Fsaug Emin C G/B D <chorus_3> G/B D Emin C Fsaug G/B D Emin C G/B Dsus4 Emin Fsaug G/B,artist_569
2022,0qGv5vwsNs6qEq8gDtfZ5y,<intro_1> Cmin7 Dmin7 G7 Cmin7 Dmin7 G7 <chorus_1> Cmin7 Dmin7 G7 Cmin7 Dmin7 G7 Cmin7 Dmin7 G7 Cmin7 Dmin7 G7 <verse_1> Cmin7 Dmin7 G7 Cmin7 Dmin7 G7 Cmin7 Dmin7 G7 Cmin7 Dmin7 G7 <chorus_2> Cmin7 Dmin7 G7 Cmin7 Dmin7 G7 Cmin7 Dmin7 G7 Cmin7 Dmin7 G7 <verse_2> Cmin7 Dmin7 G7 Cmin7 Dmin7 G7 Cmin7 Dmin7 G7 Cmin7 Dmin7 G7 <chorus_3> Cmin7 Dmin7 G7 Cmin7 Dmin7 G7 Cmin7 Dmin7 G7 Cmin7 Dmin7 G7 <outro_1> Cmin7 Dmin7 G7 Cmin7 Dmin7 G7,artist_571
2019,5qa6KJRDd5qvL45cnzLxks,<intro_1> G Bmin Cadd9 Amin G/B C D <verse_1> G Cadd9 Emin7 D/Fs G Cadd9 Emin7 D/Fs C D11 Emin7 Amin7 Dsus4 D <chorus_1> G Bmin Cadd9 Amin G/B C D G Bmin C C/B Amin D G Bmin Cadd9 Amin G/B C D <verse_2> G Cadd9 Emin7 D/Fs G Cadd9 Emin7 D/Fs C D11 Emin7 Amin7 Dsus4 D <chorus_2> G Bmin Cadd9 Amin G/B C D G Bmin C C/B Amin D F <bridge_1> C/E Amin G/B Dsus4 D Dsus4 D <solo_1> G Bmin Cadd9 Amin G/B C D G Bmin Cadd9 Amin G/B C D <chorus_3> G Bmin Cadd9 Amin G/B C D G Bmin C C/B Amin D F C/E Amin D <outro_1> G Bmin Cadd9 Amin G/B C D G,artist_572
2018,6TM9OqJ5iOv069DwCyX2gP,<intro_1> G C G C G D <verse_1> G C G C G D G C G C G D G <verse_2> C G C G D G C G C D G <chorus_1> D C G C G D C G C G D <verse_3> G C G C G D G C G C G D G <chorus_2> D C G C G D C G C G D C G D Emin <outro_1> C G C G D G C G C G D G C G D G <outro_1> C G C D G,artist_573
2022,7ndrxDZg0xQ44fXwUETk6r,<intro_1> Fmaj7 E7 Dmin7 <verse_1> Fmaj7 E7 Dmin7 E7 Fmaj7 E7 Dmin7 E7 Fmaj7 <chorus_1> Emin7 Dmin7 E7 Fmaj7 Emin7 Dmin7 E7 <interlude_1> Fmaj7 E7 Dmin7 Fmaj7 E7 Dmin7 <verse_2> Fmaj7 E7 Dmin7 E7 Fmaj7 E7 Dmin7 E7 Fmaj7 <chorus_2> Emin7 Dmin7 E7 Fmaj7 Emin7 Dmin7 E7 <interlude_2> Fmaj7 E7 Dmin7 Fmaj7 E7 Dmin7 <chorus_3> Fmaj7 Emin7 Dmin7 E7 Fmaj7 Emin7 Dmin7 E7 Fmaj7,artist_574
2016,3lvUE1Tx9kL37aGaF7FIKM,<intro_1> Bmin Bmin/Fs G A Emin D/Fs G A Bmin Bmin/Fs G A Emin D/Fs G A <verse_1> Bmin Bmin/Fs G A Emin D/Fs G A Bmin Bmin/Fs G A Emin D/Fs G Gadd13 <chorus_1> D A G Gadd13 D A G Gadd13 D A Bmin G D A Bmin <verse_2> Bmin/Fs G A Emin D/Fs G A Bmin Bmin/Fs G A Emin D/Fs G Gadd13 <chorus_2> D A G Gadd13 D A G Gadd13 D A Bmin G D A Bmin D A Bmin <outro_1> Bmin/Fs G A Emin D/Fs G A Bmin Bmin7 Gmaj7 Gadd9 Gmaj7 Emin D/Fs G Gadd13 D,artist_575
1989,3wJ5zfFloOrpjCniEcgVTA,<intro_1> G C/G G Amin7 Cadd9 Dno3d G <verse_1> C/G Dno3d G A7sus4 Cadd9 Dno3d G <chorus_1> Amin7 Cadd9 Dno3d G Amin7 Cadd9 Dno3d G <verse_2> C/G Dno3d G A7sus4 Cadd9 Dno3d G <chorus_2> Amin7 Cadd9 Dno3d G Amin7 Cadd9 Dno3d G <chorus_3> Amin7 Cadd9 Dno3d G Amin7 Cadd9 Dno3d G <verse_3> C/G Dno3d G A7sus4 Cadd9 Dno3d G <chorus_4> Amin7 Cadd9 Dno3d G Amin7 Cadd9 Dno3d G <outro_1> Amin7 Cadd9 Dno3d G Amin7 Cadd9 Dno3d G Amin7 Cadd9 Dno3d G Amin7 Cadd9 Dno3d G Amin7 Cadd9 Dno3d G D/Fs G D/Fs G D/Fs G,artist_203
2023,3pB7gL97eTfd8S0vBxJErb,<verse_1> C Amin F C Amin F C Amin F C Amin F C <chorus_1> Amin F C Amin F C Amin F G C Amin F G C Amin F G C Amin F C Amin F C Amin F C Amin F C <chorus_2> Amin F C Amin F C Amin F G C Amin F G C Amin F G C <solo_1> Amin F C <chorus_3> Amin F C Amin F C Amin F C Amin F C Amin F G C Amin F G C Amin F G C,artist_578
2021,5t3m9uNevIiDkuw5oKBfK1,Asmin Fs Cs Gs Asmin Fs Cs Gs Asmin Cs C Cs Asmin C Cs Asmin Fs Cs Gs Asmin Cs C Asmin Cs C Cs Asmin C Cs Asmin C Asmin C Asmin C Asmin Cs C Cs Asmin C Cs Asmin C Cs Asmin C Cs Asmin Fs Cs Gs Asmin,artist_579
1957,55EYAMBZWyygmDMkE1yBLO,<intro_1> Fmaj7 Gmin7 Amin7 Adim <chorus_1> C13 C7 C13 C9 Fmaj7 Fadd13 Fmaj7 Fsdim C13 C7 C13 C9 Fmaj7 Fadd13 C7 <intro_2> Fadd13 C9 <verse_1> Fmaj7 Gmin7 Amin7 Fmaj7 Gmin7 Amin7 Adim <chorus_2> C13 C7 C13 C9 Fmaj7 Fadd13 Fmaj7 Fadd13 <verse_2> Fmaj7 Gmin7 Amin7 Fmaj7 Gmin7 Amin7 Adim <chorus_3> C13 C7 C13 C9 Fmaj7 Fadd13 Fmaj7 Fadd13 <bridge_1> F7 Bb7 F7 Bb7 G7 C13 <verse_3> Fmaj7 Gmin7 Amin7 Fmaj7 Gmin7 Amin7 Adim <chorus_4> C13 C7 C13 C9 Fmaj7 Fadd13 Fmaj7 Fadd13 <bridge_2> F7 Bb7 F7 Bb7 G7 C13 <verse_4> Fmaj7 Gmin7 Amin7 Fmaj7 Gmin7 Amin7 Fsdim <outro_1> C13 C7 C13 C9 Fmaj7 Fadd13 Fmaj7 Fsdim C13 C7 C13 C9 Fmaj7 Fadd13 Fmaj7 Fsdim C13 C7 C13 C9 Fmaj7 Fadd13 F13/F,artist_581
2023,0JC78CrCpxXmi2nD6ZwVva,<intro_1> G D Amin9 Amin Amin9 Amin <verse_1> G D Amin Emin G D Amin Emin G D Amin G D Amin <chorus_1> G D Amin9 Amin Amin9 Amin G D Amin9 Amin Amin9 Amin <verse_2> G D Amin Emin G D Amin Emin G D Amin G D Amin <chorus_2> G D Amin9 Amin Amin9 Amin G D Amin9 Amin Amin9 Amin <outro_1> G D Amin9 Amin Amin9 Amin G D Amin9 Amin Amin9 Amin,artist_582
2023,0OV98BulGkPOoLuO6ADWit,<verse_1> C F Amin Dmin Amin G F G <chorus_1> C G Amin F C G Amin F C G C F <verse_2> C F Amin Dmin Amin G F G <chorus_2> C G Amin F C G Amin F C G C <bridge_1> Csus4 Amin F C Csus4 Amin <chorus_3> C G Amin F C G Amin F C G C F <chorus_4> Amin F C,artist_583
2022,1NZcmyAc9KiQB3du7moLrk,<intro_1> C G D C G D <verse_1> C G D C G D C G D C Emin D <chorus_1> Emin Amin G D Emin C G D Emin Amin G D Emin C G C G <verse_2> C G D C G D C G D C Emin D <chorus_2> Emin Amin G D Emin C G D Emin Amin G D Emin C G Emin Amin G D Emin C G D Emin Amin G D Emin C G D Emin C G D Emin C G <bridge_1> D Emin C G D Emin C G D Emin C G D Emin C G D Emin C G D Emin C G D Emin C G D Emin C G Emin C G Emin C G <chorus_3> D Emin Amin G D Emin C G D Emin Amin G D Emin C G,artist_584
2023,4BtXn7gvRgO2fFn3N7V6xP,<intro_1> Cs Csmaj7 Asmin Fs <verse_1> Cs Fmin Asmin Fs Cs Fmin Asmin Fs Cs Fmin Asmin Cs Fmin Asmin Fs Cs Fmin Asmin Fs Cs Fmin Asmin <chorus_1> Fs Cs Asmin Fs Cs Fmin Asmin Fs Cs Fmin Asmin Fs <verse_2> Cs Fmin Asmin Fs Cs Fmin Asmin Fs Cs Fmin Asmin Fs Cs Fmin Asmin Fs Cs Asmin Fs Cs Fmin Asmin Fs Cs Fmin Asmin Fs <chorus_2> Cs Fs Cs Csmaj7 Cs Fs Cs Fmin Asmin Fs Cs Fmin Asmin Fs Cs Fmin Asmin Fs Cs Fmin Asmin Fs,artist_585
2022,1lPcz78ga6HOCTzEjoy9EP,<intro_1> Cs <verse_1> F Fs G Gs F Fs E D <chorus_1> Cs Fs Cs F Fs F Gs Ds Cs Gs Cs Fs E D Cs <verse_2> F Fs G Gs F Fs E D <chorus_2> Cs Fs Cs F Fs F Gs Ds Cs Gs Cs Fs E D Cs <bridge_1> Cs7 Cs Cs7 Cs Cs7 Cs Cs7 Fs E D Cs Cs7 Fs Cs Cs7 Fs <chorus_3> Cs Cs7 Fs Cs Cs7 Fs E D Cs,artist_586
2016,0GA2BG5NA0YwHaeBFsDoZb,<intro_1> Bno3d Ano3d Eno3d <verse_1> Bno3d Ano3d Eno3d Bno3d Ano3d Eno3d Dno3d Fsno3d Bno3d Gno3d Bno3d Fsno3d <chorus_1> Bno3d Fsno3d Gno3d Dno3d Bno3d Fsno3d Gno3d Dno3d Bno3d Fsno3d Gno3d Dno3d Eno3d Cno3d Bno3d Ano3d Eno3d <verse_2> Bno3d Ano3d Eno3d Bno3d Ano3d Eno3d Dno3d Fsno3d Bno3d Gno3d Bno3d Fsno3d <chorus_2> Bno3d Fsno3d Gno3d Dno3d Bno3d Fsno3d Gno3d Dno3d Bno3d Fsno3d Gno3d Dno3d Eno3d Cno3d Bno3d <chorus_3> Fsno3d Gno3d Dno3d Bno3d Fsno3d Gno3d Dno3d Bno3d Fsno3d Gno3d Dno3d Eno3d Cno3d Bno3d,artist_589
2022,18rW3nIZ7HTXhmNpJyisje,<verse_1> F Amin F Amin F Amin F Amin F Amin F Amin G <chorus_1> F G Amin F G Amin F G Amin <verse_2> F Amin F Amin F Amin F Amin F Amin F Amin G <chorus_2> F G Amin F G Amin F G Amin F G Amin F G Amin <outro_1> F Amin F Amin,artist_594
2023,2AzbPKN2Vf3CUukNZGnjYx,<intro_1> Ds Fmin Cmin Gs <verse_1> Ds Fmin Cmin Gs Ds Fmin Cmin Gs Ds Fmin Cmin Gs Ds Fmin Cmin Gs As Cmin Gmin7 Gs As Cmin <chorus_1> Ds Fmin Cmin Gs Ds Fmin Cmin Gs Ds Fmin Cmin Gs Ds Fmin Cmin Gs <verse_2> Ds Fmin Cmin Gs Ds Fmin Cmin Gs As Cmin Gmin7 Gs As Cmin <chorus_2> Ds Fmin Cmin Gs Ds Fmin Cmin Gs Ds Fmin Cmin Gs Ds Fmin Cmin Gs,artist_596
2016,0MBaZl0zRHWVuxrFaXY9dR,<intro_1> G7 <verse_1> C7 A7 D7 G7 <verse_2> C7 A7 D7 G7 <instrumental_1> C7 A7 G7 D7 C7 G7 <verse_3> C7 A7 D7 G7 D7 C7 G7 <instrumental_2> D7 C7,artist_597
2016,73F01kVqBaROy6iqexy34g,<intro_1> Amin C A G <verse_1> Amin C A G Amin C A G Amin C A G Amin C A C D C Amin C A G <verse_2> Amin C A G Amin C A G Amin C A G Amin C A C D C Amin C A G <bridge_1> D Amin D E <verse_3> Amin C A G Amin C A G Amin C A G Amin C A C D C Amin C A G <outro_1> A G Amin C A G A G A G Amin C A G A,artist_597
2016,6KJjpnFy2W0YHGiKGuhsvU,<intro_1> E <chorus_1> B E <verse_1> B E <bridge_1> A E Fsmin G C B <chorus_2> E B E <instrumental_1> B B7 B E <bridge_2> A E Fsmin G C B <chorus_3> E B E A E,artist_597
2021,7LxGDCzj70MYhuCXqQRswv,<intro_1> Dmin Amin Bbmaj7 Bb Dmin Amin Bbmaj7 <verse_1> Dmin Amin Bbmaj7 Dmin Amin Bbmaj7 Bb Dmin Amin Bbmaj7 Bb Dmin Bbmaj7 Bb Bbmin Dmin Bbmaj7 <chorus_1> Dmin Bbmaj7 Bb Dmin Bbmaj7 Dmin C Bbmaj7 Gmin Bb Dmin C Bb <verse_2> Dmin Amin Bbmaj7 Bb Dmin Amin Bbmaj7 Bb Dmin Ebmin Dmin <bridge_1> F Bbmaj7 Amin Dmin <verse_3> Bbmaj7 Amin Dmin Bbmaj7 Amin Dmin Bbmaj7 Amin Dmin C Dmin <chorus_2> Bbmaj7 Bb Dmin Bbmaj7 Dmin Bbmaj7 Bb Dmin Bbmaj7 Dmin C Bbmaj7 Gmin Bb Dmin C Bb <outro_1> Dmin F Bbmaj7 Amin Dmin F Bbmaj7 Amin Dmin,artist_598
1968,3CulB52aTsN76POuRBxLWb,<intro_1> G <verse_1> C G <chorus_1> C G <bridge_1> Ds <verse_2> G C G <chorus_2> C G <solo_1> C G <bridge_2> Ds <verse_3> G C G C G <bridge_3> Ds G,artist_298
2019,0cPkaBWbFsLtTBcp4tY5tY,Ab Db Fmin Ab Db Fmin Ab Db Fmin Ab Dbmaj7 Fmin Ebmin Ab Dbmaj7 Db Fmin Gmin Dbmaj7 Ebmaj7 Fmin Eb Ab Db Fmin Ab Db Fmin Ab Dbmaj7 Ab Dbmaj7 Fmin Eb7 Ab Db Fmin Eb Ab Dbmaj7 Eb Fmin Eb Ebmin Ab Db Ab Ebmin Db Ab Ebmin Db Ab Ebmin Db Eb Ab Dbmaj7 Fmin Ebmin Ab Dbmaj7 Fmin Eb Ab Dbmaj7 Fmin Ebmin Ab Dbmaj7 Fmin Ebmin Ab Dbmaj7 Fmin Ab Dbmaj7 Bbmin Ab Dbmaj7 Fmin Ab Dbmaj7 Fmin Abmaj7 Dbmaj7 Ab Fmin7 Ebmin7 Db Ab Abmaj7 Ebmin7 Ab Dbmaj7 Abmaj7 Ebmin7 Dbmaj7 Ab Abmaj7 Ebmin7 Dbmaj7 Ab Db Ab,artist_600
2023,5IDjOtUQ2UAjyoJ3vN7xbh,<intro_1> Emin G D C <verse_1> Emin G D C Emin G D C <interlude_1> Emin Fs G C Emin D <chorus_1> C G D Emin C G D Emin C G D Emin C G D C <verse_2> Emin G D C Emin G D C <chorus_2> G D Emin C G D Emin C G D Emin C G D C <bridge_1> Emin C G D Emin C G D Emin <chorus_3> C G D Emin C G D Emin C G D Emin C G D C G D C,artist_601
2017,4wGPXraznAXLV1a0eUGLA3,<intro_1> Bb F Eb F Bb <verse_1> F Eb Bb F Eb Bb <chorus_1> Gmin F Eb Gmin F Eb Gmin F Eb Bb F Eb F <verse_2> Bb F Eb Bb F Eb Bb <chorus_2> Gmin F Eb Gmin F Eb Gmin F Eb Bb F Eb F Bb F Eb F Bb <bridge_1> Cmin Eb <chorus_3> Gmin F Eb Gmin F Eb Gmin F Eb Bb F Eb <outro_1> F Bb F Eb F Ab Gb Bb,artist_436
2023,5jPxzoxyaeiy3ka9lQWhzH,F G Emin C Amin F G Emin F G Emin F G Emin F G Emin F G Emin F G Emin F G Emin F G Emin F G Emin F G Emin F G Emin F G Emin F G C F G C F G C F G C F G C F G Emin F G Emin F G Emin F G Emin F G Emin F G Emin F G C F G C F G C F G C F G C F Amin F G C Emin F Amin F G C F G F G C F G C F G C F G C F G Amin D7 F G C,artist_603
2011,3UpWAHui6MTeUBIL799Wt3,<intro_1> C G Amin F C G F C <verse_1> G Amin F C G F C <verse_2> G Amin F C G F C <chorus_1> Amin G F C G F C <verse_3> G Amin F C G F C <verse_4> G Amin F C G F C <chorus_2> Amin G F C G F C Amin G F C G F C F C G C F C G F C G Amin F C G F C G Amin F C G F C <chorus_3> Amin G F C G F C <verse_5> G Amin F C G F C <verse_6> G Amin F C G F C <chorus_4> Amin G F C G F C Amin G F C G F C <outro_1> F C G F C,artist_605
2023,3wSkbpT3er8zmg5i0hFYmT,<intro_1> D A D Bsus2 <verse_1> D A D Bmin D A D Bmin Fsmin D Fsmin D <chorus_1> A Bmin Fsmin G A D A Bmin Fsmin G A <intro_2> D A D Bsus2 <verse_2> D A D Bmin D A D Bmin Fsmin D Fsmin D <chorus_2> A Bmin Fsmin G A D A Bmin Fsmin G A <bridge_1> Cmin G Emin7 Fsmin Cmin G Emin7 Fs Fsmin <intro_3> D A D Bsus2 Fsmin D Fsmin D <chorus_3> A Bmin Fsmin G A D A Bmin Fsmin G A <outro_1> G A D,artist_606
2011,28JzpzSoewPaTPlotYuhDz,<intro_1> E <verse_1> A E B E A C E B E <verse_2> A E B E A C E B E <bridge_1> A B7 A <verse_3> E A E B E A C E B7 E B7 E E7 A C E B7 E <bridge_2> A B7 A <verse_4> E A E B7 E A C E B7 E <outro_1> B7 E B7 E,artist_605
2021,4PBHiw0RcPgcuFVXUGvH7G,<verse_1> C G A E C G A E C G A E C G A E <verse_2> C G A E C G A E C G A E C G A E <chorus_1> C G7/B Amin F C E7 Amin C G7/B Amin F C E7 Amin <instrumental_1> C G A E <chorus_2> C G7/B Amin F C E7 Amin C G7/B Amin F C E7 Amin <instrumental_2> Gs C/G Fsdim7 Dmin/F Dmin G <outro_1> C Dmin7 G7 F C,artist_607
2015,1QCzAi27CvhlfDZtkJhiVc,<intro_1> E Esus4 E Esus4 <verse_1> E A E B A <verse_2> E A E A E B A B A <solo_1> E Esus4 E A E B Csmin A <verse_3> E A E B A E A E A E B A E <solo_2> Fsmin Gs A E B Csmin A E B Csmin <outro_1> A E,artist_608
2021,476RbXAfuEbFczubKZFqVS,<intro_1> G Emin7 A7sus4 Cadd9 G Emin7 A7sus4 Cadd9 <verse_1> G Emin7 A7sus4 Cadd9 G Emin7 A7sus4 Cadd9 <chorus_1> G Emin7 A7sus4 Cadd9 G Emin7 A7sus4 Cadd9 G Emin7 A7sus4 Cadd9 <verse_2> G Emin7 A7sus4 Cadd9 G Emin7 A7sus4 Cadd9 <verse_3> G Emin7 A7sus4 Cadd9 G Emin7 A7sus4 Cadd9 <chorus_2> G Emin7 A7sus4 Cadd9 G Emin7 A7sus4 Cadd9 <interlude_1> G Emin7 A7sus4 Cadd9 G Emin7 A7sus4 Cadd9 G Emin7 A7sus4 Cadd9 G Emin7 A7sus4 Cadd9 <chorus_3> G Emin7 A7sus4 Cadd9 G Emin7 A7sus4 Cadd9 <verse_4> G Emin7 A7sus4 Cadd9 G Emin7 A7sus4 Cadd9,artist_609
2022,5kkDRpdFHdJ66OJ1H4vC3t,Emin G Emin G Emin G Emin G C Eno3d G C G C G C G C G D Emin G Emin D G Emin G Emin Eno3d Emin G Emin G Emin G Emin G Emin G Emin G Emin G Emin G C G C G C G D Emin G D Emin C Emin D Emin C Emin D Emin C G D G,artist_610
2006,34xgZUWLuVUzIFTIrUyhTe,<verse_1> G C G D D7 G <verse_2> G7 C G D D7 G <chorus_1> C G C G D D7 G <instrumental_1> C G <chorus_2> C G C G D D7 G <verse_3> C G D D7 G D D7 G,artist_506
2008,3KnJHuwqNWFkl9ro3juZrp,<chorus_1> D E A D E Fsmin <chorus_2> D E A D E A <chorus_3> D E A D E A <interlude_1> D A D E A D Fsmin D,artist_611
2009,0TuN5jroPeOmPA81vBrrcg,<intro_1> C F Bb F C <verse_1> Bb F C Bb F C Bb F C Bb F G C Bb F C <instrumental_1> F Bb F C <verse_2> Bb F C Bb F C Bb F C Bb F G C Bb F C <instrumental_2> F Bb F C <verse_3> Bb F C Bb F C Bb F C F Bb G C Bb F <instrumental_3> C F Bb F C F Bb F C,artist_612
2023,3FcTf96J6zhMhDgdG0mAd1,<intro_1> Dmin Bb F A <verse_1> Dmin Bb F A Dmin Bb F A Dmin Bb C Dmin Bb F A Dmin Bb F A <verse_2> Dmin Bb F A Dmin Bb F A Dmin Bb C Dmin Bb F A Bb <chorus_1> C F Bb C F Bb C F Bb C F Bb Dmin Bb F A <verse_3> Dmin Bb F A Dmin Bb F A Dmin Bb C Dmin Bb F A <verse_4> Dmin Bb F A Dmin Bb F A Dmin Bb C Dmin Bb F Dmin Bb F A <chorus_2> C F Dmin Bb C F Bb C F Bb C F Bb C F Bb C F Bb C F Bb C F Bb <outro_1> Dmin Bb F A,artist_614
2012,3Bz5SDAXkoutZLNCRn1A0d,<intro_1> Cmaj7 E Cmaj7 E Cmaj7 E Cmaj7 E Cmaj7 E Cmaj7 E <verse_1> Cmaj7 E Cmaj7 E Cmaj7 E Cmaj7 E <bridge_1> Cmaj7 E Cmaj7 E Cmaj7 E Cmaj7 E Cmaj7 E <chorus_1> Cmaj7 D E Cmaj7 D E Cmaj7 D E Cmaj7 D E <verse_2> Cmaj7 E Cmaj7 E Cmaj7 E Cmaj7 E <chorus_2> Cmaj7 D E Cmaj7 D E Cmaj7 D E Cmaj7 D E Cmaj7 D E Cmaj7 D E Cmaj7 D E Cmaj7 D Gs <outro_1> Cmaj7 E,artist_615
2022,3i0rzDAN7n9At98l37wtkc,<intro_1> Amin F Dmin B E <verse_1> Amin G F Dmin B E <chorus_1> F Dmin Amin C F Dmin Esus4 E <chorus_2> Amin F Dmin B E Amin F Dmin B E F Dmin Amin C F Dmin E <verse_2> Amin F Amin Dmin Amin B E <chorus_3> F Dmin Amin C F Dmin Esus4 E <chorus_4> Amin F Dmin B E Amin F E Dmin E F Dmin Amin C F Dmin E <bridge_1> Amin Emin D F Amin Emin D Dmin <chorus_5> Amin F E Dmin D B E Amin F E Dmin E C F Dmin Amin C F Dmin E Eno3d,artist_617
2019,7vamSd2pwjHSyId0tPsblN,<intro_1> G <verse_1> Cadd9 Gadd9 G Cadd9 Gadd9 G Amin7 D11 Amin7 D11 <chorus_1> G Emin Amin C D11 G Emin Amin C D11 G <verse_2> Cadd9 Gadd9 G Cadd9 Gadd9 G Amin7 D11 Amin7 D11 <chorus_2> G Emin Amin C D11 G Emin Amin C D11 <solo_1> G Emin7 Amin C D11 <chorus_3> G Emin7 Asus4 Cadd9 D11 G Emin Amin C D11 E7 C D11 <outro_1> G,artist_572
2020,6Aq9AIpw6fiHtgMxJp1rb8,<intro_1> E A G E G A <verse_1> E G A E G A E A G D E D C D <verse_2> E A G E G A E A G D E D C D <chorus_1> E C G E C G E C G E C G E <instrumental_1> A G E G A <verse_3> E A G E G A E A G D E D C D <chorus_2> E C G E C G E C G E C G E <bridge_1> A C G A C G <chorus_3> E C G E C G E C G E C G E <outro_1> C G E C G E C G E C G E A G E A G E A G E A G,artist_618
2022,31zZczQT17S5XDnUPg8HKi,<intro_1> F Dmin Bb F <verse_1> Bb C F Dmin Bb C F <verse_2> Bb C F Dmin Bb C F <chorus_1> Dmin Amin Bb F C Dmin Amin Bb C F <verse_3> Bb C F Dmin Bb C F <verse_4> Bb C F Dmin Bb C F <chorus_2> Dmin Amin Bb F C Dmin Amin Bb C F <instrumental_1> Dmin Bb F <verse_5> C F Bb C F Dmin Bb C F <outro_1> Dmin Bb C,artist_620
2020,23G8P94lKwgXNAKH2z5VP8,<verse_1> C Amin Emin C7 F F7 F7 Dminadd13 Amin Dmin7 Bmin7 E7 Amin Amin7 B7 E G7 C Amin Emin C7 F F7 F7 Dminadd13 Emin7 A7 Gmin7 F Dmin Dmin7 E7 C/A B7 Dmin7 C Amin Dmin7 G7 C <verse_2> Amin Emin C7 F F7 F7 Dminadd13 Emin7 A7 Gmin7 F Dmin Dmin7 E7 C/A B7 Dmin7 C Amin Dmin7 G7 C,artist_622
2021,1TrJ3y7onQrLlEJlspldjV,<intro_1> D <verse_1> C G D C G D Amin A Amin A D C G D <chorus_1> G D C G D Amin D C G D Dmin D <verse_2> C G D Dmin D Dmin C G D Amin A D C G D <chorus_2> G D C G D Amin A D C G D C G D <outro_1> Dmin D C G D Dmin D C G D C G D C G D,artist_338
1995,6sAso3ZZZcWvND4UO4ly85,<intro_1> A E <chorus_1> A E A E <chorus_2> A E A E <chorus_3> A E A E A E A E <chorus_4> A E A E,artist_623
1995,1RryLVHCnXW3FaA8UKZ926,<verse_1> G D G D G D Emin7 A G D G D G D Emin7 A <verse_2> G D G D G D Emin7 A G D G D G D Emin7 A <chorus_1> G D/Fs Emin7 A D G D/Fs Emin7 A D <verse_3> G D G D G D Emin7 A G D G D G D Emin7 A <verse_4> G D G D G D Emin7 A G D G D G D Emin7 A <chorus_2> G D/Fs Emin7 A D G D/Fs Emin7 A D <chorus_3> G D/Fs Emin7 A D G D/Fs Emin7 A D <chorus_4> G D/Fs Emin7 A D G D/Fs Emin7 A D,artist_624
2015,4qw9bLpVrIRaWzINNs1A8J,<intro_1> Abadd9 Ab Cmin7 Bbmin7 Ab Cmin7 Bbmin7 <verse_1> Abadd9 Fmin7 Bbmin11 Ab Eb <verse_2> Abadd9 Ddim7 Bbmin11 D9 <chorus_1> Db7 Fmin7 Fmin11 Db7 Bbmin9 Ab Bbmin7 Bbmin9 Absus2/C Ab/C Db7 Bbmin9 Fmin9 Db Dbadd9 Bbmin9 Bbmin Ab Cmin7 Bbmin7 Ab Cmin7 Bbmin7 <verse_3> Abadd9 Fmin7 Bbmin7 Ddim7 Dbminadd13 <verse_4> Ab/C Fminadd13 Bbmin7 Fmin7 Eb <chorus_2> Db7 Fmin7 Fmin11 Db7 Bbmin9 Ab Bbmin7 Bbmin9 Absus2/C Ab/C Db7 Bbmin9 Fmin9 Db Dbadd9 Bbmin9 Bbmin Ab <bridge_1> Db7 Fmin7 Edim7 Fmin7 Db7 Db/F Eb/G Ab Ab/C Eb Ab/C Ab7/C Db7 Fmin/Ab Eb/G Fmin7 Dmajs9 Db7 Abmaj9/C Bbmin Ab Bbmin7 Bbminadd13 Absus2/C Ab/C <chorus_3> Db7 Fmin9 Db7 Ab Bbmin Ab Eb/G Fmin7 Eb Ab/C Db Ab/C Db Eb Db/F Dbmin7/Gb Fmin7/Eb Dmajs9 Db Ab/C Db/F Bb/G Ab <bridge_2> Db7 Fmin7 Edim7 Fmin7 Db7 Db/F Eb/G Ab Ab/C Eb Ab7/C Db7 Fmin/Ab Gdim7 Fmin7 Dmajs9 Db7 Abmaj9/C Bbmin Ab <instrumental_1> Cmin7 Fmin7 Cmin7 Bbmin9 Ab Bbmin7 Cmajs9 Fmin7 Cmin7 Bbmin11 Ab,artist_625
2021,49SJ2fkMiOtIqT2FNPgzav,<intro_1> C G Amin F C G Amin F <verse_1> C G Amin F C G Amin F C G Amin F C G Amin F E Amin E Amin E Amin E Amin <chorus_1> C E F G C E F G <instrumental_1> C G Amin F C G Amin F <verse_2> C G Amin F C G Amin F E Amin E Amin E Amin E Amin <chorus_2> C E F G C E F G C E F G C E F G <outro_1> C E F G C E F G C E F G C E F G C E F G C E F G C E F G,artist_626
1993,5J6POaDAhQz14pulwUH8ip,<verse_1> C Amin F G Emin Amin D C G C Amin F G Emin Amin D C G <chorus_1> C G Amin G Amin G Dmin G C G Amin G Amin G Dmin G C <verse_2> Amin F G Emin Amin D C G C Amin F G Emin Amin D C G <chorus_2> C G Amin G Amin G Dmin G C Amin F G Emin Amin D C G <chorus_3> C G Amin G Amin G Dmin G C G Amin G Amin G Dmin G C Amin G Dmin G C,artist_627
2018,11a1urwupkxuJVPac4zOzd,<intro_1> C Cmaj7 Bmin7 Amin7 Dmin7 Cmaj7 Bmin7 Amin7 D7 <verse_1> Cmaj7 Bmin7 Amin7 Dmin7 Cmaj7 Bmin7 Amin7 Dmin7 Cmaj7 Bmin7 Amin7 Dmin7 Cmaj7 Bmin7 Amin7 D7 <chorus_1> Cmaj7 Bmin7 Amin7 Cmaj7 Bmin7 Amin7 Cmaj7 Bmin7 Amin7 Dmin7 Cmaj7 D7 Cmaj7 Bmin7 <interlude_1> Amin7 G7 Cmaj7 Bmin7 Amin7 C7 <verse_2> Cmaj7 Bmin7 Amin7 D7 Cmaj7 Dmin7 Amin7 Gmaj7 Cmaj7 Bmin7 Amin7 D7 Cmaj7 Bmin7 Amin7 <interlude_2> Cmaj7 Emin7 Amin7 Cmaj7 Bmin7 Amin7 G7 <chorus_2> Cmaj7 Bmin7 Amin7 Cmaj7 Bmin7 Amin7 Cmaj7 Bmin7 Amin7 Dmin7 Cmaj7 D7 Cmaj7 Bmin7 <interlude_3> Amin7 D7 Cmaj7 Bmin7 Amin7 Gmaj7 Cmaj7 D7 Amin7 G7 Cmaj7 Amin7 <verse_3> Dmin7 Cmaj7 Bmin7 Amin7 Cmaj7 Bmin7 Amin7 Cmaj7 Bmin7 Amin7 <outro_1> Dmin7 Cmaj7 Bmin7 Amin7 Dmin7 Cmaj7 Bmin7 Amin7 Cmaj7 Bmin7 Amin7 Cmaj7 Bmin7 Amin7 Cmaj7 Bmin7 Amin7 Dmin7 Cmaj7 Bmin7 Amin7 Dmin7 Cmaj7 Bmin7 Amin7 Cmaj7 Bmin7 Amin7 Cmaj7,artist_6
2012,6UuxTebwqgW9iIHRNgFyby,<intro_1> G A Bmin A G A Bmin A <verse_1> G D Bmin G D Bmin G A <chorus_1> G D A Bmin G D A <instrumental_1> G D Bmin A <verse_2> G D Bmin G D Bmin G A <chorus_2> G D A Bmin G D A G D A Bmin G D A <instrumental_2> G A Bmin A G A Bmin A <bridge_1> G D G A Bmin G D G A Bmin <chorus_3> G D A Bmin G D A <outro_1> G A Bmin A,artist_628
2023,33uI08hGJ1QJt6J6bioBkF,<verse_1> Amin C D F Amin E7 Amin C D F Amin E7 Amin C D F Amin E7 Amin C D F Amin E7 Amin C D F Amin E7 Amin C D F Amin E7 Amin <chorus_1> D F C Dmin E7 Amin D F C Dmin E7 Amin <verse_2> C D F Amin E7 Amin C D F Amin E7 Amin C D F Amin E7 Amin C D F Amin E7 Amin <chorus_2> D F C Dmin E7 Amin D F C Dmin E7 Amin,artist_629
2023,7cV58Bvu5K4WzbIBg6hX6t,<intro_1> E Fsmin Asus2 Bsus2 <verse_1> E Fsmin Asus2 Bsus2 E Fsmin Asus2 Bsus2 Gsmin Asus2 Fsmin Bsus2 Gsmin Asus2 Fsmin Bsus2 <chorus_1> E Fsmin Asus2 Bsus2 E Fsmin Asus2 Bsus2 <verse_2> E Fsmin Asus2 Bsus2 E Fsmin Asus2 Bsus2 Gsmin Asus2 Fsmin Bsus2 Gsmin Asus2 Fsmin Bsus2 <chorus_2> E Fsmin Asus2 Bsus2 E Fsmin Asus2 Bsus2 <outro_1> E Fsmin Asus2 Bsus2 E Fsmin Asus2 Bsus2,artist_630
2020,51js1dExwInVO163gghEHn,<intro_1> C <chorus_1> D <verse_1> C <chorus_2> A C A C A C A C A C D A C D A C D A C D A C,artist_631
2022,1dN2Nq0biHVDT1yX8JlKH4,<intro_1> Emin Eno3d Emin Eno3d Emin Eno3d <chorus_1> Emin Eno3d Emin Gno3d Emin <verse_1> Eno3d Gno3d Emin Gmin Emin Gmin Emin Eno3d <chorus_2> Emin Gmin Emin Ano3d Emin <verse_2> Eno3d Emin Gmin Emin Gno3d Eno3d Emin Gmin Emin Gmin Emin <chorus_3> Gno3d Eno3d Amin Eno3d Ano3d Eno3d Ano3d,artist_632
2003,0TULYr62muJSptzmrrgnC1,<intro_1> C Emin F Dmin <verse_1> C Emin F Dmin C Emin F Dmin C Emin F Dmin G C <chorus_1> Amin F G C G C Amin F G C G C <verse_2> Emin F Dmin C Emin F Dmin G C Amin F G C G C Amin F G C <bridge_1> G A Amin G F C As F Dmin F Dmin Amin F G C G C Amin F G C G C,artist_636
1993,7qcnpbAmM7jYg6HBYd1e6L,<intro_1> Dmin Bb F C Dmin C F Dmin C F Dmin C F Dmin C F <verse_1> Dmin C F Dmin C F Dmin C F Dmin C F <bridge_1> Bb C Bb C <verse_2> Dmin C F Dmin C F Dmin C F Dmin C F <bridge_2> Bb C Bb C <chorus_1> Dmin Bb F C Dmin Bb F C Dmin Bb F C Dmin Bb F C <instrumental_1> Bb C Bb C <verse_3> Dmin C F Dmin C F Dmin C F Dmin C F <bridge_3> Bb C Bb C Bb C Bb C <chorus_2> Dmin Bb F C Dmin Bb F C Dmin Bb F C Dmin Bb F C Dmin Bb F C Dmin Bb F C Dmin Bb F C Dmin Bb F C <instrumental_2> Bb C Bb C Bb C Bb C <outro_1> Dmin Bb F C Dmin Bb F C Dmin Bb F C Dmin Bb F C Dmin Bb F C Dmin Bb F C Dmin Bb F C Dmin Bb F C Dmin Bb,artist_324
1993,3ROhjsWahITjSgZzKTcKUp,<intro_1> Eno3d,artist_324
2023,4VFulYnAAUZN7IVYpaxYnv,<intro_1> Fsmin <verse_1> D A E Fsmin D A E Bmin G Bmin Cs <chorus_1> A E G A E G Cs Fsmin Bmin Cs Fsmin <verse_2> D A E Fsmin D A E Bmin G Bmin Cs <chorus_2> A E G A E G Cs Fsmin Bmin Cs A E G A E G Cs Fsmin Bmin Cs Fsmin <bridge_1> Csmin Fsmin Csmin Fsmin Csmin Bmin7 Csmin D E <chorus_3> A E G A E G Cs Fsmin Bmin Cs A E G A E G Cs Fsmin Bmin Cs Fsmin,artist_637
1998,5AlH6FIXI0n9RRjNWbOamX,<verse_1> Eb F Dmin Gmin Eb F Dmin Gmin Eb F Dmin Gmin Eb F Bb <verse_2> Eb F Dmin Gmin Eb F Dmin Gmin Eb F Dmin Gmin Eb F Bb <chorus_1> Eb Bb Eb Gmin Eb Bb Gmin Eb F Dmin Eb <verse_3> F Dmin Gmin Eb F Dmin Gmin Eb F Dmin Gmin Eb F Bb <chorus_2> Eb Bb Eb Gmin Eb Bb Gmin Eb F Dmin Eb <bridge_1> F Gmin F Eb Dmin7 Gmin Eb Gmin Gmin7 Eb <verse_4> F Dmin Gmin Eb F Dmin Gmin Eb F Dmin Gmin Eb F Bb <outro_1> Eb F Bb Eb F Bb,artist_639
2022,1WL69n0lfHm5o2s5tHBunG,<intro_1> B7 E <verse_1> B7 E B7 E <chorus_1> B7 E <instrumental_1> B7 E <verse_2> B7 E B7 E <chorus_2> B7 E <instrumental_2> B7 E <verse_3> B7 E B7 E <chorus_3> B7 E <outro_1> B7 E B7 E,artist_640
2014,3gFbOlhtxWy0U0pMtbUH4y,<intro_1> Amin G F E Amin G F E <verse_1> Amin G F E Amin G F E <chorus_1> Amin G F E Amin G F E <bridge_1> C G F E C G F E <verse_2> Amin G F E Amin G F E <chorus_2> Amin G F E Amin G F E <bridge_2> C G F E C G F E <instrumental_1> Amin G F E Amin G F E <verse_3> Amin G F E Amin G F E <chorus_3> Amin G F E Amin G F E Amin G F E Amin G F E Amin,artist_641
2023,1MdDSHdHItoEtGTMPe6m2u,<intro_1> F Dmin Amin <verse_1> F Dmin Amin F Dmin Amin F G Dmin <chorus_1> Amin C G Amin C G F G Amin F G Amin F G Amin <verse_2> F Dmin Amin F G D Amin <chorus_2> C G Amin C G F G Amin F G Amin F G Amin F G Amin <chorus_3> C G Amin C G F G Amin F G Amin F G Amin <outro_1> F G Amin,artist_643
2023,6UjF2rwLKgnUrt23Onq0rh,Amin Dmin Amin Dmin Amin Dmin Amin Dmin Amin E F E F E F E F E Amin Dmin C E Amin Dmin C E Amin C F Dmin E Amin Dmin Amin Dmin Amin Dmin Amin Dmin Amin Dmin C E Amin Dmin C E Amin C F Dmin E Amin D C F G D C F G Amin Dmin C E Amin Dmin C E Amin Dmin C E Amin Dmin C E Amin C F Dmin E Amin Dmin C E Amin Dmin C E Amin C F Dmin E Amin C F G Amin C F G Amin C F G E A D A Bmin E A D Fs Bmin E A Fs D E D C As D C As C D C As C D E F G D E F B G E F G E E7/B Amin G F D G Cmin Gs Ds G Cmin Gs Gmin Fmin G Cmin Bb Ds D Cmin,artist_644
2023,0tb0RHrF4IpwPJOKYxnxxe,<intro_1> Emin D G Amin Emin D G Amin Emin D G Amin Emin D G Amin <verse_1> Emin D G Amin Emin D G Amin Emin D G Amin Emin D G Amin Emin D G Amin Emin D G Amin Emin D G Amin Emin D G Amin <chorus_1> Emin D G Amin Emin D G Amin Emin D G Amin Emin D G Amin Emin D G Amin Emin D G Amin Emin D G Amin Emin D G Amin <verse_2> Emin D G Amin Emin D G Amin Emin D G Amin Emin D G Amin <chorus_2> Emin D G Amin Emin D G Amin Emin D G Amin Emin D G Amin Emin D G Amin Emin D G Amin Emin D G Amin Emin D G Amin <outro_1> Emin D G Amin Emin D G Amin Emin D G Amin Emin D G,artist_646
2023,3zn6I6sXe0tutUhdGzAzEJ,<verse_1> C Cmaj7 C Cmaj7 Dmin Dmin7 Dmin Dmin7 C Cmaj7 C Cmaj7 Dmin Dmin7 Dmin Cmaj7 <chorus_1> C Dmin7 G Fmaj7 Dmin7 Amin F Dmin7 A G Emin Dmin7 F E Amin <verse_2> C Dmin7 F Cmaj7 F Dmin7 Amin F Dmin7 Amin G Emin Dmin7 F Emin C <interlude_1> F G Amin G <outro_1> F Dmin7 Amin F Dmin7 Amin G Emin Dmin7 F Emin Amin,artist_649
2017,2x5DaKuIEgbodegSzctTOr,<intro_1> Amin F C G <verse_1> Amin F C G Amin F C G Amin F C G <chorus_1> Amin F C G Amin F C G <interlude_1> Amin F C G <verse_2> Amin F C G <chorus_2> Amin F C G Amin F C G <solo_1> Amin F C G <bridge_1> Amin F C Gadd11 <chorus_3> Amin F C G Amin F C G <outro_1> Amin F C G Amin F C G,artist_650
2023,3WZyXUHTqffITfNniSJyKD,<intro_1> Amin C G F <verse_1> Amin C Amin C G Amin C F <chorus_1> Amin C G F C Amin C F Amin C F Amin C F <verse_2> Amin C G F Amin C G C F <chorus_2> Amin C G F C Amin C G Amin C F C Amin C F C Amin,artist_651
2019,4n7GSkW703JwCpqyyrBoGH,<intro_1> Amin <verse_1> F/E Amin F/E <bridge_1> Amin C/G F/E Amin C/G F/E <verse_2> Amin F/E Amin F/E <chorus_1> G Amin F/E G C/G Emin F/E G Amin F/E G C/G Emin F/E Amin <verse_3> F/E Amin F/E <bridge_2> Amin C/G F/E Amin C/G F/E <chorus_2> G Amin F/E G C/G Emin F/E G Amin F/E G C/G Emin F/E C/G F/E C/G F/E C/G F/E C/G <chorus_3> G Amin F/E G C/G Emin F/E G Amin F/E G C/G Emin F/E Amin <outro_1> C/G,artist_653
2023,4UWIMVtvcoZz7TeQa95iMW,<verse_1> Emin7 Cmin G D/Fs Emin7 Aadd9/Cs C/D Cmin7 Eb Fadd13 G <verse_2> Emin7 Amin7 Emin7 Cmaj7 Amin7 Gadd9 D C Amin7 D G Cmaj7 Bmin Cmaj7 Dadd13 Emin7 Fadd9 D <chorus_1> A E D A Bmin7 D Gadd9 E A E D A E D A Gadd9 E <verse_3> B Fs/B E/B B Csmin7 E B Csmin7 Dsmin7 Fs B Fs E Fs Gsmin Csmin7 Dsmin7 G Fsmin7 Emin D G A/G G A/G B <outro_1> Fs/B E/B B Csmin7 E B,artist_654
2013,5lFB31tF5SDiZqavmswS9x,<verse_1> G D G D G D G D G <chorus_1> C G C <verse_2> G D G D G D G D G D G D G <chorus_2> C G C <outro_1> G D G D G D G D G,artist_302
2006,7yWSBvDGeKXgdDZnoy2YXd,<intro_1> E Fsmin D E Fsmin D <verse_1> Bmin Fsmin Fsmin/E G D A/Cs Bmin Fsmin Fsmin/E G D Csmin Bmin A/Cs D <chorus_1> E Fsmin D E Fsmin D E Fsmin D E Fsmin D <verse_2> Bmin Fsmin Fsmin/E G D A/Cs Bmin Fsmin Fsmin/E G D Csmin Bmin A/Cs D <chorus_2> E Fsmin D E Fsmin D E Fsmin D E Fsmin D <bridge_1> Csmin D Fsmin E D E D E D E D <interlude_1> E D E Fsmin D <chorus_3> E Fsmin D E Fsmin D Csmin D Fsmin E,artist_655
2005,6MxsvhhdxBhJxooO66zlO6,<intro_1> B E Gsmin E B E Gsmin E <verse_1> B Gsmin B Gsmin B Gsmin B Gsmin E <chorus_1> B E Gsmin E B E Gsmin E <interlude_1> B <verse_2> Gsmin B Gsmin B Gsmin B Gsmin B E <chorus_2> B E Gsmin E B E Gsmin E <verse_3> B Gsmin B Gsmin B Gsmin B Gsmin B Gsmin B Gsmin B Gsmin B Gsmin E <chorus_3> B E Gsmin E B E Gsmin E <interlude_2> Csmin E Gsmin Fs Csmin E Gsmin Fs <bridge_1> Csmin E Gsmin Fs Csmin E Gsmin Fs Csmin E Gsmin Fs Csmin E <verse_4> B Gsmin B Gsmin B Gsmin B,artist_656
2023,6C7AP6DWA9UsMK3kIqMifX,<chorus_1> Dmin C Bb Gmin Amin Dmin C Bb Gmin Dmin <verse_1> F Gmin Bb C Dmin F Gmin Bb C Dmin F Gmin Bb C Dmin Gmin7 Dmin Bbmaj7 <chorus_2> Dmin C Bb Gmin C Dmin C Bb Gmin C Dmin <verse_2> F Gmin Bb C Dmin F Gmin Bb C Dmin F Gmin Bb C Dmin Gmin7 Dmin Bbmaj7 <chorus_3> Dmin C Bb Gmin C Dmin C Bb Gmin C Dmin <outro_1> C Bb Gmin C Dmin C Bb Gmin C Dmin,artist_657
2018,70VCnApzoHyOZvYuK4EoaM,<intro_1> C G C G C G C G <verse_1> C G C G C G C G <verse_2> C G C G C G C G C G C G <verse_3> C G C G C G C G <outro_1> C G C G C G C G,artist_12
1987,2KACTge0W3IUKPXRmJSGBd,<intro_1> A/Cs Fsmin Bmin E <verse_1> A/Cs Fsmin Bmin E A/Cs Fsmin Bmin E A/Cs Fsmin Bmin E A/Cs Fsmin Bmin E <bridge_1> A/Cs Gmin/Bb <interlude_1> A/Cs Fsmin Bmin E A/Cs Fsmin Bmin E <verse_2> A/Cs Fsmin Bmin E A/Cs Fsmin Bmin E A/Cs Fsmin Bmin E A/Cs Fsmin Bmin E A/Cs Fsmin Bmin E A/Cs Fsmin Bmin E,artist_658
2023,3WbpTinnlotDTs3uXwVrP7,<intro_1> C <verse_1> Amin Dmin G C Amin Dmin G <chorus_1> C Amin F Amin G C C/B Amin F G Amin <verse_2> C Amin Dmin G C G/B Amin Cadd13 Dmin G <chorus_2> C Amin F Amin G C C/B Amin F G Amin <bridge_1> F Emin Dmin Dmin7 F Emin Dmin7 E7 Amin G <chorus_3> C Amin F Amin G C C/B Amin F G Amin,artist_659
2015,5YDUDi2SsfYIUBZjjYIL6f,<verse_1> E G Fs E G Fs E G Fs E G Fs E G B <chorus_1> E G A E G A E G A E G A C D E C D E G Fs E G Fs <verse_2> E G A E G A E G B <chorus_2> E G A E G A E G A E G A C D E C D E <bridge_1> G B <solo_1> E G A E G A E G A E G A <chorus_3> E G A E G A E G A E G A C D E C D E G Fs E G Fs E G Fs E G Fs E,artist_660
2023,59nchDV5vZqIP0m1DgpSuS,<intro_1> D Emin Bmin G <verse_1> D Emin Bmin G D Emin Bmin G A G A Bmin D A G A Bmin D A <chorus_1> D Fsmin G A Bmin Fsmin G A D <verse_2> Emin Bmin G D Emin Bmin G A G A Bmin D A G A Bmin D A <chorus_2> D Fsmin G A Bmin Fsmin G A D Fsmin G A Bmin Fsmin G A D,artist_661
2023,3slQ550jA1udn2keXTvu1U,<intro_1> F Amin Dmin7 F/C C7 Bb/C C7 <verse_1> Dmin Bbadd9 F Dmin Bb F Dmin Bbadd9 F Dmin Bb F <chorus_1> Bb Dmin C/E F Amin Gmin7 Bb F C7 <verse_2> Dmin Bbadd9 F Dmin Bb F Dmin Bbadd9 F Dmin Bb F <chorus_2> Bbmaj7 Dmin C/E F Amin Bb Bbmaj7 Dmin C/E F Dmin7 Amin Gmin7 <outro_1> Bb Bbmaj7 F Amin Dmin7 F/C C7 Bb/C C7 F,artist_662
2023,1Zr8LezOCv9IKPm9cwN27F,<verse_1> Cmin Gmin Cmin Bb Cmin Bb Ab Gmin Fmin7 Gmin7 Ab Cmin Bb Fmin Gmin Ab <chorus_1> Cmin Fmin Ab Bb Cmin Fmin7 Ab Bb Cmin Gmin Ab Gmin Fmin7 <verse_2> Cmin Gmin Ab Fmin Cmin Gmin Ab Gmin Fmin Gmin Ab <chorus_2> Cmin Fmin7 Ab Bb Cmin Fmin7 Ab Bb Cmin Fmin7 Ab Bb <bridge_1> Ab Fmin Gmin7 Cmin Bb Cmin Fmin7 Gmin7 G7 <chorus_3> Cmin Fmin7 Ab Bb Cmin Fmin7 Ab Bb Cmin Fmin7 Ab Bb Cmin Fmin7 Ab Bb,artist_663
2019,3uN9uoXFQC6l04B5eO0UKb,<intro_1> Cmaj7 C G Cmaj7 C G <verse_1> Cmaj7 C G Cmaj7 C G Emin D G Cmaj7 D Cmaj7 C G Cmaj7 C G Emin D Cmaj7 D <chorus_1> Emin B7 G A C D Cmaj7 C G <interlude_1> Cmaj7 C G <verse_2> Cmaj7 C G Cmaj7 C G Emin D C A G B7 Emin D Amin G Cmaj7 Fmaj7 <chorus_2> Emin B7 G D A C Bmin G Amin D Cmaj7 C G <outro_1> Cmaj7 C G Cmaj7 C G Cmaj7,artist_664
2021,1yeMuA03ANPOrPmDEBvtKp,<verse_1> C Amin C G C Amin7 C G C Amin C G C Amin Cmin G C Amin7 C G C Amin C G C Amin7 C G C Amin C G C Amin C G C Amin7 C G C Amin C G C Amin C G C Amin Cmin G C Amin7 C G C Amin7 Cmin G C Amin C G C Amin C G C Amin C G C Amin C G C Amin C G C Amin C G C Amin C G C Amin C G C Amin7 Cmin G C Amin7 C,artist_665
1994,2HwON96D8XSQLwRvCzn5rQ,<intro_1> Bmin G Bmin Emin <verse_1> A Bmin Emin Bmin G Bmin G Bmin Emin G Emin G Bmin G Emin Bmin Emin G Bmin Emin <bridge_1> G C G C G Bmin Emin C Bmin G C Bmin Emin Bmin B G C Bmin Emin Bmin <interlude_1> Emin Bmin Emin <verse_2> A Bmin Emin Bmin Emin Bmin G Bmin G Bmin Emin Bmin Emin Bmin Emin Bmin Emin <bridge_2> C G C G Bmin Emin C G Bmin B <outro_1> G C Bmin Emin Bmin G C Bmin Emin Bmin,artist_14
2023,5htUUUBlgHZ9fztWTTDEFm,<intro_1> Dmaj7 <verse_1> G Bmin G <verse_2> D G Bmin G Bmin G D A <chorus_1> Emin A D A Bmin A Emin A D A Bmin A Emin A D <verse_3> G Bmin G Bmin G D A <chorus_2> Emin A D A Bmin A Emin A D A Bmin A Emin A D A Bmin A G <outro_1> Emin A D A Bmin A Emin A D,artist_667
2021,18hPvq4l7aiolR6NenxBz6,<verse_1> Amaj7 Abdim7 Fsmin7 Emin7 Dmaj7 Dbmin7 Bmin7 E9 <verse_2> Amaj7 Abdim7 Fsmin7 Emin7 Dmaj7 Dbmin7 Bmin7 E9 <chorus_1> Amaj7 Fsmin7 Dmaj7 E9 Amaj7 Fsmin7 Dmaj7 E9 Amaj7 Fsmin7 Dmaj7 E9 Amaj7 Fsmin7 Dmaj7 E9 <verse_3> Amaj7 Abdim7 Fsmin7 Emin7 Dmaj7 Dbmin7 Bmin7 E9 <verse_4> Amaj7 Abdim7 Fsmin7 Emin7 Dmaj7 Dbmin7 Bmin7 E9 <verse_5> Amaj7 Abdim7 Fsmin7 Emin7 Dmaj7 Dbmin7 Bmin7 E9 <chorus_2> Amaj7 Fsmin7 Dmaj7 E9 Amaj7 Fsmin7 Dmaj7 E9 Amaj7 Fsmin7 Dmaj7 E9 Amaj7 Fsmin7 Dmaj7 E9 <bridge_1> Amaj7 Fsmin7 Dmaj7 E9 Amaj7 Fsmin7 Dmaj7 E9 <chorus_3> Amaj7 Fsmin7 Dmaj7 E9 Amaj7 Fsmin7 Dmaj7 E9 Amaj7 Fsmin7 Dmaj7 E9 Amaj7 Fsmin7 Dmaj7 E9,artist_668
2011,31trJ0p6jSrc4UTceABL0o,<intro_1> Amin E Amin E <verse_1> Amin Dmin Amin Dmin <chorus_1> C Cmaj7 A C Cmaj7 A F D7 G E <interlude_1> Amin E Amin E7 Amin F Dmin Bmin Amin <verse_2> Dmin Amin Dmin E Dmin Bmin <chorus_2> C Cmaj7 A C Cmaj7 A F Dmin G E <interlude_2> Amin E Amin E7 <verse_3> Amin F E Dmin E Amin F E Dmin G <chorus_3> C Cmaj7 A C Cmaj7 A F D7 G E Amin <outro_1> E A,artist_11
1978,4mDT3PTfUgwEo8C8ykUxkS,<intro_1> B A B A B <verse_1> A B A B A B A Fs G Cadd9/F G Cadd9/F G Cadd9/F G Cadd9/F G <instrumental_1> A G A G D <chorus_1> A G A D A G A D A G A D A E D G Cadd9/F <instrumental_2> B A B A B <verse_2> A B A B A B A Fs G Cadd9/F G Cadd9/F G Cadd9/F G Cadd9/F G <instrumental_3> A G A G D <chorus_2> A G A D A G A D A G A D A E D G Cadd9/F <instrumental_4> B A B A B <verse_3> A B A B A B A Fs G Cadd9/F G Cadd9/F G Cadd9/F G Cadd9/F G <instrumental_5> A G A G D <chorus_3> A G A D A G A D A G A D A E D G Cadd9/F F D,artist_226
2023,5kG79iNNWnQARflxo1l6ae,<verse_1> Amin F C E Amin F C E <chorus_1> Amin F C G Amin F C G Amin F C G Amin F C G Amin <verse_2> F C E Amin F C G Dmin F C G Dmin F G <chorus_2> Amin F C G Amin F C G Amin F C G Amin F C G <bridge_1> Amin F C G Amin F G Amin F C G Amin F C G Amin <instrumental_1> F C G <chorus_3> Amin F C G Amin F C G Amin F C G Amin F C G Amin,artist_670
2023,5coGRpcrHdoLBuTLAeKGxu,<intro_1> G C <verse_1> Gmaj7 C Bmin C Gmaj7 C Bmin C Emin D Cmaj7 Amin Bmin Emin D Cmaj7 Amin Bmin Emin <chorus_1> G C Amin D Bmin Emin Amin Bmin C G C <verse_2> G C Bmin C Emin D Cmaj7 Amin Bmin Emin D Cmaj7 Amin Bmin Emin <chorus_2> G C Amin D Bmin Emin Amin Bmin C Amin <bridge_1> D Emin C Cmaj7 <chorus_3> G C Amin D Bmin Emin Amin Bmin C G C G,artist_671
2016,6kiBHtPe8GfNhLygAO2jiv,<chorus_1> E Gs Fsmin A B E <verse_1> Gs Fsmin A B E <bridge_1> A E A E B <chorus_2> E Gs Fsmin A B E <solo_1> Gs Fsmin A B E Gs Fsmin A B E <bridge_2> A E A E B <chorus_3> E Gs Fsmin A B E,artist_672
2018,2532PzpPlJvS25Gd04BGx4,<intro_1> Emin C Emin C <verse_1> Emin C Emin C <interlude_1> Emin C <verse_2> Emin C Emin C D C D C G <chorus_1> C D C <interlude_2> Emin G C Emin G C <verse_3> Emin C Emin C D C D C G <chorus_2> C D C <chorus_3> G C D C <outro_1> Emin G C Emin G C Emin G C Emin C Emin C,artist_22
2018,7LD81Yw0rPSTJtwgqBXesC,<intro_1> Fsmin7 Gmaj7 Fsmin7 Gmaj7 Fsmin7 Gmaj7 Fsmin7 Gmaj7 Fsmin7 Gmaj7 Fsmin7 <verse_1> Gmaj7 Fsmin7 Gmaj7 Fsmin7 <chorus_1> Emin Fsmin7 Cmaj7/G Bmin7 A/Cs Emin Fsmin7 Cmaj7/G Bmin7 A/Cs <instrumental_1> Gmaj7 Fsmin7 Gmaj7 Fsmin7 <verse_2> Gmaj7 Fsmin7 Gmaj7 Fsmin7 <chorus_2> Emin Fsmin7 Cmaj7/G Bmin7 A/Cs Emin Fsmin7 Cmaj7/G Bmin7 A/Cs <outro_1> Emin Fsmin7 Cmaj7/G Bmin7 A/Cs Emin Fsmin7 Cmaj7/G Bmin7 A/Cs,artist_673
2022,1W1d1dq6iEtC1zUD7F363X,<verse_2> C Amin G C Amin F C Amin G C Amin F <verse_3> C Amin G C Amin F C Amin F G C Amin F <verse_4> C Amin G C Amin F C Amin G C Amin F <interlude_1> Dmin7 F Dmin7 F Dmin7 F C Amin F G F Dmin7 F Dmin7 F C Amin F <verse_5> C Amin G C Amin F C Amin G C Amin F <verse_6> C Amin G C Amin F C Amin G C Amin F <verse_7> C Amin G C Amin F C Amin G C Amin F <instrumental_1> C Amin G Cmaj7 Amin F C Amin G Cmaj7 Amin F,artist_674
2022,7K8lqMfMFl8Q2aqcCwnDCb,<intro_1> Bmin G Emin A <verse_1> Bmin G Bmin Emin Bmin G Emin Bmin <chorus_1> A Emin Bmin A Emin Bmin A G Bmin A G Bmin G Emin A <verse_2> Bmin G Bmin Emin Bmin G Emin Bmin <chorus_2> A Emin Bmin A Emin Bmin A G Bmin A G Bmin G Emin A <verse_3> Bmin G Bmin Emin Bmin G Emin Bmin <chorus_3> A Emin Bmin A Emin Bmin A G Bmin A G Bmin G Emin A <verse_4> Bmin G Bmin Emin Bmin Emin Bmin G Emin Bmin <chorus_4> A Emin Bmin A Emin Bmin A G Bmin A G Bmin G Emin A,artist_676
1971,0VG5YnN8MmNqqu1iMyxfRh,<intro_1> B7 <verse_1> E7 A7 D7 F7 G7 E7 A7 D7 F7 G7 E7 A7 Db7 C7 B7 Bb7 A7 C7 G7 <verse_2> A7 D7 G7 A7 D7 A7 D7 F7 G7 E7 A7 D7 F7 G7 E7 A7 D7 Db7 C7 B7 Bb7 A7 F7 D7 G7 A7 D7 <interlude_1> G7 D7 A7 E7 A7 D7 G7 E7 A7 D7 F7 G7 E7 A7 D7 Db7 C7 B7 Bb7 A7 F7 D7 G7 <outro_1> A7 D7 G7 D7 G7 D7 G7 D7 G7,artist_677
2021,4XAIeTN6lGCmd6hy0cdQWh,<intro_1> Emin G D C Emin G D C Emin <verse_1> G D C Emin G D C Emin <chorus_1> Amin Emin G D Dsus4 C Emin <verse_2> G D C Emin G D C Emin <chorus_2> Amin Emin G D Dsus4 C Emin <verse_3> G D C Emin G D C Emin <chorus_3> Amin Emin G D Dsus4 C Emin <verse_4> G D C Emin <chorus_4> Amin Emin G D Dsus4 C Emin,artist_676
2023,5F0Srwhpjpqt1KxyI1cDy1,<intro_1> A Csmin7 Bmin7 Dmin7 <verse_1> A Asus4 Csmin7 Cmin7 Bmin7 Dmin7 A Csmin7 Cmin7 Bmin7 Dmin7 <verse_2> A Csmin7 Bmin7 Dmin7 A Csmin7 Bmin7 Dmin7 <verse_3> A Csmin7 Cmin7 Bmin7 Dmin7 A Csmin7 Cmin7 Bmin7 Dmin7 <bridge_1> Bmin7 C E Fs <verse_4> B Dsmin7 Dmin7 Csmin7 Emin7 B Dsmin7 Dmin7 Csmin7 Dmin7 B Dsmin7 Dmin7 Csmin7 Dmin7,artist_678
2023,7qMn3zc9jKwL99gt3YVnPg,<instrumental_1> Cmin Gs As <verse_1> Cmin As Gs As Cmin Gs As Cmin As Gs As Cmin As Gs As Cmin As Gmin Gs As Cmin As Gmin Gs As Cmin As Gs As Cmin As Gs As Cmin <interlude_1> Gs As <verse_2> Ds As Gs As Ds As Gs As Gmin Gs As Cmin As Gmin Gs As Cmin As Gs As Cmin As Gs As Cmin <interlude_2> Gs As <verse_3> Ds As Gs As Ds As Gs As Gmin Gs As Cmin As Gmin Gs As Cmin As Gs As Cmin As Gs As Cmin,artist_555
2015,4cvFDemd1TVYV0JXgUAJlu,<intro_1> E <chorus_1> Emin A G Fsmin Emin A G Fsmin <verse_1> Emin A D Csmin Emin D Emin A D Csmin Emin D Emin <chorus_2> A D Csmin Emin D Emin A D Csmin Emin D Emin <verse_2> A Bmin A G Emin A Emin A Emin A D Csmin Emin D Emin A D Csmin Emin D Emin <chorus_3> A D Csmin Emin D Emin A D Csmin Emin D Emin,artist_158
2016,58wpyLVYf92yK5irWUwtuP,Bmaj7 Cs7 Fs Fsaug Bmaj7 Cs7 Bmaj7 Cs7 Bmaj7 Cs7 Bmaj7 Cs7 Bmaj7 Cs7 Bmaj7 Cs7 Fs Fsaug Fs Fsaug Fs Fsaug Fs Fsaug Fs Fsaug Fs Fsaug Fs Fsaug Bmaj7 Cs7 Bmaj7 Cs7 Bmaj7 Cs7 Bmaj7 Cs7 Bmaj7 Cs7 Bmaj7 Cs7 Bmaj7 Cs7 Bmaj7 Cs7 Bmaj7 Cs7 Bmaj7 Cs7 Fs Cs7 Fs Cs7 Fs Cs7 Fs Cs7 Fs Cs7 Fs Cs7 Fs Cs7 Fs Cs7 Fs,artist_397
2021,4AdoufaT15nd4nF46HIlGv,<intro_1> C Amin F G Amin <verse_1> C Amin G F Amin C Amin G F Amin <verse_2> C Amin G F Amin C Amin G F Amin <verse_3> C Amin G F Amin C Amin G F Amin <verse_4> C Amin G F Amin C Amin G F Amin <outro_1> C Amin F G Amin,artist_679
2018,5yZFo8mudvpi6vQ06A59ap,<verse_1> E A E A E A E A <chorus_1> G A E G A E G A E G A E <verse_2> A E A E A E A <chorus_2> G A E G A E G A E G A E <verse_3> G A E G A E G A E <chorus_3> G A E G A E G A E G A E,artist_680
2022,33x7mxFb8QfYTvbeNurMhW,<intro_1> D G A <verse_1> D Fs G Gmin D Fs G Gmin <chorus_1> Fsmin Bmin Fsmin Bmin G Gmin D <verse_2> Fs G Gmin D Fs G Gmin <chorus_2> Fsmin Bmin Fsmin Bmin G Gmin <bridge_1> Emin D Emin D Emin E Gmin Fsmin A Aaug <chorus_3> Fsmin Bmin Fsmin Bmin Fsmin Bmin G A D G <outro_1> A D G A D G A Bmin G Gmin D G A,artist_681
2011,2LD3rjz9OehtaWel47cRiv,<intro_1> C/G G C <verse_1> F/G C Gmin C7 F C/E Dmin G Dmin G7 C F/G C Gmin Gbmajs911s Fadd13 Emin7 Dmin Fmin C G C F/G C Gmin C7 F C/E Dmin G Dmin G7 <instrumental_1> C F/G C F/G <verse_2> C Gmin Gbmajs911s F Emin Dmin7 G Emin Dmin G7 C F/G C Gmin Gbmajs911s Fadd13 Emin7 Dmin Fmin C G Gmin C7 <chorus_1> F C D G C F Dmin C G C F/G C F Dmin G G7b9 C G C F Dmin G C,artist_682
2018,0bVMFNFPAMSExMjgPr4op9,<intro_1> B Dsmin E B Dsmin E B <verse_1> Dsmin E B Dsmin E B Csmin E B Fs Csmin E B Fs <chorus_1> B Fs E B Fs E B Fs E B Fs E B <bridge_1> Fs E B Fs E B Fs E B Fs E B,artist_684
2023,0EBfnjo1xiKsfZLpuJ3lkH,G G/Fs Emin C D/Fs D G G/Fs Emin7 G G/Fs Emin7 G G/Fs Emin7 C D/Fs G G/Fs Emin7 C D/Fs G G/Fs Emin7 C D/Fs G G/Fs Emin7 C D G G/Fs Emin7 G G/Fs Emin7 G G/Fs Emin7 C D/Fs G G/Fs Emin7 C D/Fs G G/Fs Emin7 C D/Fs G G/Fs Emin7 C D G G/Fs Emin7 G G/Fs Emin7 C D Emin D C Emin D C G G/Fs Emin7 C D/Fs G G/Fs Emin7 C D G G/Fs Emin7 G G/Fs Emin7 G,artist_685
2014,0QZfbZS2g7bSTaA3zzZTn2,<verse_1> A D A D A <chorus_1> Dmin <bridge_1> Emin G <verse_2> A D A D A Dmin <bridge_2> Emin G A D A Dmin,artist_687
2022,4xjMj1AuPVcxmBmiGcHUJI,<intro_1> C F Amin C F Amin C F Amin C F Amin C F Amin C F Amin C F Amin C F Amin C F Amin C F Amin C F Amin C F Amin C F Amin C F Amin C F Amin C F Amin C Amin G F C Amin G F C Dmin G C Dmin G C Dmin G C,artist_689
1959,2gNQs1h0GPpBE0XMh4r0e2,<intro_1> C Amin F G <verse_1> C Amin F G C Amin F G C F C <bridge_1> F C C7 F G <verse_2> C Amin F G C F C <instrumental_1> G C Amin F G C Amin F G C F C <verse_3> Amin F G C F G <outro_1> C Amin F G C Amin,artist_690
1972,55RqYHoXTSDVOhppexBa7C,<intro_1> E A Fs B <verse_1> E A Fs E A Fs B E A Fs B Gs Csmin B A Csmin B A Csmin B A E G D A B <verse_2> E A Fs E A Fs B E A Fs B Gs Csmin B A Csmin B A Csmin B A E G D A B A B A B A <verse_3> E A Fs B E A Fs B E A Fs Gs Csmin B A Csmin B A Csmin B A E G D A B <verse_4> E A Fs E A Fs B E A Fs B Gs Csmin E7 A Fs B E7,artist_384
2019,6bLY3BfK0TC1H7kK2nj377,<verse_1> E C G Bmin Amin C G D G D <verse_2> E C G Bmin Amin C G D G D C D G <chorus_1> C G Dmin C G Bmin Emin A A/G A/Fs F C G <solo_1> Dmin F C Dmin F C Bmin/Fs G G/A B7 Bmin/Fs G G/A B7 Bmin/Fs G G/A G F Emin <verse_3> C G Bmin Amin C G D G D <verse_4> E C G Bmin Amin C G D G D C D G <chorus_2> C G Dmin C G Bmin Emin A A/G A/Fs F C G <solo_2> Dmin F C Dmin F C Bmin Emin Bmin Emin Bmin Emin Fs7 C G Dmin C G Bmin Emin A A/G A/Fs F C G Bmin Emin Bmin Emin Bmin Emin Fs7 Bmin Emin Bmin Emin Bmin Emin Fs7 <chorus_3> C G Dmin C G Bmin Emin A A/G A/Fs F C G F C G,artist_693
2006,4eLiCbi2F95U6mMOqtyU1H,<verse_1> E E7 B7 E E7 A E B7 E <verse_2> B7 E A E B7 E <verse_3> B7 E E7 E A E B7 E <verse_4> B7 E A E B7 E <verse_5> B7 E A E B7 E,artist_694
2021,7od4R4bHKFDMxFIcF4Wuiz,<verse_1> Gmin Bb F Gmin Bb Cmin Eb Gmin Bb Gmin G Gmin Cmin Eb Gmin <chorus_1> Cmin F Gmin Eb Cmin Gmin F Eb Cmin F Gmin Eb Cmin F Gmin F Eb <verse_2> Gmin G Gmin Bb Cmin Eb Gmin G Gmin G Gmin Bb Cmin Eb Gmin <chorus_2> Cmin F Gmin Eb Cmin F Gmin F Eb Cmin F Gmin Eb Cmin F Gmin F Ebmaj7 Gmin Eb Bb Cmin F Gmin F Eb Cmin F Gmin Eb Cmin F Gmin F Eb Cmin F Gmin Eb Cmin F Gmin F Eb Cno3d,artist_696
2009,2vcOi59dzYGD4E1xgvtDmr,<intro_1> E <verse_1> Csmin E Csmin Fsmin B <verse_2> E Csmin E Csmin Fsmin B Amin <chorus_1> D G C Amin B E <verse_3> Csmin E Csmin Fsmin B Amin <chorus_2> D G C Amin B E,artist_698
2009,4gjOyTfiKNpl5XI5yBHORh,<intro_1> Cmin <chorus_1> C F As C F As C Cmin <chorus_2> C F As C F As C F As C F As C <outro_1> As C,artist_698
1993,3A2oK3K75xAtvSmm9Tsli2,D G D G D G D G D G D G D G D G D G Bmin G Bmin G Bmin Asus4 A D G D G D G D G D G Gsus4 D G D G D G D G D G Bmin G Bmin A D G D G D G D G Bmin Bmin7 A Asus4 G Gsus4 Emin Emin7 A Bmin7 A Asus4 G Gsus4 Emin Emin7 A D G D G D G D G D G D G D Bmin Asus4 G D Bmin Asus4 G D,artist_699
2021,7MwsAI48swwEfoV8cAw1Qh,<intro_1> Cmin Ds Fmin Gs Cmin Ds Gs Fmin <verse_1> Cmin Ds Fmin Gs Cmin Ds Gs Fmin Cmin Ds Fmin Gs Cmin Ds Gs Fmin <chorus_1> Cmin Ds Fmin Cmin Ds Fmin <interlude_1> Cmin Ds Fmin Gs Cmin Ds Gs Fmin <verse_2> Cmin Ds Fmin Gs Cmin Ds Gs Fmin Cmin Ds Fmin Gs Cmin Ds Gs Fmin <chorus_2> Cmin Ds Fmin Cmin Ds Fmin <interlude_2> Cmin Ds Fmin Gs Cmin Ds Fmin Gs Cmin Ds Gs Fmin Cmin Ds Fmin Gs Cmin Ds Gs Fmin <interlude_3> Cmin Ds Fmin <interlude_4> Cmin Ds Fmin Gs <verse_3> Cmin Ds Fmin Gs Cmin Ds Gs Fmin Cmin Ds Fmin Gs Cmin Ds Gs Fmin <chorus_3> Cmin Ds Fmin Cmin Ds Fmin Cmin Ds Fmin Cmin Ds Fmin <outro_1> Cmin Ds Fmin Gs Cmin Ds Gs Fmin,artist_700
2022,56dlmn5paX5qRk0zIUY9ot,<intro_1> Emin <verse_1> D Emin D Emin D C D Emin <verse_2> D Emin D Emin D C D Emin <chorus_1> G D <verse_3> Emin D Emin D Emin D C D Emin <chorus_2> G D <verse_4> Emin D Emin D Emin D C D Emin <chorus_3> G D <outro_1> Emin,artist_701
2023,4feXoNIMVywJSaiMNXfFgk,<verse_1> G Bmin7 Amin7 D7 G Bmin7 Amin7 D7 <chorus_1> G Bmin7 Amin7 Cmin D7 <verse_2> G Bmin7 Amin7 D7 G Bmin7 Amin7 D7 <chorus_2> G Bmin7 Amin7 Cmin D7 <bridge_1> G Gmin7 C7 D7 <bridge_2> G Bmin7 G Bmin7 Amin7 D7 <chorus_3> G Bmin7 Amin7 Cmin D7 G Bmin7 Amin7 Cmin D7 G Bmin7 Amin7 Cmin D7,artist_703
2022,2HS9sXyY0uqmPwlwadPfPp,<intro_1> E Emaj7 A B Emaj7 <verse_1> E Emaj7 A B E Emaj7 A B Emaj7 Fdim Fsmin Amin <chorus_1> E Emaj7 A B E A Amin E Fsmin A B E <interlude_1> Emaj7 A B Emaj7 <verse_2> E Emaj7 A B E Emaj7 A B Emaj7 Fdim Fsmin Amin <chorus_2> E Emaj7 A B E A Amin E Fsmin A B Csmin <interlude_2> Gsmin Csmin Gsmin Gaug Fsmin B Emaj7 Csmin A B E <chorus_3> Emaj7 A B E A Amin E Fsmin A B E Fsmin A B Csmin Fsmin A B Emaj7,artist_704
2022,0uytmRdp92fkllk6CG8e3U,<intro_1> Bbmin Ebmin <verse_1> Bbmin Ebmin Bbmin Ebmin <chorus_1> Fmin Ebmin Fmin Ebmin Fmin Ebmin Bbmin Ebmin <verse_2> Bbmin Ebmin Bbmin Ebmin <chorus_2> Fmin Ebmin Fmin Ebmin Fmin Ebmin <outro_1> Bbmin Ebmin,artist_706
2006,3HlE9x8NXWlM3rxN52HHs7,<intro_1> C G7 <chorus_1> C G7 C G7 <verse_1> C G7 C G7 C G7 C Gmin Bb F G <chorus_2> C G7 C G7 <verse_2> C G7 C G7 C G7 C Gmin Bb F G <chorus_3> C G7 C G7 <verse_3> C G7 C G7 C G7 C Gmin Bb F G <chorus_4> C G7 C G7 C G7 C G7,artist_707
2013,7KQRXFr7yzODUNyabU2tma,<intro_1> E Asus2 E Asus2 <verse_1> E Asus2 E Asus2 E Asus2 E B E Asus2 E Asus2 E Asus2 E B Csmin B Asus2 Csmin B Asus2 <verse_2> E Asus2 E Asus2 E Asus2 E Asus2 E B E Asus2 E Asus2 E Asus2 E B Csmin B Asus2 Csmin B Asus2,artist_708
2022,0ROclFeA0EzuaM3xQDqM6O,<intro_1> C Gmaj13 Amin Fmaj7 C Gmaj13 Amin Fmaj7 C Gmaj13 Amin Fmaj7 <chorus_1> Amin Fmaj7 C Emin Amin Fmaj7 C Emin Amin Fmaj7 C Emin <verse_1> C Gmaj13 Amin Fmaj7 C Gmaj13 Amin Fmaj7 C Gmaj13 Amin Fmaj7 C Gmaj13 Amin Fmaj7 C Gmaj13 Amin Fmaj7 C Gmaj13 Amin Fmaj7 C Gmaj13 Amin Fmaj7 <chorus_2> Amin Fmaj7 C Emin Amin Fmaj7 C Emin Amin Fmaj7 C Emin <interlude_1> C Gmaj13 Amin Fmaj7 Amin Fmaj7 C Emin <verse_2> C Gmaj13 Amin Fmaj7 C Gmaj13 Amin Fmaj7 C Gmaj13 Amin Fmaj7 C Gmaj13 Amin Fmaj7 C Gmaj13 Amin Fmaj7 C Gmaj13 Amin Fmaj7 C Gmaj13 Amin Fmaj7 <chorus_3> Amin Fmaj7 C Emin Amin Fmaj7 C Emin Amin Fmaj7 C Emin Amin,artist_709
2016,4J1uVtdKwrA56OxIImJF2f,<intro_1> D A D G D A D <verse_1> A D G D A D G D A D G D A D G <chorus_1> D A Bmin G D A D A Bmin G A E D G D G <verse_2> D A D G D A D G D A D G D A D G <chorus_2> D A Bmin G D A D A Bmin G A E D G D <interlude_1> G D G D G <verse_3> D A D G D A D G D A D G D A D G E B Csmin A D B E B Csmin A B Csmin A B E B E A E B E,artist_710
2022,4ejRrZdatMUQUJMZ6b50mj,<intro_1> Dmin <verse_1> Gmin A Dmin Gmin A Dmin Gmin A Bb A <chorus_1> Dmin Bb F C Dmin Bb Gmin C Dmin Bb F C Dmin Bb Gmin C F C/E Gmin Bb C Dmin Bb F C Dmin Bb Gmin C Dmin <verse_2> Gmin A Dmin Gmin A Bb A <chorus_2> Dmin Bb F C Dmin Bb Gmin C Dmin Bb F C Dmin Bb Gmin C F C/E Gmin Bb C Dmin Bb F C Dmin Bb Gmin C Dmin <bridge_1> Bb A Dmin Bb F C <chorus_3> Emin C G D Emin C Amin D Emin C G D Emin C Amin D G D/Fs Amin C D Emin C G D Emin C Amin D Emin,artist_711
2022,0EPgoZQMTGf971RB2OwvqT,<intro_1> D D7 G C D D7 G C <verse_1> G C G C G C G C G C G Bmin C Bmin G Bmin C <chorus_1> G C G C G C G C <bridge_1> G Emin Bmin G Emin Bmin G Emin Bmin C G Bmin C Bmin G Bmin C <chorus_2> G C G C G C G C <bridge_2> G Emin Bmin G Emin Bmin G Emin Bmin C G,artist_709
2014,4CNzmHSjozf4cwXuTKy9Ks,D Emin7 Fsmin7 G A C Bmin7 D Emin7 Fsmin7 G D Emin7 G Fsmin7 Aadd13 Bsus4 Dsus4 Cssus4 Aadd13 Bsus4 Dsus4 Cssus4 D Emin7 Fsmin7 G D Emin7 G Fsmin7 D Emin7 Fsmin7 G D Emin7 G Fsmin7 Emin7 D Fsmin7 G A Emin7 D Fsmin7 G A D Emin7 Fsmin7 G D Emin7 G Fsmin7 D Emin7 Fsmin7 G D Emin7 G Fsmin7 Emin7 D Fsmin7 G A Emin7 D Fsmin7 G A C Bmin7 C Bmin7 C Bmin7 D Emin7 Fsmin7 G D Emin7 G Fsmin7 Emin7 D Fsmin7 G A Emin7 D Fsmin7 G A C,artist_712
2023,3pGjK63kArjz5F0WD0pfDf,<intro_1> B Gsmin7 Eadd9 <verse_1> B Gsmin7 Eadd9 B Gsmin7 Eadd9 B Gsmin7 Eadd9 B Gsmin7 Eadd9 Fs Eadd9 Fs Eadd9 <chorus_1> B Gsmin7 Eadd9 B Gsmin7 Eadd9 B Gsmin7 Eadd9 <verse_2> B Gsmin7 Eadd9 B Gsmin7 Eadd9 B Gsmin7 Eadd9 B Gsmin7 Eadd9 Fs Eadd9 Fs Eadd9 <chorus_2> B Gsmin7 Eadd9 B Gsmin7 Eadd9 B Gsmin7 Eadd9 B Gsmin7 Eadd9 <bridge_1> B Bsus2/Cs B/Ds Bsus4/E B Bsus2/Cs B/Ds Bsus4/E B Bsus2/Cs B/Ds Bsus4/E B <chorus_3> Gsmin7 Eadd9 B Gsmin7 Eadd9 B Gsmin7 Eadd9 B Gsmin7 Eadd9 B,artist_713
2022,5uiv7eDJGMj47yg59HT4xW,<intro_1> Gmin Cmin Dmin Gmin Cmin Dmin Gmin Cmin Dmin Gmin Cmin Dmin Gmin Cmin Dmin Gmin Cmin Dmin Gmin Cmin Dmin Gmin Cmin Dmin Gmin Cmin Dmin Gmin Cmin Dmin Gmin <chorus_1> Cmin Dmin Gmin Cmin Dmin Gmin Cmin Dmin Gmin Cmin Dmin Gmin Cmin Dmin Gmin Cmin Dmin Gmin Cmin Dmin Gmin Cmin Dmin Gmin Cmin Dmin Gmin Cmin Dmin Gmin <chorus_2> Cmin Dmin Gmin Cmin Dmin Gmin Cmin Dmin Gmin Cmin Dmin Gmin <outro_1> Cmin Dmin Gmin Cmin Dmin Gmin Cmin Dmin Gmin Cmin Dmin Gmin,artist_714
2022,49QUGO3wSMymcUIdCTKaao,<intro_1> Cmaj7 D Emin <chorus_1> Cmaj7 D Emin Cmaj7 D Emin Cmaj7 D Emin Cmaj7 D Emin Cmaj7 D Emin <verse_1> Cmaj7 D Emin Cmaj7 D Emin Cmaj7 D Emin Cmaj7 D Emin Cmaj7 D Emin Cmaj7 D Emin Cmaj7 D Emin Cmaj7 D Emin Cmaj7 D Emin <chorus_2> Cmaj7 D Emin Cmaj7 D Emin Cmaj7 D Emin Cmaj7 D Emin Cmaj7 D Emin Cmaj7 D Emin Cmaj7 <bridge_1> D G Cmaj7 D G Cmaj7 D G Cmaj7 D G Cmaj7 D G Cmaj7 D G Cmaj7 D G Cmaj7 D G Cmaj7 D G Cmaj7 D G Cmaj7 D G Cmaj7 D G Cmaj7 D G <chorus_3> Cmaj7 D Emin Cmaj7 D Emin Cmaj7 D Emin Cmaj7 D Emin Cmaj7 D Emin Cmaj7 D Emin Cmaj7 D Emin Cmaj7 D Emin Cmaj7 D Emin Cmaj7 D Emin <outro_1> Cmaj7 D Emin,artist_709
2021,4bYlbqgOoIRR8WB7zEhaA0,<intro_1> Dsus2 D Dsus2 D Dsus2 D Dsus2 D Dsus2 D Dsus2 D Dsus4 G Dsus2 D Dsus2 D Dsus2 D Dsus2 D Dsus2 D Dsus2 D Dsus4 G <verse_1> D G D G C D C D C D A7 A7sus4 <chorus_1> D G D G D G Bmin7 Emin7 D <instrumental_1> Dsus2 D Dsus2 D Dsus2 D Dsus2 D Dsus2 D Dsus2 D Dsus4 G <verse_2> D G D G C D C D C D A7 A7sus4 <chorus_2> D G D G D G Bmin7 Emin7 D <solo_1> Dsus2 D Dsus2 D Dsus2 D Dsus2 D Dsus2 D Dsus2 D Dsus4 G Dsus2 D Dsus2 D Dsus2 D Dsus2 D Dsus2 D Dsus2 D Dsus4 G <bridge_1> D G D G D G A7 A7sus4 <chorus_3> D G D G D G Bmin7 Emin7 D G D G Bmin7 Emin7 D G D,artist_716
1999,6ZARNEGxGLwFUc3ehBAxXf,<intro_1> Bmin G Bmin Cmin Bmin Fs Bmin Cmin Bmin Fs Bmin <verse_1> G Bmin Cmin Bmin Fs Bmin Cmin Bmin Fs Bmin <verse_2> G Bmin Cmin Bmin Fs Bmin Cmin Bmin Fs Bmin <verse_3> G Bmin Cmin Bmin Fs Bmin Cmin Bmin Fs Bmin <verse_4> G Bmin Cmin Bmin Fs Bmin Cmin Bmin Fs Bmin,artist_717
2012,2AvvsmGQiPlAxsZNv7vlJA,<intro_1> D B7 Fs B7 Emin7 Ds7 D A7 E7 A7 D7 Fs7 B7 Emin B7 Emin B7 Emin A D Csmin Fs7 B7 Emin B7 Emin B7 Emin G Gmin D C7 B7 E A D E A D Fs7 B7 Emin B7 Emin B7 Emin A7 D Fs7 B7 Emin B7 Emin B Emin G Gmin D C7 B7 E7 A7 D <solo_1> E A D Fs7 B7 Emin B7 Emin B7 Emin A7 D Fs Fs7 B7 Emin B7 E B7 Emin G Gmin D Fs7 B7 E A D B7 A D Fs Fs7 B7 Fsmin B Emin B7 Emin B7 A D Fs B Emin B Emin B Emin G Gmin D B7 G Gmin D C B7 E7 A7 D E7 A7 D E7 A7 D,artist_718
2019,1Y9gmx8b8MEGNtWojhnkOZ,<intro_1> G <verse_1> Emin G C G/B Amin G D Dsus4 D Dsus4 D G <verse_2> Emin G C G/B Amin G D Dsus4 D Dsus4 D G <chorus_1> Amin7 G/B C Csus4 C Csus4 C G C Csus4 C Csus4 C G Cmin G Cmin <instrumental_3> G <verse_3> Emin G C G/B Amin G D Dsus4 D Dsus4 D G <verse_4> Emin G C G/B Amin G D Dsus4 D Dsus4 D G <chorus_2> Amin7 G/B C Csus4 C Csus4 C G C Csus4 C Csus4 C G Cmin <instrumental_6> G <chorus_3> Amin7 G/B C Csus4 C Csus4 C G C Csus4 C Csus4 C G <outro_1> Cmin,artist_719
2021,7K9suybnm5OsIBN5tXdgXe,<intro_1> Cadd9 C Cadd9 <verse_1> B7 Bmin Emin Cadd9 C Cadd9 C G Cadd9 B7 Bmin Emin Cadd9 C Cadd9 C G <chorus_1> C Cadd9 C Cadd9 Bmin Cadd9 C Cadd9 C D <verse_2> Cadd9 B7 Bmin Emin Cadd9 C Cadd9 C G Cadd9 C Cadd9 C G <instrumental_1> Cadd9 C G Cadd9 C G <chorus_2> C Cadd9 C Cadd9 Bmin Cadd9 C Cadd9 C D <verse_3> Cadd9 B7 Bmin Emin Cadd9 C Cadd9 C G Cadd9 C Cadd9 C G Cadd9 C Cadd9 C G,artist_720
2015,3w8opgGtx1vunw5YkTcFMs,<intro_1> C <verse_1> Emin Dmin C Emin Dmin G <chorus_1> Amin C F Dmin C Emin Dmin <verse_2> C Emin Dmin C Emin Dmin G <chorus_2> Amin C F Dmin C Emin Dmin <instrumental_1> C Emin Dmin C Emin Dmin G <chorus_3> Amin C F Dmin C Emin Dmin Amin C F Dmin C Emin Dmin <outro_1> G Amin C F Dmin C Emin Dmin Amin C F Dmin C Emin Dmin C,artist_722
1974,3dZXDD8IPUAZMNZ5546KPv,<intro_1> C F C G C <verse_1> F C G C G C <verse_2> F C G C G C <verse_3> F C D7 G C F C G G7 C G F C F C <outro_1> G F C,artist_723
2023,3CTsquv3UBK677BkVnIEkk,<intro_1> D G <verse_1> D G D G D G D G <interlude_1> D A G <verse_2> D G D G Bmin G D G <interlude_2> D A G <verse_3> D G D G D G D G <interlude_3> D A G <verse_4> D G D G Bmin G D G D G <bridge_1> Bmin D G Fsmin Dmin G Dmin G Fsmin G Fsmin G <outro_1> D A G D A G D A G D A G D,artist_725
2022,4EkvA2bortQZSvHS801oY0,A Fsmin D A Fsmin D A E D A E D A E D Fsmin E D Fsmin E A Fsmin D A Fsmin D A E D A E D A E D Fsmin E D Fsmin E Bmin7 A E Bmin7 A E Bmin7 A E Bmin7 A E Bmin7 A E D Fsmin E D Fsmin E D A E D A E D A E D Fsmin E D Fsmin E A Csmin D A Csmin D,artist_726
2022,7d8jxzlnJLbmW5bojbXMyC,<chorus_1> E/Gs Amin/C D/A E/Gs Amin/C D/A E/Gs G Amin/C Amin E/Gs Amin/C Eno3d/B C/G F/A Eno3d/B D/A C D/A C/G D/A A/Cs C/G D/A A/Cs <chorus_2> E/Gs Amin/C D/A E/Gs Amin/C D/A E/Gs G Amin/C Amin E/Gs Amin/C <bridge_1> Eno3d/B C/G Fno3d Eno3d/B D/A C D/A C/G D/A A/Cs C/G D/A A/Cs <chorus_3> E/Gs Amin/C D/A E/Gs Amin/C D/A E/Gs G Amin/C Amin E/Gs Amin/C,artist_728
1989,6Xf9pRJMxFGEzDKw1qt6vb,<intro_1> F C/E <intro_2> F C/E F C/E <verse_1> F C/E F C/E Dmin Bb/F F C/E Dmin Bb <instrumental_1> F C/E Dmin Bb/F <chorus_1> F C/E Dmin Bb/F F C/E Dmin Bb <verse_2> F C/E Dmin Bb/F F C/E Dmin Bb/F F Bb Bb/F F C/E Dmin Bb <instrumental_2> F C/E Dmin Bb <chorus_2> F C/E Dmin Bb/F F C/E Dmin Bb <outro_1> F C/E Dmin Bb/F F C/E Dmin Bb F C/E Dmin Bb/F F C/E Dmin Bb/F F C/E Dmin Bb/F,artist_203
2018,3XsUse7rVnwwXHaf7wRN92,<intro_1> Emin G A <verse_1> Emin G A G G/Fs Emin G A G G/Fs <interlude_1> Emin G A <verse_2> Emin G A G G/Fs Emin G A G G/Fs <outro_1> Emin G A,artist_548
2020,3hg2Z2rByvGY8OSZODjJMK,<intro_1> G/B Asus2/B C D Amin7 G/B Asus2/B C D Bmin11 <verse_1> Emin7 C Emin7 D Amin7 C Bmin11 Emin7 C Emin7 D Amin7 C Bmin11 <chorus_1> Emin7 C D Amin7 Emin7 C D Amin7 Emin7 C D Bmin7 Emin7 C D Bmin7 C D <verse_2> Emin7 C Emin7 D Amin7 C Bmin11 <chorus_2> Emin7 C D Bmin7 Emin7 C D Bmin11 Emin7 C D Bmin11 Emin7 C D Bmin11 Amin7 Bmin11 Emin7,artist_729
2022,2xvCauOEml7gaGy6aNTeXN,<intro_1> Fs Dsmin B Cs <verse_1> Fs Dsmin B Cs Fs Dsmin B Cs Bbmin Dsmin B Fs Bbmin Dsmin B <chorus_1> Fs Dsmin Cs B Fs Cs B Fs Dsmin Cs B Fs Cs Fs B Fs B <verse_2> Fs Dsmin B Cs Fs Dsmin B Cs Bbmin Dsmin B Fs Bbmin Dsmin B <chorus_2> Fs Dsmin Cs B Fs Cs B Fs Dsmin Cs B Fs Cs <bridge_1> B Fs Dsmin Cs B Fs Cs <chorus_3> B Fs Dsmin Cs B Fs Cs Bbmin <outro_1> Fs B Fs B,artist_730
1993,7HjxDmQbMsnUWGMH0SV6Eg,<intro_1> B E G A E G B E G A E G B E G A E G B E G A E G <verse_1> A/E Gmaj7/D A/E Gmaj7/D A/E <chorus_1> B E G A E G B E G A E G <bridge_1> A/E Gmaj7/D A/E B E G A E G B E G A E G B E G A E G B E G A E G <chorus_2> B E G A E G B E G A E G <outro_1> B E G,artist_324
1959,7hLdhov62TbNrY2WcTdfJb,<verse_1> C G7 C G7 C G7 C G7 C F Fminadd13 C <bridge_1> F C F C F C G7 C F C F C Amin7 D7 G7 <verse_2> C G7 C G7 C F C Amin7 F G7 C F C E7 F G7 C,artist_732
2017,1ME9Lo48B289jCG0Vhz7IO,<intro_1> A Amaj7 A Amaj7 A Amaj7 A Amaj7 <verse_1> A Amaj7/E A Amaj7/E Fsmin E Esus4 <verse_2> A Amaj7/E A Amaj7/E Fsmin E Esus4 <chorus_1> D Fsmin Bmin E Esus4 <bridge_1> A G Fsmin C A Amaj7 A <verse_3> Amaj7/E A Amaj7/E Fsmin E Esus4 <chorus_2> D Fsmin Bmin E Esus4 <chorus_3> D Fsmin Bmin E Esus4 <bridge_2> Ab Ano3d Ab Ano3d Bmin Amaj7/E A E A D <outro_1> Fsmin Bmin E D Fsmin Bmin E D Fsmin Bmin E D Fsmin Bmin E D Bmin Fsmin Bmin E D Bmin Fsmin Bmin Amaj7/E D E Bmin Fsmin Bmin E Amaj7/E Bmin,artist_733
2023,50bvryWNClhreOUEtPPU3d,<intro_1> Cadd9 G Emin D Cadd9 G D <verse_1> Cadd9 G Emin D Cadd9 G D Cadd9 G Emin Emin7 D Cadd9 G D <chorus_1> Emin7 Cadd9 G D Emin7 Cadd9 G D Emin7 Cadd9 Amin D Emin7 Cadd9 G D Cadd9 D Cadd9 G Emin D Cadd9 G D <verse_2> Cadd9 G Emin Emin7 D Cadd9 G D Amin7 D <chorus_2> Emin7 Cadd9 G D Emin7 Cadd9 G D Emin7 Cadd9 Amin D Emin7 Cadd9 G D Cadd9 D <bridge_1> Emin D G Amin <chorus_3> Emin Cadd9 G D Emin Cadd9 G D Emin7 Cadd9 Amin D Emin Cadd9 G D Cadd9 D <outro_1> G Emin D Cadd9 G D G Emin D Cadd9 G D,artist_734
2019,6IkVnROhG3PzAlcdKN6CKz,<chorus_1> Bmin D Emin Bmin A Bmin D Emin Bmin A Bmin D Emin Fs Bmin D Emin Bmin D Emin Bmin G D Emin Bmin G D Emin Fs <chorus_2> Bmin D Emin Bmin A Bmin D Emin Bmin A Bmin D Emin Fs Bmin D Emin Bmin D Emin Bmin G D Emin Bmin G D Emin Fs <chorus_3> Bmin D Emin Bmin A Bmin D Emin Bmin A Bmin D Emin Fs Bmin,artist_735
2023,2LFC0NK7144vUvWBrU0I8F,G Dsus4/Fs Bmin Emin Amin D G Dsus4/Fs Bmin Emin Amin D G Dsus4/Fs Bmin Emin Amin D Bmin Emin Amin D Emin Amin D G Emin Amin D G Bmin Amin D G Bmin Amin D G Bmin Amin D G Dsus4/Fs Bmin Emin Amin D G Dsus4/Fs Bmin Emin Amin D G Dsus4/Fs Bmin Emin Amin D Bmin Emin Amin D G F Amin D F Amin D G Bmin Amin D G Bmin Amin D G Bmin Amin D G Bmin Amin D G Dsus4/Fs G,artist_738
1998,5TQL37r2KAFhLPGnRRvmu4,D A7 D D7 G D G D Bmin D A7 D A7 D D7 G D G D Bmin D A7 D A7 D D7 G D G D Bmin D A7 D A7 D D7 G D G D Bmin D A7 D A7 D D7 G D G D Bmin D A7 D A7 D D7 G D G D Bmin D A7 D A7 D D7 G D G D Bmin D A7 D A7 D D7 G D G D Bmin D A7 D A7 D D7 G D G D Bmin D A7 D G D Bmin D A7 D,artist_739
1986,0DoGZ6yZkau2QLsMubOAm1,<intro_1> D <chorus_1> G D G <verse_1> D Bmin G D G Bmin G D G A D G A D <chorus_2> G D G <verse_2> D Bmin G D G Bmin G D G A D G A D <chorus_3> G D G D G D G D G D G C <verse_3> D Bmin G D G Bmin G D G A D G A D <chorus_4> G D G D G D G D G D G D G D G D G D G D G D G D G D G D G D G D G D C G D G D G D G,artist_740
2023,1sir3CR7uuHz8YtfwRr99A,<intro_1> G C G C G C G C <verse_1> G C G C G C G C G C G C G C G C <chorus_1> Amin G C Amin7 G C <verse_2> G C G C G C G C Amin7 G C Emin D G C Emin D G C G C G C <verse_3> G C G C G C G C <bridge_1> Amin G C <chorus_2> Emin D G C Emin D G C Emin D G C Emin D G C D C D C D G C G C G C G C G,artist_742
1990,1Qo89CjKCpmFI7kB4SoUt1,<verse_1> C Bb F C Bb F C Bb F C Bb F G C F G C F G C Bb F/A F <chorus_1> Dmin F G C Dmin F G C Dmin F G C Dmin F G C F G C F G C F G C F G C <bridge_1> Dmin F G C Dmin F G C Dmin F G C Dmin F G C Dmin F G C Dmin F G C Dmin F G C Dmin F G C <verse_2> Bb F C Bb F C Bb F C Bb F G C F G C F G C Bb F/A F <chorus_2> Dmin F G C Dmin F G C Dmin F G C Dmin F G C F G C F G C F G C F G C <chorus_3> Dmin F G C Dmin F G C Dmin F G C Dmin F G C Dmin F G C Dmin F G C Dmin F G Dmin F G C C/Bb Amin F G C,artist_743
2018,3NI4fKyBfVJjGn3WRVDq4Y,<intro_1> Dmaj7 Csmin7 Fsmin7 <verse_1> Dmaj7 Csmin7 Fsmin7 Dmaj7 Csmin7 Fsmin7 Bmin7 Csmin7 Bmin7 Csmin7 Bmin7 Csmin7 Dmaj7 Dmin <chorus_1> Dmaj7 Csmin7 Bmin7 E Dmaj7 Csmin7 Bmin7 E Dmaj7 Csmin7 Bmin7 E Dmaj7 Csmin7 Bmin7 E <solo_1> Dmaj7 Csmin7 Fsmin7 Dmaj7 Csmin7 Fsmin7 <verse_2> Dmaj7 Csmin7 Fsmin7 Dmaj7 Csmin7 Fsmin7 Bmin7 Csmin7 Bmin7 Csmin7 Bmin7 Csmin7 Dmaj7 Dmin <chorus_2> Dmaj7 Csmin7 Bmin7 E Dmaj7 Csmin7 Bmin7 E Dmaj7 Csmin7 Bmin7 E Dmaj7 Csmin7 Bmin7 E <solo_2> Dmaj7 Csmin7 Bmin7 E <verse_3> Dmaj7 Csmin7 Fsmin7 Dmaj7 Csmin7 Fsmin7 <chorus_3> Dmaj7 Csmin7 Bmin7 E Dmaj7 Csmin7 Bmin7 E Dmaj7 Csmin7 Bmin7 E Dmaj7 Csmin7 Bmin7 E <solo_3> Dmaj7 Csmin7 Bmin7 E <outro_1> Dmaj7 Csmin7 Fsmin7,artist_744
1990,5Wd6baedVkcdD0JBDmksXF,<intro_1> Amin G C <verse_1> Amin G Amin F C G C <verse_2> Amin G Amin F C G A <interlude_1> Amin C G/E Amin C G/E Amin F G/E <verse_3> C Amin G Amin F C G Amin <verse_4> C Amin G A F C G Amin,artist_745
2019,62SLjKKZggZmuDERLGwOA6,<intro_1> Emin D Bminadd11 Asus2 Emin D Bminadd11 Asus2 Emin D Bminadd11 Asus2 Gadd9 Gadd9/A Gadd9 Gadd9/A Gadd9 Gadd9/A Gadd9 Gadd9/A <verse_1> Emin D Bminadd11 Asus2 Emin D Bminadd11 Asus2 Emin D Bminadd11 A Gadd9 Gadd9/A Gadd9 Gadd9/A Emin D Bminadd11 A Gadd9 Gadd9/A <chorus_1> Gadd9 Gadd9/A Emin Dsus2 Bminadd11 A Gadd9 Gadd9/A Gadd9 Gadd9/A Emin Dsus2 Bminadd11 Asus4 Gadd9 Gadd9/A Gadd9 Gadd9/A Emin Dsus2 Bminadd11 Asus4 Gadd9 Gadd9/A Gadd9 Gadd9/A Emin Dsus2 Bminadd11 Asus4 Gadd9 Gadd9/A Gadd9 Gadd9/A Emin Dsus2 Bminadd11 Asus4 Gadd9 Gadd9/A Gadd9 Gadd9/A <instrumental_1> Emin D Bminadd11 Asus2 Emin D Bminadd11 Asus2 Emin D Bminadd11 Asus2 Gadd9 Gadd9/A Gadd9 Gadd9/A Gadd9 Gadd9/A Gadd9 Gadd9/A <verse_2> Emin D Bminadd11 Asus2 Emin D Bminadd11 Asus2 Emin D Bminadd11 Asus2 Gadd9 Gadd9/A Gadd9 Gadd9/A <chorus_2> Emin Dsus2 Bminadd11 A Gadd9 Gadd9/A Gadd9 Gadd9/A Emin D Bminadd11 Asus4 Gadd9 Gadd9/A Gadd9 Gadd9/A Emin D Bminadd11 Asus4 Gadd9 Gadd9/A Gadd9 Gadd9/A Emin Dsus2 Bminadd11 Asus4 Gadd9 Gadd9/A Gadd9 Gadd9/A Emin D Bminadd11 Asus4 Gadd9 Gadd9/A Gadd9 Gadd9/A Gadd9 Gadd9/A Gadd9 Gadd9/A <bridge_1> D/Fs Gadd13 D/Fs Gadd13 D/Fs Gadd13 D/Fs Gadd13 D/Fs Gadd13 D/Fs Gadd13 D/Fs Gadd13 D/Fs Gadd13 D/Fs Gadd13 D/Fs Gadd13 D/Fs Gadd13 D/Fs Gadd13 D/Fs Gadd13 D/Fs Gadd13 D/Fs Gadd13 D/Fs Gadd13 D/Fs Gadd13 D/Fs Gadd13 <chorus_3> Emin Dsus2 Bminadd11 A Gadd9 Gadd9/A Gadd9 Gadd9/A Emin Dsus2 Bminadd11 Asus4 Gadd9 Gadd9/A Gadd9 Gadd9/A Emin D Bminadd11 Asus4 Gadd9 Gadd9/A Gadd9 Gadd9/A Emin D Bminadd11 Asus4 Gadd9 Gadd9/A Gadd9 Gadd9/A Emin D Bminadd11 Asus4 Gadd9 Gadd9/A Gadd9 Gadd9/A Gadd9 Gadd9/A Gadd9 Gadd9/A <outro_1> Emin D Bminadd11 Asus4 Gadd9,artist_713
2001,0X3V9AyWELui8HGUzV6M8T,<intro_1> F <verse_1> C G C F C G C F C G C G Dmin Amin F G Amin G F <verse_2> C G C F C G C F C G C G Dmin Amin F G <chorus_1> C G C F Amin G C G C F Amin G F G Amin G C F G Amin G C F Dmin Amin F <verse_3> C G C F C G C F C G C G Dmin Amin F G <chorus_2> C G C F Amin G C G C F Amin G F G Amin G C G F G Amin G C F Dmin Amin F Amin G D G C <instrumental_1> Dmin Amin Bb Amin G C Dmin C G C Amin Dmin G F <verse_4> C G C F C G C F C G C G Dmin Amin F G <chorus_3> C G C F Amin G C G C F Amin G F G Amin G C G F G Amin G C F Dmin Amin F <outro_1> C G C F Amin G F,artist_747
2010,5ZjEQUskKcRizwImp6LNjf,<intro_1> C Bmin Amin G <verse_1> C F C A Dmin Fmin G C <verse_2> G C F Dmin G C Cmin G C Fmin C G C <chorus_1> G C G C Amin C F Fmin G C Amin <verse_3> C F C A F Fmin G C <verse_4> G C F Dmin G C Cmin G C F Fmin C G C <chorus_2> G C G C Amin C F Gs C G C Amin C F Fmin G C Bmin Amin G,artist_748
2022,0GLv6Em2rEM5zXORojoEWQ,<intro_1> A/Cs Dsus2 Esus4 A/Cs Dsus2 Esus4 A/Cs Dsus2 Esus4 A/Cs Dsus2 Esus4 A/Cs Dsus2 Esus4 A/Cs Dsus2 Esus4 A/Cs Dsus2 Esus4 A/Cs Dsus2 Esus4 A/Cs Dsus2 Esus4 A/Cs Dsus2 Esus4 A/Cs Dsus2 Esus4 A/Cs Dsus2 Esus4 A/Cs Dsus2 Esus4 A/Cs Dsus2 Esus4 A/Cs Dsus2 Esus4 <verse_1> A/Cs Dsus2 Esus4 A/Cs Dsus2 Esus4 A/Cs Dsus2 Esus4 A/Cs Dsus2 Esus4 <chorus_1> A/Cs Dsus2 Esus4 A/Cs Dsus2 Esus4 A/Cs Dsus2 Esus4 A/Cs Dsus2 Esus4 <verse_2> A/Cs Dsus2 Esus4 A/Cs Dsus2 Esus4 A/Cs Dsus2 Esus4 A/Cs Dsus2 Esus4 <chorus_2> A/Cs Dsus2 Esus4 A/Cs Dsus2 Esus4 A/Cs Dsus2 Esus4 A/Cs Dsus2 Esus4 A/Cs Dsus2 Esus4 A/Cs Dsus2 Esus4 A/Cs Dsus2 Esus4 A/Cs Dsus2 Esus4 <outro_1> A/Cs Dsus2 Esus4 A/Cs Dsus2 Esus4,artist_749
2016,64UdBWOO6lIsD86qkL9euA,Gsmin7/Ds Fs7sus4 Dsmin7/As Gsmin/As B/Cs Emaj7/Gs Gdim7 Fsadd11 Csmaj9/F Badd13 Cs/Ds Esus2 Emaj7sus2/Ds Ddim7 Csdim7 As7sus4/C Bmaj7 Csmin9 Fssus4/Cs Asdim7/E Emaj7/Ds Ds7/As Assus4/B Fs/As Cssus2 Csadd11 Fssus4/Cs Gsmin Gsmin7/Ds Fs7sus4 Dsmin7 Emaj7 Dsmin7/As Gsmin Gsmin7/Ds Fs7sus4 Dsmin7 Emaj7 Fs Gsmin Fs E Ds7 B/Cs Bmaj7 Gsmin/As Ds7 Gsmin Emaj7/Gs Gdim7 Fsadd11 Csmaj9/F Badd13 Cs/Ds Csmaj9/F Esus2 Emaj7sus2/Ds Ddim7 Csdim7 As7sus4/C Bmaj7 Ds Gsmin Fsadd11 Csmaj9/F Emaj7 Fs7sus4 Ds Gsmin Gdim7 Ds7 Gsmin Gdim7 Ds7 Csmaj9/F Esus2 Cs/Ds Ddim7 Csdim7 As7sus4/C Bmaj7 Ds Gsmin Gdim7 Fsadd11 Csmaj9/F Emaj7 Ds Ds7 Gsmin Fs7sus4 Csmaj9/F Esus2 Emaj7sus2/Ds Csmin9 Ds7 Gsmin Fs7sus4 Csmaj9/F Esus2 Emaj7sus2/Ds Fssus4/Cs Ds7 Gsmin Emaj7 Ds Gsmin/As Assus4/B B/Cs Gsmin/As Ds7 Gsmin Asdim7/E Emaj7/Ds Ds7/As Badd13 Cs/Ds Gsmin/As Assus4/B Gdim7 Gsmin Fs/As B Csmin9 B Cssus2 Fssus4 Gdim7 Gsmin Fs/As B Csadd11 B Fssus4/Cs Fs Emaj7 Badd13/Ds Gsmin7/Fs Fssus4 Cs7sus2 Fs/Cs Emaj7 Badd13/Ds Gsmin7/Fs Fssus4 Cs7sus2 Fs/Cs Emaj7 Badd13/Ds Gsmin7/Fs B/Cs Emaj7 Badd13/Ds Gsmin7/Fs Ds7 Gsmin Fsadd11 Emaj7 Ds7 B/Cs Bmaj7 Gsmin/As Ds7 Gsmin Fsadd11 Emaj7 Ds7 B/Cs Bmaj7 Gsmin/As Ds7 Gsmin Fs7sus4 Csmaj9/F Esus2 Emaj7sus2/Ds Csmin9 Ds7 Gsmin Fs7sus4 Csmaj9/F Esus2 Emaj7sus2/Ds Fssus4/Cs Ds7 Gsmin Fs7sus4 Csmaj9/F Esus2 Emaj7sus2/Ds Fssus4/Cs Ds7 Gsmin Fs7sus4 Csmaj9/F Esus2 Emaj7sus2/Ds Fssus4/Cs Ds7 Gsmin,artist_125
2023,2J7IGMY8nA6xSzgmdyKGVI,<intro_1> G <verse_1> Cmaj7 G Cmaj7 G Amin7 Cmaj7 <verse_2> G Cmaj7 G Cmaj7 G Amin7 Cmaj7 <outro_1> G D Emin Amin7 Cmaj7 G D Emin Amin7 Cmaj7 G D Emin Amin7 Cmaj7 G D Emin Amin7 Cmaj7,artist_750
1994,58zHMPk4Nv4TOVxFGLkzWl,<intro_1> D <verse_1> A D <verse_2> A D <verse_3> A D <verse_4> A D <solo_1> A D A D <verse_5> A D <verse_6> A D,artist_751
2015,1udUeWnJRksa4Z3yM3rfAx,<verse_1> C Emin G Emin D Dmin Amin F Bb C Emin G Emin D Dmin Amin F Bb C Emin G Emin D Dmin Amin F Bb C Emin G Emin D Dmin Amin F Bb C <instrumental_1> Emin G Emin D Dmin Amin F Bb <verse_2> C Emin G Emin D Dmin Amin F Bb C Emin G Emin D Dmin Amin F Bb,artist_226
2023,1xpJ6RHfX0QADNWhfcnLbV,<verse_1> D D/C D/B D/E D D/C D/B D/E D D/C D/B D/E D D/C D/B D/E G D/Fs Emin D <verse_2> D/C D/B D/E D D/C D/B D/E D D/C D/B D/E D D/C D/B D/E G D/Fs Emin D <chorus_1> A7 D A7 D G D/Fs Emin D <verse_3> D/C D/B D/E D D/C D/B D/E D D/C D/B D/E D D/C D/B D/E G D/Fs Emin D <bridge_1> A D A D G D/Fs Emin D <verse_4> D/C D/B D/E D D/C D/B D/E D D/C D/B D/E D D/C D/B D/E G D/Fs Emin D <chorus_2> A7 D A7 D G D/Fs Emin D G D/Fs Emin D,artist_752
2020,49H0fbPERe1qp7tjkcoLBk,<intro_1> F Bb C F Bb C <verse_1> F Bb F Bb F Dmin Bb F Bb F Bb F Dmin Bb <chorus_1> C Bb F C Bb F Dmin F Bb Dmin Bb C F Bb C F Bb C <verse_2> F Bb F Bb F Dmin Bb <chorus_2> C Bb F C Bb F Dmin F Bb Dmin Bb C F <bridge_1> Dmin Bb F Dmin Bb C Bb <chorus_3> C Bb F C Bb F Dmin F Bb Dmin Bb C F Bb C F Bb C F,artist_753
2018,0r3ao0gGhiOy9m5XYXvSel,<verse_1> A D A Bmin7 A/Cs E7 A D A Bmin7 D/A G E7 <chorus_1> A A/Cs D Bmin7 B/Ds E7 A A/Cs D A/Cs Bmin7 E7 A,artist_754
2004,4DBBk4WTO7VIGfZTf0cHJ6,<intro_1> Emin D C Emin C D <verse_1> Emin D C Amin G Emin D Emin D C Amin G Emin D <chorus_1> G C G D G D Emin C Emin C D <verse_2> Emin D C Amin G Emin D Emin D C Amin G Emin D <chorus_2> G C G D G D Emin C Emin C D Emin D C Amin G Emin D Emin D C Emin C D <verse_3> Emin D C Amin G Emin D Emin D C Amin G Emin D <chorus_3> G C G D G D Emin C G C G D G D Emin C Emin C D Emin C D Emin D C Emin C D Emin D C Emin C D Emin D C Emin C D Emin D C Emin,artist_740
2022,76byB3pOWAII8p4KybeZQL,<intro_1> A D/Fs A D/Fs <chorus_1> A D/Fs A D/Fs A D/Fs A D/Fs <verse_1> A D/Fs A D/Fs <verse_2> A D/Fs A D/Fs A D/Fs <verse_3> A D/Fs A D/Fs <chorus_2> A D/Fs A D/Fs A D/Fs A D/Fs <verse_4> A D/Fs A D/Fs <verse_5> A D/Fs A D/Fs <verse_6> A D/Fs A D/Fs <verse_7> A D/Fs A D/Fs A D/Fs A D/Fs A D/Fs A D/Fs A D/Fs <outro_1> A D/Fs A D/Fs A D/Fs A,artist_756
2018,2epXtSEg9a7e79EmroKk91,Dmaj7 Bmin7 Asus4 E7 E7 Fsmin Dmaj7 Bmin7 Dmaj7 Bmin7 Dmaj7 Bmin7 Dmaj7 Bmin7 Asus4 Bmin7 Dmaj7 E7 Asus4 Bmin7 Dmaj7 E7 Asus4 Bmin7 Dmaj7 E7 Dmaj7 E7 Fsmin E7 Dmaj7 E7 Dmaj7 E7 Dmaj7 E7 Dmaj7 E7 Dmaj7 Bmin7 Dmaj7 Bmin7 Dmaj7 Bmin7 Dmaj7 Bmin7 Asus4 Bmin7 Dmaj7 E7 Asus4 Bmin7 Dmaj7 E7 Asus4 Bmin7 Dmaj7 E7 Dmaj7 E7 Fsmin E7 Dmaj7 E7 Dmaj7 E7 Dmaj7 E7 Dmaj7 E7 Dmaj7 Bmin7 Dmaj7 Bmin7 Dmaj7 Bmin7 Dmaj7 Bmin7 Dmaj7 Bmin7 Dmaj7 Bmin7 Dmaj7 Bmin7 Dmaj7 Bmin7 Dmaj7,artist_757
2015,0kCFHzHv0mjnUIsK6QyOdG,<intro_1> Dmaj9 Fmaj7/G A7sus4 <verse_1> Dmaj9 Fmaj7/G A7sus4 Dmaj9 Fmaj7/G A7sus4 Dmaj9 Fmaj7/G A7sus4 Dmaj9 Fmaj7/G A7sus4 Gmaj7 Cmaj7 Fmaj7 Bbmaj7 Gmin7 Ebmaj9 Gmin7 <chorus_1> Gmin7/Bb Dmaj9 Fmaj7/G A7sus4 Dmaj9 Fmaj7/G A7sus4 Dmaj9 Fmaj7/G A7sus4 Ebmaj9 Gmin7/Bb Dmaj9 <verse_2> Fmaj7/G A7sus4 Dmaj9 Fmaj7/G A7sus4 Dmaj9 Fmaj7/G A7sus4 Dmaj9 Fmaj7/G A7sus4 Gmaj7 Cmaj7 Fmaj7 Bbmaj7 Gmin7 Ebmaj9 Gmin7 <chorus_2> Gmin7/Bb Dmaj9 Fmaj7/G A7sus4 Dmaj9 Fmaj7/G A7sus4 Dmaj9 Fmaj7/G A7sus4 Ebmaj9 Gmin7/Bb Dmaj9 <solo_1> Fmaj7/G A7sus4 Gmaj7 Cmaj7 Fmaj7 Bbmaj7 Gmin7 Ebmaj9 Gmin7 Gmin7/Bb Dmaj9 <verse_3> Fmaj7/G A7sus4 Dmaj9 Fmaj7/G A7sus4 Dmaj9 Fmaj7/G A7sus4 Dmaj9 Fmaj7/G A7sus4 Gmaj7 Cmaj7 Fmaj7 Bbmaj7 Gmin7 Ebmaj9 Gmin7 <chorus_3> Gmin7/Bb Dmaj9 Fmaj7/G A7sus4 Dmaj9 Fmaj7/G A7sus4 Dmaj9 Fmaj7/G A7sus4 Ebmaj9 Dbmaj9 Dmaj9 Fmaj7/G A7sus4 Dmaj9 Fmaj7/G A7sus4 Dmaj9 Fmaj7/G A7sus4 Ebmaj9 Dbmaj9 Dmaj9 Fmaj7/G A7sus4 Dmaj9 Fmaj7/G A7sus4 Dmaj9 Fmaj7/G A7sus4 Ebmaj9 Dbmaj9 Dmaj9,artist_758
2000,0QqfS66lcdTHSN0aTBhpQi,<intro_1> Dmin G Bb Dmin <verse_1> G Dmin G Dmin C Dmin C Dmin C F Cs Bb G <chorus_1> Dmin A/Cs Bb G Bb C Dmin <verse_2> G Dmin G Dmin C Dmin C Dmin C F Cs Bb G <chorus_2> Dmin A/Cs Bb G Bb C Bb C Dmin <solo_1> A/Cs Bb G Bb C Bb <bridge_1> C Dmin C Dmin C F Cs Bb G <chorus_3> Dmin A/Cs Bb G Bb C Dmin A/Cs Bb G Bb C Bb C Bb C Dmin,artist_3
2018,4nFYiBLRjRYyhY95x5qSm1,<verse_1> Dmin <chorus_1> Bb Gmin D Bb Gmin Bb Gmin Dmin F Bb Gmin Dmin F Bb Gmin <verse_3> Dmin <chorus_2> Bb Gmin D Bb Gmin Bb Gmin Dmin F Bb Gmin Dmin F Bb Gmin <verse_5> Dmin <bridge_1> C Dmin <chorus_3> Bb Gmin D Bb Gmin Bb Gmin Dmin F Bb Gmin Dmin F Bb Gmin <verse_6> Dmin,artist_759
1997,0Gu7ZD4BElkUVUJ3dDz4uI,<intro_1> B E/B B D/B B E/B B D/B B <verse_1> E/B B D/B B E/B B D/B B E D Fsmin E <chorus_1> Bmin A/Cs D G Bmin A/Cs D A Bmin A/Cs D G Bmin A/Cs D A <interlude_1> Bmin Fsmin <verse_2> Bmin Fsmin Bmin Fsmin E D Fsmin E <chorus_2> Bmin A/Cs D G Bmin A/Cs D A Bmin A/Cs D G Bmin A/Cs D A <bridge_1> B C Csmin B Gs Csmin B A Fsmin A B <interlude_2> Bmin A/Cs D G Bmin A/Cs D A Bmin A/Cs D G Bmin A/Cs D A <chorus_3> Bmin A/Cs D G Bmin A/Cs D A Bmin A/Cs D G Bmin A/Cs D A Fsmin,artist_206
2012,24wLSj8ZZrB2k5OshDrxCz,<intro_1> E <verse_1> A E A E A E A E B A E A E <bridge_1> A E A E A B <verse_2> E A E A E A E A E B A E A E B E,artist_381
2013,4DCCMtWcfWWlGg4EIK79Md,<intro_1> Amin F G Emin F G Amin F G Emin F G <verse_1> F G F G F G F G F G F G F G F G <chorus_1> Amin F G Emin F G Amin F G Emin F G <interlude_1> Amin F G Emin F G Amin F G Emin F G <verse_2> Amin F G Emin F G Amin F G Emin F G <chorus_2> Amin F G Emin F G Amin F G Emin F G Amin F G Emin F G Amin F G Emin F G <verse_3> F G F G F G F G <interlude_2> Amin F G Emin F G <chorus_3> Amin F G Emin F G Amin F G Emin F G Amin F G Emin F G Amin F G Emin F G <interlude_3> Amin F G Emin F G Amin F G Emin F G <verse_4> Amin F G Emin F G Amin F G Emin F G Amin F G Emin F G Amin F G Emin F G <chorus_4> Amin F G Emin F G Amin F G Emin F G Amin F G Emin F G Amin F G Emin F G,artist_761
2020,6qDG3T4E6lmUdlGSY4fF5A,<verse_1> Amin Emin F G Amin Emin F E Amin <bridge_1> C G F Amin C G F E Amin <chorus_1> Emin F C G Amin Emin F C G Amin Emin F G Amin Emin F G Amin <verse_2> Emin F G Amin Emin F E Amin <bridge_2> C G F Amin C G F E Amin <chorus_2> Emin F C G Amin Emin F C G Amin Emin F G Amin Emin F G Amin <interlude_1> Emin Amin Emin Amin Dmin Amin E Amin C G Dmin Amin C G F E Amin <chorus_3> Emin F C G Amin Emin F C G Amin Emin F G Amin Emin F G Amin,artist_762
1994,0lAvHAB10nV5O09mdNLfvE,<intro_1> E <verse_1> Fsmin E Fsmin E A E A E D A E <verse_2> A E A E A E A E A E D A E D E A E <verse_3> Bmin E Amin E A E Bmin E Amin E D A E <verse_4> A E A E D E A E D E A E <verse_5> Amin E Amin E Amin <outro_1> E Amin E,artist_378
2023,2sI8BfgayQJhkhbL8FqltH,<intro_1> D Bmin Fsmin A <verse_1> D G Emin A D G A Fsmin Bmin Emin G C G <verse_2> D G Emin A D G A Fsmin Bmin Emin A <chorus_1> D G A G D G A G D G A D G A D G A Fsmin Bmin Emin A D B E <verse_3> B A Fsmin B E D E A B Gsmin Csmin Fsmin A B C <chorus_2> F Bb C Bb F Bb C Bb F Bb C F Bb C F Cmin F Bb C Amin Dmin Gmin C F D <chorus_3> G C D C G C D C G C D G C D G C D Bmin Emin Amin G C D G G7 C D G C D G C D Bmin Emin Amin G C D G C D Bmin Emin Amin G C D G,artist_763
2022,1hdz7AlT9IpIQs6lgp3XtL,<verse_1> Dmin C Dmin C Dmin C C7 C Dmin C Dmin <verse_2> C Dmin C Dmin C C7 C Dmin C Dmin <verse_3> C Dmin C Dmin C C7 C Dmin C Dmin <verse_4> C Dmin C Dmin C C7 C Dmin C Dmin <bridge_1> C Dmin Amin C Dmin A Gmin C As Amin Dmin C Dmin <verse_5> C Dmin C Dmin C C7 C Dmin C Dmin,artist_762
2022,0kR5cnS1gbfKd6bI6ITn99,<chorus_1> Amin G F G Amin <verse_1> C Dmin C Amin G F G Amin <chorus_2> G F G Amin <verse_2> C Dmin C Amin G F G Amin <chorus_3> G F G Amin <verse_3> C Dmin C Amin G F G Amin <chorus_4> G F G Amin <verse_4> C Dmin C Amin G F G Amin <chorus_5> G F G Amin <verse_5> C Dmin C Amin G F G Amin,artist_762
2020,3Sx6Buse1RVbUJ89lI3vvX,<verse_1> Amin F Amin C Amin F C Amin C G Amin <chorus_1> F C G E Amin <verse_2> F Amin C Amin F C Amin C G Amin <chorus_2> F C G E Amin <verse_3> F Amin C Amin F C Amin C G Amin <chorus_3> F C G E Amin,artist_762
2020,5nsazEzFgigPjziTGUvkCJ,<verse_1> Bmin A Bmin A Bmin A Bmin A Bmin A Bmin A Bmin A Bmin A <bridge_1> Bmin A Fs <chorus_1> G D A G D A G D A G D A Bmin A Bmin <verse_2> A Bmin A Bmin A Bmin A Bmin A Bmin A Bmin A Bmin A <bridge_2> Bmin A Fs <chorus_2> G D A G D A G D A G D A Bmin A Bmin <bridge_1> Emin Bmin A G <chorus_3> D A G D A G D A G D A Bmin A Bmin,artist_762
2020,6VgiSMmoP9KLbmcEmtDyYD,<intro_1> F Gb F Gb Bb A F Gb F Bb A F Gb F Gb Bb A F Gb F Bb A <verse_1> F Gb F Gb Bb A F Gb F Bb A F Gb F Gb Bb A F Gb F Bb A Db C Db C Bb A Bb A Db C Db C Bb A Bb A <chorus_1> Db C Bb A Db C Bb A Db C Bb A C <verse_2> F Gb F Gb Bb A F Gb F Bb A F Gb F Gb Bb A F Gb F Bb A Db C Db C Bb A Bb A Db C Db C Bb A Bb A <chorus_2> Db C Bb A Db C Bb A Db C Bb A C <interlude_1> F Gb F Gb Bb A F Gb F Bb A <verse_3> F Gb F Gb Bb A F Gb F Bb A F Gb F Bb A F Gb F Bb A F Db C Db C Bb A Bb A Db C Db C Bb A Bb A <chorus_3> Db C Bb A Db C Bb A Db C Bb A C,artist_764
2023,4rmNHW7SdqQ0taI4hUuq8W,<intro_1> C G C Emin D <verse_1> C G C Emin D C G C Emin D C <chorus_1> G C Emin D C G C Emin D C <verse_2> G C Emin D C G C Emin D C <chorus_2> G C Emin D C G C Emin D C <outro_1> G C Emin D C G C Emin D C,artist_765
2023,1rE1nQP2ZAsLma1BMCAIIL,A Fsmin D E A Fsmin D E A Fsmin D E A Fsmin D E A Fsmin D E A Fsmin D E A Fsmin D E A Fsmin D E A Fsmin D E A Fsmin D E Eb D A Fsmin D E A Fsmin D E A Fsmin D E A Fsmin D E A Fsmin D E A A7 D E Cs Fsmin Gsmin A Bmin A Bmin A Bmin Cs Fsmin E D Cs Bmin A Gs Fsmin E A Fs B Gsmin E Fs B Gsmin E Fs B Gsmin E Fs B Gsmin E Fs B Gsmin E Gsmin G C F Dmin G C Amin Dmin G C F Dmin G C Amin Dmin G C,artist_644
2023,2XPLk9RyWawxFmVDQsC0ke,<intro_1> Amaj7 <verse_1> Bmin7 E7 Csmin7 Fsmin7 Bmin7 E7 Csmin7 Fsmin7 Bmin7 E7 Csmin7 Fsmin7 Bmin7 E7 Amaj7 Bmin7 E7 Csmin7 Fsmin7 Bmin7 E <chorus_1> Amaj7 Csmin7 Cmin7 Bmin7 E9 Amaj7 Csmin7 Cmin7 Bmin7 E9 Amaj7 Csmin7 Cmin7 Bmin7 E9 Amaj7 Csmin7 Cmin7 Bmin7 E9 Amaj7 <verse_2> Bmin7 E7 Csmin7 Fsmin7 Bmin7 E7 Csmin7 Fsmin7 Bmin7 E7 Csmin7 Fsmin7 Bmin7 E <chorus_2> Amaj7 Csmin7 Cmin7 Bmin7 E9 Amaj7 Csmin7 Cmin7 Bmin7 E9 Amaj7 Csmin7 Cmin7 Bmin7 E9 Amaj7 Csmin7 Cmin7 Bmin7 E9 Fsmin7 <bridge_1> Bsus4 B7 Dmaj7 Dmin7 Amaj7 Csmin7 Bmin7 E9 Amaj7 Csmin7 Bmin7 E9 <outro_1> Amaj7 Csmin7 Cmin7 Bmin7 E9 Amaj7 Csmin7 Cmin7 Bmin7 E9 Amaj7 Csmin7 Cmin7 Bmin7 E9 Amaj7 Csmin7 Cmin7 Bmin7 E9 Amaj7,artist_767
2012,37F8M6BuUIAlfBeK1QoHDc,<intro_1> E Cmin A B <verse_1> E Cmin A E B E Cmin A B A B Cmin A E Fmin B <chorus_1> E Cmin A E B E B Cmin A B A B Cmin A E B E <bridge_1> B E B E A E B E B E B E A E B <instrumental_1> E Cmin A E B E Cmin A B A B Cmin A E B E <verse_2> B E B E A E B E B E B E A E B <chorus_2> E Cmin A B E Cmin A B A Gmin A Gmin A E A Cmin A B E Cmin A B E,artist_768
2019,1jFl89KSSo91RCucLd7hjp,<intro_1> Emin G C G <verse_1> Emin G C G Emin G C G Emin G C G Emin G C G <chorus_1> Emin G C G Emin G C G Emin G C G Emin G C G <verse_2> Emin G C G Emin G C G Emin G C G Emin G C G <chorus_2> Emin G C G Emin G C G Emin G C G Emin G C G <verse_3> Emin G C G Emin G C G Emin G C G Emin G C G <chorus_3> Emin G C G Emin G C G Emin G C G Emin G C G <outro_1> Emin G C G,artist_769
2022,2iEpjQ8uBGghgEA4kc7kmC,<verse_1> A D A B7 E A D A Fsmin D A <verse_2> D A B7 E A D A Fsmin D A <bridge_1> G A G A G A G Fsmin <verse_3> A D A B7 E A D A Fsmin D A,artist_770
2005,5za9V97WM1H0g1D5Pj17Gy,<intro_1> Emin G/A D Dsus4 D Emin G/A D Dsus4 D <verse_1> Emin D Emin D Bmin A G Gmin G Emin G/A D <chorus_1> Bbmaj7 A Gmin F Bbmaj7 A Gmin A <verse_2> Emin D Emin D Bmin A G Gmin G Emin G/A D <chorus_2> Bbmaj7 A Gmin F Bbmaj7 A Gmin A <interlude_1> Bmin A G Gmin G A <chorus_3> Bbmaj7 A Gmin F Bbmaj7 A Gmin A <outro_1> Emin G/A D Dsus4 D Emin G/A D Dsus4 D Emin G/A D Emin G/A D <outro_2> Emin G/A D,artist_771
2022,1550qRM3qi3rkFZZ8DnD8D,<intro_1> Amin C F <verse_1> Amin C F Amin C F Amin C F Amin C F <interlude_1> Amin C F Amin C F Amin C F Amin C F Amin C F G F G <chorus_1> F C G F C G F C G F C G Amin C F <verse_2> Amin C F Amin C F Amin C F Amin C F G F G <chorus_2> F C G F C G F C G F C G <bridge_1> Dmin F C G Dmin F C G F G F G Amin C F <verse_3> Amin C F Amin C F,artist_772
2021,3xzsey8TW52hHBLvKJLTFx,<intro_1> C Csus4 C Csus4 <verse_1> C Csus4 C Amin7 Fadd9 C Dssus2 C Csus4 C Amin7 Fadd9 C Csus2 C Gsus4 G Fadd9 C Gsus4 G Fadd9 C Fadd9 C Csus2 C Amin7 Fadd9 C Csus2 <chorus_1> C Amin7 Fadd9 C Csus2 C Amin7 Fadd9 C Csus2 C Amin Emin/G C Csus2 C Amin7 Fadd9 C Csus2 C Csus4 C Csus4 <verse_2> C Csus4 C Amin7 Fadd9 C Csus2 C Csus4 C Amin7 Fadd9 C Csus2 C Gsus4 G Fadd9 C Gsus4 G Fadd9 C Fadd9 C Csus2 C Amin7 Fadd9 C Csus2 <chorus_2> C Amin7 Fadd9 C Csus2 C Amin7 Fadd9 C Csus2 C Amin Emin/G C Csus2 C Amin7 Fadd9 C Csus2 C <bridge_1> Gsus4 G Fadd9 C Emin7 Fadd9 Gsus4 G Amin7 Fadd9 C Emin7 Amin7 Gsus4 G <chorus_3> Fadd9 Gsus4 G C Csus2 C Amin7 Fadd9 C Csus2 C Amin Emin/G C Csus2 C Amin7 Fadd9 C Csus2 D C <outro_1> Amin F/A C Amin F C Amin Emin/G C/G Amin F C,artist_773
2021,6gTbZQX31Adwj4rjYw95Il,<intro_1> G Emin <verse_1> G Emin G Emin G Emin G Emin Amin D7 Amin D7 Amin D7 G Emin G Emin <chorus_1> Amin D7 G Emin <verse_2> G Emin G Emin G Emin G Emin Amin D7 Amin D7 Amin D7 G Emin G Emin <verse_3> G Emin G Emin G Emin G Emin Amin D7 Amin D7 Amin D7 G Emin G Emin G Emin <chorus_2> Amin D7 Amin D7,artist_774
2013,25fb8BX4wKaxYOE8byjD8P,<verse_1> F Dmin F G Amin F Dmin G C Dmin G Emin Amin F Dmin F G Amin <verse_2> F Dmin F G Amin F Dmin G C Dmin G Emin Amin F Dmin G Amin <chorus_1> G Dmin E Amin D G Amin G Dmin E Amin D G Amin <instrumental_1> F Dmin F G Amin F Dmin G C Dmin G Emin Amin F Dmin F G Amin <verse_3> F Dmin F G Amin F Dmin G C Dmin G Emin Amin F Dmin G Amin <chorus_2> G Dmin E Amin D G Amin,artist_775
2023,6JCsKFaGBz2oa3shaBfoc9,<verse_1> Fsmin D Bmin Cs Fsmin D Bmin Cs <chorus_1> Fsmin A Bmin Fsmin A Cs <verse_2> Fsmin D Bmin Cs <chorus_2> Fsmin A Bmin Fsmin A Cs <bridge_1> D E A Cs D E A Cs D E A Cs D E A Cs D E A Cs <chorus_3> Fsmin A Bmin Fsmin A Bmin Fsmin A Cs Fsmin,artist_777
2022,4ORXzdG8Ldsqw0j2cgfynE,<intro_1> Bbmin Ebmin F Bbmin <verse_1> Ebmin F C F7 Bbmin Bb Bbmin Ebmin F F7 Bbmin <verse_2> Ebmin C F F7 Bbmin Ebmin F F7 Bbmin <chorus_1> Ebmin Bbmin Ab Bbmin Ebmin Bbmin F Gb F Gb F <instrumental_1> Bbmin Ebmin C F Bbmin <verse_3> Ebmin F F7 Bbmin Ebmin F7 Bbmin F Bbmin <chorus_2> Ebmin Bbmin Ab Bbmin Ebmin Bbmin F Gb F Gb F Bbmin <verse_4> Ebmin F F7 F Bbmin Ebmin F Fmin F7 Bbmin <chorus_3> Ebmin Bbmin Ab Bbmin Ebmin Bbmin F Gb F Gb F <instrumental_2> Ebmin Bbmin Ab Db Ebmin Bbmin F Gb F Bbmin F Gb F Bbmin F Gb F Gb F7 <verse_5> Bbmin Ebmin F Fmin F7 Bbmin Ebmin F F7 F F7 Bbmin,artist_778
2022,0mFoEEua5AeLYtLlzHoMrZ,<intro_1> F Amin F Amin G <verse_1> F Amin G F Amin G F Amin G F Amin G <chorus_1> Amin F G F Amin G F Amin G <verse_2> F Amin G F Amin G <bridge_1> Amin F G F G F E F G <chorus_2> C Amin G F Amin G,artist_779
2023,71yyqvGVdWX2xLGGYz1iQw,<intro_1> F C <verse_1> F C F C F C G F C F C F C G F G Amin F G Amin F G Amin G/B C <chorus_1> F C G E/Gs Amin F C G F C G E/Gs Amin F G F C F C <verse_2> F C F C F C G F C F C F C G F G Amin F G Amin F G Amin G/B C <chorus_2> F C G E/Gs Amin F C G F C G E/Gs Amin F G C F C <bridge_1> F G F C F G F <chorus_3> C G E/Gs Amin F C G F C G E/Gs Amin F C G F G F C F C F C F C,artist_780
2019,16wuedyJ0hV3rBAb2xCFwa,<intro_1> Bbmaj7 Ebmaj7 F Bbmaj7 Ebmaj7 Bbmaj7 Emin7 A Amin <verse_1> Bbmaj7 Ebmaj7 Dmin Bbmaj7 Ebmaj7 Dmin Amin Bbmaj7 Ebmaj7 Dmin Bbmaj7 Ebmaj7 Emin7 F D G A Amin <verse_2> Bbmaj7 Ebmaj7 Dmin Bbmaj7 Ebmaj7 Dmin Amin Bbmaj7 Ebmaj7 Dmin Bbmaj7 Ebmaj7 Emin7 F D G <instrumental_1> A Amin Bbmaj7 Gmin Ebmaj7 Fadd13 <instrumental_2> Bbadd13 F Gmin F Ebmaj7 Bbmaj7 <outro_1> Dmin,artist_781
2020,4kFjzLWVvpTHaxsjIK76I3,<verse_1> C Amin C Amin F Dmin F Emin7 Dmin7 C Amin <interlude_1> C Amin C Amin C Amin F Dmin F <chorus_1> Emin7 Dmin7 Emin7 Dmin7 C Amin C Amin <verse_2> D7 Dmin7 D7 Dmin7 C G D7 Dmin7 C G D7 Dmin7 C G C Amin F Dmin F <chorus_2> Emin7 Dmin7 Emin7 Dmin7 Emin7 Dmin7 C Amin C Amin C Amin C Amin <verse_3> D7 Dmin7 D7 Dmin7 C G D7 Dmin7 C G D7 Dmin7 C G C,artist_782
2022,1O1GLjtl8cMiTLWWLU9hQc,<intro_1> Bmin G Gb Bmin G Gb Bmin G Gb Bmin Gb Bmin <verse_1> G Gb <chorus_1> Bmin G D Gb Bmin G D Gb Bmin <verse_2> G Gb <chorus_2> Bmin G D Gb Bmin G D Gb <bridge_1> Bmin <chorus_3> G D Gb Bmin G D Gb Bmin G D Gb Bmin G D Gb Bmin,artist_783
2016,21UhvRoxaNvvcD95InIuef,<intro_1> Emin C G D Emin C G D Emin C G D Emin <chorus_1> C G D Emin C G D <verse_1> Emin C G D Emin C G D Emin <chorus_2> C G D Emin C G D C G D Emin C G D Emin <bridge_1> C G D Emin C G D Emin <chorus_3> C G D Emin C G D C G D Emin C G D Emin C G D Emin C G D Emin <chorus_4> C G D Emin C G D Emin,artist_784
2023,4vJ0MTIjJGGa7OoVoGl1m3,<intro_1> G Amin Emin C <verse_1> G Amin Emin C G Amin Emin C G Amin Emin C G Amin Emin C <chorus_1> G Amin Emin C G Amin Emin C G Amin Emin C G Amin Emin C G Amin Emin C G Amin Emin C <verse_2> G Amin Emin C G Amin Emin C G Amin Emin C G Amin Emin C <chorus_2> G Amin Emin C G Amin Emin C G Amin Emin C G Amin Emin C G Amin Emin C G Amin Emin C G,artist_785
2023,01TaDPFacupHRgNPYwSsWn,<intro_1> D <verse_1> Bmin G A <chorus_1> G D G D Bmin G A D <verse_2> Bmin A G A D <chorus_2> Fsmin G D Fsmin G D A Bmin A G A D <interlude_1> Bmin G D Asus4 Bmin G D Asus4 A <verse_3> D Bmin A G A D <chorus_3> Fsmin G D Fsmin G D A Bmin A G A D Fsmin G D Fsmin G D A Bmin A G A D,artist_780
2013,11AhATn4dHeFO35ZJzu0ya,<intro_1> Cmin Fmin Ab Cmin <chorus_1> Eb Fmin Cmin Ab Eb Fmin Cmin Eb Fmin Cmin Eb Fmin Cmin Fmin Cmin Eb Fmin Cmin Eb Gmin <interlude_1> Cmin <verse_1> Eb Cmin Ab Eb Fmin <bridge_1> Cmin Eb Cmin Eb Cmin Eb Fmin Cmin Ab Eb Cmin Eb Fmin Cmin Eb Cmin Eb Fmin Cmin Eb Cmin Eb Fmin Cmin Eb Cmin <chorus_2> Eb Fmin Cmin Eb Cmin Eb Fmin Cmin Eb Fmin Cmin Ab Eb Fmin Cmin Ab Eb Fmin Cmin Ab Eb Fmin Cmin Ab Eb Fmin Cmin Fmin Cmin Eb Fmin Cmin Eb Cmin <chorus_3> Eb Fmin Cmin Ab Eb Fmin Cmin Ab Eb Fmin Cmin Eb Cmin <outro_1> Eb Fmin Cmin Eb Cmin Ab Eb Fmin Ab Eb Fmin,artist_786
2010,1h1VqaAgic3rtOFUlxB2Kw,<verse_1> G Cadd9 G C D G Cadd9 G C D G Cadd9 G C D G Cadd9 G C D G <chorus_1> Cadd9 G C D G Cadd9 G C D G <verse_2> Cadd9 G C D G Cadd9 G C D G Cadd9 G C D G Cadd9 G C D G <chorus_2> Cadd9 G C D G Cadd9 G C D G <bridge_1> Cadd9 G C D G Cadd9 G C D G Cadd9 G C D G Cadd9 G C D G C D G C D G,artist_787
1991,4vOvaoJrTOXrpDgStqyZ6x,<intro_1> E <verse_1> A E A E B A E <verse_2> A E A E B A E <verse_3> A E A E B A E,artist_788
1981,3xJti4UpOv5YxCMg9xpf0l,<intro_1> Bbmaj7 Gmin9 F Bb F Bb <verse_1> F Eb/G Bbmaj7 Gmin7 Amin7 Dmin7 Gmin7 Bb A7 F Eb/G Bbmaj7 Gmin7 Amin7 Dmin7 G7 Asus4 A <chorus_1> D Gb7 G D A7 Gb7 B7 Emin7 D A D Emin D/Fs G Gmin D A Dmaj7 Emin D/Fs G A Gno3d Ano3d Bbno3d Cno3d <instrumental_1> F Bb F Bb <verse_2> F Eb/G Bbmaj7 Gmin7 Amin7 Dmin7 Gmin7 Bb A7 F Eb/G Bbmaj7 Gmin7 Amin7 Dmin7 G7 Asus4 A <chorus_2> D Gb7 G D A7 Gb7 B7 Emin7 D A D Emin D/Fs G Gmin D A Dmaj7 Emin D/Fs G A <outro_1> F C F Gmin F/A Bb C F C F Gmin F/A Bb C Bbmaj7 <outro_1> Gmin9 F Bb F Bb F,artist_789
2015,3v47tb6hvbeb3dVOgYZUfP,<intro_1> E <verse_1> B E B Fsmin Fsmin/Gs A E B E B Fsmin A <chorus_1> E7 B E7 B E7 B E7 B E <verse_2> B E B Fsmin Fsmin/Gs A <chorus_2> E7 B E7 B E7 B E7 B E <chorus_3> E7 B E7 B E7 B E7 B E,artist_158
2023,6RiMPdE0iRl7eabkqRWv8X,<intro_1> E B Fsmin A E B Fsmin B Csmin B Fsmin A E B Fsmin A Csmin B Fsmin A Csmin B Fsmin A Csmin Fsmin B Csmin B Fsmin A Csmin Fsmin A B Fsmin A E B Fsmin A E B Fsmin A Csmin B Fsmin A E B Fsmin A Csmin B Fsmin A E B Fsmin A Csmin B Fsmin A Csmin B Fsmin A Csmin Fsmin A Csmin B Fsmin A Csmin Fsmin B,artist_790
2023,5aTbxFlauGYtwKCUtNOUyH,<intro_1> E Gsmin <verse_1> E Gsmin E Gsmin A Gsmin Fsmin B E Gsmin E Gsmin A Gsmin Fsmin B <chorus_1> A B Gsmin Csmin Fsmin B A B Gsmin Csmin Fsmin B E Gsmin <verse_2> E Gsmin E Gsmin A B Gsmin Fsmin B <chorus_2> A B Gsmin Csmin Fsmin B A B Gsmin Csmin Fsmin B Csmin Gs B Fs A E Fsmin Gs <solo_1> Csmin A B Gsmin Fsmin A B <chorus_3> A B Gsmin Csmin Fsmin B A B Gsmin Csmin Fsmin B E Gsmin E Gsmin E Gsmin E Gsmin D/Fs A B7 E A E,artist_790
2016,3c6q3mEVzvogeTEBrjOFJ8,<intro_1> D Emin A7 D <verse_1> Emin A7 D Emin A7 D Emin A7 D <interlude_1> Emin A7 D <verse_2> Emin A7 D Emin A7 D Emin A7 D <interlude_2> Emin A7 D <verse_3> Emin A7 D Emin A7 D Emin A7 D <interlude_3> Emin A7 D <verse_4> Emin A7 D Emin A7 D Emin A7 D <verse_5> Emin A7 D Emin A7 D Emin A7 D <verse_6> Emin A7 D Emin A7 D Emin A7 D,artist_791
2021,6q1rr8W0TudmxomRdHxUWP,<verse_1> Bmin Bbmin Amin C D G D E Amin C G D E <chorus_1> Amin C D G D E Amin C Cmin D G D E <solo_1> Amin C Cmin G D E Amin C D G D E <verse_2> Amin C D G D E Amin C Cmin D G D E <chorus_2> Amin C D G D E Amin C Cmin D G D E <solo_2> Amin C Cmin G D E Amin C Cmin G D E Amin,artist_398
2022,08HGey7e94Ez3ZurG1IXTP,<intro_1> B Bb Ebmin Gb7 B Bb Ebmin Gb7 B Bb Ebmin Gb7 B Bb Ebmin Db B Bb Ebmin Db B Bmin Ebmin Gb7 B Bb Ebmin B Bb Ebmin Gb7 B Bb Ebmin Db B Bb Ebmin Gb7 B Bb Ebmin Gb7 B Bb Ebmin Gb7 Bb Eb7 Gb7 Bmin Ebmin Gb7 B Bb Ebmin B Bb Ebmin Gb7 B Bb Ebmin Gb7 B Bb Ebmin Ab B Gb Ab Bb B Bb Eb Gb7 B Bb Ebmin Gb7,artist_793
2007,7AtzrTsXNFiSCpL9MTypSO,<intro_1> G7 C7 G7 C7 G7 C7 G7 C7 <verse_1> G7 C7 G7 C7 G7 C7 G7 C7 G7 C7 G7 C7 G7 C7 G7 C7 <chorus_1> G7 C7 G7 C7 G7 C7 G7 C7 G7 C7 G7 C7 G7 C7 G7 C7 D7 C7 G7 C7 G7 C7 <verse_2> G7 C7 G7 C7 G7 C7 G7 C7 G7 C7 G7 C7 G7 C7 G7 C7 <chorus_2> G7 C7 G7 C7 G7 C7 G7 C7 G7 C7 G7 C7 G7 C7 G7 C7 D7 C7 G7 C7 G7 C7 <solo_1> G7 C7 G7 C7 D7 C7 G7 C7 G7 C7 <chorus_3> G7 C7 G7 C7 G7 C7 G7 C7 G7 C7 G7 C7 G7 C7 G7 C7 G7 C7 G7 C7 G7 C7 G7 C7 G7 C7 G7 C7 G7 C7 G7 C7 <outro_1> G7 C7 G7 C7 G7 C7 G7 C7 G7 C7 G7 C7 G7 C7 G7 C7 G7 C7 G7 C7 G7 C7 G7 C7 D7 C7 G7,artist_794
2023,0PeOjvRF0nUMRFhPJU5FdD,<intro_1> C F/C C F/C <verse_1> C F/C C F/C C F/C C F/C Dmin C F Dmin C G <chorus_1> C F C F C F G Dmin G C F C F <verse_2> C F C F C F C F Dmin C F Dmin C G <chorus_2> C F C F C F G Dmin G C F C F <instrumental_1> C G F C G <outro_1> C F/C C F/C F G C,artist_795
2021,3spuD6XrnVkNFef5eAC2DI,<chorus_1> Amin Emin G F Amin Emin F G F Amin F G Amin Emin G F Amin Emin F G F Amin,artist_796
2001,2j4oMO6tjs5Z7ttdNGVUAM,<intro_1> Csmin A7 Csmin A7 E7 Csmin E7 A Csmin E7 <verse_1> Csmin A7 Csmin7 E7 Csmin7 E7 A7 Csmin7 E7 Csmin7 E7 A7 Csmin7 E7 A Csmin7 E7 Csmin7 E7 Csmin A7 Csmin A7 Csmin A7 Csmin A7 <verse_2> E7 A7 Csmin E7 Csmin7 E7 A7 Csmin7 E7 Csmin7 E7 A Csmin7 E7 A7 Csmin <chorus_1> A B Csmin E7 A B Csmin A B Gsmin Csmin A E7 Csmin A Csmin A Cssus2 E7 Cssus2 Cssus4 Cs Gs Asus2 B E Bsus4 A B7 Fssus2 A B Fssus2 Csmin7 A7 B7 E Csmin A7 B Csmin B7 Fssus2 A7 <chorus_2> B Cssus2 E A7 B Cssus2 E A7 B Cssus2,artist_797
2022,6N3Gz5C54rQYW1q20WZB03,<intro_1> A Bmin G D A Bmin G A Bmin G D A Bmin G <verse_1> A Bmin G D A Bmin G A Bmin G D A Bmin G A Bmin G D A Bmin G A Bmin G D A Bmin G <chorus_1> A Bmin G D A Bmin G A Bmin G D A Bmin G <verse_2> A Bmin G D A Bmin G A Bmin G D A Bmin G A Bmin G D A Bmin G A Bmin G D A Bmin G <chorus_2> A Bmin G D A Bmin G A Bmin G D A Bmin G <solo_1> A Bmin G D A Bmin G A Bmin G D A Bmin G <chorus_3> A Bmin G D A Bmin G A Bmin G D A Bmin G <outro_1> A Bmin G D A Bmin G A Bmin G D A Bmin G,artist_799
2019,7nOYaLkMVOOyzk2k1TrObJ,<intro_1> C G D Emin C G D <verse_1> C G D Emin C G D C G D Emin C G D C G D Emin C G D C G D Emin C G D C G D Emin C G D <chorus_1> C G D C G D C G D <verse_2> C G D Emin C G D C G D Emin C G D C G D Emin C G D C G D Emin C G D C G D Emin C G D <chorus_2> C G D C G D C G D <interlude_1> C G D <bridge_1> G C G D G C G D G C G D G C G D G C G D <outro_1> G C G D G C G D,artist_800
2023,3L4MAUb1N2dsAludyS8ra8,<verse_1> G D C G D C G D C G <chorus_1> D C G D C G <verse_2> D C G F C G <chorus_2> D C G D C G <chorus_3> F C G F C G,artist_801
2017,3Z9TUZPQn1lqHLAwqmxDdv,<verse_1> C F D C D7 G7 <verse_2> C F D C D7 G7 <verse_3> C F D C D7 G7 <verse_4> C F D C D7 G7 <solo_1> F <verse_5> C F D C D7 G7 <outro_1> C,artist_803
2004,751EwxaAF0uqWMJXCJ5N9q,<verse_1> Emin Amin D G G/Fs C Amin D Amin Amin7/G D/Fs G D/Fs C <chorus_1> Emin Eminmaj7 C C/B Amin7 G D/Fs C G Amin7 D G <verse_2> Emin Amin D G G/Fs C Amin D Amin Amin7/G D G D/Fs C <chorus_2> Emin Eminmaj7 C C/B Amin7 G D/Fs C G Amin7 D7 Emin D7 Bmin C <chorus_3> Emin Eminmaj7 C C/B Amin7 G D/Fs C G Amin7 D7 G D/Fs C G Amin7 D7 G,artist_804
2023,31OxAgdk5mCP2PaIt3mWzJ,<intro_1> G Bmin Emin C <verse_1> G Bmin Emin C G Bmin Emin C <chorus_1> G Bmin Emin C G Bmin Emin C <verse_2> G Bmin Emin C G Bmin Emin C <chorus_2> G Bmin Emin C <chorus_3> G Bmin Emin C <outro_1> G Bmin Emin C G,artist_805
1988,2RdgKXdLGQsmGpExKFvxBS,<intro_1> Fs7 Dsmin7 Cs Fmin7 Fs7 Cs7 Fs Fssus4 Cs <verse_1> Fs7 B Gsmin Fs Cssus4 Cs <verse_2> Fs Fs7 Fs7 B Gsmin Fs Cssus4 Cs <bridge_1> Asmin Fmin Fs Cs Dsmin Fmin Fs Gssus4 Gs <chorus_1> Cs Fs Gs7 Fmin7 As7 Dsmin Gssus4 Gs7 Cs Asmin Fs Gs7 Cs Cs7 Asmin Fmin Fs Cs Aaug Cs A Csmin Gs Cs Cs7 <verse_3> Fs Cs Fs7 B Gsmin Fs Cssus4 Cs <verse_4> A A7 A7 D Bmin7 A Esus4 E Csmin Gsmin A E Fsmin Gsmin A Gssus4 Gs7 <chorus_2> Cs Fmin7 Bb Ebmin Absus4 Ab7 Db Bbmin Gb Ab Db Bbmin Fmin Gb Db A Db A Dbmin Ab Db Gb Ab Db,artist_552
2022,1OX1Zwj0ZzcsbuvOEDuhOO,<intro_1> B <verse_1> Gsmin E Fs B <verse_2> Gsmin E Fs B <chorus_1> E Fs Gsmin Fs E Fs B <verse_3> Gsmin E Fs B <verse_4> Gsmin E Fs B <chorus_2> E Fs Gsmin Fs E Fs E Fs Gsmin Fs E Fs E Fs E Fs E Fs E Fs <bridge_1> B Fs E B Fs B Fs E B Fs B Fs E B Fs <bridge_2> Gsmin B Fs E Fs Csmin B E Fs <interlude_1> E Fs E Fs E Fs E Fs E Fs <outro_1> B,artist_806
2023,6IaOyzYlT5809ASyUKzDPq,<intro_1> Emin D Amin <verse_1> Emin D Amin Emin D Amin Emin D Amin G Fsmin <chorus_1> Emin D Amin Emin D Amin Bmin C D G B Emin D Amin Emin D Amin Emin D Amin D Amin Emin D A G Fsmin Emin D Emin D Amin Emin D Amin Bmin C D G B Emin D Amin Emin D Amin <verse_2> Bmin D Emin Bmin D Emin Bmin D Emin G Fsmin <chorus_2> Emin D Amin Emin D Amin Bmin C D G B Emin D Amin,artist_807
2023,3xElpg6ryXdVTjb3xhPzDz,<intro_1> G C G D <verse_1> G C G D G C G D C D <chorus_1> G C G D G C G D D7 G C D <verse_2> G C G D C D D7 <chorus_2> G C G D G C G D D7 G C D <bridge_1> G D G C D D7 <chorus_3> G C G D G C G D D7 G <outro_1> C D G C D D7 G,artist_808
1978,7sUznajU7QCWxAuYUzpXJ3,<intro_1> G Amin7 D G <verse_1> Amin7 D G Emin Amin7 D G <verse_2> Amin7 D G Emin Amin7 D G <verse_3> Amin7 D G Emin Amin7 D G <verse_4> Amin7 D G Emin Amin7 D C G,artist_809
2022,5A0cXHpFYgP4Hk5NLwmPQs,<intro_1> Emin7 Cadd9 Gsus4 G Dsus4/Fs Emin7 Cadd9 Gsus4 G <verse_1> Emin7 Cadd9 G Dsus4/Fs Emin7 Cadd9 G Emin7 Cadd9 G Dsus4/Fs Emin7 Cadd9 G <chorus_1> Emin7 Cadd9 G Dsus4/Fs Emin7 Cadd9 Gsus4 G Dsus4/Fs Emin7 Cadd9 G Dsus4/Fs Emin7 Cadd9 Gsus4 G <interlude_1> Emin7 Cadd9 Gsus4 Gadd9 <verse_2> Emin7 Cadd9 G Dsus4/Fs Emin7 Cadd9 G Emin7 Cadd9 G Dsus4/Fs Emin7 Cadd9 G <chorus_2> Emin7 Cadd9 G Dsus4/Fs Emin7 Cadd9 Gsus4 G Dsus4/Fs Emin7 Cadd9 G Dsus4/Fs Emin7 Cadd9 Gsus4 G <bridge_1> C D Gsus4 G Bmin7 D C D Gsus4 G Bmin7 D C D Gsus4 G Bmin7 D C D Gsus4 G Bmin7 D <chorus_3> Emin7 Cadd9 G Dsus4/Fs Emin7 Cadd9 Gsus4 G Dsus4/Fs Emin7 Cadd9 G Dsus4/Fs Emin7 Cadd9 Gsus4 G <interlude_2> Emin7 Cadd9 Gsus4 G Dsus4/Fs Emin7 Cadd9 Gsus4 G <outro_1> Emin7 Cadd9 Gsus4 G,artist_810
2013,7LPU6EQ7FmkVuY5MLRyGhj,<intro_1> C G Amin7 F C G Amin7 F <verse_1> C G Amin7 F C G Amin7 F C G Amin7 F C G Amin7 F C G Fmaj7 Amin7 G <verse_2> C G Amin7 F C G Amin7 F C G Fmaj7 Amin7 G <chorus_1> F G C Cmaj7 F G C Cmaj7 F C <verse_3> G Amin7 F C G Amin7 F C G Fmaj7 Amin7 G <chorus_2> F G C Cmaj7 F G C Cmaj7 F <bridge_1> G F G Amin F G F G Amin F <chorus_3> G C Cmaj7 F G C Cmaj7 F <chorus_4> G C Cmaj7 F G C Cmaj7 F <outro_1> C G F Amin G C G F,artist_811
2023,2ug47Ft4M0YxgNViP8XaOr,<intro_2> Csno3d Ano3d Bno3d Gsno3d Csno3d Ano3d Bno3d Gsno3d <verse_1> Csno3d Ano3d Bno3d Gsno3d <intro_4> Csno3d Ano3d Bno3d Gsno3d Csno3d Ano3d Bno3d Gsno3d <verse_2> Csno3d Ano3d Bno3d Gsno3d Csno3d Ano3d Bno3d Gsno3d <chorus_1> Csno3d Ano3d Bno3d Gsno3d Csno3d Ano3d Bno3d Gsno3d Csno3d Ano3d Bno3d Gsno3d Csno3d Ano3d Bno3d Gsno3d <bridge_1> Csno3d Ano3d Bno3d Gsno3d <outro_1> Csno3d,artist_188
2022,1V888fh2JLVzMElr1pEz6Z,<intro_1> Ab Fmin Cs Fmin Ds Ab Fmin Cs Fmin Ds Cs Fmin Cmin <chorus_1> Fmin Cmin Fmin Ab Fmin Cmin Fmin Cmin Fmin Ab Fmin Cmin Fmin <verse_1> Cmin Fmin Ab Fmin Cmin Fmin Cmin Fmin Ab Fmin Cmin Fmin Cs Fmin Cmin <chorus_2> Fmin Cmin Fmin Ab Fmin Cmin Fmin Cmin Fmin Ab Fmin Cmin Fmin <verse_2> Cmin Fmin Ab Fmin Cmin Fmin Cmin Fmin Ab Fmin Cmin Fmin <outro_1> Cmin Fmin Ab Fmin Cmin Fmin,artist_812
2023,1v4aZQRDXTuauWRYeNZN7b,<verse_1> Bmin A Emin D Bmin A Emin D Bmin A Emin D Bmin A Emin <chorus_1> D Bmin A Emin D Bmin A <verse_2> Bmin A Emin D Bmin A Emin D Bmin A Emin <chorus_2> D Bmin A Emin D Bmin A Emin G Bmin A Emin G Bmin A Bmin <chorus_3> Emin D Bmin A Emin D Bmin A Emin G Bmin A Emin G Bmin A,artist_813
2018,77IBB5F0dNzwKG0L27qxkG,<intro_1> D A G <verse_1> D G Emin A D G D Emin G A <chorus_1> D G D Bmin Fsmin G A D G D Bmin Fsmin G A <verse_2> D G Emin A D G D Emin G A <chorus_2> D G D Bmin Fsmin G A D G D Bmin Fsmin G A D A G D,artist_123
2019,7M1rN6DxpaLMEjC4tkLZtb,<intro_1> Dmin F G F G F Dmin <verse_1> G Dmin G Dmin G Dmin G Dmin F G Dmin F D Dmin F G Dmin F G D <bridge_1> Dmin F G F G Dmin <outro_1> F G F G F Dmin,artist_814
2023,55LDOljPVryLbJbHQKmSIN,<intro_1> Bmin D Emin G <verse_1> Bmin D Emin Gmaj7 Bmin D Emin Gmaj7 Bmin A D Emin G Bmin A D Emin G Bmin A D Emin7 G Bmin A D Emin G <verse_2> Bmin D Emin G Bmin D Emin G Bmin D Emin G Bmin A D Emin G <chorus_1> D G A G D G A <bridge_1> Bmin G A G D Emin G <outro_1> Bmin D Bmin G Bmin D Bmin G,artist_815
2023,62pC4mgtn2CwTxEHVbCCvn,F C Amin F C Amin Bb Dmin Bb F C Dmin Bb F C Dmin Bb F C Dmin Bb F C F C Amin Bb F C Amin Bb Dmin Bb F C F C Amin Bb Dmin Bb F C Dmin Bb F C Dmin Bb F C Dmin Bb F C F C Amin Bb F C Amin Bb Dmin Bb F C F C Amin Bb Dmin Bb F C Dmin Bb F C F C Amin Bb F C Amin Bb Dmin Bb F C F C Amin Bb Dmin Bb F C Dmin Bb F C,artist_816
2015,1OYyVKVaYfv5Ey8AUNuOJb,<intro_1> Bb7 Bb9 Eb9 Dbadd13 Abadd13 Ab7 Dbadd13 Db7 Abadd13 Eb7 Abadd13 Dbadd13 E7 Bbmin7 Abadd13 Ab7 Dbadd13 Db7 Abadd13 Eb7 Abadd13 Dbadd13 E7 Ebsus4 Abadd13 Bdim7 Bbmin7 Eb7 Abadd13 Bdim7 Bbmin7 Eb7 Abadd13 Bdim7 Bbmin7 Eb7 Ebdim7 Eb7 E7 Eb7 Abadd13 Bdim7 Bbmin7 Eb7 Abadd13 Bdim7 Bbmin7 Eb7 Abadd13 Bdim7 Bbmin7 Eb7 Ebdim7 Eb7 E7 Eb7 Abadd13 Bdim7 Bbmin7 Eb7 Abadd13 Bdim7 Bbmin7 Eb7 Abadd13 Bdim7 Bbmin7 Eb7 Ebdim7 Eb7 E7 Eb7 Abadd13 Bdim7 Bbmin7 Eb7 Abadd13 Bdim7 Bbmin7 Eb7 Abadd13 Bdim7 Bbmin7 Eb7 Ebdim7 Eb7 E7 Eb7 Abadd13 Eb7 E7 Eb7 E7 Eb7 Eaug Abadd13 Ab7 Dbadd13 Db7 Abadd13 Eb7 Abadd13 E7 Eb9 Abadd13 Eb7 Abadd13 Ab7 Dbadd13 Db7 Abadd13 Eb7 Abadd13 E7 Eb9 Abadd13 Eb7 Abadd13 Ab7 Dbadd13 Db7 Abadd13 Eb7 Abadd13 Ab7 Dbadd13 Db7 Abadd13 Eb7 Abadd13 Ab7 Dbadd13 Db7 Abadd13 Eb7 Ab Abadd13,artist_817
2019,7iCyjFHiuTFbNp9h7cTX7b,<verse_1> G E Amin D G E Amin D <chorus_1> G D Amin C G Amin G E Amin G D Amin C <verse_2> G E Amin D G E Amin D <chorus_2> G D Amin C G Amin G E Amin G D Amin C G D Amin C G D Amin C <outro_1> G D Amin C G D Amin C,artist_818
1975,25pl2X4KXVYYadaUD6RnV8,<intro_1> Amaj7 Gsmin7 Csaugmaj9 Fsmin9 B13 Fsmin9 Asdim7 Fsmin9 Gsmin7 Fsmin9 Gsmin7 <verse_1> Amaj7 Gsmin7 Csmin7 Amaj7 Gsmin7 Csmin7 Amaj7 Gsmin7 Csmin7 Amaj7 Gs7sus4 <verse_2> Amaj7 Gsmin7 Csmin7 Amaj7 Gsmin7 Csmin7 Amaj7 Gsmin7 Bmin7 D/E E9 <verse_3> Amaj7 Gsmin7 Csmin7 Amaj7 Gsmin7 Csmin7 Amaj7 Gsmin7 Csmin7 Bmin7 D/E E9 <verse_4> Amaj7 Gsmin7 Csmin7 Amaj7 Gsmin7 Csmin7 Amaj7 B/A Amaj7 B/A Amaj7 Gsmin7 Amaj7 Gsmin7 Fmaj7sus4/Gs <verse_5> Fsmin7 Bmin9 Csmin7 Dmaj7 D/E Gsdim7 Amaj7 Gsmin7 Fsmin7 Amaj7/B <outro_1> Amaj7 Gsmin7 Csmin7 Amaj7 Cs7sus4 Csmin7 Amaj7 Gsmin7 Csmin7 Fsmin9 Gsmin7 Fsmin9 Gsmin7,artist_819
2023,7cVufRmSWo6ogfYyuAJC0w,<verse_1> F C G Amin F C G Amin F C G Amin F C G Amin <chorus_1> F C G Amin F C G Amin <verse_2> F C G Amin F C G Amin F C G Amin F C G Amin <chorus_2> F C G Amin F C G Amin F C G Amin F C G Amin <chorus_3> F C G Amin F C G Amin F C G Amin F C G Amin F,artist_820
1995,7li1cKfRSEwkQ229k3vhl6,<intro_1> G <verse_1> Emin C D G Emin C D G <bridge_1> C G Emin C D <verse_2> G Emin C D G Emin C D G <bridge_2> C G Emin C D G Emin C D <bridge_3> C G Emin C D <verse_3> G Emin C D G Emin C D <outro_1> G Emin C D C D C D,artist_821
2023,1JaLKWMAVAo0yMsVEqFnvd,A E A E A E A E Fsmin B Fsmin B A E Fsmin B A E Fsmin E A E A E Fsmin B Fsmin B A E Fsmin B A E Fsmin E A E Fsmin B A E Fsmin B A E A E A E A E,artist_822
1995,4w26NwmibUCBnoKGKjPE7c,<verse_1> G Emin C D G Emin D <chorus_1> G Emin C D G Emin D G D Emin Bmin C D G G7 <bridge_1> C D C Bb C D G C D C Bb C D G <verse_2> Emin C D G Emin D <chorus_2> G Emin C D G Emin D G D Emin Bmin C D G G7,artist_821
1996,0OQoRli87cj5tt8e4IcZai,<verse_1> E Fsmin E A E B7 E <chorus_1> A E B7 E <verse_2> Fsmin E A E B7 E <chorus_2> A E B7 E <instrumental_1> Fsmin E A E B7 E <chorus_3> A E B7 E,artist_821
1997,5hFviGTARsWy8sarUwQYTG,C F G C F G C F G C F Amin Dmin G Amin G Amin C F G C F G C F Amin Dmin G Amin G Amin F Dmin G C Amin F G C F G C F G C F Emin Amin F G Amin G Amin F Dmin G C Amin F G C F G C F G C F Emin Amin F G Amin,artist_821
1995,7h1AgX064mcLzLHIjmsHFp,<verse_1> C Amin Dmin G C Amin F G C Emin F Dmin E7 Amin F G <verse_2> C Amin Dmin G C Amin F G C Emin F Dmin E7 Amin G F G C Amin F G <outro_1> C Amin F Dmin E7 Amin Dmin G Gmin Fsmin C,artist_821
1996,62gCitbAJWDY1uN4sTCkS9,<verse_1> A Fsmin A Fsmin D E <verse_2> A Fsmin A Fsmin D E <verse_3> Dmin G C Amin Dmin G C Dmin G C Amin Dmin G C A Fsmin Dmin E A Fsmin Dmin E <verse_4> A Fsmin A Fsmin D E A,artist_821
1995,5pV0xxSsdiCzEiXWY6n7rp,<intro_1> Dmaj7 Bmin7 Emin7 A <verse_1> Dmaj7 Bmin7 Emin7 A Dmaj7 Bmin7 Emin7 A Dmaj7 Bmin7 Dmaj7 Bmin7 Emin7 A <verse_2> Dmaj7 Bmin7 Emin7 A Dmaj7 Bmin7 Emin7 A Dmaj7 Bmin7 Dmaj7 D9 <bridge_1> G Fs7 Bmin7 D9 G E9 A A7 <verse_3> Dmaj7 Bmin7 Emin7 A Dmaj7 Bmin7 Emin7 A Dmaj7 Bmin7 Dmaj7 Bmin7 Emin7 A <outro_1> Dmaj7 Bmin7 Emin7 A Dmaj7 Bmin7 Emin7 A Dmaj7 Bmin7 Emin7 A Dmaj7 Bmin7 Emin7 A Dmaj7 Bmin7 Emin7 A Dmaj7 Bmin7 Emin7 A Dmaj7 Bmin7 Emin7 A,artist_821
2022,59xrbmzxz9ko0FTxrHcnO5,<intro_1> C <verse_1> G C G C F G C G C G C F G C <chorus_1> F G F C G F C G F C <verse_2> G C G C F G C <chorus_2> F G F C G F C G F C G F C <bridge_1> Amin G F G C Amin G F G C <chorus_3> F G F C G F C <chorus_4> F G F C G F C G F C G F C G F C G F C G F C,artist_136
2022,5vWjTFfEnqoccyQu95Loun,<verse_1> D Bmin G A <verse_2> D Bmin G A G A Bmin Emin D A <chorus_1> D Emin G A D Emin G A <verse_3> D Bmin G A G A Bmin Emin D A <chorus_2> D Emin G A D Emin G A D Emin G A Emin A D G Emin A D G Emin A D G D Emin G A D Emin G A Emin A D G Emin A D G <outro_1> Emin A D G,artist_823
2020,55yTm9krr4hVGc1czrAMF1,<intro_1> E <chorus_1> Amin Bmin Emin Dmin Emin E Amin Dmin E Amin Bmin Emin Dmin Emin E Amin Dmin E <verse_1> Amin Emin F G E Amin Emin F E <bridge_1> Amin Dmin Emin Fmin Amin Dmin Emin F Amin E <chorus_2> Amin Bmin Emin Dmin Emin E Amin Dmin E <verse_2> Emin F G E Emin Amin Dmin Emin F E <bridge_2> Amin Dmin Emin Fmin Amin Dmin Emin F Amin E <chorus_3> Amin Bmin Emin Dmin Emin E Amin Dmin E Amin Bmin Emin Dmin Emin E Amin Dmin E,artist_824
2021,5S9QYkiaCvqZoQp12qMxUk,<verse_1> Abmin E Ebmin Eb <verse_2> Abmin E Ebmin Eb Abmin E B E Dbmin <chorus_1> Abmin Dbmin E Eb Eb7 <verse_3> Abmin E Ebmin Eb <verse_4> Abmin E Ebmin Eb <bridge_1> E B E Abmin E B E Dbmin <chorus_2> Abmin Dbmin E Eb Eb7,artist_826
2022,0T6Ray9C76KRqGERqiKpyV,<intro_1> C G D C G <verse_1> D C G <verse_2> D C G <chorus_1> C G D C <instrumental_1> G D C G <verse_3> D C G <verse_4> D C G <chorus_2> C G D C <instrumental_2> G D C G D C G <verse_5> C G D C G <chorus_3> C G D C <outro_1> G D C,artist_827
2022,5MCHAIY1bF0zcZWo412YDU,<intro_1> E Dsmin Gsmin Dsmin Fs E Dsmin <verse_1> B As Gsmin Fs E Dsmin Gsmin Dsmin Fs E Dsmin B As Gsmin Fs E Dsmin Gsmin Dsmin Fs E Dsmin <bridge_1> B As Gsmin Cs Fs E Dsmin Fs <verse_2> B As Gsmin Fs E Dsmin G A Emin Cmaj7,artist_828
2021,69PDIjJF0kD0kHaGXdvhgZ,<intro_1> C Amin C G C <verse_1> Amin F C/G F C/G Amin G C Amin F C/G Amin G F G <verse_2> C Amin F C/G F C/G Amin G C Amin F C/G Amin G F <instrumental_1> C G C F C G C F C G Amin F C G <verse_3> C Amin F C/G F C/G Amin G C Amin Amin/G F C/G Amin G F,artist_830
2021,5eXALfWLPbxllWdZnwnE6i,<intro_1> G Emin Amin D G Emin Amin D <verse_1> G Emin Amin D G Emin Amin D Dsdim7 Emin Bmin Amin D Dsdim7 <chorus_1> G Emin Amin D G Emin Amin D <verse_2> G Emin Amin D Emin Bmin Amin D Dsdim7 <chorus_2> G Emin Amin D <interlude_1> G Emin Amin D Dsdim7 Emin Bmin Amin D Dsdim7 <outro_1> Emin Bmin Amin D Dsdim7,artist_832
2023,1H8xr9dUcX4xqvk1MKkblx,<intro_1> Bmin7 Bmin7/A Gmaj7 E7 Fadd13 <verse_1> Bmin7 Bmin7/A Gmaj7 E7 Fadd13 Bmin7 Bmin7/A Gmaj7 E7 Fadd13 Bmin7 Bmin7/A Gmaj7 E7 Fadd13 Bmin7 Bmin7/A Gmaj7 E7 Fadd13 <chorus_1> Cmin Bmin D A Cmin Bmin D Gmaj7 <instrumental_1> Bmin7 Bmin7/A Gmaj7 E7 Fadd13 <verse_2> Bmin7 Bmin7/A Gmaj7 E7 Fadd13 Bmin7 Bmin7/A Gmaj7 E7 Fadd13 Bmin7 Bmin7/A Gmaj7 E7 Fadd13 Bmin7 Bmin7/A Gmaj7 E7 Fadd13 <chorus_2> Cmin Bmin D A Cmin Bmin D Gmaj7 <instrumental_2> Bmin7 Bmin7/A Gmaj7 E7 Fadd13 <chorus_3> Cmin Bmin D A Cmin Bmin D Gmaj7,artist_833
2021,71CV5sywEVnpIvXa40vxyy,<intro_1> G D Fmaj7 Amin7 G D Fmaj7 Amin7 <verse_1> G D Fmaj7 Amin7 G D Fmaj7 Amin7 G D Fmaj7 Amin7 G D Fmaj7 Amin7 G D Fmaj7 Amin7 G D Fmaj7 Amin7 G D Fmaj7 Amin7 G D Fmaj7 Amin7 <chorus_1> G D Fmaj7 Amin7 G D Fmaj7 Amin7 G D Fmaj7 Amin7 G D Fmaj7 Amin7 G D Fmaj7 Amin7 G D Fmaj7 Amin7 <verse_2> G D Fmaj7 Amin7 G D Fmaj7 Amin7 G D Fmaj7 Amin7 G D Fmaj7 Amin7 G D Fmaj7 Amin7 G D Fmaj7 Amin7 G D Fmaj7 Amin7 G D Fmaj7 Amin7 <chorus_2> G D Fmaj7 Amin7 G D Fmaj7 Amin7 G D Fmaj7 Amin7 G D Fmaj7 Amin7,artist_837
2021,4X8YkbNyDVSPoMaAC2kIRP,<intro_1> E C Amin E C Amin <verse_1> E7 Fsdim G Emin Fsmin7 G Amin G D Amin G D Emin C Amin Emin C Amin Emin C Amin7 Emin C Amin E C Amin E C Amin Emin Fsmin7 G Emin D G Amin G D Amin G D Emin C Amin Emin C Amin Emin C Amin Emin C Amin C Bmin Emin D C Bmin Emin C Bmin Emin D C Bmin Emin D Emin C Amin Emin C A E C Amin Emin C Amin Emin C Amin Emin C Amin,artist_838
2023,0MjjrdCKDu19Z1obkdkULO,G Emin G Emin G Emin Amin D G Emin G Emin G7 Emin Amin7 D C G C G F Gmaj7 Emin Gmaj7 F Gmaj7 G Gmaj7 G Cmaj7 Amin7 D7 Gmaj7 Fs Gmaj7 G7 Emin G Emin G7 Emin Amin7 D D7 C G C G Fmaj7 Gmaj7 Fmaj7 Gmaj7 Fmaj7 G Gmaj7 Fmaj7 Gmaj7 Fmaj7 F Fmaj7 Cmaj7 Amin7 D7 Gmaj7 D,artist_839
2018,2YQW4TM1SNEWLeTEliwMbo,<verse_1> F Amin C F C Amin F G Amin F G Amin F <chorus_1> G Amin F G Amin F <verse_2> Amin C F C Amin F G Amin F G Amin F <bridge_1> G Amin F G Amin F Emin F Cmin F C F C F <solo_1> G Amin F G <chorus_2> Amin C F Amin C F G Amin F G Amin F,artist_840
2004,3jx4MgKO4APMWULzyuwr8h,<intro_1> Esus2 <verse_1> Fsmin Esus2 Fsmin Esus2 <verse_2> E Fsmin E Fsmin E <verse_3> Fsmin E Fsmin E Fsmin B7 E,artist_804
2019,56r9DDZQ5eeNpuUKNULhPG,<intro_1> E Csmin B E/A B <verse_1> E Csmin B E/A B E Csmin B E/A B E/A B <chorus_1> A B Csmin E/Gs A B Esus4 E <verse_2> Csmin B E/A B E Csmin B E/A B E/A B <chorus_2> A B Csmin E/Gs A B Esus4 E <verse_3> Csmin B E/A B E Csmin B E/A B E/A B <chorus_3> A B Csmin E/Gs A B Esus4 E,artist_841
2023,0i2pxLITpsaJgt5gYVqBJD,<intro_1> F E Dmin E <verse_1> Fno3d Cno3d Dno3d Asno3d Fno3d Cno3d Dno3d Asno3d Fno3d Cno3d Dno3d Asno3d Fno3d Cno3d Dno3d Asno3d <chorus_1> F E Dmin E F E Dmin E F E Dmin E F E Dmin E <bridge_1> F E Dmin E <verse_2> Fno3d Cno3d Dno3d Asno3d Fno3d Cno3d Dno3d Asno3d Fno3d Cno3d Dno3d Asno3d Fno3d Cno3d Dno3d Asno3d <chorus_2> F E Dmin E F E Dmin E F E Dmin E F E Dmin E <outro_1> F E Dmin E,artist_842
2023,1KoM5GTuiZMAbdWY7hkdoi,<verse_1> D A E A D A E A D A E Fsmin D A E Fsmin D A E Fsmin D A E Fsmin D A E Fsmin D A E Fsmin D A E Fsmin D A E Fsmin D A E Fsmin D A E Fsmin D A E Fsmin D A E D A E Fsmin D A E Fsmin D A E Fsmin D A E Fsmin D A E Fsmin D A E Fsmin D A E Fsmin D A E Fsmin A E A,artist_845
2023,47T0UVBQuDbAZGHp2lIQJi,<intro_1> C Amin C Amin <verse_1> C Amin C Amin F Emin <chorus_1> F C Emin F C Amin <verse_2> C Amin C Amin F C <chorus_2> F C Amin F C Amin F C Amin F C Amin C Fmaj7 F Amin C Fmaj7 C Emin <bridge_1> F C G F Amin G C F Amin G F C <chorus_3> F C Amin F C Amin F C Amin F C Dmin F,artist_471
2023,6TNm8xFe7Czglfu6HqUJek,<intro_1> Dmin <verse_1> C Dmin Gmin Dmin Gmin Dmin C Dmin A Gmin Dmin A Dmin <verse_2> A Dmin C Dmin Gmin Dmin Gmin Dmin C Dmin A Gmin Dmin A Dmin A Dmin <verse_3> A Dmin C Dmin Gmin Dmin Gmin Dmin C Dmin A Gmin Dmin A Gmin <bridge_1> Dmin A Dmin Gmin Dmin A Dmin A Dmin A Dmin A Dmin <solo_1> Gmin Dmin Gmin Dmin Gmin Dmin A Gmin Dmin A Gmin Dmin A Dmin <verse_4> C Dmin Gmin Dmin C Dmin A Gmin Dmin A Dmin,artist_846
1984,0k0vxPms694qhT7wm5r7pT,<intro_1> Csmin/A B/A Csmin/A B/A Csmin/A B/A Csmin/A B/A <verse_1> Fsmin Gsmin Bno3d Csno3d Cs7sus4 Amaj7 B/A A B/A Bno3d Csno3d Cs7sus4 Bno3d Csno3d Cs7sus4 Amaj7 B/A A B/A Bno3d Csno3d Cs7sus4 Bno3d Csno3d Cs7sus4 Amaj7 B/A A B/A Bno3d Csno3d Cs7sus4 Bno3d Csno3d Cs7sus4 Fsmin Gsmin Bno3d Csno3d Cs7sus4 Fsmin Gsmin Cmin <chorus_1> Csmin B A Fsmin Gsmin Bno3d Csno3d Cs7sus4 Csmin B A Fsmin Gsmin Bno3d Csno3d <verse_2> Amaj7 B/A A B/A Bno3d Csno3d Cs7sus4 Bno3d Csno3d Cs7sus4 Amaj7 B/A A B/A Bno3d Csno3d Cs7sus4 Bno3d Csno3d Cs7sus4 Amaj7 B/A A B/A Bno3d Csno3d Cs7sus4 Bno3d Csno3d Cs7sus4 Fsmin Gsmin Bno3d Csno3d Cs7sus4 Fsmin Gsmin Cmin <chorus_2> Csmin B A Fsmin Gsmin Bno3d Csno3d Cs7sus4 Csmin B A Fsmin Gsmin <bridge_1> Bno3d Csno3d B A B Csmin B/Cs A/Cs B/Cs Fsmin Gsmin Csmin B/Cs Fsmin Gsmin A B Cmin <chorus_3> Csmin B A Fsmin Gsmin Bno3d Csno3d Cs7sus4 Csmin B A Fsmin Gsmin Csmin B/Cs Csmin B/Cs Fsmin Gsmin A B <outro_1> Fsmin Gsmin A B,artist_848
2022,0ZWqPOvNe1w1qSBJEZjtqt,<intro_1> Emin Dmin G A Bmin A <verse_1> Emin Dmin G A Bmin A Emin Dmin G A Bmin A Emin Dmin G A Bmin A Emin Dmin G A Bmin A <chorus_1> G A Bmin A G A Bmin A <instrumental_1> Emin Dmin G A Bmin A <verse_2> Emin Dmin G A Bmin A Emin Dmin G A Bmin A Emin Dmin G A Bmin A Emin Dmin G A Bmin A <chorus_2> G A Bmin A G A Bmin A G A Bmin A <bridge_1> G A Bmin A G A Bmin A G A Bmin Fsmin G A Bmin A G A Bmin Fsmin G A Bmin A <solo_1> Bmin G D A Bmin G D A <chorus_3> G A Bmin A G A Bmin A G,artist_849
2023,6JkYZ4H8czTBKTW7ORsywM,<intro_1> F C G F C G <verse_1> F C G F C G F C G F C G <chorus_1> F C G F C G <verse_2> F C G F C G F C G F C G <chorus_2> F C G F C G F C G F C G <bridge_1> F C G F C G F C G F C G <chorus_3> F C G F C G F C G F C G <outro_1> F C G F C G F,artist_850
2023,6TAmhWvVUkXp0RFz669pp7,<verse_1> Fmin D A E Fmin D A E Fmin D A E Fmin D A E <chorus_1> Fmin D A E Fmin D A E Fmin D A E Fmin D A E <verse_2> Fmin D A E Fmin D A E <chorus_2> Fmin D A E Fmin D A E Fmin D A E Fmin D A E <bridge_1> Fmin D A E Fmin D A E <chorus_3> Fmin D A E Fmin D A E Fmin D A E Fmin D A E,artist_851
2018,2XeygDF80OVIreZSL3fmpB,<intro_1> F Bb C F C <verse_1> F Amin Bb C F Amin Bb C F A Dmin Bb F C Bb Bbmin F C <verse_2> F Amin Bb C F Amin Bb C F A Dmin Bb F C Bb Bbmin F C <solo_1> F C F E7 Amin F G7 C C7 <verse_3> F Amin Bb C F Amin Bb C F A Dmin Bb F C7 Bb Bbmin F F7 <chorus_1> Bb D Gmin Bb Eb Bb F Bb D Gmin Bb Eb Bb F Bb G <solo_2> C E Amin C F C D G <outro_1> C E Amin C F C G F G C,artist_852
2016,2mhxZeal7D0l7mLnA7Fps3,<intro_1> E Esus4 E E7 A Asus4 A A7 <verse_1> E Esus4 E E7 A Asus4 A A7 E Esus4 E E7 A Asus4 A <chorus_1> G D A E G D A E <verse_2> Esus4 E E7 A Asus4 A A7 E Esus4 E E7 A Asus4 A <chorus_2> G D A E G D A E <verse_3> Esus4 E E7 A Asus4 A A7 E Esus4 E E7 A Asus4 A <chorus_3> G D A E G D A E <verse_4> Esus4 E E7 A Asus4 A A7 E Esus4 E E7 A Asus4 A <chorus_4> G D A E G D A E G D A E G D A E,artist_853
2023,6gjmOCpCWW9NI8lFnGdtYs,<chorus_1> F Dmin Amin G F Dmin Amin G <verse_1> Amin Emin F Emin Amin Emin F G <chorus_2> F Dmin Amin G F Dmin Amin G <verse_2> Amin Emin F Emin Amin Emin F G <chorus_3> F Dmin Amin G F Dmin Amin G F Dmin Amin G F Dmin Amin G <instrumental_1> F Dmin C F Dmin C <chorus_4> F Dmin Amin G F Dmin Amin G F Dmin Amin G F Dmin Amin G <instrumental_2> F Dmin C F Dmin C F Dmin C F Dmin C F Dmin C,artist_850
2018,163pDlJ3PeT4e29VCcOu4P,<intro_1> E B E B <verse_1> E B E B E B E B E B E B E B E B E B E B E B E <verse_2> B E B E B E B E B E B E <bridge_1> A Csmin A E A Csmin A E A Csmin A E A Csmin A E A E A <outro_1> E A E A E A,artist_857
1994,3lDCK19pcSFrAQv9gwiOA2,<verse_1> F7 Bb7 F7 C7 F7 Bb7 C7 F7 Bb7 F7 Bb7 F7 C7 F7 Bb7 F7 C7 F7 Bb7 F7 C7 F7 Bb7 F7 C7 F7 Bb7 F7 C7 F7 Bb7 F7 C7 F7 <interlude_1> Bb7 F7 C7 F7 Bb7 F7 C7 F7 <outro_1> Bb7 F7 C7 F7,artist_858
2017,5XOoNDcCY02sDMccthkFYz,<intro_1> D A G <verse_1> Bmin A G Bmin A G Bmin Amin G Bmin A G Fsmin G Fsmin G <chorus_1> D A G D A G Bmin A G A D <verse_2> Bmin C Bmin G Emin7 Bmin Amin G Bmin Amin G Emin7 Fsmin G Fsmin7 G <chorus_2> D Dmin Fsmin G D A G Bmin A G A <bridge_1> Bmin A D A Bmin A G A Bmin7 A D A Bmin A G A <chorus_3> D Amin G D A G Bmin A G D <outro_1> G Bmin D A G D A G D A G,artist_859
2022,1tx6EbGBXA5t8xhlzcd1RG,<intro_1> As Ds F Gmin Fmin <verse_1> F Ds F As F Ds F As F As <chorus_1> Ds As F Ds Cmin As F <verse_2> As F Ds As Gmin F As Gmin F As F As F As F As <chorus_2> Ds As F Ds Cmin As F <bridge_1> As Ds As F As Ds As Ds As <verse_3> Ds F As Ds F As Ds F As Ds F As Ds F <chorus_3> Ds As F Fs Ds Cmin Fs,artist_860
2023,1Y4ll9SiZk3yp1JWSAIOmx,<verse_1> C Emin C Amin G C <chorus_1> Emin F C Amin Dmin G F C G Emin F C Amin Dmin G F G C <verse_2> Emin C Amin G C <verse_3> Emin C Amin G C,artist_861
2021,2o7JnBPZnNqJjAlSndPnYE,<intro_1> E B A B <verse_1> E B A B <chorus_1> E B A B E B D A E <verse_2> B A B E B A B E B A B E B A B <chorus_2> E B A B E B D A E B A B E A E,artist_862
2022,7IlWwsL01c1dizJTHgD5rK,<intro_1> G Amin G F G Amin <verse_1> F G Amin C F G Amin F G Amin C F G Amin <chorus_1> F G Amin C F G Amin F G Amin C F G Amin <verse_2> F G Amin C F G Amin F G Amin C F G Amin F G Amin C F G Amin <chorus_2> F G Amin C F G Amin F G Amin C F G Amin F G Amin C F G Amin F G Amin C F G Amin <verse_3> F G Amin C F G Amin F G Amin C F G Amin F G Amin C F G Amin F G Amin C F G Amin <chorus_3> F G Amin C F G Amin F G Amin C F G Amin <verse_4> F G Amin C F G Amin F G Amin C F G Amin F G Amin C F G Amin F <chorus_4> G Amin C F G Amin F G Amin C F G Amin F G Amin C F G Amin F G Amin C F G Amin F <outro_1> G Amin C F G Amin,artist_864
2017,2ibTYezocOQ3w26oVCioHM,<intro_1> G Amin D <verse_1> G C D G C D C D C D Bmin Emin C D <chorus_1> G D C D G D C D <verse_2> G C D G C D C D C D Bmin Emin C D <chorus_2> G D C D G D C G D C D <solo_1> G Emin G C <bridge_1> Emin D C Emin D C Emin D C Emin D C D C D Bmin Emin C D <chorus_3> G D C D G D C G D C D G Amin <outro_1> D G Amin D G Amin D G Amin D G,artist_865
2023,3JgieXsgIMcCNp4xjAjMJ9,<intro_1> C C/F C C/G C F Fmaj7 F F7 F C C/F F Fmin Emin Esus4 Amin Amin/G F Fmin Emin Esus4 Amin F Gsus4 Gmaj7 Cmaj7 C C/F F Fmin Emin Esus4 Amin Amin/G F Fmin Emin Esus4 Amin Amin/G F G Gmaj7 Cmaj7 Fmin Bbsus4 Ebsus4 Dsus4 Csus4 Fmin Bbmin Cmin F Fmin Emin Esus4 Amin Amin/G F Fmin Emin Esus4 Amin Amin/G F G Gmaj7 Cmaj7 Fmin Bbsus4 Ebsus4 Dsus4 Csus4 Fmin Bbsus4 Ebsus4 Dsus4 Csus4 F Fmin Emin Esus4 Amin F Fmin Emin Esus4 Amin Amin/G F Gsus4 Gmaj7 Cmaj7 C F Fmin Emin Esus4 Amin G F Fmin Emin Esus4 Amin Amin/G F G Gmaj7 Cmaj7 C,artist_66
2022,4odUrx9fVSRBOMFlDHn1yI,<verse_1> G C Amin G C Amin G C Amin G C Amin G C Amin G <verse_2> C Amin7 G C Amin7 G C Amin7 G C Amin G <chorus_1> C Amin G C Amin7 G C Amin7 G C Amin7 G C Amin G C Amin G <verse_3> C Amin G C Amin G C Amin G C Amin G <chorus_2> C Amin G F C F C F G C Amin G C Amin G C Amin G C Amin G <bridge_1> C G Amin G Amin7 G C G C G F C F C <chorus_3> G Amin G C Amin G C Amin G C Amin G C Amin G C Amin G C Amin G C Amin G,artist_742
2023,1yprTszKJOxznAEzNT0trw,<intro_1> E A B E A <verse_1> E A B E A B E A B E A B Csmin B E Csmin B E Csmin B A E <chorus_1> Fsmin B <verse_2> E A B E A B E A B E A B Csmin B E Csmin B E Csmin B A E <chorus_2> Fsmin B Fsmin B Fsmin B Fsmin B,artist_867
1993,4IzzHUDlPTLDAZoaZxbS0H,<intro_1> C D G C D G <verse_1> C G C G D Emin7 C D Emin Emin7 C D <chorus_1> C D C G C D G C D C G C D G <verse_2> Bmin Emin C G Bmin Emin C D Emin C D <chorus_2> C D C G C D G C D C G C D G <chorus_3> C D C G C D G C D C G C D G <chorus_4> C D C G C D G C D C G C D G,artist_868
2011,09Auq7TTQMq7HxfQeEw4gf,<intro_1> G <verse_1> C G C G Emin Amin D G Emin Amin D G <verse_2> C G C G Emin Amin D G Emin Amin D G <verse_3> C G C G Emin Amin D G Emin Amin D G <interlude_1> C F C F C Amin G F C G C <verse_4> F C F C Amin Dmin G C Amin Dmin G C <verse_5> F C F C Amin Dmin G C Amin Dmin G C <verse_6> F C F C Amin Dmin G C Amin Dmin G C <interlude_2> F C F C Amin G F C G C <interlude_3> F C F C Amin G F C G C,artist_869
2022,4a3UiFMauTxgPlE4sxfbbd,C Emin D Emin C Emin D Emin C Emin D Emin C Emin D Emin C Emin D Emin C Emin D Emin C Emin D Emin C Emin D Emin C Emin D Emin C Emin D Emin C Emin D Emin C Emin D Emin C Emin D Emin C Emin D Emin C G D Emin/C G D C G D Emin/C G D C G D Emin/C G D C G D Emin/C G D G C Emin D G C Emin D G C Emin D G C Emin D G C Emin D G C Emin D G C Emin D G C Emin C Emin D Emin C Emin D Emin C Emin D Emin C Emin D Emin C Emin D C Emin D C Emin D C Emin D Amin/C Emin D Amin/C Emin D,artist_870
2023,73dUBlNoxLWzuWT86f0ahc,<verse_1> D A Bmin G D A Bmin G D A Bmin G D A Bmin G <bridge_1> Emin A7 Emin A7 Emin A7 Emin A7 <chorus_1> D A Bmin G D A Bmin G D A Bmin G D A Fs7 G E7 A7 D <verse_2> A Bmin G D A Bmin G D A Bmin G D A Bmin G <bridge_2> Emin A7 Emin A7 Emin A7 Emin A7 <chorus_2> D A Bmin G D A Bmin G D A Bmin G D A Fs7 G E7 A7 D <solo_1> A Bmin G D A B7 <outro_1> E B Csmin A E B Csmin A E B Csmin A E B Gs7 A Fs7 B7 E B Csmin A,artist_871
2023,3dnd5JpATGwY43MRiS0Kqw,<instrumental_1> C G Amin C G Amin <verse_1> C G C G Dmin G C F Dmin G C F <chorus_1> Dmin G C F Dmin G C F <verse_2> C G C G Dmin G C F Dmin G C F <chorus_2> Dmin G C F Dmin G C F Dmin G C F Dmin G C F Dmin G C F Dmin G C F Dmin G C F Dmin G C F <outro_1> C,artist_850
2004,0ZZp29aeD8tQMo7908mZUm,G C F Emin Cmaj9/B Amin7 Gsus4 C F Emin G C F Emin G C F Emin G C F Emin G C F Emin G C F Emin G C F Emin G C F Emin G C F Emin G C F Emin G C F Emin G C F Emin G C Cmaj9/B Amin7 Gsus4 F G C Cmaj9/B Amin7 Gsus4 F G C Cmaj9/B Amin7 Gsus4 F G C Cmaj9/B Amin7 Gsus4 F G C F Emin G C F Emin G C F Emin G C F Emin G C F Emin G C F Emin G C F Emin G C F Emin G C F Emin G C F Emin G C F Emin G C F Emin G C Cmaj9/B Amin7 Gsus4 F G C Cmaj9/B Amin7 Gsus4 F G C Cmaj9/B Amin7 Gsus4 F G C Cmaj9/B Amin7 Gsus4 F G C Cmaj9/B Amin7 Gsus4 F G C Cmaj9/B Amin7 Gsus4 F G C Cmaj9/B Amin7 Gsus4 F G C Cmaj9/B Amin7 Gsus4 F G C Cmaj9/B Amin7 Gsus4 F G C Cmaj9/B Amin7 Gsus4 F G C Cmaj9/B Amin7 Gsus4 F G C Cmaj9/B Amin7 Gsus4 F G,artist_873
2019,0YCtvXurIlr0nfb9BhmZ18,<intro_1> G D G <verse_1> C G D G C G D G C G D G C G D G <chorus_1> C G C G D C G C G D G <verse_2> C G D G C G D G <chorus_2> C G C G D C G C G D G <outro_1> C G C G C G D G,artist_874
1993,46lzqOu2AERTsIxeG0pOFX,<intro_1> Gsmin A E B Gsmin A E B Csmin A B Gsmin A E B Fs Csmin E Gsmin Fs B Fs Csmin E Gsmin Fs B <verse_1> Gsmin A E B Gsmin A E B Csmin A B Gsmin A E B <chorus_1> Fs Csmin E Gsmin Fs B Fs Csmin E Gsmin Fs B <verse_2> Gsmin A E B Gsmin A E B Csmin A B Gsmin A E B <chorus_2> Fs Csmin E Gsmin Fs B Fs Csmin E Gsmin Fs B <instrumental_1> Gsmin A B Gsmin A B Csmin A B Gsmin A B Fs <chorus_3> B Fs Csmin E Gsmin Fs B Fs Csmin E Gsmin Fs B Fs Csmin E Gsmin Fs B Fs Csmin E Gsmin Fs B,artist_324
2023,3AxiDAB3838AKUUHtBCFrX,<intro_1> A7 <verse_1> A <chorus_1> Bb F C Bb F C Bb <verse_2> A <chorus_2> Bb F C Bb F C Bb <verse_3> A <chorus_3> Bb F C Bb F C Bb <interlude_1> Dmin Amin7 Bb F C Bb F C Bb Bbmaj7 <verse_4> A <chorus_4> Bb F C Bb F C Bb D Bb F C Bb F C Bb Dmin Bb F C Bb Dmin F <outro_1> C Bb Dmin F C Bb Dmin F C Bb Dmin F C Bb Dmin F C Bb Dmin,artist_875
1954,79dhjqvk5LOW1Ah1dQDGgU,<intro_1> Db9 C9 Db9 C9 Db9 C9 Db9 C9 Emaj7 Gs7/Ds Csmin7 B7 Bb7 Edim7 Ebmaj7 Ebmin7 Ab7 Dbmaj7 F7/C Bbmin7 Ab7 G7 Dbdim7 Cmaj7 Emaj7 Gs7/Ds Csmin7 B7 Bb7 Edim7 Ebmaj7 Ebmin7 Ab7 Dbmaj7 F7/C Bbmin7 Ab7 G7 Dbdim7 Cmaj7 Cdim7 F7b9 Fsdim7 B7b9 Emaj7 Fmin7 Bb7 B7 Emaj7 Gs7/Ds Csmin7 B7 Bb7 Edim7 Ebmaj7 Ebmin7 Ab7 Dbmaj7 F7/C Bbmin7 Ab7 G7 Dbdim7 Cmaj7 C7b9 Gb Fminmaj7 C7 Fminmaj7,artist_877
2023,7050EJCB87niKhbgjfk4yx,<intro_1> E <verse_1> A E A E D A E <verse_2> A E A E A D A E <verse_3> A E A E A D A E <verse_4> A E A E A D A E <chorus_1> A Bmin E A Bmin E A E A D A E A E A E A D A E <verse_5> A E A E D A E <chorus_2> A Bmin E A Bmin E A Bmin E A Bmin E <outro_1> D A E D A E D A E D A E D A E D A E D A E D A E,artist_875
2022,54nEY2U21ezqHezg1XNeqr,<intro_1> D <verse_1> C G D C G D <chorus_1> A G D A C D C G <verse_2> D C G D C G D <chorus_2> A G D A C D C G D C G <bridge_1> F G F G D C G D C G D C G D C G <chorus_3> A G D A C D C G D C G D C G D C G <outro_1> D C G D C G D C G D C G D,artist_879
1975,1rlDlda4EzKPYpXezpKlJr,<intro_1> A A7 D A A7 D A <chorus_1> A7 D A E A <verse_1> A7 D A E A <chorus_2> A7 D A E A <instrumental_1> A7 D A E A <verse_2> A7 D A E A <chorus_3> A7 D A E A <instrumental_2> A7 D A E A <chorus_4> A7 D A E A,artist_880
2019,2X0Yd48yNCGfb1HAmoLavU,<intro_1> C Cmaj7 Dmin <verse_1> Cmaj7 Cmin Dmin Cmaj7 Dmin7 Cmaj7 Dmin7 Cmaj7 Dmin7 <chorus_1> Cmaj7 Dmin7 Cmaj7 Dmin7 Cmaj7 Dmin7 Cmaj7 Dmin7 Cmaj7 Dmin7 <verse_2> Cmaj7 Dmin7 Cmaj7 Dmin7 Cmaj7 Dmin Cmaj7 Dmin Cmaj7 Dmin Cmaj7 Dmin Cmaj7 <chorus_2> Dmin7 C Cmaj7 Dmin7 Cmaj7 Dmin7 Cmaj7 Dmin7 Cmaj7 Dmin7 <verse_3> Cmaj7 Dmin7 Cmaj7 Dmin7 Cmaj7 Dmin7 Cmaj7 Dmin7 Cmaj7 Dmin7 Cmaj7 Dmin7 <chorus_3> Cmaj7 Dmin7 Cmaj7 Dmin7 C Dmin Cmaj7 Dmin C Dmin <outro_1> Dno3d,artist_881
2023,3q64MpylMNVwageFywpDNa,<intro_1> D A Bmin G <verse_1> D A Bmin G D A Bmin G D <chorus_1> A Bmin G D A Bmin G <verse_2> D A Bmin G D A Bmin G D A Bmin G D <chorus_2> A Bmin G D A Bmin G <verse_3> D A Bmin G D A Bmin G D A Bmin G D A Bmin G,artist_882
2023,5UgfXlsNyJeXc0qHDZoy32,<verse_1> Bb Dmin Eb F Bb Dmin Eb F Eb C F Bb Eb C F Bb <verse_2> Db Fmin Gb Ab Db Fmin Gb Ab Gb Ebmin Ab Db Gb Ebmin Ab Db <verse_3> E Gsmin A B E Gsmin A B A Fsmin B E A Fsmin B E <verse_4> G Bmin C D G Bmin C D C Amin D G C Amin D G <verse_5> Bb Dmin Eb F Bb Dmin Eb F Eb C F Bb Eb Cmin F Bb <solo_1> Dmin Eb F Bb Dmin Eb F Eb C F Bb Eb Cmin <outro_1> F Bb,artist_883
2020,4bR4LKP5OOGB52IDyi2MAh,<verse_1> F C F C Dmin Amin F C <chorus_1> G F Amin F G C <verse_2> F C F C Dmin Amin F C <chorus_2> G F Amin F G C <interlude_1> F C F C Dmin Amin F C <chorus_3> G F Amin F G C <outro_1> F C F C,artist_884
2016,1w0ue34etNXThyBWc4fTV3,<intro_1> G D C D G D C D <verse_1> G D C D G D C D C G C G C D Emin Amin7 C <chorus_1> G D Bmin C D G D Bmin C D <interlude_1> G D C D <verse_2> G Dsus4 Cmaj7 Dsus4 G Dsus4 C Dsus4 Cmaj7 G C G Cmaj7 D Emin Amin7 C <chorus_2> G D Bmin C D G D Bmin C D <bridge_1> Amin7 D Bmin Emin C D Amin7 D <chorus_3> G D Bmin C D G D Bmin C D <outro_1> G D C,artist_22
2008,1gT2SlougvUEeXXyI5poIf,<intro_1> Emaj7 Fs <verse_1> Emaj7 Fs Emaj7 Fs Emaj7 Fs Emaj7 Fs Emaj7 Fs Emaj7 Fs Emaj7 Fs Emaj7 Fs Csmin Dsmin7/Cs Csmin Dsmin7/Cs Csmin Dsmin7/Cs Csmin Badd13 Emaj7 Fs Emaj7 Fs Emaj7 Fs Emaj7 Fs <chorus_1> Bmaj7 Emaj7 Ebmin7 Emaj7 Ebmin7 Emaj7 Bmaj7 Emaj7 Ebmin7 Emaj7 Ebmin7 Emaj7 Dmaj7 Cmaj7 Bmaj7 Dsdim7 <instrumental_1> Emaj7 Fs <verse_2> Emaj7 Fs Emaj7 Fs Emaj7 Fs Emaj7 Fs Emaj7 Fs Emaj7 Fs Emaj7 Fs Emaj7 Fs Csmin Dsmin7/Cs Csmin Dsmin7/Cs Csmin Dsmin7/Cs Csmin Badd13 Emaj7 Fs Emaj7 Fs Emaj7 Fs Emaj7 Fs <chorus_2> Bmaj7 Emaj7 Ebmin7 Emaj7 Ebmin7 Emaj7 Bmaj7 Emaj7 Ebmin7 Emaj7 Ebmin7 Emaj7 Bmaj7 Emaj7 Ebmin7 Emaj7 Ebmin7 Emaj7 Bmaj7 Emaj7 Ebmin7 Emaj7 Ebmin7 Emaj7 Dmaj7 Cmaj7 Bmaj7,artist_885
2023,1trwMIE6uAUy5sKxjNGasA,<intro_1> A Csmin7 Fsmin7 D <verse_1> A Csmin7 Fsmin7 D A Csmin7 Fsmin7 D <chorus_1> A Csmin7 Fsmin7 D A Csmin7 Fsmin7 D A Csmin7 Fsmin7 E D A Csmin7 Fsmin7 D <verse_2> A Csmin7 Fsmin7 D <chorus_2> A Csmin7 Fsmin7 D A Csmin7 Fsmin7 D A Csmin7 Fsmin7 E D A Csmin7 Fsmin7 D <bridge_1> A Csmin7 Fsmin7 D <chorus_3> A Csmin7 Fsmin7 D A Csmin7 Fsmin7 D A Csmin7 Fsmin7 E D A Csmin7 Fsmin7 D <outro_1> A Csmin7 Fsmin7 D,artist_886
2023,4HImF9Ti5AjY4F3YkIGAXV,<verse_1> G Emin C G D <chorus_1> C G Emin7 D C G Emin7 D Emin D C D C D <verse_2> G Emin C G D <chorus_2> C G Emin7 D C G Emin7 D Emin D C D C D C D <bridge_1> C G Emin D C Emin G D <chorus_3> C G Emin D C G Emin D Emin D C D C G <outro_1> Cmaj7 D Cmaj7 D Cmaj7 D C,artist_887
2022,32TXXuxoLABBCPwIzhcQji,<intro_1> F G Amin F G Amin <verse_1> F G Amin F G Amin F G Amin F G Amin <chorus_1> Amin7 F G Amin7 F G Amin7 F G Amin F G Amin F G Amin <verse_2> F G Amin Amin7 F G Amin F G Amin Amin7 F G Amin Amin7 <chorus_2> F G Amin7 F G Amin Amin7 F G Amin F G Amin F G Amin7 F G Amin7 <bridge_1> F G Amin7 F G Amin Amin7 <chorus_3> F G Amin7 F G Amin7 F G Amin7 F G Amin <outro_1> F G Amin F G Amin,artist_888
2017,56CXqFkUOMF0xihWRi9mbl,<intro_1> Bbmin Bbmin7 Gbmaj7 Ab Bbmin Gbmaj7 Ab <verse_1> Bbmin Gbmaj7 Ab Bbmin Gb Ab Bbmin Gbmaj7 Ab Bbmin Gb <chorus_1> Ab Gb Ab Bbmin Gb Ab Bbmin Ab Gb Ab Bbmin Gb Ab Bbmin Ab <verse_2> Bbmin Gbmaj7 Ab Bbmin Gb Ab Bbmin Gbmaj7 Ab Bbmin Gb <chorus_2> Ab Gb Ab Bbmin Gb Ab Bbmin Ab Gb Ab Bbmin Gb Ab Bbmin Ab Db Fmin Gb Gbmaj7 <bridge_1> Bbmin Db Dbmaj7 Fmin Gbmaj7 Bbmin Db Fmin Gb Ab Bbmin Ab Fmin Gb Bbmin Ab Fmin Gb <chorus_3> Bbmin Ab Fmin Gb Bbmin Ab Fmin Gb,artist_890
2023,0T55onEUiLPP9GJ4mCJngr,<intro_1> G Amin7 D <verse_1> G Amin7 D G Amin7 G D Amin7 D <chorus_1> G Emin7 Amin7 D G Emin7 Amin7 G Emin7 Amin7 D G D Amin7 D <verse_2> G D Amin7 D G D Amin7 G <chorus_2> Emin7 Amin7 D G Emin7 Amin7 G Emin7 Amin7 D G D Amin7 G Amin7 <bridge_1> Bmin C D G Emin7 Amin7 D G Emin7 Amin7 G Emin7 Amin7 D G D Amin7 G Emin7 Amin7 D G Emin7 Amin7 D,artist_891
2023,7Km1F26ByQSx0OOrXKjbhf,<intro_1> B <chorus_1> E B A B E B A B E <verse_1> C Dmin G C Amin F G C B <chorus_2> E B A B E B A B E <verse_2> C Dmin G C Amin F G C B <chorus_3> E B A B E B A B E C <chorus_4> F C Bb C F C Bb C F,artist_98
2021,4xqdFshhwjtr8lIS8TGhyy,<verse_1> Dmin7 Cadd13 Dmin7 Cadd13 <chorus_1> Bb Dmin7 Amin7 Gmin7 Cadd13 Bb Dmin7 Amin7 Gmin7 Cadd13 <verse_2> Dmin7 Cadd13 Dmin7 Cadd13 <bridge_1> Fmaj7 Cmaj7 Fmaj7 Cmaj7 Fmaj7 Cmaj7 <chorus_2> Bb Dmin7 Amin7 Gmin7 Cadd13 Bb Dmin7 Amin7 Gmin7 Cadd13,artist_893
2021,3ht6fVV97ATha83cTWxJFM,<intro_1> C <verse_1> F C F C F G C F C G C F C <chorus_1> F C G C F C G C F C <verse_2> G C F C F C F G G7 C F C G C F C <chorus_2> G C G F C G C F C G C F <outro_1> C G F C G C,artist_894
2023,0Dy3W6m0tTRBS8sXV8Pjad,<intro_1> D G <verse_1> D G D G D A G <chorus_1> D G Bmin A G D G Bmin A G D G <verse_2> D G D G A G A G <chorus_2> D G Bmin A G D G Bmin A G <interlude_1> D A <bridge_1> G Fsmin G A <chorus_3> D G Bmin A G D G Bmin A G A G <outro_1> D G D G D,artist_895
2022,0rfI4zcFL8feSHwGZ3JIiK,<intro_1> Dmin F <verse_1> G F Dmin F G F Dmin F G F Dmin F Bb <chorus_1> C G Bb C G Bb C F Bb C Dmin Bb C Dmin <instrumental_1> F <verse_2> G F Dmin F G F Dmin F G F Dmin F Bb <chorus_2> C G Bb C G Bb C F Bb C Dmin Bb C Eb <instrumental_2> F Gmin C Eb F Gmin F Bb Dmin C <bridge_1> F Gmin C Eb F Gmin C Eb F Gmin F Bb C F Bb <instrumental_3> Gmin F Emin Eb F <chorus_3> Bb C G Bb C G Bb C F Bb C Dmin Bb C Dmin Bb C G Bb C G Bb C F Bb C Dmin Bb C Gmin Bb Gmin C,artist_896
2021,4t3wmSSJR4pIQM76pqfcgg,<intro_1> A Bmin7 D A Bmin7 D <verse_1> A Bmin7 D A Bmin7 D <bridge_1> A Bmin7 D Dmin A Bmin7 D <chorus_1> A Csmin7 Bmin7 A Csmin7 Bmin7 Dmin <verse_2> A Bmin D Dmin7 A Bmin D Dmin <bridge_2> A Bmin7 D Dmin A Bmin7 D <chorus_2> A Csmin7 Bmin7 A Csmin7 Bmin7 Dmin A Csmin7 Bmin7 A Csmin7 Bmin7 <outro_1> A Csmin Bmin Dmin A Csmin Bmin Dmin,artist_897
2023,6Gs2ZuOjKOcRgd8n28Rb1o,<intro_1> Ebmin Db B Ab Bbmin Ab Gb Ebmin <verse_1> Bbmin Ab Gb Ebmin Bbmin Ab Gb Ebmin <verse_2> Db B Ab Bbmin Ab Gb Ebmin Bbmin Ab Gb Ebmin <verse_3> Db B Ab Bbmin Ab Gb Ebmin Bbmin Ab Gb Ebmin,artist_899
2016,18zLYbmbnxt4qzwg0SiskO,<verse_1> Dmin A Dmin A Dmin A As A <verse_2> Dmin A Dmin A Dmin A As A Gmin A Gmin As A Gmin A As A <chorus_1> D G A D G A D G A D G A <verse_3> Dmin A Dmin A Dmin A As A <verse_4> Dmin A Dmin A Dmin A As A Gmin A Gmin As A Gmin A As A <chorus_2> D G A D G A D G A D G A D G A D G A D G A D G A <outro_1> Dmin A Dmin A Dmin A Dmin A Dmin A Dmin A Dmin A Dmin A As A Dmin A As A Dmin A Dmin A Dmin A Dmin A Dmin A Dmin A Dmin A Dmin A Dmin A Dmin A Dmin A,artist_900
2023,76OnybQSfHXfJX1sBG1AU6,<intro_1> G Emin C D7 <verse_1> G Emin C G D G Emin C G D Amin Emin Dsus4 D <chorus_1> G Amin C G Amin C G Amin C Cmin Amin D G Emin C D7 G Emin C D7 <verse_2> G Emin C G D Emin D/Fs Amin G Emin C G D Emin D/Fs G Amin Emin D Amin Emin D <chorus_2> G Amin C G Amin C G Amin C Cmin Amin D Emin D C D <outro_1> G Emin C D7 G,artist_901
2019,0La4h5AG5TrmrgijNSRNEQ,<intro_1> Amin G Amin G Amin <verse_1> G Amin <verse_2> G Amin <interlude_1> G Amin <verse_3> G Amin <interlude_2> G Amin <verse_4> G Amin G Amin G Amin G Amin <verse_5> G Amin G Amin G Amin <verse_6> G Amin <verse_7> G Amin <outro_1> G Amin G Amin G Amin G Amin,artist_902
2023,6w0DHqXxds5NSPrjZNrMVo,<intro_1> Amin7 E7sus4 Amin7 E7sus4 <verse_1> Amin7 E7sus4 Amin7 E7sus4 Emin D <verse_2> Amin7 E7sus4 Amin7 E7sus4 Emin D Amin7 Bmin7 Emin7 Amin7 Bmin7 Emin7 <chorus_1> Amin7 Bmin7 Amin7 Bmin7 Emin D Amin7 Bmin7 Amin7 Bmin7 Emin D <verse_3> Amin7 Bmin7 Amin7 Bmin7 Emin7 Emin D Amin7 Emin7 Amin7 E7sus4 Emin D Amin7 Bmin7 Emin7 Amin7 Bmin7 Emin7 <chorus_2> Amin7 Bmin7 Amin7 Bmin7 Emin D Amin7 Bmin7 Amin7 Bmin7 Emin D <outro_1> Amin7 E7sus4 Amin7 Bmin7 Amin7 E7sus4 Amin7 Bmin7,artist_903
2019,059Z4lyfF9LjMOVZn1JHq5,<intro_1> Bb Eb Bb F Bb Eb Bb F <verse_1> Bb Eb Bb F Bb Eb Bb F Bb Eb Bb F Bb Eb Bb F Bb Eb Bb F Bb Eb Bb F Bb Eb Bb F Bb Eb Bb F Gmin F Eb Ebmin <chorus_1> Bb Eb Gmin F Bb Eb Gmin F Bb Eb Gmin F Bb Eb Gmin F Bb Eb Gmin F Bb Eb Gmin F Bb Eb Gmin F Bb Eb Gmin F Cmin Bb/D Eb <interlude_1> Bb Eb Bb F Bb Eb Bb F <verse_2> Bb Eb Bb F Bb Eb Bb F Bb Eb Bb F Bb Eb Bb F Bb Eb Bb F Bb Eb Bb F Bb Eb Gmin F Bb Eb Gmin F Gmin F Eb Ebmin <chorus_2> Bb Eb Gmin F Bb Eb Gmin F Bb Eb Gmin F Bb Eb Gmin F Bb Eb Gmin F Bb Eb Gmin F Bb Eb Gmin F Bb Eb Gmin F Cmin Bb/D Eb Gmin F Eb Bb <solo_1> Gmin F Eb Bb Gmin F Eb Bb Gmin F Eb Bb Cmin Eb Ebmin <interlude_2> Bb Eb Bb F Bb Eb Bb F <verse_3> Bb Eb Bb F Bb Eb Bb F <chorus_3> Bb Eb Gmin F Bb Eb Gmin F Bb Eb Gmin F Bb Eb Gmin F Bb Eb Gmin F Bb Eb Gmin F Bb Eb Gmin F Bb Eb Gmin F Cmin Bb/D Eb,artist_904
2021,4UMPR55wh8yrVgQuxDYnbR,<intro_1> Dmin F Dmin F <verse_1> Dmin F Dmin F Dmin F Dmin F <verse_2> Dmin F Dmin F Dmin F C Cmin Dmin C Cmin Dmin <chorus_1> F Dmin F Dmin F Dmin F Dmin <verse_3> F Dmin F Dmin F Dmin F <verse_4> Dmin F Dmin F Dmin F Dmin F C Cmin Dmin C Cmin Dmin <chorus_2> F Dmin F Dmin F Dmin F Dmin <bridge_1> F Dmin F Dmin F Dmin F Dmin <chorus_3> F Dmin F Dmin F Dmin F Dmin,artist_905
1992,3QBXZO2ZTac5NZSerq5ftS,<intro_1> G Bmin C G Bmin C D <verse_1> C G C Emin A7 C G C Emin A7 D <chorus_1> G Bmin Emin D C Emin A7 C D G Bmin Emin D C D G Bmin C G Bmin C D <verse_2> C G C Emin A7 C G C Emin A7 D <chorus_2> G Bmin Emin D C Emin A7 C D G Bmin Emin D C D G Bmin C G Bmin C D <bridge_1> Emin C Emin A7 D7 C G C Emin A7 D <chorus_3> G Bmin Emin D C Emin A7 C D7 G Bmin Emin D C D G Bmin C D G Bmin C D G Bmin C D G Bmin C D G,artist_906
1965,5MuNv81bHp9zem39T9EK58,<intro_1> G <verse_1> C Cdim7 C A A7 F B C F G G7 <verse_2> C Cdim7 C A A7 F B C D7 Amin Dmin G C <instrumental_1> Cdim7 C A A7 F Fsmin Fsmin7 C F G7 <verse_3> C Cdim7 C A A7 F B C D7 D Dmin Dmin7 C Gs C,artist_652
2007,6wpVpGz5QuHHtnKzZsv4kC,<verse_1> Csmin B A Csmin B A Csmin B A Cs B A <chorus_1> B Fsmin Csmin B Fsmin Csmin B Fsmin Csmin B A B <interlude_1> Csmin B A Csmin B A <verse_2> Csmin B A Csmin B A Csmin B A Csmin B A <chorus_2> B Fsmin Csmin B Fsmin Csmin B Fsmin Csmin B A B <interlude_2> Fsmin Csmin B Fsmin Csmin B Fsmin Csmin B A B <chorus_3> Fsmin Csmin B Fsmin Csmin B Fsmin Csmin B A B <outro_1> Csmin B A Csmin B A Csmin,artist_530
2023,5fUtGKFrrKAwWTeoIfIXSi,<verse_1> E A E A E A E A E <bridge_1> A E A <verse_2> E A E A E A E A,artist_907
2023,1N514uvANT1bl5ZXpYoJa5,<verse_1> Fmin Db C Fmin Db C Fmin Db Bbmin C <chorus_1> Fmin Db Bb C Fmin Db Bbmin C Fmin Db Bbmin C Fmin Db Bbmin C <verse_2> Fmin Db Bbmin C Fmin Db Bbmin C Fmin Db Fmin C <chorus_2> Fmin Db Bb C Fmin Db Bbmin C <bridge_1> Db Fmin Db C Db Fmin Db C <chorus_3> Fmin Db Bb C Fmin Db Bbmin C Fmin Db Bb C Fmin Db Bbmin C Fmin Db Bbmin C Fmin Db Bbmin C Fmin,artist_146
2018,1ufQ1P133UDlCdxsYSio0a,<intro_1> Amin G Amin G Amin <verse_1> G Amin G Amin G Amin G Amin G Amin G Amin G Amin G Amin <chorus_1> C D Amin C B Bb Amin <interlude_1> G Amin <verse_2> G Amin G Amin G Amin G Amin G Amin G Amin G Amin <chorus_2> C D Amin C B Bb Amin <bridge_1> G Amin G Amin G Amin G Amin <chorus_3> C D Amin C B Bb Amin G Amin C D Amin C B Bb Amin,artist_908
2023,1qhdw2YPjYSyq4SDyuehQW,<verse_1> G Emin G Emin G Emin C Emin C Emin G Emin G Emin G Emin C Emin C Emin <chorus_1> G Emin C Emin G Emin C Emin G Emin C Emin G Emin C Emin G <verse_2> Emin G Emin G Emin C Emin C Emin <chorus_2> G Emin C Emin G Emin C Emin G Emin C Emin G Emin C Emin G <bridge_1> Emin C Emin G Emin C Emin G Emin C Emin G Emin C Emin <chorus_3> G Emin C Emin G Emin C Emin G Emin C Emin G Emin C Emin G Emin C Emin G Emin C Emin G Emin C Emin G Emin,artist_909
2021,0ItQV5Lrd4QFNNjTYxSejQ,<intro_1> Amin C G D <verse_1> Amin C G D Amin C G D <chorus_1> Amin C G D Amin C G D Amin C G D <verse_2> Amin C G D Amin C G D Amin C G D Amin C G D Amin C G D <chorus_2> Amin C G D Amin C G D Amin C G D,artist_910
2023,0ib8FYOokpoE1EI9QUDTSJ,<intro_1> Dmin Bb Dmin Bb <verse_1> Dmin Bb Dmin Bb Dmin Bb Dmin Bb Dmin Bb Dmin Bb <chorus_1> F Dmin Gmin Bb <verse_2> Dmin Bb Dmin Bb Dmin Bb Dmin Bb Dmin Bb <chorus_2> F Dmin Gmin Bb <bridge_1> F Dmin Gmin Bb <solo_1> Dmin Bb Dmin Bb Dmin Bb Dmin Gmin <chorus_3> F Dmin Gmin Bb <bridge_2> F Dmin Gmin Bb F Dmin Gmin Bb,artist_912
2015,76MYElVDKSJlWQprmheZIm,<intro_1> G D Bmin D G D Bmin D G D Bmin D G D Bmin D G D A G D <verse_1> Bmin E G Bmin D E G A E G <verse_2> Bmin D E G Bmin D E G <interlude_1> A E G D G <chorus_1> E G D Bmin D G D Bmin D G D G E G D Bmin D G D Bmin D <interlude_2> G D A G D A G D <verse_3> Bmin D E G Bmin D E G <interlude_3> A E G <verse_4> Bmin D E G Bmin D E G <interlude_4> A E G A E G A E G E G D Bmin D G D Bmin D G D G D G D Bmin D G D Bmin D G D,artist_914
2005,5vyHPKo6BhLbUCRwJU19WT,<intro_1> Bmin A G Bmin A G Bmin <verse_1> E Fs Bmin E Fs Bmin E Fs Bmin E Fs Bmin <chorus_1> A G Bmin A G Bmin A G Bmin A G Bmin <verse_2> E Fs Bmin E Fs Bmin E Fs Bmin E Fs Bmin <chorus_2> A G Bmin A G Bmin A G Bmin A G Bmin <solo_1> E Fs Bmin E Fs <verse_3> Bmin E Fs Bmin E Fs Bmin,artist_375
2009,3CZqkHAHOibPgmkfDJGCXk,<intro_1> Amin Amin/C E7sus4 F Fmaj7 Amin Amin/C E7sus4 F Fmaj7 Amin Amin/C E7sus4 F Fmaj7 Amin Amin/C E7sus4 F Fmaj7 <verse_1> Amin Amin/C E7sus4 F Fmaj7 Amin Amin/C E7sus4 F Fmaj7 Amin Amin/C E7sus4 F Fmaj7 Amin Amin/C E7sus4 F Fmaj7 <interlude_1> Amin Amin/C E7sus4 F Fmaj7 Amin Amin/C E7sus4 F Fmaj7 <verse_2> Amin Amin/C E7sus4 F Fmaj7 Amin Amin/C E7sus4 F Fmaj7 Amin Amin/C E7sus4 F Fmaj7 Amin Amin/C E7sus4 F Fmaj7 <outro_1> Amin Amin/C E7sus4 F Fmaj7 Amin Amin/C E7sus4 F Fmaj7 G Amin/C E7sus4 F Fmaj7 G Amin/C E7sus4 F Fmaj7 G Amin/C E7sus4 F Fmaj7 G Amin/C E7sus4 F Fmaj7 G Amin/C E7sus4 F Fmaj7 G Amin/C E7sus4 F,artist_708
2018,6Ez1igVjrU6aLZainL6iyM,<intro_1> D G A D <verse_1> A G A D A D A G A D A D <chorus_1> A D A D A D G A D <verse_2> A G A D A D A G A D A D <chorus_2> A D A D A D,artist_915
2003,3FZMJ8NE8z6O73Xx35FCNo,<intro_1> Bmin A G Emin <verse_1> Bmin A G Emin Bmin A G Emin Bmin A G Emin Bmin A G Emin <chorus_1> C D Emin G C D Emin G <interlude_1> Bmin A G Emin <verse_2> Bmin A G Emin Bmin A G Emin Bmin A G Emin Bmin A G Emin <chorus_2> C D Emin G C D Emin G C D Emin G <bridge_1> C D Emin G C D Emin G <chorus_3> C D Emin G C D Emin G <outro_1> C D Emin G C D Emin G,artist_916
2021,1DM9H9dQv2JUrMLtzbfr0c,<intro_1> C Amin C Amin C <verse_1> Amin F C G Amin F C <verse_2> Amin F C G Amin F G C <chorus_1> F C G Amin G F C Amin D F C G Amin G F G C <instrumental_1> G Amin G F G C <verse_3> Amin F C G Amin F G C <verse_4> Amin F C G Amin F C <chorus_2> F C G Amin G F C Amin D F C G Amin G F G C <instrumental_2> G Amin G F G C <bridge_1> F Emin F C G Amin D G <instrumental_3> C Amin F C G Amin F G C <chorus_3> F C G Amin G F C Amin D F C G Amin G F G C G Amin G F G C G Amin G F G C,artist_917
2023,4YMzT9TwGWTAOUmWkVb0iS,<intro_1> G C <verse_1> G C Amin D G C Amin D <bridge_1> Amin Bmin Amin Bmin D G <chorus_1> Bmin Amin D G Bmin Amin D G D C D G <verse_2> C Amin D G C Amin D <bridge_2> Amin Bmin Amin Bmin D G <chorus_2> Bmin Amin D G Bmin Amin D G D C Amin D G Bmin C D G Bmin C Emin Bmin G Amin G Bmin Amin D G,artist_918
2022,54tnyPhz0EAFyQUlfSgNjO,<intro_1> D Bmin A D Fsmin Bmin A D Fsmin <verse_1> Bmin A D Fsmin Bmin A D Fsmin Bmin A D Fsmin Bmin A D Fsmin <chorus_1> G D A G D A Bmin <instrumental_1> G Bmin A Bmin <verse_2> G A D Fsmin Bmin A D Fsmin Bmin A D Fsmin Bmin A Bmin Fsmin <chorus_2> G D A G D A Bmin <instrumental_2> G Bmin A Bmin G Bmin A Bmin <chorus_3> G D A G D A Bmin G,artist_919
2013,4y1gfk7irqMOpppO50tj5S,<intro_1> Fsmin B Fsmin B Fsmin B <verse_1> Fsmin B Fsmin B Fsmin B Fsmin B <chorus_1> A D B E A D B E A D B D Fsmin B Fsmin B <verse_2> Fsmin B Fsmin B Fsmin B Fsmin B <chorus_2> A D B E A D B E A D B D Fsmin B Fsmin B <bridge_1> A Fsmin A Fsmin <solo_1> B Fsmin <chorus_3> A D B E A D B E A D B E Fs B Fs B Fs B Fs B Fs B Fs B,artist_920
2022,5ZGJbNGdtpgVtPGYNOCCMG,<intro_1> C Emin Amin G F G <verse_1> C Emin Amin G F G C Emin Amin G F G Amin C F C C/B Amin C Dmin G <chorus_1> C Dmin Amin F C Dmin Amin G F G C <verse_2> Emin Amin G F G C Emin Amin G F G Amin C F C C/B Amin C Dmin G <chorus_2> C Dmin Amin F C Dmin Amin G F G Amin <interlude_1> G C Dmin Amin G C Dmin Amin G C Dmin Amin G C Dmin <chorus_3> C Dmin Amin F C Dmin Amin G F G C,artist_919
2022,10RUyNnakybrdAhIm65Lkx,<chorus_1> D E A D E Fsmin A E D E A D E Fsmin A E <verse_1> D E A D E Fsmin A <chorus_2> D E A D E Fsmin A <verse_2> D E A D E Fsmin A <chorus_3> D E A D E <verse_3> D E A D E Fsmin A D E A D E Fsmin A Fsmin E A D E Fsmin A D A,artist_921
2021,67WSWDDuEEmBIXTchwACs1,<verse_1> G E Amin D G E Amin D G Emin Amin D <chorus_1> G E Amin D G E Amin D G E Amin D G E Amin D <chorus_2> G E Amin D G E Amin D C Bmin Amin,artist_398
2010,6nt7jx1LjHhzGM6KkKRx9k,<verse_1> E A B E <chorus_1> A E B E A E B E <verse_2> A B E <chorus_2> A E B E A E B E <verse_3> A B E <chorus_3> A E B E A E B E <verse_4> A B E <chorus_4> A E B E A E B E B E,artist_922
2015,3g4zZjmq97osucd0bVLcmr,<verse_1> A D A Bmin E A D A E A <chorus_1> D A E A <verse_2> D A Bmin E A D A E A <chorus_2> D A E A D A E A,artist_923
2023,6tZEwDAYbUcZun4O2OW7JB,<verse_1> A Amaj7 Bmin E Esus4 E D Gs A E Esus4 E <chorus_1> D Dmin A Amaj7 D Dmin A E <verse_2> A Asus4 A Bmin Fsmin7 Fsmin9 Fsmin7 E Esus4 E A Asus4 A Bmin Fsmin7 Fsmin9 Fsmin7 E Esus4 E <chorus_2> D Dmin A Fsmin7 D Dmin A E Esus4 E D Dmin A A7 D Dmin,artist_924
2022,5p7mT7WVfTRcXDyF5FDlHd,<verse_1> G D/Fs Emin C/G G D/Fs Emin C/G G D/Fs Emin C/G G D/Fs Emin C/G D/A Emin/B C/G G A/D Emin/B C/G <chorus_1> G D/Fs Emin C/G G D/Fs Emin C/G G D/Fs Emin C/G G D/Fs Emin C/G G D/Fs <verse_2> Emin C/G G D/Fs Emin C/G G D/Fs Emin C D/A Emin/B C/G G A/D Emin/B C/G <chorus_2> G D/Fs Emin C/G G D/Fs Emin C/G G D/Fs Emin C/G G D/Fs Emin C/G G D/Fs,artist_925
2019,628vZQSNSogPoLP9BjdyXm,<intro_1> A D E Fsmin <verse_1> A D E Fsmin A D E Fsmin A D E Fsmin A D E Fsmin <chorus_1> A D E Fsmin A D E Fsmin <verse_2> A D E Fsmin A D E Fsmin A D E Fsmin A D E Fsmin A D E Fsmin A D E Fsmin <chorus_2> A D E Fsmin A D E Fsmin <instrumental_1> A D E Fsmin <chorus_3> A D E Fsmin A D E Fsmin <outro_1> A D E Fsmin A D E Fsmin A D E Fsmin A D E,artist_927
2014,4KtgND99T4jzuougarbaVq,<intro_1> Emin <verse_1> Amin D Emin Amin D Emin Amin D Emin <chorus_1> G Amin D Emin <verse_2> Amin D Emin Amin D Emin <chorus_2> G Amin D Emin <verse_3> Amin D Emin Amin D Emin <chorus_3> G Amin D Emin <outro_1> G Amin D Emin,artist_929
2015,4iTmbHvaj3UFVyx2FvHbxQ,<intro_1> E <verse_1> A E A B A B A <chorus_1> E B A E B A E <verse_2> A E A B A B A Amin <chorus_2> E B A E B A <bridge_1> Csmin B A Csmin B A Csmin <chorus_3> E B A E B A E B A E B A <outro_1> E B A Amin B E,artist_930
2022,3IW3hy8tUfTM1mXIS3GlnZ,<intro_1> Emin D Amin <verse_1> Emin D Amin Emin D Amin C D <verse_2> Emin D Amin Emin D Amin <chorus_1> C D G C D G Emin D C D Emin <instrumental_1> D Amin <verse_3> Emin D Amin Emin D Amin C D <chorus_2> C D G C D G Emin D C D Emin <instrumental_2> D Amin Emin,artist_931
2020,776071VJ3kq5NCWYLQfBDb,<intro_1> G G7 G7 C <verse_1> G G7 G7 C Cmin G Amin D G G7 G7 C Cmin G Bmin G Emin Amin D <chorus_1> C D G Fsmin G Emin Amin D G G7 G7 C <verse_2> G G7 G7 C Cmin G Amin D G G7 G7 C Cmin G Bmin G Emin Amin D <chorus_2> C D G Fsmin G Emin Amin D G G7 G7 C Csmin G Amin D <verse_3> G G7 G7 C Csmin G Bmin G Emin Amin D <outro_1> G G7 G7 G,artist_932
2023,1K8PBsZ8GADjXS2AN389fv,<intro_1> F Amin Dmin <verse_1> Amin C F Dmin Amin C F Dmin Amin C F Dmin Amin C F G <instrumental_1> F Amin Dmin <chorus_1> F Amin Dmin <verse_2> Amin C F Dmin Amin C F Dmin Amin C F Dmin Amin C F Dmin <instrumental_2> F Amin Dmin <chorus_2> F Amin Dmin F Amin Dmin F Amin Dmin F Amin Dmin F Amin Dmin F Amin Dmin <chorus_3> F Amin Dmin F Amin Dmin,artist_850
2022,4L1jMhEzcJLtAgnkwMOWPM,<intro_1> G D G <verse_1> C G D G C G D G <chorus_1> C G D G C G D G <verse_2> C G D G C G D G <chorus_2> C G D G C G D G <verse_3> C G D G C G D G <chorus_3> C G D G C G D G <outro_1> D G,artist_931
2022,76ZtZhQQuSSv42ig4XSNK4,<verse_1> C Dmin G F C <chorus_1> F C F G F C Dmin G C <verse_2> Dmin G F C <chorus_2> F C F G F C Dmin G C <bridge_1> Dmin F C Dmin F G <chorus_3> F C F G F C Dmin G C,artist_931
2022,1xs8bOvm3IzEYmcLJVOc34,<intro_1> G Bmin A <verse_1> G Bmin A G Bmin A G <bridge_1> Bmin A G Bmin A <chorus_1> G Bmin A G Bmin A G Bmin A <verse_2> G Bmin A G Bmin A G <bridge_2> Bmin A G Bmin A <chorus_2> G Bmin A G Bmin A <chorus_3> G Bmin A G Bmin A,artist_935
2023,4A20ZnyWpMOhdRvcq0JXDr,<verse_1> Cs Ds Fmin Cs Ds Fmin Cs Ds Fmin Cs Ds Fmin Cs <chorus_1> Ds Fmin Cs Ds Fmin Cs <verse_2> Ds Fmin Cs Ds Fmin Cs Ds Fmin Cs Ds Fmin Cs <chorus_2> Ds Fmin Cs Ds Fmin Cs Ds Fmin Cs Ds Fmin Cs <bridge_1> Ds Fmin Cs Ds Fmin Cs Ds Fmin Cs Ds Fmin Cs Ds Fmin Cs Ds Fmin Cs Ds Fmin Cs Ds Fmin Cs Ds Fmin Cs <outro_1> Ds Fmin Cs Ds Fmin Cs Ds Fmin Cs Ds Fmin Cs Ds Fmin Cs Ds Fmin Cs,artist_936
2021,3xTdgnc3SRsA6KhFa61tak,<intro_1> G Amin G Amin <verse_1> G Amin G Amin G <chorus_1> D C G D C G D C G <verse_2> Amin G Amin G <chorus_2> D C G D C G D C G <bridge_1> Amin G Amin G Amin G Amin <verse_3> G Amin G Amin G Amin G <chorus_3> D C G D C G D C G D C G <outro_1> D C G D C G D C G D C G,artist_937
2022,43Z3Nv6yx1Zfo3z9OH1Ndt,<intro_1> Emin C G D <verse_1> G C G C <chorus_1> Amin D G Emin Amin D G Emin C D Emin C G D <verse_2> G C G C <chorus_2> Amin D G Emin Amin D G Emin C D Emin C G D <instrumental_1> Emin C G D <chorus_3> Amin D G Emin Amin D G Emin Amin D Emin C G D,artist_931
2020,0NfO5TBMHqEy1M8xN4fCgO,<intro_1> Emin C D G <verse_1> D C D G D C D <chorus_1> G C D G Emin C D Emin C D Emin <verse_2> G D C D G D C D <chorus_2> G C D G Emin C D Emin C D Emin <bridge_1> F C D F C D <chorus_3> G C D G Emin C D Emin C D <chorus_4> G C D G Emin C D Emin C D Emin,artist_931
2022,66MvNxKQGPQS0AUeaoYlcn,<verse_1> C D Emin C D Emin C D Emin C D Emin <instrumental_1> C D Emin <verse_2> C D Emin C D Emin C D Emin C D Emin <chorus_1> C D Emin C D Emin C D Emin C D Emin <interlude_1> C D Emin C D Emin <verse_3> C D Emin C D Emin C D Emin C D Emin <chorus_2> C D Emin C D Emin C D Emin C D Emin C D Emin C D Emin <bridge_1> C D Emin <chorus_3> C D Emin C D Emin C D Emin C D Emin C D <outro_1> Emin C D Emin C D Emin C D Emin,artist_939
2023,6nng0HDzjqBAkVyl3z5W3d,<verse_1> F Dmin As F Dmin As F <chorus_1> As F Dmin C As F C As F Dmin C As F C As <verse_2> F Dmin As F C <chorus_2> As F Dmin C As F C As F Dmin C As F C As F C As <interlude_1> C Dmin Amin <bridge_1> As C Dmin Amin As C Dmin Amin As C Dmin Amin As C Dmin C <chorus_3> As F Dmin C As F C As F Dmin C As F C As F C As F C As,artist_940
2021,0MsnAhoTRrgVgj79VaDwQL,<intro_1> D G D <verse_1> G D G D Bmin G D G D <chorus_1> G D G D Emin G Bmin D G D <verse_2> G D G D Bmin G D G D <chorus_2> G D G D Emin G Bmin D G D <interlude_1> G D G D <chorus_3> G D G D Emin G Bmin D G D <outro_1> G <interlude_2> D G D,artist_941
2022,4GIHwigKlA5TweoUppHRxk,<intro_1> Emaj7 Gmaj7 Dmaj7 Emaj7 B D G A Emaj7 B/E Emaj7 Gssus4/Cs Csmin Fssus4/B B7 E Emaj7 <verse_1> E Emaj7 E Emaj7 Fsmin7 B Fsmin7 B7 <instrumental_1> E Emaj7 E Gsmin E G Gmaj7 Dmaj7 B D G A Emaj7 E Emaj7 A Fsmin Fs E B D G A G Fs Bb E <outro_1> D G Emin G,artist_942
2020,2q5PUHVMlda2PinBFEtmZn,<intro_1> G E7 Amin7 D7 <verse_1> G E7 Amin7 D7 G E7 Amin7 D7 G E7 Amin7 D7 Amin7 D7 Bmin7 Asmin7 Amin7 D7 <chorus_1> G E7 Amin7 D7 G E7 Amin7 D7 G E7 Amin7 D7 Amin7 D7 Bmin7 Asmin7 Amin7 D7 <instrumental_1> G E7 Amin7 D7 <verse_2> G E7 Amin7 D7 G E7 Amin7 D7 G E7 Amin7 D7 Amin7 D7 Bmin7 Asmin7 Amin7 D7 <chorus_2> G E7 Amin7 D7 G E7 Amin7 D7 G E7 Amin7 D7 Amin7 D7 Bmin7 Asmin7 Amin7 D7 <instrumental_2> G E7 Amin7 D7 G E7 Amin7 D7 G E7 Amin7 D7 G E7 Amin7 D7 G,artist_931
2022,5EWvKEXV3PE4vsPWM3M747,<intro_1> A E7 A <verse_1> A7 D A D A E7 <chorus_1> A A7 D D7 A D A E7 A <solo_1> E7 A A7 <verse_2> A A7 D A D A E7 D7 E7 <chorus_2> A A7 D D7 A D A E7 A <outro_1> E7 A,artist_113
2022,4lK2wv4t9mZq8EkeZmk6uz,<intro_1> C G C <verse_1> F C G C F C D7 G C F C G C F C G C C7 <chorus_1> F C G F C F C G C <verse_2> F C G C F C D7 G C F C G C F C G C C7 <chorus_2> F C G F C F C G C A <verse_3> D G D A D G D E7 A D G D A D G D A D <chorus_3> G D A G D G D A D <outro_1> G D A D,artist_113
2020,1mm3bHWc3m0103Ai8gdC3R,<verse_1> Fsmin A E D Fsmin A E D <chorus_1> Fsmin A E D Fsmin A E D Fsmin A E D <verse_2> Fsmin A E D Fsmin A E D <chorus_2> Fsmin A E D Fsmin A E D Fsmin A E D <bridge_1> Fsmin A E D Fsmin A E D Fsmin A E D Fsmin A E D <chorus_3> Fsmin A E D Fsmin A E D Fsmin A E D Fsmin A E D,artist_944
2015,1mlRf6foZgEdrC3cdoCyxd,<verse_1> C C/E Dmin F G Amin C/G F C/E Dmin F G C <chorus_1> C/E Dmin F G Amin C/G F C/E Dmin F G C <verse_2> C/E Dmin F G Amin C/G F C/E Dmin F G C <verse_3> C/E Dmin F G Amin C/G F C/E Dmin F G C <chorus_2> C/E Dmin F G Amin C/G F C/E Dmin F G C,artist_945
2022,2cAgJbXbxDIsTctxn07o0C,<intro_1> D G Bmin A G <verse_1> D G Bmin A G D G Bmin A G Emin D G Emin D G <chorus_1> D G Bmin A G D G Emin D G <interlude_1> D G Bmin A G <verse_2> D G Bmin A G D G Bmin A G Emin D G Emin D G <chorus_2> D G Bmin A G D G Emin D G <bridge_1> Emin D/Fs G Emin D/Fs G Emin D/Fs G Emin D/Fs G Emin D/Fs G Emin D/Fs G Emin D/Fs G Emin D/Fs G Emin D/Fs G <chorus_3> D G Bmin A G D G Emin D G Emin D G Emin D G <outro_1> D G Bmin A G,artist_946
2022,2O3tA837E3sbU8ZLQAvTxT,<intro_1> E D A E D A <chorus_1> E D A E D A E D A E D A E <verse_1> D E D E D E D E D E D E D E <chorus_2> D A E D A E D A E D A E <verse_2> D E D E D E D E D E D E D E D A E D A E D A E D A E Eno3d,artist_950
2010,2lWkBor4F6kWhBdBLaD9nU,<intro_1> Bno3d Gno3d Ano3d Bno3d Gno3d Ano3d <chorus_1> Bno3d Gno3d Ano3d Bno3d Gno3d Ano3d Bno3d Gno3d Ano3d Bno3d Gno3d Ano3d Bno3d Gno3d Ano3d Bno3d Gno3d Ano3d Bno3d Gno3d Ano3d Bno3d Ano3d <verse_1> Bno3d Gno3d Ano3d Bno3d Gno3d Ano3d Bno3d Gno3d Ano3d Bno3d Gno3d Ano3d Bno3d Gno3d Ano3d Bno3d Gno3d Ano3d Bno3d Gno3d Ano3d Bno3d Gno3d Ano3d Bno3d Gno3d Ano3d Bno3d Gno3d Ano3d Bno3d Gno3d Ano3d Bno3d Gno3d Ano3d Bno3d Gno3d Ano3d Bno3d Gno3d Ano3d <chorus_2> Bno3d Gno3d Ano3d Bno3d Gno3d Ano3d Bno3d Gno3d Ano3d Bno3d Gno3d Ano3d <verse_2> Bno3d Gno3d Ano3d Bno3d Gno3d Ano3d Bno3d Gno3d Ano3d Bno3d Gno3d Ano3d Bno3d Gno3d Ano3d Bno3d Gno3d Ano3d Bno3d Gno3d Ano3d Bno3d Gno3d Ano3d <verse_3> Bno3d Gno3d Ano3d Bno3d Gno3d Ano3d Bno3d Gno3d Ano3d Bno3d G Ano3d Bno3d Gno3d Ano3d Bno3d Gno3d Ano3d Bno3d Gno3d Ano3d <chorus_3> Bno3d Gno3d Ano3d Bno3d Gno3d Ano3d Bno3d Gno3d Ano3d Bno3d Gno3d Ano3d Bno3d Gno3d Ano3d Bno3d Gno3d Ano3d Bno3d Gno3d Ano3d Bno3d Ano3d <instrumental_1> Bno3d Gno3d Ano3d Bno3d Gno3d Ano3d <verse_4> Bno3d Gno3d Ano3d Bno3d Gno3d Ano3d Bno3d Gno3d Ano3d Bno3d Gno3d Ano3d Bno3d Gno3d Ano3d Bno3d Gno3d Ano3d Bno3d Gno3d Ano3d Bno3d Gno3d Ano3d Bno3d Gno3d Ano3d Bno3d Gno3d Ano3d Bno3d Gno3d Ano3d Bno3d <bridge_1> Dno3d Ano3d Bno3d Dno3d Ano3d Bno3d Dno3d Ano3d Bno3d Dno3d Bno3d Ano3d Bno3d Dno3d Ano3d Bno3d Dno3d Ano3d Bno3d Dno3d Ano3d Bno3d Dno3d Bno3d <verse_5> Gno3d Ano3d Bno3d Gno3d Ano3d Bno3d Gno3d Ano3d Bno3d Gno3d Ano3d Bno3d Gno3d Ano3d Bno3d Gno3d Ano3d Bno3d Gno3d Ano3d Bno3d Gno3d Ano3d Bno3d Gno3d Ano3d Bno3d Gno3d Ano3d Bno3d Gno3d Ano3d Bno3d Gno3d Ano3d Bno3d Gno3d Ano3d Bno3d Gno3d Ano3d Bno3d Gno3d Ano3d Bno3d Gno3d Ano3d Bno3d Gno3d Ano3d Bno3d Gno3d Ano3d Bno3d Gno3d Ano3d Bno3d Gno3d Ano3d <bridge_2> Bno3d Dno3d Ano3d Bno3d Dno3d Ano3d Bno3d Dno3d Ano3d Bno3d Dno3d Bno3d Ano3d Bno3d Dno3d Ano3d Bno3d Dno3d Ano3d Bno3d Dno3d Ano3d Bno3d Dno3d Bno3d Gno3d Ano3d Bno3d Gno3d Ano3d Bno3d Gno3d Ano3d <outro_1> Bno3d Gno3d Ano3d Bno3d,artist_952
