repo_id,repo_name,description,created_at,updated_at,stars,forks,language,topics,repo_url,group
81710355,ddddxxx/LyricsX,🎶 Ultimate lyrics app for macOS.,2017-02-12T07:30:42Z,2026-05-09T07:36:52Z,5164,436,Swift,"apple-music,audirvana,download-lyrics,itunes,lyrics,macos-app,menubar,music,spotify,swinsian,vox",https://github.com/ddddxxx/LyricsX,before_2023
100005734,jitwxs/163MusicLyrics,云音乐歌词获取处理工具【网易云、QQ音乐】,2017-08-11T07:38:49Z,2026-05-09T06:01:33Z,3888,174,C#,"163music,lyrics,neteasecloud,qqmusic,srt",https://github.com/jitwxs/163MusicLyrics,before_2023
583927613,amll-dev/applemusic-like-lyrics,"An Apple Music style lyric player component, with React & Vue support. 一个类 Apple Music 歌词显示组件，同时提供 React 和 Vue 绑定。",2022-12-31T13:54:39Z,2026-05-08T15:38:05Z,1955,194,TypeScript,"apple-music,astro,audio,audio-player,fft,javascript,lyric,music,music-player,player,react,rust,tauri,typescript,vue,vue3,wasm,websocket",https://github.com/amll-dev/applemusic-like-lyrics,before_2023
79646002,NTag/lyrics.ovh,Source of lyrics.ovh and API to search for lyrics of a song,2017-01-21T13:01:28Z,2026-05-08T15:29:22Z,309,446,JavaScript,"api,find,lyrics,music,search,song",https://github.com/NTag/lyrics.ovh,before_2023
48879400,MoePlayer/cPlayer,A beautiful and clean WEB Music Player by HTML5.,2016-01-01T13:58:37Z,2026-04-23T02:35:21Z,672,113,CSS,"cplayer,lyrics,music",https://github.com/MoePlayer/cPlayer,before_2023
56102483,Lyrics/lyrics-database, 📄 Open Lyrics Database,2016-04-12T22:32:32Z,2026-04-29T12:32:55Z,288,59,Python,"database,lyrics,music,poetry,songs",https://github.com/Lyrics/lyrics-database,before_2023
565803962,tranxuanthang/lrcget,Utility for mass-downloading LRC synced lyrics for your offline music library.,2022-11-14T11:09:03Z,2026-05-09T03:39:33Z,2631,96,Vue,"javascript,linux,lyrics,music,music-player,rust,synced-lyrics,tauri,tauri-app,vue,vue3,windows",https://github.com/tranxuanthang/lrcget,before_2023
153892402,galnir/Master-Bot,"A Discord music bot and dashboard with slash commands, playlist support, Spotify, music quiz, saved playlists, lyrics, gifs and more",2018-10-20T10:00:59Z,2026-04-22T19:00:43Z,493,359,TypeScript,"bot,discord,discord-js,discord-music-bot,javascript,music,music-bot,nodejs,spotify,spotify-bot,typescript",https://github.com/galnir/Master-Bot,before_2023
27681574,rasbt/musicmood,A machine learning approach to classify songs by mood.,2014-12-07T19:20:40Z,2026-03-17T07:53:25Z,422,108,OpenEdge ABL,"exploratory-data-analysis,lyrics,machine-learning,mood,song-dataset",https://github.com/rasbt/musicmood,before_2023
570989207,moehmeni/syncedlyrics,Get an LRC format (synchronized) lyrics for your music,2022-11-26T19:41:35Z,2026-05-01T06:33:36Z,498,38,Python,"lrc,lyrics,lyrics-fetcher,lyrics-finder,lyrics-search,music,music-bot,music-player,synced-lyrics,synchronization",https://github.com/moehmeni/syncedlyrics,before_2023
77391109,asr-pub/LyricViewDemo,LyricView is a powerful and flexible custom view to display lyrics within music player under Android,2016-12-26T15:10:42Z,2026-05-07T03:11:48Z,690,112,Java,"android,lyrics,musicplayer",https://github.com/asr-pub/LyricViewDemo,before_2023
536071709,adrianhajdin/project_music_player,"Master modern web development by building an improved version of Spotify. With a modern homepage, fully-fledged music player, search, lyrics, song exploration features, search, popular music around you, worldwide top charts, and much more, this is the best music application you can currently find on YouTube.",2022-09-13T10:25:29Z,2026-05-06T13:26:50Z,1070,309,JavaScript,"javascript,rapidapi,reactjs,tailwindcss",https://github.com/adrianhajdin/project_music_player,before_2023
119992500,cqjjjzr/MusicBee-NeteaseLyrics,A plugin to retrieve lyrics from Netease Cloud Music for MusicBee.,2018-02-02T14:38:18Z,2026-04-23T20:10:12Z,224,10,C#,,https://github.com/cqjjjzr/MusicBee-NeteaseLyrics,before_2023
291051734,tuhinpal/Musicder,The React Website for Download or Stream Music with Lyrics for Free,2020-08-28T13:19:24Z,2025-11-07T09:49:13Z,65,42,JavaScript,"download-mp3,javascript,jio-saavn,jiosaavn,jiosaavn-downloader,musicder,react,react-music,react-music-player,saavn,saavn-downloader,song",https://github.com/tuhinpal/Musicder,before_2023
73000711,kalbhor/MusicRepair,Fixes music metadata and adds album art.,2016-11-06T15:44:15Z,2026-04-17T05:51:34Z,604,40,Go,"album,album-art,cli,genius,lyrics,metadata,music,pypi",https://github.com/kalbhor/MusicRepair,before_2023
117591943,warmspringwinds/pytorch-rnn-sequence-generation-classification,Lyrics and piano music generation in Pytorch,2018-01-15T20:26:25Z,2026-05-01T09:27:30Z,107,25,Jupyter Notebook,,https://github.com/warmspringwinds/pytorch-rnn-sequence-generation-classification,before_2023
468576001,Sandakan/Nora,An elegant music player built using Electron and React. Inspired from Oto Music for Android by Piyush Mamidwar.,2022-03-11T02:08:39Z,2026-05-06T21:48:42Z,1096,49,TypeScript,"desktop-app,electron,lyrics,music,music-player,reactjs",https://github.com/Sandakan/Nora,before_2023
151697309,MaverickMartyn/youtube-music-desktop,A desktop client for YouTube Music with MusixMatch lyrics.,2018-10-05T09:17:33Z,2026-05-05T21:53:53Z,121,21,JavaScript,"electron,javascript,lyrics,music,musixmatch,musixmatch-api,youtube",https://github.com/MaverickMartyn/youtube-music-desktop,before_2023
135968705,enriqueav/lstm_lyrics,LSTM text generation by word. Used to generate lyrics from a corpus of a music genre.,2018-06-04T04:00:36Z,2025-11-18T04:59:47Z,81,26,Python,,https://github.com/enriqueav/lstm_lyrics,before_2023
186245724,JunyuKuang/Rhythm,Time-synced lyrics on iOS Lock Screen. Made for Apple Music.,2019-05-12T11:22:37Z,2026-01-18T22:41:46Z,274,32,Swift,,https://github.com/JunyuKuang/Rhythm,before_2023
92486763,lijinke666/react-music-player,[Stop the maintenance] :musical_note: Maybe the best beautiful HTML5 responsive player component for react :),2017-05-26T07:58:55Z,2026-04-16T11:14:56Z,762,217,JavaScript,"audio,audio-player,cd-player,component,html5,lyrics,music,player,react,react-audio-player,react-h5-music-player,react-jinke-music-player,react-music,react-music-player,react-player",https://github.com/lijinke666/react-music-player,before_2023
160445708,jagrosh/JLyrics,🎼 Expandable lyrics-scraping API for Java,2018-12-05T02:05:28Z,2026-05-03T09:40:37Z,62,31,Java,"jsoup,lyrics,music,scraper",https://github.com/jagrosh/JLyrics,before_2023
43805261,guoyunhe/rabbit-lyrics,JavaScript audio and timed lyrics synchronizer.,2015-10-07T09:07:20Z,2026-02-13T12:15:50Z,174,31,TypeScript,"audio,auto-scroll,javascript,javascript-audio,karaoke,lyrics,lyrics-container,lyrics-widget,music,rabbit-lyrics,timed-lyrics-synchronizer,typescript",https://github.com/guoyunhe/rabbit-lyrics,before_2023
219867848,seungheondoh/audio-lyrics-emotion-recognition,(Unofficial) Pytorch Implementation of Music Mood Detection Based On Audio And Lyrics With Deep Neural Net,2019-11-05T23:08:50Z,2026-03-31T13:40:32Z,113,22,Python,"audio-lyrics,multi-modal,music,music-emotion,music-emotion-recognition,pytorch",https://github.com/seungheondoh/audio-lyrics-emotion-recognition,before_2023
85510661,alexTsaptsinos/lyricsHAN,Music Genre Classification by Lyrics using a Hierarchical Attention Network,2017-03-19T21:39:10Z,2025-05-31T01:44:58Z,32,10,Python,,https://github.com/alexTsaptsinos/lyricsHAN,before_2023
237444796,jianyq/Tong-Music,Lyrics and rap lyrics AI-generate system based on GPT-2 and LSTM / 基于GPT-2和LSTM的歌词和说唱歌词创作系统,2020-01-31T14:19:55Z,2026-04-27T10:47:41Z,105,19,Python,"django,gpt2,lstm-model,mysql",https://github.com/jianyq/Tong-Music,before_2023
505401707,fooyin/fooyin,A customisable music player,2022-06-20T10:52:24Z,2026-05-09T09:39:26Z,1867,80,C++,"alsa,audio,audio-player,chiptune,cpp23,customizable,ffmpeg,fooyin,linux,lyrics,music,music-player,pipewire,plugins,qt,taglib,vgm,waveform,windows",https://github.com/fooyin/fooyin,before_2023
10967504,svenackermann/Prime-Player-Google-Play-Music,Chrome extension for Google Play Music,2013-06-26T12:39:46Z,2024-10-15T06:12:59Z,114,26,JavaScript,"chrome-extension,google-music,lastfm,lyrics",https://github.com/svenackermann/Prime-Player-Google-Play-Music,before_2023
147203529,cqjjjzr/MusicBee-DesktopLyrics,Show the lyrics on your desktop from MusicBee!,2018-09-03T12:41:37Z,2026-04-10T14:57:16Z,130,5,C#,,https://github.com/cqjjjzr/MusicBee-DesktopLyrics,before_2023
170889557,f90/jamendolyrics,DEPRECATED: Jamendo music dataset with time-aligned lyrics for lyrics alignment evaluation,2019-02-15T15:52:46Z,2026-05-02T18:45:01Z,88,10,Python,,https://github.com/f90/jamendolyrics,before_2023
144374640,fpaupier/RapLyrics-Scraper,Data sourcing and pre-processing for raplyrics.eu - A rap music lyrics generation project,2018-08-11T10:01:55Z,2026-04-23T22:42:48Z,71,14,Python,"beautiful-soup,beautiful-soup-scraper,data,data-mining,genius,genius-api,genius-lyrics,genius-lyrics-search,mit-license,music,python,python3,scraper",https://github.com/fpaupier/RapLyrics-Scraper,before_2023
35113078,hakerdefo/cmus-lyrics,Fetches lyrics of current song playing in cmus music player.,2015-05-05T17:09:14Z,2026-01-30T06:59:54Z,50,10,Shell,"bash,cmus,cmus-music-player,linux,lyrics,lyrics-fetcher,lyrics-finder,script,shell",https://github.com/hakerdefo/cmus-lyrics,before_2023
425021996,bibee-emio/MedusaMusic,A Telegram bot for Download songs in mp3 format from YouTube and Extract lyrics from Genius.com ❤️,2021-11-05T16:53:33Z,2025-10-08T20:14:47Z,23,39,Python,"bot,ffmpeg,genius,genius-api,genius-lyrics,heroku,music-bot-telegram,pyrogram,pyrogram-bot,python,pytube,telegram,telegram-bot,youtube-songs,yt-dlp",https://github.com/bibee-emio/MedusaMusic,before_2023
191255859,robert-alfaro/genius-lyrics,Home Assistant custom component for fetching song lyrics from Genius.com,2019-06-10T22:45:28Z,2026-03-27T22:31:52Z,60,12,Python,"genius-lyrics,home-assistant,home-assistant-component,lyrics,music",https://github.com/robert-alfaro/genius-lyrics,before_2023
72376622,julioverne/MusiLyric,Best Lyrics Music,2016-10-30T21:28:26Z,2024-02-29T13:13:56Z,10,9,Logos,,https://github.com/julioverne/MusiLyric,before_2023
33276471,erichlotto/play-music-lyrics-fetcher,A Chrome extension compatible with several streaming services to load current song's lyrics,2015-04-01T22:32:19Z,2022-04-14T19:01:02Z,40,9,JavaScript,,https://github.com/erichlotto/play-music-lyrics-fetcher,before_2023
115889178,anagram-software/CoffeeMusicPlayer,"Instant lyrics, Equalizer, Folders, Album Art Fetching and many more.",2017-12-31T22:58:58Z,2025-09-18T20:57:49Z,35,17,Kotlin,"android-app,kotlin,music-player",https://github.com/anagram-software/CoffeeMusicPlayer,before_2023
64478737,AllToMP3/alltomp3-app,"Download and Convert YouTube, SoundCloud & Spotify in MP3 with full tags (title, artist, genre, cover, lyrics 🔥)",2016-07-29T12:27:38Z,2026-05-04T10:09:27Z,1368,134,CSS,"alltomp3,angular,application,deezer,desktop-application,download,electron,ffmpeg,id3,id3v2,lyrics,mp3,music,nodejs,soundcloud,spotify,tags,youtube",https://github.com/AllToMP3/alltomp3-app,before_2023
262680908,zhiyiYo/Groove,"A cross-platform music player based on PyQt5, supports Win32, Linux and macOS.",2020-05-10T00:02:32Z,2026-05-03T04:38:42Z,641,92,Python,"desktop-lyric,local-music,lyrics,music-player,online-music,online-mv,pyqt,python,qt,song-metadata",https://github.com/zhiyiYo/Groove,before_2023
284947581,harmonoid/harmonoid,"🎵 Plays & manages your music library. Looks beautiful & juicy. Available for Windows, GNU/Linux, macOS & Android.",2020-08-04T10:28:45Z,2026-05-07T21:07:09Z,4549,250,Dart,"android,desktop,flutter,harmonoid,libmpv,linux,lyrics,macos,media-tags,metadata,mpv,music,music-library,music-player,tag-parsing,tags,windows",https://github.com/harmonoid/harmonoid,before_2023
298401645,cristobalvch/Music-Lyrics-NLP,,2020-09-24T21:43:32Z,2025-12-04T22:58:54Z,20,8,Jupyter Notebook,,https://github.com/cristobalvch/Music-Lyrics-NLP,before_2023
140586550,samuelmeuli/lyrics-poster,"🎤 Create posters of your favorite artists, written in their lyrics",2018-07-11T14:25:00Z,2026-04-05T22:28:26Z,72,8,JavaScript,"artist,lyrics,music,poster,song,website",https://github.com/samuelmeuli/lyrics-poster,before_2023
111165252,dipayandutta93/Music-Genre-Classification-using-lyrics,Train a classifier to predict the genre of a song based on its lyrics,2017-11-18T01:03:35Z,2024-12-10T02:37:38Z,19,10,Python,,https://github.com/dipayandutta93/Music-Genre-Classification-using-lyrics,before_2023
308953956,vanstorm9/AI-Vocaloid-Kit-V2,Software kit that uses deep learning to generate vocaloid music (melodies and lyrics),2020-10-31T19:07:42Z,2026-04-16T21:00:17Z,116,16,Jupyter Notebook,,https://github.com/vanstorm9/AI-Vocaloid-Kit-V2,before_2023
231655646,Yureien/YTSwag,"YTSwag: YouTube Music lyrics, and more",2020-01-03T19:56:31Z,2025-04-29T01:13:52Z,22,8,CSS,,https://github.com/Yureien/YTSwag,before_2023
336475002,yudhik11/MER-lyrics-Transformer,"Official Repository of ""Transformer-based approach towards music emotion recognition from lyrics"" accepted in ECIR 2021",2021-02-06T06:48:57Z,2026-02-13T12:12:54Z,43,9,Python,,https://github.com/yudhik11/MER-lyrics-Transformer,before_2023
228398586,mihaiolteanu/versuri,The lyrics package for Emacs,2019-12-16T13:55:38Z,2026-01-02T23:49:54Z,39,6,Emacs Lisp,"emacs-lisp,lyrics,music",https://github.com/mihaiolteanu/versuri,before_2023
214829693,71/ytm-lyrics,"Lyrics for YouTube Music, using Musixmatch.",2019-10-13T13:57:14Z,2026-02-10T00:30:56Z,11,6,JavaScript,,https://github.com/71/ytm-lyrics,before_2023
410056933,DBKarman/lyricsync,"An lrc file generator/creator online, Simply visit the website or open index.html locally in order to sync your lyrics with your music",2021-09-24T18:00:22Z,2026-03-14T08:55:35Z,42,8,JavaScript,"lrc,lrc-files,lrc-generator,lrc-maker,lyrics,lyrics-generator,lyrics-synchronise,lyrics-synchronize",https://github.com/DBKarman/lyricsync,before_2023
488330116,akashrchandran/syrics,A command line tool to fetch lyrics from spotify and save it to lrc file. It can fetch both synced and unsynced lyrics from spotify.,2022-05-03T19:00:27Z,2026-04-21T20:42:48Z,246,16,Python,"hacktoberfest,lyrics,music,musixmatch,musixmatch-lyrics,python,python3,spotify,spotify-lyrics,spotify-web-api,spotipy",https://github.com/akashrchandran/syrics,before_2023
254040129,angeloanan/lyrics-finder,🎤 | Search the lyrics to your music with Lyrics Finder,2020-04-08T09:15:52Z,2026-04-18T16:11:08Z,21,6,TypeScript,"discord-bot,discord-js,discordapp,discordbot,genius,genius-api,lyrics,lyrics-finder",https://github.com/angeloanan/lyrics-finder,before_2023
307534293,jhuang448/E2E-LyricsAlignment-Implementation,"Implementation of paper ""End-to-end lyrics alignment for polyphonic music using an audio-to-character recognition model""",2020-10-26T23:45:02Z,2026-01-06T00:14:59Z,18,7,Python,,https://github.com/jhuang448/E2E-LyricsAlignment-Implementation,before_2023
323809863,shaynak/taylor-swift,A Taylor Swift lyrics searcher + template for other artist lyric searchers.,2020-12-23T05:20:53Z,2026-04-09T04:31:08Z,29,5,JavaScript,music,https://github.com/shaynak/taylor-swift,before_2023
69295931,vanilla-music/vanilla-music-lyrics-search,Vanilla Music player Lyrics Search plugin,2016-09-26T21:52:29Z,2025-07-01T06:50:13Z,21,6,Java,"android,lyrics,player,vanilla-music-player",https://github.com/vanilla-music/vanilla-music-lyrics-search,before_2023
192241031,cvzi/Youtube-Genius-Lyrics-userscript,"Userscript, Show lyrics/songtexts from genius.com on Youtube next to music videos",2019-06-16T22:04:57Z,2026-04-18T16:11:21Z,51,6,JavaScript,"genius,genius-lyrics,greasemonkey-script,lyrics,music-video,songtext,userscript,youtube",https://github.com/cvzi/Youtube-Genius-Lyrics-userscript,before_2023
166729812,elmoiv/azapi,Get Lyrics from AZLyrics.com like a Boss ~(0_0)~,2019-01-21T01:29:00Z,2026-04-14T14:36:43Z,145,16,Python,"api,artists,azlyrics,azlyricsapi,lyrics,lyrics-api,lyrics-fetcher,lyrics-search,music,song,songs",https://github.com/elmoiv/azapi,before_2023
100953201,taseikyo/NeteaseLyric,:notes:Netease cloud music lyrics downloader.,2017-08-21T13:03:58Z,2026-04-20T06:05:11Z,26,5,C++,"download-lyrics,lyrics,netease-cloud-music,qt-application,qt5",https://github.com/taseikyo/NeteaseLyric,before_2023
322007027,WXRIW/Lyricify-App,"Lyricify (/lɪ'rɪsəfaɪ/), a fantastic app to provide scroll lyrics for Spotify and other apps. 一款为 Spotify 等各种应用提供滚动歌词的软件。",2020-12-16T14:27:42Z,2026-05-09T07:15:32Z,6857,123,,"all-platforms,apple,apple-music,foobar2000,itunes,lyric,lyrics,music,music-center,netease,netease-cloud-music,netease-music,qq-music,spotify,ui-design,windows",https://github.com/WXRIW/Lyricify-App,before_2023
138386234,ianscottknight/Musical-Genre-Classification-of-Song-Lyrics,,2018-06-23T08:52:44Z,2025-06-24T07:53:53Z,23,6,Python,"classification,genre,genre-classification,lastfm,lyrics,multiclass-classification,multiclass-logistic-regression,music,mxm,nlp,nlp-machine-learning,tf-idf,word-tokenizing",https://github.com/ianscottknight/Musical-Genre-Classification-of-Song-Lyrics,before_2023
310110535,L0um15/Spotisharp,Cross-platform music assistant,2020-11-04T20:28:25Z,2026-02-18T13:02:13Z,54,11,C#,"cli,csharp,linux,lyrics,spotify,spotify-downloader,windows",https://github.com/L0um15/Spotisharp,before_2023
83491145,laventura/Music.Generation.with.DeepLearning,Generating Music and Lyrics using Deep Learning via Long Short-Term Recurrent Networks (LSTMs). Implements a Char-RNN in Python using TensorFlow. ,2017-02-28T23:52:57Z,2025-06-16T02:57:29Z,42,13,Jupyter Notebook,"creative-coding,deep-learning,deep-neural-networks,kadenze,lstm-neural-networks,machine-learning,music-generation,rnn-tensorflow",https://github.com/laventura/Music.Generation.with.DeepLearning,before_2023
69666561,rk150888/NLP_Song_Lyrics_Based_Recommendation,Recommendation system based on music lyrics sentiment analysis.,2016-09-30T12:51:16Z,2023-07-09T00:59:59Z,7,8,Python,,https://github.com/rk150888/NLP_Song_Lyrics_Based_Recommendation,before_2023
393094489,SqrtMinusOne/lyrics-fetcher.el,Fetch song lyrics and album covers. Integrates with EMMS,2021-08-05T15:35:57Z,2026-01-03T05:28:04Z,21,4,Emacs Lisp,"emms,lyrics,music",https://github.com/SqrtMinusOne/lyrics-fetcher.el,before_2023
187720955,SwagLyrics/autosynch,Automated lyrics-to-audio alignment using syllabic nuclei detection. Developed during Google Summer of Code 2019.,2019-05-20T22:19:38Z,2025-11-20T16:28:08Z,53,9,Python,"alignment,lyrics,music,swaglyrics",https://github.com/SwagLyrics/autosynch,before_2023
223326149,wendisong/getLyrics,"A plugin for MusicBee, get Lyrics from QQ Music.",2019-11-22T04:53:39Z,2026-01-14T11:38:18Z,5,7,C#,,https://github.com/wendisong/getLyrics,before_2023
99407226,williums/karaoke_bot,A music and lyrics bot for Discord servers,2017-08-05T07:34:25Z,2025-10-18T16:07:16Z,6,7,JavaScript,,https://github.com/williums/karaoke_bot,before_2023
66888137,igrek51/android-songbook,"Songbook for Android - Song lyrics viewer with chords for guitar, piano and singing",2016-08-29T23:23:26Z,2026-04-20T08:13:26Z,37,14,Kotlin,"android,chords,guitar,kotlin,music,songbook,songs",https://github.com/igrek51/android-songbook,before_2023
551414333,Kur01234/music-downloader,"This program will first get the metadata of various songs from metadata providers like musicbrainz, and then search for download links on pages like bandcamp. Then it will download the song and edit the metadata accordingly.",2022-10-14T11:02:00Z,2026-02-15T00:52:42Z,70,6,Python,"cli,command-line,lyrics,music,python,python310",https://github.com/Kur01234/music-downloader,before_2023
10176026,blueset/project-lyricova,"Project Lyricova, lyrics blog and music management focused on Vocaloids.",2013-05-20T15:41:56Z,2026-05-07T15:32:41Z,68,4,TypeScript,"blog,lrc,lyrics,lyricsx,music-library,music-player,next-js,vocadb,vocaloid",https://github.com/blueset/project-lyricova,before_2023
150292175,devendrakushwah/Refresh-Music-Player,A beautifully designed music player app for android.,2018-09-25T15:57:55Z,2025-12-16T08:43:40Z,32,18,Java,"android,audio,equalizer,equalizers-and-visualizations,kotlin,lyrics,lyrics-search,music,music-player,musicplayer,refresh-music-player",https://github.com/devendrakushwah/Refresh-Music-Player,before_2023
52551124,BigGranu/MusicApiCollection,"A Collection of Apis for Music. AcoustID, CoverArtArchive, Discogs, FanartTv, FreeDB, GraceNote, Lyrics, MusicBrainz, TheAudioDB",2016-02-25T19:29:53Z,2026-02-26T05:52:28Z,29,4,C#,,https://github.com/BigGranu/MusicApiCollection,before_2023
85715738,marvinjason/lyriq,Android music player with lyrics,2017-03-21T15:01:12Z,2024-02-08T21:07:31Z,9,4,Java,"android,api,java,lyrics,music-player,musixmatch,musixmatch-api",https://github.com/marvinjason/lyriq,before_2023
92540343,hudsonbrendon/python-musixmatch,Simple integrate of API musixmatch.com with python,2017-05-26T19:00:26Z,2026-03-19T15:26:23Z,109,13,Python,"api,lyrics,music,musixmatch,python,wrapper",https://github.com/hudsonbrendon/python-musixmatch,before_2023
113898452,TheWeirdDev/lyrics-finder-gnome-ext,Finding lyrics has never been easier. Just play some music !,2017-12-11T19:18:16Z,2024-05-20T13:42:50Z,34,3,JavaScript,,https://github.com/TheWeirdDev/lyrics-finder-gnome-ext,before_2023
454741769,bunnykek/jiosaavn-dl,"Music, Album and Playlist downloader for JioSaavn",2022-02-02T11:08:00Z,2026-04-01T04:52:15Z,47,13,Python,"aac,jiosaavn,jiosaavn-api,jiosaavn-downloader,lyrics,metadata,music,musicdownloader,mutagen,saavn",https://github.com/bunnykek/jiosaavn-dl,before_2023
295641959,wafarifki/musicwithlyrics,"Html, Css, Js Music Player With Lyrics. Modified by Wafa Rifqi Anafin. Sync Music Lyric by Wafa Rifqi Anafin. Use this for learn. added snow effect, added social button, improve design and a many feature",2020-09-15T06:58:44Z,2026-03-09T04:30:45Z,29,10,CSS,,https://github.com/wafarifki/musicwithlyrics,before_2023
35761225,hakerdefo/moc-lyrics,Fetches lyrics of current song playing in moc music player.,2015-05-17T10:03:13Z,2022-06-21T01:05:30Z,10,4,Shell,"bash,linux,lyrics,lyrics-fetcher,lyrics-finder,mocp,script,shell",https://github.com/hakerdefo/moc-lyrics,before_2023
529527197,LiYulin-s/org.kde.plasma.ypm-lyrics,Show lyrics when u listen music by Yesplaymusic,2022-08-27T08:29:27Z,2026-04-17T08:09:58Z,13,4,QML,,https://github.com/LiYulin-s/org.kde.plasma.ypm-lyrics,before_2023
20859405,SoheilKhodayari/Lyric-Music-Player,A simple android music player with song lyrics,2014-06-15T16:12:40Z,2021-01-09T18:47:32Z,7,5,Java,,https://github.com/SoheilKhodayari/Lyric-Music-Player,before_2023
373083580,raghav-wd/Musifire-Software-Development-Project,"Music player app on android devices, smoothly fetches lyrics/track info/album art and saves it.",2021-06-02T07:44:37Z,2025-12-16T08:53:52Z,18,12,Java,"android,music-player",https://github.com/raghav-wd/Musifire-Software-Development-Project,before_2023
123437415,adhorrig/azlyrics,A wrapper for azlyrics.com,2018-03-01T13:18:24Z,2025-11-06T03:50:14Z,16,8,Python,"azlyrics,lyrics,music,songs",https://github.com/adhorrig/azlyrics,before_2023
60309213,chenkaicheng/lyrics,An html5 music player with lyrics scroll,2016-06-03T01:34:47Z,2016-06-03T01:34:48Z,0,5,JavaScript,,https://github.com/chenkaicheng/lyrics,before_2023
98120199,nb2998/Lyrics, Music is life. That's why our hearts have beats! This is an android application for all the music lovers who occasionally search for lyrics of various songs. This app makes this process easier and simpler.,2017-07-23T19:23:27Z,2023-12-13T22:39:57Z,17,2,Java,"android-application,lyrics,music,songs",https://github.com/nb2998/Lyrics,before_2023
232998099,liyasthomas/ludacris,🎶 Get song lyrics. No BS. https://liyasthomas.github.io/ludacris,2020-01-10T08:11:30Z,2025-01-10T14:36:56Z,38,4,CSS,"lyrics,lyrics-fetcher,music,songs",https://github.com/liyasthomas/ludacris,before_2023
85143233,ij96/163-lyrics-getter,获取网易云音乐歌词和中文翻译。 | Get lyrics and translated lyrics (Chinese) from NetEase Cloud Music (music.163.com).,2017-03-16T02:27:43Z,2025-09-10T10:27:11Z,19,3,C++,"163music,lyrics,netease-cloud-music,qt,translated-lyrics",https://github.com/ij96/163-lyrics-getter,before_2023
712563,mariosangiorgio/lyrics,A tool to add lyrics to a music database,2010-06-09T22:49:15Z,2023-01-28T08:58:30Z,5,3,Java,,https://github.com/mariosangiorgio/lyrics,before_2023
248226300,zyrouge/eris-music-bot,"An Eris Music Bot with Fully Blown Queue System, Loop, Lyrics and Bassboost made with Classes!",2020-03-18T12:31:45Z,2025-07-31T14:26:02Z,10,6,JavaScript,"eris-discord-bot,eris-music-bot,music-bot",https://github.com/zyrouge/eris-music-bot,before_2023
258929534,Konata09/ESLyric_netease,Lyrics from Netease Music for ESlyric in foobar2000,2020-04-26T03:23:44Z,2026-04-21T17:47:26Z,21,3,JavaScript,,https://github.com/Konata09/ESLyric_netease,before_2023
160166331,jimu-gh/Kashi,"Touch Bar widget that displays the lyrics of the current song in Spotify, Music, or YouTube. Written in Python, AppleScript, and JavaScript.",2018-12-03T09:33:59Z,2025-11-27T07:33:35Z,63,14,Python,,https://github.com/jimu-gh/Kashi,before_2023
88665373,DarrenKe/Music-Mood-Detection-using-Text-Mining-on-Lyrics-,"During my undergrad, I implemented a music recommendation system based on music digital track analysis. However, it's time for me to use text mining technology on lyrics to upgrade that project.  Goals: (1)build a music mood(happy or sad) classifier based on lyrics analysis              (2)what words and their distributions are in different mood categories?              (3)How are the key words change in songs for the recent years?  Project evaluation:  (1)data collection: the training data and validation data will be collected from the largest lyric database on Lyricwiki.org  (2)feature selection: the most common feature type to consider are BOW(bag of word) and POS(part of speech)       combined with stemming using word-net   (3)Training model : SVM, Naive Bayes using grid search method.  (4)data visualization for goal two and three   This project will be done using python on jupyter notebook.  reference:  Hu, X. (2010). Improving music mood classification using lyrics, audio and social tags (Doctoral dissertation, University of Arizona).",2017-04-18T20:00:07Z,2026-04-01T09:41:32Z,28,3,Jupyter Notebook,,https://github.com/DarrenKe/Music-Mood-Detection-using-Text-Mining-on-Lyrics-,before_2023
242209006,zmusic-dev/zmusic-plugin,"强大的 Minecraft 音乐系统，支持歌词/歌单/多平台 | Powerful Minecraft music system with lyrics, playlists, and multi-platform support",2020-02-21T18:51:44Z,2026-05-07T01:46:59Z,149,18,Kotlin,"bukkit-plugin,bungeecord-plugin,cross-platform,kotlin,lyrics,minecraft,minecraft-plugin,music,music-player,velocity-plugin",https://github.com/zmusic-dev/zmusic-plugin,before_2023
244626810,elizabetdev/fork-this,"They say I'm invisible! Fork this, I'm original!",2020-03-03T12:11:00Z,2025-04-23T19:34:54Z,54,4,,"lyrics,music,tech,videoclip",https://github.com/elizabetdev/fork-this,before_2023
141841428,simranvatsa/tayloR,I analyzed Taylor Swift's music and lyrics using R!,2018-07-21T19:44:17Z,2025-05-23T00:54:44Z,19,4,R,,https://github.com/simranvatsa/tayloR,before_2023
123575389,winyl-player/winyl,Winyl's main repository.,2018-03-02T12:15:35Z,2026-05-08T20:02:21Z,235,32,C++,"audio,c-plus-plus,cue-sheet,gapless,lyrics,manager,music,player,windows,winyl",https://github.com/winyl-player/winyl,before_2023
568120908,nevernotmove/obsidian-chordlyrics,Obsidian.md plugin that displays chords over lyrics.,2022-11-19T14:16:15Z,2026-03-20T04:07:36Z,61,3,TypeScript,"chords,lyrics,music,obsidian,obsidian-md,obsidian-plugin,plugin",https://github.com/nevernotmove/obsidian-chordlyrics,before_2023
496807708,hbtalha/genius_lyrics,Download song lyrics and metadata from Genius.com,2022-05-27T00:03:29Z,2025-01-21T00:50:14Z,6,5,Dart,"dart,dart-package,flutter,hacktoberfest,hacktoberfest2023,lyrics,lyrics-fetcher,lyrics-search,lyricsgenius,music",https://github.com/hbtalha/genius_lyrics,before_2023
94880194,SamuelGong/MusicPlayer,A gorgeous wav player based on Qt，equiped with lyric and spectrum display,2017-06-20T10:39:37Z,2025-06-30T13:58:41Z,8,5,C++,"lyrics,music-player,playlist,qt5-gui,spectrum,wav",https://github.com/SamuelGong/MusicPlayer,before_2023
466502558,IllusionMan1212/lyrics-grabbr,App that listens to your notifications and provides lyrics for the currently playing song.,2022-03-05T16:10:25Z,2026-01-23T06:08:03Z,35,3,Kotlin,"android,android-app,f-droid,fdroid,lyrics,music",https://github.com/IllusionMan1212/lyrics-grabbr,before_2023
194839918,avdynut/AimpLyrics,Lyrics plugin for AIMP music player,2019-07-02T10:13:47Z,2026-01-21T06:23:00Z,13,3,C#,"aimp-music-player,lyrics,lyrics-finder,lyrics-search",https://github.com/avdynut/AimpLyrics,before_2023
477082049,1826013250/NeteaseMusicLyricDownloader,A simple tool to download lyrics in Netease Music,2022-04-02T14:43:11Z,2025-04-27T23:15:22Z,12,3,Python,,https://github.com/1826013250/NeteaseMusicLyricDownloader,before_2023
324615827,0x2b3bfa0/python-blobopera,Toolkit to convert MusicXML files into Blob Opera scores with real lyrics.,2020-12-26T18:48:32Z,2025-11-05T12:43:17Z,37,5,Python,"blob-opera,lyrics,musescore,music,music21,musicxml,score,singing-voice-synthesis",https://github.com/0x2b3bfa0/python-blobopera,before_2023
278940572,cvzi/Youtube-Music-Genius-Lyrics-userscript,"Userscript, Show lyrics/songtexts from genius.com on Youtube Music",2020-07-11T20:56:56Z,2026-04-18T16:11:13Z,21,2,JavaScript,"genius,genius-lyrics,greasemonkey-script,lyrics,songtext,userscript,youtube,youtube-music,youtubemusic",https://github.com/cvzi/Youtube-Music-Genius-Lyrics-userscript,before_2023
196896800,vidify/vidify,Detect the songs playing on your device and play their music videos anywhere,2019-07-15T00:25:58Z,2026-01-16T09:36:12Z,124,9,Python,"linux,lyrics,macos,mpris,music,spotify,spotify-music-videos,spotify-videos,videos,windows,youtube",https://github.com/vidify/vidify,before_2023
288457960,majora2007/lyricscraper,"Point this at a directory of music and enjoy lyrics. Simple as that. Scrapes from multiple providers, downloads txt files for lyrics and optionally can embed them into IDv3 tags.",2020-08-18T13:04:18Z,2025-12-14T18:02:39Z,18,2,Python,"idv3-tags,lyrics,music,python,webscraping",https://github.com/majora2007/lyricscraper,before_2023
97146640,AnaghSharma/Carol-Xamarin,A minimal and beautiful lyrics app for macOS built with Xamarin and C#,2017-07-13T17:01:09Z,2026-03-13T04:21:02Z,105,5,C#,"app,itunes,lyrics,mac,macos,macos-app,macos-menubar,macosx,music,musixmatch,popover,spotify,xamarin,xamarin-mac",https://github.com/AnaghSharma/Carol-Xamarin,before_2023
3209069,ravibits/Lyrics-for-Chrome,"This Google Chrome™ extension brings lyrics to video's and songs on YouTube™, Last.fm™, Grooveshark™ and Google Music™, without annoying popups! ",2012-01-18T14:12:21Z,2026-01-26T11:57:07Z,2,8,JavaScript,,https://github.com/ravibits/Lyrics-for-Chrome,before_2023
32388729,nikwolfe7/music-lyrics,,2015-03-17T11:10:20Z,2018-10-01T15:29:29Z,0,5,C++,,https://github.com/nikwolfe7/music-lyrics,before_2023
100491330,tmthyjames/cypher,Easily retrieve music lyrics,2017-08-16T13:17:43Z,2023-12-06T19:28:55Z,3,3,Jupyter Notebook,hacktoberfest,https://github.com/tmthyjames/cypher,before_2023
256960576,thesephist/cornelia,Guess that Taylor Swift line <3,2020-04-19T09:28:01Z,2025-12-22T11:38:12Z,23,5,JavaScript,"blocks-css,lyrics,music,taylor-swift,torus-dom",https://github.com/thesephist/cornelia,before_2023
142841555,kjaisingh/Rap-Lyrics-Generator,"An LSTM implementation for a Rap Lyric Generator that spawns rap lyrics based on a Kaggle dataset with over 38,000 lines.",2018-07-30T07:36:44Z,2025-08-16T14:27:36Z,12,4,Python,"artificial-intelligence,lstm,lyrics,machine-learning,music,natural-language-processing,nlp,python,rap,teenager,youth",https://github.com/kjaisingh/Rap-Lyrics-Generator,before_2023
32246980,patilvg89/Music-Player-with-lyrics-and-Karaoke,Music Player with lyrics and Karaoke,2015-03-15T05:43:55Z,2024-05-06T21:47:03Z,5,3,Java,,https://github.com/patilvg89/Music-Player-with-lyrics-and-Karaoke,before_2023
488007626,ImranR98/AutoLyricize,Automatically find and embed song lyrics.,2022-05-02T22:22:55Z,2026-03-24T23:56:17Z,18,5,Python,"automation,genius-lyrics,genius-lyrics-search,lyrics,lyrics-finder,lyrics-scraping,lyrics-search,metadata,mp3,music,python,python-3,python-script,python3,song-lyric-fetcher,song-lyrics,songs,web-scraping",https://github.com/ImranR98/AutoLyricize,before_2023
510639901,yogeshwaran01/lyricy,A command line lyrics utility tool which search and add lyrics to your offline songs. 🎵,2022-07-05T07:55:34Z,2025-10-27T11:48:39Z,36,3,Python,"cli,downloader,lyrics,lyrics-fetcher,lyrics-finder,lyrics-search,mp3,music,pypi,python,songs,spotify",https://github.com/yogeshwaran01/lyricy,before_2023
131222930,taubergm/Billboard-Spotify-Lyrics-Music-analysis,Scripts to get musical data on billboard-hot100 songs from spotify,2018-04-27T00:01:37Z,2025-12-22T22:34:33Z,6,3,R,,https://github.com/taubergm/Billboard-Spotify-Lyrics-Music-analysis,before_2023
344419676,Tanishquasar/animec,"A module to get data about anime characters, news, info, lyrics and more.",2021-03-04T09:30:38Z,2026-01-16T14:53:03Z,32,9,Python,"anime,anime-character-data,anime-characters,anime-info,anime-news,animec,animelyrics,bs4,character,lyrics,music,myanimelist,package,pip,python",https://github.com/Tanishquasar/animec,before_2023
579754808,skuill/LyricsScraperNET,🎼LyricsScraperNET is a versatile .NET library that provides an API for searching song lyrics from the web.,2022-12-18T20:07:14Z,2026-04-17T14:13:25Z,9,3,C#,"api,azlyrics,c-sharp,csharp,dotnet,genius,kpoplyrics,lyricfind,lyrics,music,musixmatch,song,song-lyrics,songlyrics",https://github.com/skuill/LyricsScraperNET,before_2023
120311486,Prakriti-nith/Music-Player,Audio player with lyrics scraper,2018-02-05T13:55:37Z,2023-10-10T10:48:12Z,1,5,Python,,https://github.com/Prakriti-nith/Music-Player,before_2023
418952639,b5i/apple-playlist-lyrics-downloader,Download time synced lyrics of all yours Apple Music playlists in nodejs and Python3,2021-10-19T14:09:32Z,2025-11-23T03:22:29Z,20,2,Python,"apple,apple-music,lyrics,nodejs,python,python3,time-synced-lyrics",https://github.com/b5i/apple-playlist-lyrics-downloader,before_2023
332179548,mytja/harmonoid-music-bot,"🎵 Music bot for Discord. Supports lyrics, queues & plays using both YT Music & YouTube.",2021-01-23T10:08:18Z,2026-05-03T20:22:46Z,11,3,Python,"bot,discord,discord-bot,discord-music,discord-py,music",https://github.com/mytja/harmonoid-music-bot,before_2023
106044657,AbdullahWali/Spotify-Lyrics,Display lyrics on a webpage as you listen to music on spotify,2017-10-06T19:53:21Z,2022-05-01T08:47:37Z,12,2,JavaScript,"express,lyrics,music,node-js,nodejs,spotify",https://github.com/AbdullahWali/Spotify-Lyrics,before_2023
88803957,Dsiner/DMusic,"DMusic Player for Android - An online music player based on Component + MVP Base + MVP Customization + greenDAO + OkHttp3 + Retrofit + RxJava2; supports local and network music playback; can play Baidu music, Netease cloud music; support online music list , radio, MV, music online, download, local and online lyrics; Lyrics, music cache; self-built song list, song management, collection, sorting, sorting, skinning, sleep timing, mode switching, more settings, etc. 基于 Component + MVP Base + MVP Customization + greenDAO + OkHttp3 + Retrofit + RxJava2 的在线音乐播放器; 支持本地及网络音乐播放; 可播放百度音乐，网易云音乐; 支持在线音乐榜单, 电台, MV, 音乐在线播放,下载, 本地及在线歌词; 歌词, 音乐缓存; 自建歌单, 歌曲管理, 收藏, 排序, 分类, 换肤, 睡眠定时, 模式切换, 更多设置等",2017-04-20T00:41:09Z,2026-04-04T04:31:57Z,149,46,Java,"cache,customizable,lrc,lrc-parser,multi-function,music,music-download,music-player,mv,online-music,skin",https://github.com/Dsiner/DMusic,before_2023
281018402,Koras02/Visualizer,Music player with audio visualization & find lyrics,2020-07-20T05:04:30Z,2020-07-20T05:04:32Z,0,6,,,https://github.com/Koras02/Visualizer,before_2023
392848098,Fingolfin7/Music-Metadata-and-Lyrics,Python project that updates metadata (including album art) and searches for lyrics from the Genius API. ,2021-08-04T23:23:32Z,2026-02-04T07:51:37Z,9,2,Python,"album-art,genius-api,genius-lyrics,music-lyrics,music-metadata",https://github.com/Fingolfin7/Music-Metadata-and-Lyrics,before_2023
532894306,AlexanderDotH/OpenLyricsClient,A lyrics synchronization tool for everyone,2022-09-05T12:37:35Z,2026-04-29T23:13:04Z,72,3,C#,"ai,avalonia,avalonia-ui,avaloniaui,deezer,karaoke,karaoke-application,listening,lyrics,lyrics-fetcher,music,pretty,romanization,sound,soundcloud,spotify,synchronization,ui,ux,youtube",https://github.com/AlexanderDotH/OpenLyricsClient,before_2023
177971942,trionoputra/android-music-streaming-with-lyrics,Music streaming apps for android with lyrics,2019-03-27T10:33:50Z,2024-02-22T18:44:00Z,10,2,Java,"android,android-application,android-studio,cardview,glide,java,music-streaming,recyclerview,retrofit",https://github.com/trionoputra/android-music-streaming-with-lyrics,before_2023
115910279,prosperityai/LyricsGenerator,A simple AI to generate music lyrics,2018-01-01T09:30:45Z,2023-06-21T03:02:05Z,4,2,Python,"artificial-intelligence,lyrics,machine-learning,markov-decision-processes,text-classification",https://github.com/prosperityai/LyricsGenerator,before_2023
242302782,KruzeZab/Central-Lyrics,A music lyrics website.,2020-02-22T07:57:04Z,2022-10-09T06:24:55Z,0,4,JavaScript,"hacktoberfest,python",https://github.com/KruzeZab/Central-Lyrics,before_2023
81538028,jontsai/pychopro,"Utilities for manipulating, converting, and rendering ChoPro/ChordPro text.",2017-02-10T07:15:23Z,2025-10-17T00:10:43Z,11,6,Python,"chopro,chordpro,chords,lyrics,music",https://github.com/jontsai/pychopro,before_2023
199090506,alphaolomi/primelyrics,A finder any📃lyrics  for your music.🎶,2019-07-26T23:13:11Z,2025-04-27T23:16:45Z,7,3,TypeScript,"lyric-finder,lyrics,lyrics-mono,musixmatch,musixmatch-api,react,reactjs",https://github.com/alphaolomi/primelyrics,before_2023
295601117,TextAliveJp/textalive-app-api,音楽に合わせてタイミングよく歌詞が動くWebアプリケーション（リリックアプリ）を開発できるJavaScript API / JavaScript API for developing web applications that show lyrics synchronized with the music playback (lyric apps),2020-09-15T03:11:37Z,2026-05-07T06:56:47Z,161,10,,"creative-coding,javascript,lyric-app,lyrics,songle,textalive,typescript-library",https://github.com/TextAliveJp/textalive-app-api,before_2023
463792800,sonikkk-526/Lyrics-Editor-for-.LRC,A simple lyrics editor (generator and organizer as well) for .LRC files.,2022-02-26T08:05:14Z,2025-12-17T03:55:52Z,11,2,Java,"editor,java,lrc-files,music",https://github.com/sonikkk-526/Lyrics-Editor-for-.LRC,before_2023
153221942,hyades910739/NJU_MusicMood,Lyrics sentiment analysis with NJU_MusicMood dataset,2018-10-16T04:20:06Z,2024-06-27T06:41:51Z,5,2,Python,,https://github.com/hyades910739/NJU_MusicMood,before_2023
147124928,gusper/SongTxt-vscode,"Visual Studio Code extension that adds support for editing text files for songs including lyrics, chords, guitar tablature, etc.",2018-09-02T21:59:39Z,2026-04-24T15:45:55Z,34,7,TypeScript,"chords,guitar,guitartabs,lyrics,music,songs,tabs,transcribe,ultimate-guitar,visualstudio,vscode",https://github.com/gusper/SongTxt-vscode,before_2023
32958047,timbru31/mp3lyrics,🎵 📝 CLI for mp3 lyrics fetching. Uses ruby-mp3info and some lyric wikis,2015-03-26T23:49:44Z,2025-12-19T23:51:58Z,10,3,Ruby,"cli,genius,itunes,lyrics,metrolyrics,mp3-files,mp3info,mp3tag,music,ruby,ruby-mp3info",https://github.com/timbru31/mp3lyrics,before_2023
402719307,SSstupid/Search_Lyrics-and-Put-Lyrics,You can search and save the lyrics. Then you can put the lyrics into the music.,2021-09-03T09:42:09Z,2023-10-03T06:03:57Z,7,2,C#,,https://github.com/SSstupid/Search_Lyrics-and-Put-Lyrics,before_2023
2065208,ojcarcete/googleplay-lyrics,"Chromium extension to display lyrics for the ""Now Playing"" Song in http://music.google.com",2011-07-18T08:33:27Z,2025-10-26T21:04:39Z,10,2,JavaScript,,https://github.com/ojcarcete/googleplay-lyrics,before_2023
42685694,ilpianista/harbour-Lyrics,Music lyrics application for Sailfish OS,2015-09-17T22:38:01Z,2026-04-09T06:35:43Z,0,4,C++,sailfishos,https://github.com/ilpianista/harbour-Lyrics,before_2023
416718553,jhammarstedt/Spotify-Live-Lyrics,Real Time Lyrics when playing music from Spotify Account,2021-10-13T11:45:24Z,2024-12-27T07:56:57Z,7,2,Python,"lyrics-fetcher,music,spotify,spotify-api",https://github.com/jhammarstedt/Spotify-Live-Lyrics,before_2023
119167805,LogicalOverflow/music-sync,A go application to play the same music on multiple devices at (exactly) the same time.,2018-01-27T13:41:52Z,2025-07-17T20:56:49Z,24,4,Go,"audio,golang,golang-application,lyrics,music,music-player,music-sync,ntp,protobuf3,time-sync,time-synchronization",https://github.com/LogicalOverflow/music-sync,before_2023
17084070,JackTeam/KuGouMusic,"KuGouMusic is a music player, can play online with local music, support the lyrics show, based on KuGou music App.",2014-02-22T12:09:02Z,2018-05-17T03:12:27Z,5,4,Objective-C,,https://github.com/JackTeam/KuGouMusic,before_2023
221635530,lideming/MusicCloud,Web client of MusicCloud,2019-11-14T07:18:03Z,2025-10-26T11:28:32Z,20,2,TypeScript,"lrc,lyrics,music,music-player,typescript,webapp,webfx",https://github.com/lideming/MusicCloud,before_2023
465549721,tashapiro/predicting-song-music-genre,What part of a song is better at determining it's music genre - the music (audio features) or the lyrics (NLP) ?,2022-03-03T03:08:54Z,2025-08-30T07:02:27Z,14,3,Jupyter Notebook,"data-science,multiclass-classification,nlp",https://github.com/tashapiro/predicting-song-music-genre,before_2023
102024935,adi555j/musicplayer,very simple music player and lyrics viewer,2017-08-31T17:08:08Z,2023-10-12T09:32:44Z,5,2,C#,"c-sharp,lyrics-viewer,music-player",https://github.com/adi555j/musicplayer,before_2023
285425650,etarakci/music-genre-prediction,Machine Learning and NLP was used to predict a song's genre based off its audio features and lyrics respectively. Users can test the models with lyrics they paste in onto our website.,2020-08-05T23:25:09Z,2026-03-16T15:13:50Z,3,4,Jupyter Notebook,"audio-features,dataset,lyrics,machine-learning,natural-language-processing,nlp,song-genre,web-application",https://github.com/etarakci/music-genre-prediction,before_2023
522232098,AmishaMurarka/Sentiment-Analysis-of-Song-Lyrics,"Music is a powerful language to express our feelings and in many cases is used as a therapy to deal with tough moments in our lives or as a tool to celebrate the joyous moments. The different sounds, rhythms, and effects used in music are capable to modify our emotions for a moment, but there’s a component that sometimes goes unnoticed when we are listening to music; The Lyrics of the songs. Lyrics are powerful texts that share the ideas that came from the mind of the author when the song was been created.",2022-08-07T14:15:29Z,2025-05-04T10:18:13Z,9,3,Jupyter Notebook,"fast-text,keras,lstm-neural-networks,nlp-machine-learning,plotly,python,selenium-python,sentiment-analysis,sentimental-analysis,stopwords-removal,vader,vader-sentiment-analysis,web-scraping",https://github.com/AmishaMurarka/Sentiment-Analysis-of-Song-Lyrics,before_2023
13704853,samik-saha/glyrics,"Gaana Lyrics App and Extensions for Google Chrome browser - shows lyrics on streaming music services like Youtube music, Spotify, Pandora, Gaana.com and others",2013-10-19T16:57:34Z,2025-05-11T21:12:23Z,15,2,JavaScript,"gaana,gaana-lyrics,google-music,groove,javascript,lyrics,pandora,spotify,streaming-music-services,youtube-music",https://github.com/samik-saha/glyrics,before_2023
568657766,PureAspiration/SpotifySurface,A minimalistic window with lyrics synced to Spotify on the surface of your screen,2022-11-21T06:01:26Z,2026-04-08T04:15:14Z,22,4,Python,"lyrics,lyrics-fetcher,music,musixmatch,musixmatch-lyrics,spotify,spotify-api,spotify-web-api,tkinter",https://github.com/PureAspiration/SpotifySurface,before_2023
165878931,marian-code/wikipedia-music-tags,Music tagger with GUI that parses wikipedia for information. Can also download album art and lyrics.,2019-01-15T15:50:15Z,2026-03-25T20:28:22Z,16,2,Python,"album-art,console-application,gui,lyrics-fetcher,lyrics-search,music-information-retrieval,music-tagger,music-tagging,pyinstaller,pyqt5,pyside2,python-3,wikipedia-scraper",https://github.com/marian-code/wikipedia-music-tags,before_2023
458651454,zack-tan/music-lyrics-analysis,"An analysis of lyrics in rap music, involving web scraping, cosine similarity, MDS plots, LDA and topic modeling",2022-02-12T22:12:27Z,2024-09-03T10:38:35Z,4,2,Jupyter Notebook,,https://github.com/zack-tan/music-lyrics-analysis,before_2023
383875886,puffjiggly/melli,"Music recommendation application, search by lyrics",2021-07-07T17:27:20Z,2021-07-09T01:08:28Z,1,4,JavaScript,,https://github.com/puffjiggly/melli,before_2023
453169500,Dank-del/MusixScrape,A Golang library to scrape lyrics from musixmatch.com,2022-01-28T18:09:06Z,2025-04-29T01:32:41Z,15,2,Go,"golang,lyrics,music,musixmatch,musixmatch-data",https://github.com/Dank-del/MusixScrape,before_2023
88483806,sameergarg26/Music-Lyrics,"An Android Application that fetches lyrics from the Internet of the current Now Playing Song in your mobile and displays it on your screen. The lyrics are also saved locally, enabling the user to view them any time.",2017-04-17T07:35:04Z,2025-02-05T17:58:42Z,3,2,Java,,https://github.com/sameergarg26/Music-Lyrics,before_2023
83887068,mihaiolteanu/bash-lyrics,"Save, search and play the lyrics",2017-03-04T10:59:29Z,2025-08-20T14:04:09Z,29,0,Shell,"cmus,lyric-parser,lyrics,music,zaw",https://github.com/mihaiolteanu/bash-lyrics,before_2023
143833645,bchao1/lyricsfinder,🎵 Tkinter-based desktop app for finding lyrics online.,2018-08-07T07:04:30Z,2024-08-17T15:31:31Z,2,3,Python,"desktop-app,gui,lyrics,music,tkinter",https://github.com/bchao1/lyricsfinder,before_2023
336413037,Game-Linter/Discord-Music-Master,"AI powered none-stop Music Player that uses an optimized recommendation system to create a Beautiful Radio effect and keeps you jamming , with lyrics and more",2021-02-05T23:26:30Z,2025-07-07T06:07:35Z,12,3,TypeScript,"ai,automation,bot,discord-bot,discord-js,docker,radio,redis,typescipt,typescript",https://github.com/Game-Linter/Discord-Music-Master,before_2023
380441447,HuangRunHua/Apple-Music-Lyric-Animation,A small project written with SwiftUI achieves a scrolling effect similar to Apple Music lyrics.,2021-06-26T07:23:05Z,2026-05-03T20:00:12Z,62,1,Swift,"apple,apple-music,applemusic,ios,music,swiftui,swiftui-example",https://github.com/HuangRunHua/Apple-Music-Lyric-Animation,before_2023
26615239,georgid/AlignmentEvaluation,"Scripts for computing common lyrics-to-audio alignment evaluation metrics.   Usable evaluation for any token-based alignment (e.g. if token is word, phrase, note, section etc.) User for the evaluation of the MIREX Lyrics-to-audio challenge",2014-11-14T00:48:57Z,2023-09-15T17:47:16Z,18,6,Python,"alignment,annotations,correct-segments,csv,evaluation,lyrics,metrics,mirex,music,percentage,python,textgrid,timestamp",https://github.com/georgid/AlignmentEvaluation,before_2023
169226005,aciddjus/amplyfm,A free and open-source web app for streaming music.,2019-02-05T10:51:59Z,2025-10-27T11:05:23Z,60,3,JavaScript,"audio-player,audio-streaming,lastfm,lyrics,music,music-player,music-streaming,player,streaming,youtube,youtube-player",https://github.com/aciddjus/amplyfm,before_2023
370192439,qwqVictor/LyricsV,"Your lyrics, visible and valuable.",2021-05-24T01:13:19Z,2023-08-04T06:28:57Z,14,0,,"download-lyrics,itunes,lyrics,music,windows-app",https://github.com/qwqVictor/LyricsV,before_2023
431365036,tappyduckmancodes/multiplatform-lyric-downloader,"  Download synced .lrc lyric files from Spotify, Deezer, Musixmatch, LRCLIB & YouTube. Organized by Artist/Album. Windows/macOS/Linux.",2021-11-24T05:59:28Z,2026-05-07T04:42:38Z,76,6,Python,"lrc,lyrics,lyrics-scraping,music,musicbee,plex,spotify,spotify-api,spotipy",https://github.com/tappyduckmancodes/multiplatform-lyric-downloader,before_2023
291861288,djjd47130/Bohemian-Rhapsody,Non-functional code to only follow the lyrics of the song Bohemian Rhapsody.,2020-09-01T01:08:30Z,2024-02-16T21:58:37Z,4,3,Pascal,"bohemian-rhapsody,delphi,music",https://github.com/djjd47130/Bohemian-Rhapsody,before_2023
280813637,KhanShaheb34/BanglaSongLyricsScraper,Scrape 4000+ Bangla Song Lyrics,2020-07-19T07:19:08Z,2025-08-20T19:52:26Z,5,3,Python,"automation,bangla,bangla-dataset,bangla-lyrics,bangla-song,beautifulsoup,crawler,lyrics,music,python,scraper,song,song-lyrics",https://github.com/KhanShaheb34/BanglaSongLyricsScraper,before_2023
133853959,zhao1701/spotify-song-lyric-analysis,"An extended analysis of the evolution of American popular music from 1960 to 2017 using data from the Billboard Year-End Hot 100 charts, lyrics scraped from the web, and Spotify audio features.",2018-05-17T18:36:39Z,2026-05-06T18:54:27Z,61,8,Jupyter Notebook,,https://github.com/zhao1701/spotify-song-lyric-analysis,before_2023
513600782,KJY26/Cider_Lyrics,Apple Music Style Lyrics,2022-07-13T16:49:20Z,2022-12-17T08:30:23Z,10,0,Less,cidermusictheme,https://github.com/KJY26/Cider_Lyrics,before_2023
568005439,DEARHKS/MUSICBOT,"A music bot you can vibe with :) High Quality, Many Sources, Buttons, Filters, Queue, Volume Controls, Spotify, Lyrics !! ",2022-11-19T06:22:07Z,2023-11-09T09:17:45Z,0,5,,,https://github.com/DEARHKS/MUSICBOT,before_2023
49306978,lynnntropy/MusicBeeAnimeLyrics,A plugin for MusicBee to retrieve lyrics from animelyrics.com.,2016-01-09T02:09:01Z,2024-08-25T16:52:36Z,10,0,C#,,https://github.com/lynnntropy/MusicBeeAnimeLyrics,before_2023
79977762,ganigavinaya/Music_classification,NLP Project to songs based on lyrics,2017-01-25T02:55:31Z,2019-08-13T02:57:42Z,3,2,Python,,https://github.com/ganigavinaya/Music_classification,before_2023
4962583,benvd/err-music,Lyrics plugin for Err,2012-07-09T18:19:56Z,2018-05-12T08:06:02Z,2,2,Python,,https://github.com/benvd/err-music,before_2023
290230055,1Prototype1/HexBot,"A Relatively Simply Awesome Discord bot with Music, Games, Comics, Memes and other cool features. This bot is made in Python 3.8 using discord.py",2020-08-25T13:58:34Z,2026-03-25T10:03:33Z,99,16,Python,"8ball,currency-converter,discord,discord-bot,fortune-cookie,games,hacktoberfest,hexbot,ip,lyrics,memes,music,poll,python,quiz,tic-tac-toe,toss,weather,xkcd",https://github.com/1Prototype1/HexBot,before_2023
128263550,tyiannak/pyVisualizeMp3Tags,Generate visualisations and reports on collections of mp3 files using python,2018-04-05T20:58:20Z,2022-06-14T15:31:13Z,8,4,Python,"lyrics,mp3,music,song-analysis,tag-cloud",https://github.com/tyiannak/pyVisualizeMp3Tags,before_2023
337934505,Leewongi0731/lyrics-search-for-youtube,Youtube Music 가사 찾기 어플리케이션,2021-02-11T05:04:27Z,2021-03-21T09:46:03Z,0,3,Java,,https://github.com/Leewongi0731/lyrics-search-for-youtube,before_2023
200487324,codepradosh/Automatic-Music-Generation-System,"-Generating Irish Folk Tunes and Lyrics - using LSTM, this project uses Long Short-term Memory (LSTM) -based recurrent neural network (RNN) to generate music and lyrics using the Irish Folk Music dataset. Additionally, it also generates ""Bob Dylan-esque"" lyrics, using all of Bob Dylan's songs. -Technologies used- AWS, Deep Learning, Python.",2019-08-04T12:01:30Z,2026-01-01T11:44:52Z,8,2,Jupyter Notebook,,https://github.com/codepradosh/Automatic-Music-Generation-System,before_2023
564425296,aurras-official/Aurras,"Your Ultimate Music Companion, you can visit its website from the link below",2022-11-10T17:32:41Z,2026-04-20T20:23:24Z,43,4,Python,"app,cli,download,libmpv,lyrics,music,python3,song,spotdl,spotify,tui,ytmusic",https://github.com/aurras-official/Aurras,before_2023
323721634,kimsultech/tauonremote_android,"Tauon Remote  & Stream Android Application, Remote & Stream Tauon Music Box on your Android Phone",2020-12-22T20:02:34Z,2026-02-15T17:34:02Z,16,3,Java,"album-track,android-phone,lyrics,music,remote,streaming",https://github.com/kimsultech/tauonremote_android,before_2023
235229711,mrtaalebi/sponius,See lyrics of music currently playing on spotify in terminal by just typing `sponius`,2020-01-21T01:10:39Z,2020-07-14T05:40:01Z,16,2,Python,,https://github.com/mrtaalebi/sponius,before_2023
125088275,LinguaPlayer/LinguaLyrics,LinguaLyrics shows the lyric of playing music automatically,2018-03-13T17:18:36Z,2025-07-10T10:42:49Z,12,0,Python,"clementine,deepinmusic,linux,lyrics,music,music-player,player,smplayer,spotify,vlc",https://github.com/LinguaPlayer/LinguaLyrics,before_2023
323272316,zcoderboy/audio-lyrics,UI design for an audio player with some nice lyrics synchronization just like Spotify or Apple Music.,2020-12-21T08:16:10Z,2023-11-06T03:01:15Z,4,2,,"javascript,ui-design",https://github.com/zcoderboy/audio-lyrics,before_2023
168039482,sepehrsadri/android_music_player,"music player for android generated with the android studio (java) used cursor in media store provider and find local music, used ORM green Dao database for uses like playlist and favorite songs, support lyrics adding for the song and sync playing with the song, UI used material design components.",2019-01-28T21:21:31Z,2024-02-12T07:59:36Z,6,5,Java,,https://github.com/sepehrsadri/android_music_player,before_2023
92857685,AtarisMio/synoNeteaseLrc,"A Lyric plugin for Synolog NAS, it automatic search lyrics on music.163.com(netease);",2017-05-30T17:16:28Z,2024-08-10T01:35:58Z,18,2,PHP,,https://github.com/AtarisMio/synoNeteaseLrc,before_2023
248249045,khusharth/musology,"A web application made in vanilla JS where you can search :mag: for music :notes: , listen to a preview of it and also find its lyrics :scroll:.",2020-03-18T14:08:35Z,2024-03-24T08:24:08Z,29,5,JavaScript,"css3,html5,javascript,sass,webpack",https://github.com/khusharth/musology,before_2023
230198818,patelmanthan777/Lifter,"Simple music player for android with changing images, music visualizer and lyrics download. ",2019-12-26T05:11:37Z,2019-12-26T05:11:39Z,0,4,,,https://github.com/patelmanthan777/Lifter,before_2023
433927147,UltiRequiem/azlyrics_api,🎶 An API interface for azlyrics,2021-12-01T17:43:57Z,2025-08-10T23:44:10Z,8,4,Python,"docker,fastapi,lyrics,lyrics-api,music,python",https://github.com/UltiRequiem/azlyrics_api,before_2023
286334760,mathigatti/pop-lyrics-dataset,XX and XXI century pop artist lyrics,2020-08-09T23:36:38Z,2023-02-10T23:39:38Z,3,2,,"dataset,lyrics,music,pop-music",https://github.com/mathigatti/pop-lyrics-dataset,before_2023
132375965,prakashranjan/music-mood-classifier,music mood classifier based on lyrics and acoustics,2018-05-06T21:05:45Z,2023-09-05T06:15:31Z,14,0,Python,"acoustics,classifier,lyrics,mood,music,pylyrics,spotify,spotipy",https://github.com/prakashranjan/music-mood-classifier,before_2023
107003712,qibinc/Lyrics,Deep learning for lyrics.,2017-10-15T10:47:43Z,2021-05-17T07:23:33Z,8,1,Jupyter Notebook,"artificial-intelligence,deep-learning,literacy,music,nlp",https://github.com/qibinc/Lyrics,before_2023
72977323,AlickH/AlfredWorkflows,Some Alfredworkflow archives,2016-11-06T07:58:00Z,2026-03-04T03:24:01Z,34,4,,"alfred,alfred-workflow,bilibili,comic,dm5,lyrics,music,netease-music",https://github.com/AlickH/AlfredWorkflows,before_2023
329705194,Eimaen/MusixmatchClientLib,Client library for Musixmatch,2021-01-14T18:46:04Z,2026-04-17T05:36:03Z,21,2,C#,"api-client,lyrics,music,musixmatch,musixmatch-api",https://github.com/Eimaen/MusixmatchClientLib,before_2023
231983969,youkaclub/lyr,search lyrics for song using python,2020-01-05T22:25:14Z,2021-12-27T07:02:20Z,0,3,Python,"lyrics,music,python",https://github.com/youkaclub/lyr,before_2023
407914826,james-muriithi/music-cloud,"A music app that consumes apple music API and Genius lyrics Api, built with Vue, Vuex, Vue Router and Vuetify",2021-09-18T16:44:19Z,2024-01-23T21:11:48Z,7,1,Vue,"vue,vue-music,vue-music-player,vuetify-music-player,vuetify-project",https://github.com/james-muriithi/music-cloud,before_2023
294853556,dmarto/lyrics,music helper,2020-09-12T02:24:33Z,2023-01-28T00:59:41Z,4,0,Shell,,https://github.com/dmarto/lyrics,before_2023
36009167,JumuFENG/foobar2000_ESLyricScript,the ESLyric script for foobar 2000 to download the lyrics from baidu music,2015-05-21T11:32:59Z,2024-01-12T10:49:22Z,9,2,JavaScript,,https://github.com/JumuFENG/foobar2000_ESLyricScript,before_2023
60431770,petru-dimitriu/lyrics-visualizer,Pretty music lyrics visualizer,2016-06-04T21:53:20Z,2025-05-13T19:39:29Z,7,0,JavaScript,,https://github.com/petru-dimitriu/lyrics-visualizer,before_2023
379671817,sanyogthescholar/lyricify,Lyricify - An Android app to show you lyrics of currently playing song in real time,2021-06-23T16:52:27Z,2026-02-05T20:26:34Z,14,3,Java,"android,android-app,android-application,java,lyrics,lyrics-fetcher,music,musixmatch,musixmatch-api,spotify",https://github.com/sanyogthescholar/lyricify,before_2023
486793917,ShevonKuan/Lyrics4youtube-music,为网页版youtube music添加歌词服务，基于油猴脚本,2022-04-29T00:59:28Z,2025-03-31T02:50:48Z,6,1,Vue,,https://github.com/ShevonKuan/Lyrics4youtube-music,before_2023
427088612,TheShubhamArya/Music-Detection-Lyrics-Generator-App,"This is a mysic detection app that uses ShazamKit to detect music. Once it detects the music, it takes the information about that music to find lyrics for that song using a Lyrics API.",2021-11-11T17:35:15Z,2024-04-02T17:40:35Z,11,1,Swift,"lyrics-api,shazamkit,swiftui",https://github.com/TheShubhamArya/Music-Detection-Lyrics-Generator-App,before_2023
439680453,KendallDoesCoding/mogul-christmas,Ludwig Ahgren made a Christmas Album in 2020. I just thought of a project cause I was bored where you can play all the songs by a click of a button which you can already do from his timestamps but what makes it special is that it has lyrics of those songs too and a bunch of other features.,2021-12-18T17:53:53Z,2025-03-20T14:57:15Z,22,64,HTML,"christmas,collaboration,content-creators,contentcreators,contributions-welcome,contributorswanted,css,fun-project,good-first-issue,hacktoberfest,html,javascript,ludwig,ludwig-ahgren,mogul-christmas,music,music-player,qtcinderella,songs,youtube",https://github.com/KendallDoesCoding/mogul-christmas,before_2023
191464477,AmanoTeam/LyricsPy,"Python library for searching lyrics on Musixmatch, Genius and letras.mus.br.",2019-06-11T23:33:10Z,2025-04-26T01:26:24Z,10,0,Python,"genius,lyrics,lyrics-fetcher,music,musixmatch,python,python-library,python3",https://github.com/AmanoTeam/LyricsPy,before_2023
233636820,HtooEainThin/htooeainthin.github.io,Htoo Eain Thin's Memorials and Lyrics,2020-01-13T16:10:25Z,2025-07-29T05:38:02Z,1,3,HTML,"htooeainthin,lyrics,music",https://github.com/HtooEainThin/htooeainthin.github.io,before_2023
528790192,bddvlpr/vrc-osc-spotify,Small Spotify integration into VRChat's chatbox OSC.,2022-08-25T09:55:53Z,2026-03-15T22:31:39Z,12,4,TypeScript,"lyrics,music,osc,pinned,spotify,spotify-api,vrchat",https://github.com/bddvlpr/vrc-osc-spotify,before_2023
58857882,aminroosta/prj-amin-lyrics-bot,A telegram bot to fetch music lyrics,2016-05-15T11:21:47Z,2024-02-19T13:05:59Z,10,1,JavaScript,,https://github.com/aminroosta/prj-amin-lyrics-bot,before_2023
310218367,whopiyush/lyriks.js,A lyrics scraping api for nodejs,2020-11-05T07:14:04Z,2025-03-31T22:25:46Z,5,2,TypeScript,"api,azlyrics,lyrics,music,musixmatch,nodejs,scraping,song",https://github.com/whopiyush/lyriks.js,before_2023
36539651,matbhz/musicLyrics,,2015-05-30T02:30:11Z,2015-11-07T23:32:20Z,5,0,JavaScript,,https://github.com/matbhz/musicLyrics,before_2023
497187,nakula/Lyrics,"embed lyrics for youtube videos, youtube disco music and last.fm song/music pages ",2010-02-01T09:37:55Z,2021-03-06T22:40:44Z,4,0,JavaScript,,https://github.com/nakula/Lyrics,before_2023
298277804,kokarare1212/MusicBee.PetitLyrics,,2020-09-24T12:51:20Z,2025-06-04T00:59:26Z,6,0,C#,,https://github.com/kokarare1212/MusicBee.PetitLyrics,before_2023
89987741,davidklaing/kendrick,Analysis of Kendrick Lamar's music and lyrics.,2017-05-02T03:28:42Z,2023-09-15T05:34:00Z,1,2,R,,https://github.com/davidklaing/kendrick,before_2023
266021036,aboutmydreams/RapLyrics-Back,"Model training, custom generative function and training for raplyrics.eu - A rap music lyrics generation project",2020-05-22T04:51:19Z,2020-05-22T04:51:21Z,0,3,,,https://github.com/aboutmydreams/RapLyrics-Back,before_2023
2253530,alvsanand/lyrics,Simple test of android that plays music with its lyrics,2011-08-23T06:33:40Z,2013-01-04T02:46:51Z,1,2,Java,,https://github.com/alvsanand/lyrics,before_2023
380029717,Saifahmadkhan/Music-Recommendation-System,This is Content based music recommendation system. I have used both audio features and lyrics (text based) features for recommending most similar songs to a given query song.,2021-06-24T19:23:42Z,2025-07-05T13:06:42Z,9,2,Python,"artifical-intelligence,audio,content-based-recommendation,deep-learning,fma-dataset,genre-classification,gui,information-retrieval,lyrics,lyrics-classifier,machine-learning,mfcc,music-recommendation,python,recommendation-system,song-recommendation,song-recommender,streamlit,web-application",https://github.com/Saifahmadkhan/Music-Recommendation-System,before_2023
223581254,davidjimenez75/aplayer-lyrics-lister,APlayer + Small PHP script to list your own music with lyrics,2019-11-23T11:57:37Z,2025-06-02T09:07:24Z,2,2,JavaScript,,https://github.com/davidjimenez75/aplayer-lyrics-lister,before_2023
155318307,nicholastoulouse/MusicSongLyrics,HTML/CSS/JavaScript project consuming client-side APIs,2018-10-30T03:22:47Z,2019-03-12T18:00:17Z,0,2,JavaScript,,https://github.com/nicholastoulouse/MusicSongLyrics,before_2023
512936116,aizcutei/Lyrecs,A lyrics displayer for Apple Music. ,2022-07-11T23:24:54Z,2025-03-19T08:33:54Z,8,0,Rust,"apple-music,cross-platform,download-lyrics,lyrics,music,rust,tauri",https://github.com/aizcutei/Lyrecs,before_2023
460308805,codyduong/ytmusicapiJS,Unofficial API for YouTube Music,2022-02-17T06:26:22Z,2026-05-01T16:02:48Z,11,2,TypeScript,"api,lyrics,music,node,node-js,nodejs,typescript,ytmusic,ytmusicapi",https://github.com/codyduong/ytmusicapiJS,before_2023
181004154,sujinleeme/BTS-music-analysis,Exploring BTS(Bangtan Boys)'s music & lyrics.,2019-04-12T12:31:10Z,2024-09-17T20:05:13Z,8,0,Jupyter Notebook,,https://github.com/sujinleeme/BTS-music-analysis,before_2023
121590206,aaronhktan/lyric-grabber,"Grabs lyrics from lyric websites and puts them into ID3 tags and text files. PyQt, Python.",2018-02-15T04:13:21Z,2025-06-25T21:14:19Z,20,2,Python,"find-lyrics,lyrics,macos,metadata,music,python,songs,ubuntu,windows",https://github.com/aaronhktan/lyric-grabber,before_2023
204243086,schellenberg/lyric-grabber-for-plex,"Lyric Grabber for Plex automatically searches a folder (and any inner folders) of music for audio files, reads their metadata, downloads the lyrics for any song it can find, and saves them in the format that Plex expects.",2019-08-25T03:53:12Z,2026-01-08T16:51:03Z,39,7,HTML,,https://github.com/schellenberg/lyric-grabber-for-plex,before_2023
161008521,kunj17/MUSIC-GENERATION-USING-DEEP-LEARNING,Generating Music and Lyrics using Deep Learning via Long Short-Term Recurrent Networks (LSTMs). Implements a Char-RNN in Python using TensorFlow.,2018-12-09T05:43:23Z,2024-01-13T06:54:35Z,7,2,Jupyter Notebook,,https://github.com/kunj17/MUSIC-GENERATION-USING-DEEP-LEARNING,before_2023
503162298,Beca-d/music-box,A webpage to look up your favourite artist's top songs and lyrics.,2022-06-14T00:58:44Z,2022-06-19T20:49:30Z,0,3,JavaScript,,https://github.com/Beca-d/music-box,before_2023
558200341,murthasa-ibrahim/flutter-music_lyrics_app,,2022-10-27T04:36:18Z,2024-08-13T12:34:12Z,7,0,Dart,,https://github.com/murthasa-ibrahim/flutter-music_lyrics_app,before_2023
115930561,hundredrab/MusicUtils,"A library to cover all music needs—downloading, auto-updating metadata, arranging and renaming music files.",2018-01-01T16:17:26Z,2022-05-06T18:22:44Z,5,2,Python,"automate,automation,lyrics,lyrics-fetcher,metadata,music,python,python-package,python3",https://github.com/hundredrab/MusicUtils,before_2023
264797405,Guille0197/Search_Lyrics_Music_API,"Buscador de letras de canciones con Javascript usando una API con Fetch, Async Await y Módulos",2020-05-18T01:50:57Z,2026-04-13T20:09:51Z,7,0,HTML,"fetch-api,html-css-javascript,javascript,modules",https://github.com/Guille0197/Search_Lyrics_Music_API,before_2023
404060830,IanDesuyo/YoutubeMusicLyrics,A userscript to add lyric support for Youtube Music.,2021-09-07T17:10:31Z,2024-12-09T09:56:33Z,6,1,TypeScript,"userscript,youtube-music",https://github.com/IanDesuyo/YoutubeMusicLyrics,before_2023
313181057,kienta1999/Musyc,"Music player app using Spotify API for music search & listen, Happi API for lyrics, and Nestease API for music download.",2020-11-16T03:25:43Z,2024-01-30T07:00:14Z,4,2,Swift,swift,https://github.com/kienta1999/Musyc,before_2023
16112047,ysim/songtext,command-line song lyric fetcher,2014-01-21T17:51:54Z,2021-01-14T20:12:12Z,14,3,Python,"api-wrapper,command-line,lyrics,lyricwiki,music,python,song-lyric-fetcher",https://github.com/ysim/songtext,before_2023
117782953,EdwardSeley/lyrics-corpora,An unofficial Python API that allows users to create a corpus of lyrical text from their favorite artists and billboard charts,2018-01-17T04:16:30Z,2025-01-08T21:53:33Z,18,1,Python,"artists,billboard-charts,corpora,corpus,corpus-linguistics,corpus-tools,lyrics,music,python,python-api,scraping-websites,scrapper,songs",https://github.com/EdwardSeley/lyrics-corpora,before_2023
98405883,Lensual/NeteaseMusicLrcHelper,[Not maintaining] Desktop lyrics for NeteaseMusic UWP | 网易云音乐UWP桌面歌词助手,2017-07-26T09:33:46Z,2026-02-09T08:37:42Z,21,1,C#,,https://github.com/Lensual/NeteaseMusicLrcHelper,before_2023
156592622,charlottelokko/MusicProgrammingProject,Listen and Lyrics website for music lovers,2018-11-07T18:44:36Z,2020-05-02T10:02:15Z,1,2,TypeScript,,https://github.com/charlottelokko/MusicProgrammingProject,before_2023
118603631,alexing/datadata,"Pulling data using both the Genius API and the Spotify API I've been able to analyze Jorge Drexler's music and get some insights and visualizations on his creative process and his songs in general; both from the lyrics side and the musical theory side.  Wordcount, lexical and lyrical density, sentiment analysis and analysis of musical components like tempo, time signature and key are all taken into account. Also, in the end, gloom_index is used combining both lyrics and music.",2018-01-23T11:52:23Z,2026-01-20T14:59:03Z,25,7,Jupyter Notebook,,https://github.com/alexing/datadata,before_2023
351978290,nahtedetihw/MusicLyricsShare,,2021-03-27T04:08:16Z,2022-01-13T14:53:29Z,4,1,Logos,,https://github.com/nahtedetihw/MusicLyricsShare,before_2023
462902874,Sv443/geniURL,"REST API that searches for song metadata, including the lyrics URL, translations and more from genius.com - supports JSON and XML",2022-02-23T20:56:21Z,2025-09-28T09:28:20Z,11,3,TypeScript,"api,json,lyrics-search,music,music-information-retrieval,music-search,rest-api,song-data,xml",https://github.com/Sv443/geniURL,before_2023
548253563,uchiha-suraj/Music-player-app,"🎵 Music player app with a modern homepage, fully-fledged music player, search, lyrics, song exploration features, search, popular music around you, worldwide top charts, and much more.",2022-10-09T07:32:35Z,2023-10-07T06:14:21Z,6,2,JavaScript,"react-hooks,react-icons,react-router,reactjs,redux-toolkit,shazam-api,tailwindcss",https://github.com/uchiha-suraj/Music-player-app,before_2023
367483559,Wil-B/Biography,Feature rich biography plug-in for foobar2000,2021-05-14T21:30:24Z,2026-05-03T16:55:18Z,61,4,JavaScript,"biography,foobar2000,image,lastfm,lyrics,music,musicbrainz,nowplaying,review,spider-monkey,wikipedia",https://github.com/Wil-B/Biography,before_2023
427203686,Natalialimac/AppLyricsMusic,App que retorna letra das musicas.,2021-11-12T02:10:15Z,2021-11-27T11:08:02Z,0,2,JavaScript,,https://github.com/Natalialimac/AppLyricsMusic,before_2023
171455005,alexogola/Music_Lyrics_App,An application where users can get the lyrics to their favorite songs,2019-02-19T10:37:43Z,2019-04-13T07:35:16Z,0,2,Python,,https://github.com/alexogola/Music_Lyrics_App,before_2023
271937232,Stella213/NLP-Case-Study,Explicit Music Lyrics Content Detection,2020-06-13T04:03:19Z,2021-03-31T07:15:40Z,1,2,Jupyter Notebook,,https://github.com/Stella213/NLP-Case-Study,before_2023
10670952,lemonzi/MusicContextualizer,Adds lyrics matched soundscapes to songs - Barcelona Music Hack Day 2013,2013-06-13T16:54:20Z,2024-02-07T15:09:30Z,6,1,JavaScript,,https://github.com/lemonzi/MusicContextualizer,before_2023
25919002,georgid/AlignmentDuration,Lyrics-to-audio-alignement system. Based on Machine Learning Algorithms: Hidden Markov Models with  Viterbi forced alignment. The alignment is explicitly aware of durations of musical notes.  The phonetic model are classified with MLP Deep Neural Network.,2014-10-29T12:04:13Z,2026-01-14T02:26:55Z,59,6,Python,"alignment,decoding,deep-learning,duration,gmm,hidden-markov-model,htk,lyrics,mfcc,music,music-information-retrieval,neural-networks,python,research,signal-processing,synchronization,upf",https://github.com/georgid/AlignmentDuration,before_2023
59688974,hamedafra/Lyrics-Widget,Lyrics Widget for macOS Notification Center,2016-05-25T18:44:36Z,2024-04-01T15:16:28Z,14,2,Objective-C,"apple-music,applemusic,itunes,lyrics,lyrics-widget,macos,music,notification-center,notification-center-widget,song,songs,spotify,widget",https://github.com/hamedafra/Lyrics-Widget,before_2023
208616267,PauloCarneiro99/MusicClassifier,Classify music genre using theirs lyrics and others features,2019-09-15T15:40:21Z,2022-11-16T06:41:13Z,1,2,Jupyter Notebook,,https://github.com/PauloCarneiro99/MusicClassifier,before_2023
34435899,zxc0328/music-lyrics,the web app for lyrics dictation:musical_score:,2015-04-23T05:33:25Z,2016-11-15T00:29:31Z,4,0,JavaScript,,https://github.com/zxc0328/music-lyrics,before_2023
391852903,GiorgosNik/spotube-desktop,"A Python based application to download songs from Spotify playlists, complete with cover art, artist and lyrics, featuring both a UI and a CLI version",2021-08-02T07:25:56Z,2025-06-04T15:54:46Z,20,1,Python,"lyrics,mp3,music,spotify",https://github.com/GiorgosNik/spotube-desktop,before_2023
405207135,mohammadaminabbasi/Darkflow-NLP-Persian-Music-Recommendation-on-Lyrics,unsupervised process of identifying topics in a set of persian songs by LDA method of topic modelling,2021-09-10T20:39:01Z,2023-12-04T05:57:48Z,8,1,Python,"hazm,lyric,music,nlp,persian,python,radiojavan,recommendation,stanza",https://github.com/mohammadaminabbasi/Darkflow-NLP-Persian-Music-Recommendation-on-Lyrics,before_2023
30881952,joshloyal/rap-lyrics,Perform LDA on Rapper's Corpus of Music,2015-02-16T18:29:38Z,2015-06-11T02:01:23Z,1,2,JavaScript,,https://github.com/joshloyal/rap-lyrics,before_2023
264274442,avdynut/LyricsFinder,"Automatically detect current playing song on Windows 10, Windows 11 and find lyrics for it.",2020-05-15T18:54:45Z,2026-04-29T14:54:01Z,5,0,C#,"lyrics,lyrics-finder,music,windows-10,windows-11,windows-desktop,wpf",https://github.com/avdynut/LyricsFinder,before_2023
467096694,jonathan-lph/mylittleairport,A collection of all musical publications of the Hong Kong based band my little airport.,2022-03-07T13:02:46Z,2026-03-05T17:51:02Z,26,3,TypeScript,"archives,band,cantonese,chinese,literature,lyrics,music,mylittleairport,nextjs",https://github.com/jonathan-lph/mylittleairport,before_2023
27081169,abulimov/lyricstagger,Lyrics Tagger - tool to download lyrics for music files and write it into file tag,2014-11-24T15:17:54Z,2024-05-20T13:41:42Z,6,0,Python,,https://github.com/abulimov/lyricstagger,before_2023
166782159,gefenk9/lyrics-to-chords-generator,Generate chords to a given lyrics using LSTM,2019-01-21T09:07:37Z,2023-08-08T01:40:45Z,9,0,Python,"chords,lstm,lstm-neural-networks,lyrics,music,music-generator",https://github.com/gefenk9/lyrics-to-chords-generator,before_2023
71642131,ntzyz/nano-player,Music player with visualizer and lyrics support.,2016-10-22T13:52:06Z,2019-08-29T04:03:07Z,6,1,JavaScript,,https://github.com/ntzyz/nano-player,before_2023
241154275,Karesto/Generating-music-from-lyrics-,Project for deep learning course at ENS.,2020-02-17T16:26:16Z,2021-12-29T12:43:39Z,1,2,Python,,https://github.com/Karesto/Generating-music-from-lyrics-,before_2023
81971576,arminkz/IcosaPlayer,Online WebGL Music Player with Lyrics,2017-02-14T17:34:17Z,2024-07-22T18:41:49Z,5,1,JavaScript,"css,html,javascript,jquery,threejs,webgl",https://github.com/arminkz/IcosaPlayer,before_2023
64687956,singularities/song-pot,Cook you music,2016-08-01T17:35:32Z,2019-02-17T15:29:18Z,3,2,TypeScript,"bands,lyrics,music-band,music-composition,song-composition,songbook,songs",https://github.com/singularities/song-pot,before_2023
337916355,iamraufu/hard-rock,Music Lyrics Website,2021-02-11T03:06:27Z,2021-02-25T12:56:49Z,3,1,HTML,,https://github.com/iamraufu/hard-rock,before_2023
68747697,lebenasa/desktop_lyrics,Lyrics widget and editor for desktop,2016-09-20T19:47:01Z,2020-11-08T04:35:39Z,7,1,C++,"fun,linux-app,lyrics,music,qml,qt5",https://github.com/lebenasa/desktop_lyrics,before_2023
80526347,Varal7/lyrics-chrome-extension,Chrome extension for finding Lyrics of a YouTube video,2017-01-31T14:13:57Z,2026-04-22T13:02:57Z,5,0,JavaScript,"chrome-extension,lyrics,music",https://github.com/Varal7/lyrics-chrome-extension,before_2023
194226859,rikumi/liri,Lyrics notification on Android 9+ for Music Players,2019-06-28T07:18:20Z,2026-05-03T05:18:29Z,7,0,Kotlin,,https://github.com/rikumi/liri,before_2023
278940933,AllanMisasa/Multimodal-Deep-Learning-for-Music-Genre-Classification,"Using the Million Song Dataset, genre tags from Last.fm, and lyrics from Musixmatch, I constructed a multi-genre classifier that can effectively detect both single genres and fusion genres of tracks, using a dataset crafted from multiple modalities.",2020-07-11T20:59:58Z,2026-03-31T07:04:14Z,5,3,Python,,https://github.com/AllanMisasa/Multimodal-Deep-Learning-for-Music-Genre-Classification,before_2023
566507389,Joshua-Coded/lyrics,A music website with react redux and rapid api,2022-11-15T20:24:29Z,2023-06-10T10:02:43Z,3,0,JavaScript,,https://github.com/Joshua-Coded/lyrics,before_2023
186371494,SkroX/CatchMusic,"An app which will displays lyrics, listening to the song you play with other songs from singer and in album. ",2019-05-13T07:52:13Z,2019-05-13T07:52:16Z,0,3,Java,,https://github.com/SkroX/CatchMusic,before_2023
368059978,basil-b2s/Sithara-Music-Box,A Bidirectional LSTM Model for lyrics generation,2021-05-17T04:58:05Z,2023-10-19T18:01:57Z,5,1,Jupyter Notebook,"deeplearning,keras,lstm,nlp,tensorflow,textgeneration",https://github.com/basil-b2s/Sithara-Music-Box,before_2023
543729377,Zaid-maker/Lyrics-music-app,yes,2022-09-30T18:08:59Z,2023-05-09T22:29:35Z,4,0,JavaScript,,https://github.com/Zaid-maker/Lyrics-music-app,before_2023
346583372,harben31/Whats-Song-is-That-the-app,"A lyrics based search that returns the artist, album and link to listen on Spotify.",2021-03-11T05:00:55Z,2021-03-29T23:55:33Z,1,3,JavaScript,"music,song,spotify",https://github.com/harben31/Whats-Song-is-That-the-app,before_2023
119367362,b11p/Netease_Music_Lyrics_To_Lrc,写于2016年初。把网易云音乐歌词转换为lrc，与UWP版配合为佳。,2018-01-29T10:21:45Z,2024-02-29T11:40:40Z,5,0,C#,,https://github.com/b11p/Netease_Music_Lyrics_To_Lrc,before_2023
128185664,OpportunityLiu/LrcExt.Aurora.Music,Online lyrics extension for https://github.com/xiaosu-zhu/Aurora.Music,2018-04-05T09:33:28Z,2023-06-13T01:24:23Z,7,1,C#,"app-extension,aurora-music,uwp",https://github.com/OpportunityLiu/LrcExt.Aurora.Music,before_2023
460877921,jtCodes/lyrictor,Desktop and browser-based creative tool for turning personal interpretations of songs into shareable visual experiences.,2022-02-18T14:09:36Z,2026-04-24T01:35:30Z,53,10,TypeScript,"ai,editor,howlerjs,konvajs,lyrics,music,react,react-spectrum,song,song-lyrics,stable-diffusion,typescript,waveform,waveform-data,webapp,zustand",https://github.com/jtCodes/lyrictor,before_2023
128702121,fsenaweb/my-song,PWA Music Repertoire - Search for song lyrics,2018-04-09T02:14:44Z,2020-11-26T15:54:10Z,5,0,JavaScript,"app,javascript,pwa,pwa-apps,song,vue,vue-router",https://github.com/fsenaweb/my-song,before_2023
146044027,tgmarinho/LyricsSongs,PWA for searching music from API Vagalume with layout improved,2018-08-24T22:05:53Z,2019-10-04T00:25:43Z,3,0,JavaScript,,https://github.com/tgmarinho/LyricsSongs,before_2023
328144396,sergio11/lyric_wave_architecture,🎵 LyricWave – AI Music Composer (Proof of Concept) 🎶 A personal project exploring automatic generation of unique MP4 songs. LyricWave blends lyrics with AI-generated melodies and synthetic vocals to experiment with new forms of musical expression. A creative testbed to push your ideas into sound. 🚀🎧,2021-01-09T11:56:51Z,2026-03-01T07:53:56Z,39,10,Python,"airflow,airflow-dags,airflow-docker,airflow-operators,apache-airflow,audiocraft,celery,docker,docker-compose,flask,flask-api,huggingface,huggingface-transformers,mongodb,music-generation,music-processing,musicgen,pytorch,stable-diffusion,suno-ai",https://github.com/sergio11/lyric_wave_architecture,before_2023
23362253,bjherger/add-lyrics,A simple python program for adding lyrics to all of your music library,2014-08-26T18:25:04Z,2024-07-04T17:06:56Z,0,2,Python,,https://github.com/bjherger/add-lyrics,before_2023
22721979,acourreges/psplyrics,Music Player + Lyrics Viewer for the PSP,2014-08-07T13:20:44Z,2023-08-24T15:29:22Z,5,1,C,,https://github.com/acourreges/psplyrics,before_2023
319158299,khoabk12/RapLyrics-Front,Front end repository for raplyrics.eu - A rap music lyrics generation project,2020-12-07T00:00:23Z,2020-12-07T00:00:26Z,0,2,,,https://github.com/khoabk12/RapLyrics-Front,before_2023
278175826,JuanuMusic/lyricssyncher,A lyrics synchronizer that outputs a json file.,2020-07-08T19:22:41Z,2024-02-22T15:13:34Z,5,1,JavaScript,"audio,lyrics,music,reactjs,subtitles,synchronization",https://github.com/JuanuMusic/lyricssyncher,before_2023
121188686,kevinkace/lyrite,A tool tool to format lyrics,2018-02-12T02:06:33Z,2025-10-01T03:52:26Z,8,1,JavaScript,"javascript,lyrics,mithriljs,modular-css,music,songs,tool",https://github.com/kevinkace/lyrite,before_2023
499939421,vookav2/searchmusic,"Accurate search for musics, albums, artists, with related playlists and lyrics.",2022-06-04T21:22:43Z,2026-02-07T11:34:06Z,9,0,TypeScript,"api,music,searchmusic,youtube",https://github.com/vookav2/searchmusic,before_2023
359499337,gabrideiros/music-lyrics,api to fetch the lyrics of a song,2021-04-19T15:00:34Z,2024-02-05T01:17:40Z,3,1,JavaScript,,https://github.com/gabrideiros/music-lyrics,before_2023
476764219,ldzhangyx/BART-fusion,"The code repository for our paper ""Interpreting Song Lyrics with a Music-Informed Pre-trained Language Model"".",2022-04-01T14:59:28Z,2025-09-16T10:08:52Z,24,0,Python,,https://github.com/ldzhangyx/BART-fusion,before_2023
62265491,Kevtron/abomination,"A project to create completely AI-powered music, including lyrics, vocals, and instrumentals.",2016-06-29T23:56:09Z,2016-06-29T23:56:10Z,0,3,Python,,https://github.com/Kevtron/abomination,before_2023
263511388,xzhangfox/ANALYSE-AND-CLASSIFY-MUSIC-BY-LYRICS,,2020-05-13T03:04:30Z,2021-07-23T15:37:27Z,1,2,Jupyter Notebook,"lda,lexicon,lyrics,music,nlp",https://github.com/xzhangfox/ANALYSE-AND-CLASSIFY-MUSIC-BY-LYRICS,before_2023
132917185,musicociel/musicociel,Web application to display and edit songs with lyrics and chords.,2018-05-10T15:09:18Z,2023-06-02T18:28:51Z,5,0,TypeScript,"chordpro,chords,lyrics,opensong,song,transpose-chords",https://github.com/musicociel/musicociel,before_2023
84804494,abhishekjairath/verse,Song lyrics in macOS menubar for Spotify.,2017-03-13T08:56:29Z,2024-07-03T15:40:10Z,7,0,HTML,"electron,genius,lyrics,music,spotify",https://github.com/abhishekjairath/verse,before_2023
152294388,joshuabettigole/on-stage-lyrics-browser,"Code, instructions, and electronics diagrams for an on-stage lyrics browser/teleprompter.",2018-10-09T17:39:44Z,2018-10-12T21:37:14Z,0,2,Python,"music,performance,stage-monitor,teleprompter",https://github.com/joshuabettigole/on-stage-lyrics-browser,before_2023
393947066,AlenVelocity/ultra-lyrics,Genius Scraper and API Wraper,2021-08-08T11:57:30Z,2022-06-10T10:38:48Z,4,0,TypeScript,"genius,genius-api,lyrics,music",https://github.com/AlenVelocity/ultra-lyrics,before_2023
117973105,Enjoylone1y/Ez-Music,"EZ Music 是以 网易云音乐 为模板，使用 Kotlin 语言开发的一款 音乐播放 APP。将会实现本地和在线音乐播放、歌单创建和管理、歌词和音乐下载等，各功能会逐步完成。EZ Music is based on Netease cloud music as a template, using Kotlin language development of a music player APP. Will achieve local and online music playback, song list creation and management, lyrics and music downloads, etc., the various functions will be gradually completed.",2018-01-18T11:17:54Z,2025-04-09T08:41:18Z,16,2,Kotlin,"eventbus,kotlin,music-player,netease-music,rxjava-android",https://github.com/Enjoylone1y/Ez-Music,before_2023
195123906,gabLaroche/lyrics-cli,Fetch lyrics within the command line,2019-07-03T20:43:10Z,2023-12-11T03:38:50Z,4,0,JavaScript,"cli-app,lyrics-fetcher,music,nodejs",https://github.com/gabLaroche/lyrics-cli,before_2023
468151882,ericvenarusso/hanabi,🎆  Framework to create music videos with lyrics.,2022-03-10T01:30:43Z,2025-08-25T10:47:03Z,5,0,Python,"lyrics,music,python,video",https://github.com/ericvenarusso/hanabi,before_2023
83166409,leviska/Lyrics-Player,Android music player with lyrics support,2017-02-25T22:11:33Z,2026-03-30T05:20:51Z,3,0,Java,,https://github.com/leviska/Lyrics-Player,before_2023
530412963,mokhelek/sing-along,A music streaming + lyrics website ,2022-08-29T22:22:16Z,2023-01-14T04:13:57Z,3,0,HTML,,https://github.com/mokhelek/sing-along,before_2023
320377186,vizality-community/spotify-in-discord,"Control Spotify from within Discord, and includes some other features like getting the currently playing song's lyrics and album art. Developer: @dperolio",2020-12-10T20:03:12Z,2026-01-31T20:31:37Z,21,1,JavaScript,"music,plugin,spotify,vizality",https://github.com/vizality-community/spotify-in-discord,before_2023
1448945,gint/LyricsNMusic,Lyric N Music Search Engine,2011-03-07T05:53:41Z,2016-11-18T01:31:57Z,2,1,JavaScript,,https://github.com/gint/LyricsNMusic,before_2023
483206665,Nemika-Haj/LyricsNMusic,Download Music and fetch Lyrics,2022-04-19T10:53:31Z,2023-04-19T19:15:39Z,2,0,Kotlin,"android,android-studio,kotlin",https://github.com/Nemika-Haj/LyricsNMusic,before_2023
457364655,Kienyew/Puff,滚动歌词播放器 Music player with interactive lyrics view,2022-02-09T13:13:23Z,2026-04-20T23:32:26Z,6,0,C++,"lyrics,music,player",https://github.com/Kienyew/Puff,before_2023
296220861,dannylee1020/music-similarity,Predicting music similarity with song lyrics,2020-09-17T04:41:00Z,2023-11-30T05:52:31Z,3,1,Python,"lstm,nlp,similarity",https://github.com/dannylee1020/music-similarity,before_2023
583163842,marurunk/lyriCal,"Music Player in python for karaoke, floating lyrics for desktop",2022-12-29T00:40:26Z,2025-10-27T04:54:04Z,6,0,Python,"desktop,gtk3,karaoke,karaoke-application,lrc,lyrics,music,music-player,python,srt,srt-subtitles,subtitles,tkinter,ui",https://github.com/marurunk/lyriCal,before_2023
84496130,ferdavid1/ShoegazeBot,"Markov-chain generated lyrics from a lyric bank of ~50,000 words from shoegaze band lyrics",2017-03-09T22:51:24Z,2023-05-14T21:33:18Z,5,1,Python,"genius-api,lyrics,music,python,webscraping",https://github.com/ferdavid1/ShoegazeBot,before_2023
83066732,Excape/lyrics-analysis,Analyse sentiments of popular music lyrics over time,2017-02-24T17:34:53Z,2021-07-16T04:44:12Z,3,0,Jupyter Notebook,,https://github.com/Excape/lyrics-analysis,before_2023
442823608,danielbenicio/music-search,lyrics-search,2021-12-29T16:06:53Z,2022-01-03T16:34:34Z,2,0,JavaScript,,https://github.com/danielbenicio/music-search,before_2023
381583239,gmlwns2000/Symphony,"WPF-based powerful music player. Playlists, Lyrics, Youtube, MMD supports!",2021-06-30T05:15:42Z,2026-01-21T08:22:53Z,6,1,C#,"music-player,wpf",https://github.com/gmlwns2000/Symphony,before_2023
152171141,MingTaLee/BDSE08-G4-02-Lyrics-Genre,MIR (Music Information Retrieval) - Using lyrics for categorizing songs' genre.,2018-10-09T01:48:41Z,2018-10-09T01:48:44Z,0,2,,,https://github.com/MingTaLee/BDSE08-G4-02-Lyrics-Genre,before_2023
282986563,0ne0rZer0/MusicLyrics,Flutter App which represents Network sensitivity as well as great use of BLoC design pattern using Trending Music lyrics,2020-07-27T18:46:44Z,2023-11-20T09:33:00Z,2,1,Dart,,https://github.com/0ne0rZer0/MusicLyrics,before_2023
253068491,thanhn062/MUSE,"A comprehensive music discovery platform that enables users to effortlessly search for songs by artist, title, or lyrics",2020-04-04T18:15:44Z,2023-02-11T00:31:34Z,0,2,JavaScript,music,https://github.com/thanhn062/MUSE,before_2023
190022139,GrayHat12/Desktop-GrayBot,A desktop music bot linked with YouTube and with a few Additional features like - Google News and Lyrics.,2019-06-03T14:30:27Z,2022-11-02T01:18:20Z,4,2,Python,"desktop-musicbot,genius-lyrics-search,google-maps-api,google-news,music-bot,python-music-player,youtube-player,youtube-search",https://github.com/GrayHat12/Desktop-GrayBot,before_2023
537794609,KhanhNguyen9872/lyrics_music_python3,Play lyrics on music using Python3,2022-09-17T11:59:12Z,2026-02-17T02:03:06Z,3,0,Python,,https://github.com/KhanhNguyen9872/lyrics_music_python3,before_2023
152689506,wangwerrr/Music-Recommendations-by-Lyrics,"By calculating the similarity between lyrics, we built a music recommender system with SVD technique from scratch.",2018-10-12T03:31:39Z,2026-01-03T05:33:01Z,3,1,Jupyter Notebook,,https://github.com/wangwerrr/Music-Recommendations-by-Lyrics,before_2023
161973802,cmd2001/nLyrics,A Simple tool to download lyrics from Netease music,2018-12-16T06:19:28Z,2025-04-27T22:36:09Z,3,1,C++,,https://github.com/cmd2001/nLyrics,before_2023
302815560,podato/musixmatch-scraper,"A script that scrapes lyrics of the popular music lyrics site Musixmatch, written entirely in python.",2020-10-10T04:36:03Z,2025-08-29T14:26:04Z,5,0,Python,,https://github.com/podato/musixmatch-scraper,before_2023
4409591,ryanoneill/lyrics,Python work with nltk on Hardcore Music Lyrics,2012-05-22T16:39:50Z,2015-01-06T11:19:19Z,2,1,Python,,https://github.com/ryanoneill/lyrics,before_2023
485409224,matisiekpl/geniusctl,🎹 Minimal CLI for printing song lyrics to stdout 🎸,2022-04-25T14:38:10Z,2024-12-05T11:16:56Z,7,0,Go,"audio,genius,lyrics,music,songs",https://github.com/matisiekpl/geniusctl,before_2023
194484697,rafayetrafi/BanglaMusicStylo-A-Stylometric-Dataset-of-Bangla-Music-Lyrics,"With the rapid growth of Bangla music industry huge volume of Bangla songs are produced every day. Immense number of producers, lyricists, singers and artists are involved in production of songs from different genres. Among many genres of Bangla music; classical, folk, baul, modern music, Rabindra Sangeet, Nazrul Geeti, film music, rock music and fusion music has gained the highest popularity. Lyricists try to express their feelings and views towards any situation or subject through their writings. Therefore, each lyricist have their own dictionary of thoughts to put on music lyrics. In this paper, we have presented “BanglaMusicStylo”, the very first stylometric dataset of Bangla music lyrics. We have collected 2824 Bangla song lyrics of 211 lyricists in a digital form. All the lyrics are stored in text format for further use. This dataset could be used for stylometric analysis such as authorship attribution, linguistic forensics, gender identification from textual data, Bangla music genre classification, vandalism detection, emotion classification etc. Identifying the significant research opportunities in this area, we have formalized this dataset which could be used for stylometric analysis.",2019-06-30T06:48:10Z,2025-04-21T16:41:18Z,4,0,,"bangla-nlp,bangla-song,bangla-text,docs,stylometry",https://github.com/rafayetrafi/BanglaMusicStylo-A-Stylometric-Dataset-of-Bangla-Music-Lyrics,before_2023
498059422,jcorporation/musicdb-scripts,This repository provides shell scripts to download images and lyrics for your music files.,2022-05-30T18:41:18Z,2024-05-26T18:54:09Z,5,0,Python,,https://github.com/jcorporation/musicdb-scripts,before_2023
366061334,takiee/music-searcher,"music search by song name,lyrics,singer",2021-05-10T13:57:57Z,2021-12-24T12:53:48Z,3,0,Python,,https://github.com/takiee/music-searcher,before_2023
337793913,fahimahammed/hard-rock,A music searching website. You can search for music and get lyrics from this site.,2021-02-10T17:06:57Z,2025-09-20T07:04:52Z,6,0,HTML,"bootstrap,css3,html5,javascript,rock",https://github.com/fahimahammed/hard-rock,before_2023
168761968,aidanby/JARVIS-MUSIC,Web application that uses spoken lyrics to find songs and their corresponding Youtube video,2019-02-01T21:23:04Z,2022-11-16T11:46:08Z,5,1,Python,,https://github.com/aidanby/JARVIS-MUSIC,before_2023
102855431,ChristineWasike/My-Music,A mobile android app that enables a user to access lyrics to their favourite song upon searching your it in an input field.,2017-09-08T11:42:00Z,2021-09-17T19:01:02Z,5,0,Java,"android,android-application,lyrics,songs",https://github.com/ChristineWasike/My-Music,before_2023
65530204,anchengjian/aiPlayer,Music player with lyrics by JS,2016-08-12T06:47:46Z,2020-02-25T20:56:17Z,3,0,JavaScript,,https://github.com/anchengjian/aiPlayer,before_2023
112973127,luckeciano/neural-networks-generate-lyrics,LSTM-based model for generate music lyrics,2017-12-03T23:34:53Z,2020-03-31T06:02:23Z,3,0,Python,,https://github.com/luckeciano/neural-networks-generate-lyrics,before_2023
106906826,CarolineXWL89/MusicLyricsPlayer,,2017-10-14T07:11:22Z,2017-10-26T22:47:15Z,2,1,Java,,https://github.com/CarolineXWL89/MusicLyricsPlayer,before_2023
119114380,kdembler/Lyrix,Lyrix - status bar lyrics for your currently playing Spotify song,2018-01-26T23:28:38Z,2024-07-08T07:07:33Z,11,0,TypeScript,"electron,genius,genius-lyrics,lyrics,music,spotify,statusbar,tray,typescript",https://github.com/kdembler/Lyrix,before_2023
279246515,Morrism1/lyrics-scraper,I decided to scrape Lyrics from azlyrics.com. I do love music much. I liked the idea that I can write the name and the title of the song for internationally recognized Artists and be able to find them.,2020-07-13T08:44:57Z,2023-10-24T14:56:46Z,6,1,Ruby,"nokogiri,ruby,scraper",https://github.com/Morrism1/lyrics-scraper,before_2023
432470500,Raposo5000/count-phrases-music,counts repeated phrases and phrases from the lyrics of a song.,2021-11-27T13:36:47Z,2022-06-07T18:47:50Z,4,1,JavaScript,,https://github.com/Raposo5000/count-phrases-music,before_2023
287456371,s0ftik3/lyrics-api,A simple JavaScript lyrics API.,2020-08-14T06:01:43Z,2022-07-26T09:56:50Z,3,0,JavaScript,"api,lyrics,music,song",https://github.com/s0ftik3/lyrics-api,before_2023
442586201,Philipelima/Music-search,A site to search songs preview  and lyrics.,2021-12-28T21:17:45Z,2022-01-10T18:01:08Z,3,0,JavaScript,,https://github.com/Philipelima/Music-search,before_2023
80616049,andriyor/Telegram-ACR-lyrics-bot,🎵 🤖 Music recognition bot for Telegram Messenger,2017-02-01T12:01:09Z,2025-10-05T21:04:58Z,3,1,Python,"bs4,lyrics,music,requests,telegram-bot",https://github.com/andriyor/Telegram-ACR-lyrics-bot,before_2023
416675643,anand-sanjan/Epic-music-bot,"Requirements Discord Bot Token Guide YouTube Data API v3 Key Guide 2.1 (Optional) Soundcloud Client ID Guide Node.js v14.0.0 or newer 🚀 Getting Started git clone https://github.com/eritislami/evobot.git cd evobot npm install After installation finishes follow configuration instructions then run node index.js to start the bot.  ⚙️ Configuration Copy or Rename config.json.example to config.json and fill out the values:  ⚠️ Note: Never commit or share your token or api keys publicly ⚠️  {   ""TOKEN"": """",   ""YOUTUBE_API_KEY"": """",   ""SOUNDCLOUD_CLIENT_ID"": """",   ""MAX_PLAYLIST_SIZE"": 10,   ""PREFIX"": ""/"",   ""PRUNING"": false,   ""LOCALE"": ""en"",   ""DEFAULT_VOLUME"": 100,   ""STAY_TIME"": 30 } 🐬 Docker Configuration For those who would prefer to use our Docker container, you may provide values from config.json as environment variables.  docker run -e ""TOKEN=<discord-token>"" -e ""YOUTUBE_API_KEY=<youtube-key>"" eritislami/evobot 📝 Features & Commands Note: The default prefix is '/'  🎶 Play music from YouTube via url /play https://www.youtube.com/watch?v=GLvohMXgcBo  🔎 Play music from YouTube via search query /play under the bridge red hot chili peppers  🎶 Play music from Soundcloud via url /play https://soundcloud.com/blackhorsebrigade/pearl-jam-alive  🔎 Search and select music to play /search Pearl Jam  Reply with song number or numbers seperated by comma that you wish to play  Examples: 1 or 1,2,3  📃 Play youtube playlists via url /playlist https://www.youtube.com/watch?v=YlUKcNNmywk&list=PL5RNCwK3GIO13SR_o57bGJCEmqFAwq82c  🔎 Play youtube playlists via search query /playlist linkin park meteora  Now Playing (/np) Queue system (/queue, /q) Loop / Repeat (/loop) Shuffle (/shuffle) Volume control (/volume, /v) Lyrics (/lyrics, /ly) Pause (/pause) Resume (/resume, /r) Skip (/skip, /s) Skip to song # in queue (/skipto, /st) Move a song in the queue (/move, /mv) Remove song # from queue (/remove, /rm) Play an mp3 clip (/clip song.mp3) (put the file in sounds folder) List all clips (/clips) Show ping to Discord API (/ping) Show bot uptime (/uptime) Toggle pruning of bot messages (/pruning) Help (/help, /h) Command Handler from discordjs.guide Media Controls via Reactions reactions  🌎 Locales Currently available locales are:  English (en) Arabic (ar) Brazilian Portuguese (pt_br) Dutch (nl) French (fr) German (de) Greek (el) Indonesian (id) Italian (it) Japanese (ja) Korean (ko) Polish (pl) Russian (ru) Simplified Chinese (zh_cn) Singaporean Mandarin (zh_sg) Spanish (es) Swedish (sv) Traditional Chinese (zh_tw) Thai (th) Turkish (tr) Ukrainian (uk) Vietnamese (vi) Check Contributing if you wish to help add more languages! For languages please use ISO 639-1 two letter format 🤝 Contributing Fork the repository Clone your fork: git clone https://github.com/your-username/evobot.git Create your feature branch: git checkout -b my-new-feature Stage changes git add . Commit your changes: cz OR npm run commit do not use git commit Push to the branch: git push origin my-new-feature Submit a pull request 📝 Credits @iCrawl For the queue system used in this application which was adapted from @iCrawl/discord-music-bot",2021-10-13T09:39:29Z,2026-01-31T09:42:17Z,5,4,JavaScript,,https://github.com/anand-sanjan/Epic-music-bot,before_2023
337776497,iamraufu/musiclyrics,Search Music Lyrics According to Song or Artist Name,2021-02-10T16:04:40Z,2021-03-29T07:09:18Z,3,0,HTML,,https://github.com/iamraufu/musiclyrics,before_2023
557777051,JaeGwon-Lee/Music-KPRN-with-Lyrics-Keyword,,2022-10-26T09:30:32Z,2024-06-27T14:33:40Z,3,0,Python,,https://github.com/JaeGwon-Lee/Music-KPRN-with-Lyrics-Keyword,before_2023
134177437,harshmandan/AlbumArtGeneratorAPI,Album art generator made on Flask using Unsplash and Track Lyrics (Musixmatch),2018-05-20T18:49:24Z,2025-12-09T13:26:07Z,2,2,Python,"album-art,api,lyrics,music,pillow,python,python3",https://github.com/harshmandan/AlbumArtGeneratorAPI,before_2023
561012693,Demenkesh/lyrics-app,it fetch music ly,2022-11-02T18:48:58Z,2025-03-06T20:26:28Z,2,0,CSS,,https://github.com/Demenkesh/lyrics-app,before_2023
474780121,chisombiri/lyrik-aly,Music lyrics search app,2022-03-27T22:58:36Z,2022-08-03T04:29:32Z,2,1,JavaScript,"lyrics-api,lyrics-ovh,lyrics-search,musixmatch",https://github.com/chisombiri/lyrik-aly,before_2023
577247661,divisharma89/music-player-with-lyrics,music player,2022-12-12T10:09:41Z,2022-12-12T10:14:24Z,2,0,JavaScript,,https://github.com/divisharma89/music-player-with-lyrics,before_2023
185827938,mihaiolteanu/muse,A last.fm like mouseless music player with lyrics,2019-05-09T15:43:35Z,2021-04-04T20:05:55Z,4,0,Common Lisp,,https://github.com/mihaiolteanu/muse,before_2023
9309655,nuka1195/lyrics.xbmc_lyrics,Download/Display music lyrics. Supports tagging and displaying tagged lyrics.,2013-04-09T00:15:41Z,2013-10-10T11:41:34Z,2,0,Python,,https://github.com/nuka1195/lyrics.xbmc_lyrics,before_2023
334030441,mlcohan/Lyricity,"This application is a web-based app that will allow a user to enter a song name and artist to search for the lyrics of the song, using music based APIs.",2021-01-29T03:48:20Z,2022-10-20T10:28:28Z,4,4,JavaScript,,https://github.com/mlcohan/Lyricity,before_2023
276273349,ST2-EV/lyrixy,lyrixy( lyrics + audio of the song ) = lyric music video,2020-07-01T04:06:28Z,2023-12-17T23:39:19Z,4,0,Python,"gentle,lyrics-generator,python",https://github.com/ST2-EV/lyrixy,before_2023
78780589,subashriksk/MusicSearch,Allows to search for the iTunes Music through Apple API and displays the details along with Lyrics from Wiki API,2017-01-12T19:45:04Z,2019-07-15T08:08:24Z,4,1,Swift,,https://github.com/subashriksk/MusicSearch,before_2023
149242347,cgorringe/MusicSearch-Swift,Example Swift app that searches the iTunes API for songs by a given artist and retrieves its song lyrics.,2018-09-18T06:54:54Z,2023-09-02T17:05:45Z,4,0,Swift,,https://github.com/cgorringe/MusicSearch-Swift,before_2023
19605162,tryingx/MusicPlayer,This is display lyrics music player Demo,2014-05-09T08:57:56Z,2016-06-02T10:28:14Z,2,1,Objective-C,,https://github.com/tryingx/MusicPlayer,before_2023
296492923,ChristianTedeschini/music-finder,"This repository contains a website developed in HTML, CSS, and JavaScript for searching and displaying song lyrics. The website integrates with a third-party API, providing users access to a vast collection of lyrics from various artists and bands.",2020-09-18T02:28:57Z,2024-04-21T10:54:35Z,5,1,JavaScript,"html,javascript,music",https://github.com/ChristianTedeschini/music-finder,before_2023
350124000,imba28/spolyr,a private Spotify lyrics index,2021-03-21T21:29:36Z,2024-08-31T15:53:43Z,4,0,Go,"go,index,lyrics,music,search,spotify,spotify-api",https://github.com/imba28/spolyr,before_2023
3713155,orthogonal/Lyrics-Commander,A database-driven web application for discovering your music preferences.  EECS 341 Final Project,2012-03-14T01:00:09Z,2017-04-02T10:17:40Z,3,1,PHP,,https://github.com/orthogonal/Lyrics-Commander,before_2023
462890978,thewebmasterp/ncmpcpp-lyrics,Add lyrics to your music library. Proven to be compatible with ncmpcpp music player.,2022-02-23T20:13:31Z,2023-09-09T10:12:19Z,2,0,JavaScript,"lyrics,lyrics-fetcher,mp3,mpd,ncmpcpp",https://github.com/thewebmasterp/ncmpcpp-lyrics,before_2023
28686341,vishvendra01/lyrics-player,Tkinter app which displays synced lyrics for your music playing in banshee music player,2015-01-01T12:40:33Z,2023-10-15T13:51:30Z,2,0,Python,,https://github.com/vishvendra01/lyrics-player,before_2023
170905459,ShivanshSetia/Project-Lyrics-Generator,Generating Lyrics with markov chains and then converting it to speech with background music . Making a random bad song that can go with the taste of today's generation  LOL .,2019-02-15T17:47:19Z,2019-03-05T05:58:27Z,1,2,Jupyter Notebook,,https://github.com/ShivanshSetia/Project-Lyrics-Generator,before_2023
193634855,huudangdev/lyrics-search,DB music + ReactJs for beginners,2019-06-25T04:31:54Z,2021-02-18T13:40:06Z,2,0,JavaScript,"api,beginner-project,javascript,minify,musixmatch-api,react,reactjs",https://github.com/huudangdev/lyrics-search,before_2023
174158632,manojit32/MusicMoodPrediction,Predict mood of the song from lyrics,2019-03-06T14:17:35Z,2025-01-24T13:27:00Z,2,1,Jupyter Notebook,,https://github.com/manojit32/MusicMoodPrediction,before_2023
199227085,Jonathas-Conceicao/azlyrics-rs,A CLI crawler to fetch music lyrics from www.azlyrics.com,2019-07-28T00:51:11Z,2026-05-03T20:02:35Z,5,0,Rust,,https://github.com/Jonathas-Conceicao/azlyrics-rs,before_2023
220718593,gardalegitup/music,lyrics,2019-11-09T23:50:51Z,2019-11-09T23:50:54Z,0,0,,,https://github.com/gardalegitup/music,before_2023
217637247,tutozz/butEveryWordIsAGoogleImage,This is just a script that automatically generate a video from a youtube music link that for each word said will download an image that correspond and put it in the video at the correct time.,2019-10-26T01:01:03Z,2024-12-03T14:52:17Z,13,3,Python,"buteverywordisagoogleimage,images,lyrics,montage,moviepy,python,video",https://github.com/tutozz/butEveryWordIsAGoogleImage,before_2023
115720593,bahaisongproject/bahai-songs-chordpro,A collection of songs inspired by the Bahá'í writings in ChordPro notation,2017-12-29T12:26:00Z,2026-04-30T10:54:41Z,10,1,Text,"bahai,chords,lyrics,music,songs",https://github.com/bahaisongproject/bahai-songs-chordpro,before_2023
300753736,SeaShanties/lyrics,A repository of lyrics to Sea Shanties stored in json for easy usage in projects and code,2020-10-02T22:59:40Z,2021-10-09T14:31:22Z,2,0,,"hacktoberfest,lyrics,music,sea-shanties,shanties,shanty",https://github.com/SeaShanties/lyrics,before_2023
28771134,wuqiong/KylinPlayer,"A Cross Platform OpenSource Mini Music Player with OSD lyrics of BaiduFM on Ubuntu Kylin Linux, Mac OS X and Windows.  Just for demo.",2015-01-04T10:17:56Z,2023-03-23T00:35:51Z,6,2,C++,,https://github.com/wuqiong/KylinPlayer,before_2023
205780735,isuckatdrifting/Enceladus,Get Netease music lyrics + timestamps with Python 3,2019-09-02T05:09:55Z,2023-07-16T23:18:15Z,3,0,Python,"lyrics,python",https://github.com/isuckatdrifting/Enceladus,before_2023
90625289,bit-ml/music_from_lyrics,Music generation starting from lyrics,2017-05-08T12:23:48Z,2024-04-27T08:42:54Z,2,0,Python,,https://github.com/bit-ml/music_from_lyrics,before_2023
293492767,Mondonno/iLyrics,"Get lyrics of songs on your Mac that you play on iTunes, Spotify or QuickTimePlayer with speed of light.",2020-09-07T10:14:14Z,2023-12-17T23:54:45Z,4,0,JavaScript,"genius,hacktoberfest,ilyrics,itunes,javascript,lyrics,music,nodejs,quicktime-player,spotify",https://github.com/Mondonno/iLyrics,before_2023
70510840,Words-for-Music/words-for-music,"Find songs by their lyrics via the Genius API, display previews via the iTunes API, build personalized mixtapes.",2016-10-10T17:15:17Z,2021-03-09T16:49:10Z,1,2,JavaScript,,https://github.com/Words-for-Music/words-for-music,before_2023
138018989,LinguaPlayer/LinguaLyrics_android,Offline first lyric app for android,2018-06-20T10:45:46Z,2024-12-09T16:15:22Z,3,0,Kotlin,"android,jetpack,lyric,music,offllinefirst",https://github.com/LinguaPlayer/LinguaLyrics_android,before_2023
114076829,IkwhanChang/lyrics-to-music,"A Java program to listen to other accompaniment accompanied by the lyrics. In the guitar code of 4/4 time, the user collects the lyrics and the code for each word and completes one song.",2017-12-13T05:13:23Z,2024-01-21T05:46:12Z,2,0,Java,"java,java-swing-applications,oop,oop-examples",https://github.com/IkwhanChang/lyrics-to-music,before_2023
502869329,kkpanaz/music-lrc-lyrics,Get lyrics for all your favourite songs in LRC format using a range of websites.,2022-06-13T08:25:15Z,2024-03-09T20:07:10Z,2,0,Python,"lrc,lyrics,megalobiz,music",https://github.com/kkpanaz/music-lrc-lyrics,before_2023
265894209,arthurdjn/scrape-lyricwiki,"Scrape music data from LyricsWiki (https://lyrics.fandom.com). Artists, Albums, Songs can be extracted.",2020-05-21T16:11:23Z,2025-09-17T10:03:53Z,8,0,Jupyter Notebook,"beautifulsoup,lyrics,lyrics-api,lyrics-scraping,lyricsfandom,lyricwiki,music,scraper",https://github.com/arthurdjn/scrape-lyricwiki,before_2023
220021373,Err0neus/Santos-Discography-Analyser,"Jupyter Notebook based interface to download and visualise music artists discography data, statistics and lyrics sentiment",2019-11-06T14:53:53Z,2025-04-27T21:51:47Z,9,1,Jupyter Notebook,"discography,discogs-api,jupyter-notebook,lyrics-fetcher,music,python,sentiment-analysis,song-lyrics,webscraping",https://github.com/Err0neus/Santos-Discography-Analyser,before_2023
121877152,Anaisdg/Popular_Music_Insights,"Analysis and visualization of musical tastes by artists, songs, genres, lyrics, demographics, race, and gender",2018-02-17T17:41:40Z,2019-03-29T19:15:33Z,4,0,Jupyter Notebook,,https://github.com/Anaisdg/Popular_Music_Insights,before_2023
358323512,n0uur/sirify,just bot that will update your profile status with music lyrics from your Spotify in real-time.,2021-04-15T16:24:38Z,2022-11-22T08:53:25Z,2,2,Python,,https://github.com/n0uur/sirify,before_2023
155465474,plsenh/GeoTunes,"See top music and lyrics by country. Collaboration app made with: CSS, HTML, jQuery, JS, LastFM API & Lyrics.ovh API",2018-10-30T22:39:53Z,2019-03-07T06:52:21Z,1,2,HTML,,https://github.com/plsenh/GeoTunes,before_2023
501721311,Tutislav/neodeemer,"Spotify/YouTube song downloader with option to download whole albums, playlists and also lyrics. Available on Android, Windows and Linux.",2022-06-09T16:03:48Z,2026-04-08T20:18:33Z,49,1,Python,"android,downloader,kivy,kivymd,linux,lyrics,m4a,mp3,music,music-downloader,playlist,playlist-downloader,python,spotify,spotify-downloader,windows,youtube,youtube-downloader",https://github.com/Tutislav/neodeemer,before_2023
114883940,f-shake/EasyMuisc,一款简单的清爽歌词显示的音乐播放器。早期作品，写得很差。,2017-12-20T12:17:25Z,2024-11-05T03:48:44Z,4,0,C#,"lyrics,music,wpf",https://github.com/f-shake/EasyMuisc,before_2023
257604254,adnrbp/MusicAssistant,Chatbot to search lyrics and save songs using musixmatch,2020-04-21T13:27:03Z,2021-08-13T05:39:41Z,2,0,Python,,https://github.com/adnrbp/MusicAssistant,before_2023
121693350,45kb/Musixgame,Guess who sings the song (webapp) -  using musixmatch lyrics API,2018-02-15T22:59:21Z,2024-03-13T06:11:54Z,7,1,JavaScript,"lyrics,music,musixmatch,musixmatch-api,nodejs,quiz-game,quizapp,react,webapp",https://github.com/45kb/Musixgame,before_2023
78259796,willwen/Python-Music-Metadata-Fetcher,"search up songs, pull metadata from spotify and lyrics wikia, write back to id3 tag",2017-01-07T05:07:01Z,2021-10-28T20:49:48Z,4,0,Python,,https://github.com/willwen/Python-Music-Metadata-Fetcher,before_2023
101465961,loimu/exo,"Qt GUI, MPRIS interface and a scrobbler for Music on Console player",2017-08-26T05:54:57Z,2025-12-31T18:11:15Z,8,2,C++,"audio-player,cmus,daemon,dbus,lightweight,linux,lyrics,mirror,moc-player,mpris,qt-gui,qt5,qt6,scrobbler,spotify",https://github.com/loimu/exo,before_2023
152880354,yangvnks/LyricsToCloud,A tool that generates a word cloud using lyrics from Billboard Top 100 End of The Year songs.,2018-10-13T14:30:42Z,2019-12-02T16:24:38Z,2,0,Python,"billboard100,lyrics,lyrics-fetcher,music,wordcloud,wordcloud-generator",https://github.com/yangvnks/LyricsToCloud,before_2023
560123262,KnuppLucas/Song-App-Lyrics,Develop an elegant React.js Music Application.,2022-10-31T19:34:38Z,2022-12-15T00:59:32Z,2,0,JavaScript,,https://github.com/KnuppLucas/Song-App-Lyrics,before_2023
96804683,djgriffin13/MusicAnalyzer,Analyzes emotional content in  music from both audio and lyrics.,2017-07-10T17:39:56Z,2023-10-14T23:03:59Z,2,0,Python,,https://github.com/djgriffin13/MusicAnalyzer,before_2023
139232280,mamal72/golyrics-cli,🎵 A simple CLI tool to get lyrics of a song without leaving terminal,2018-06-30T08:24:04Z,2019-08-24T12:15:54Z,6,0,Go,"cli,go,golang,lyrics,music",https://github.com/mamal72/golyrics-cli,before_2023
432708794,SGeri/music-recognizer,A simple program to recognize music from live sample and get the lyrics,2021-11-28T12:39:48Z,2024-01-02T21:17:28Z,3,0,Python,,https://github.com/SGeri/music-recognizer,before_2023
491544105,WWW0828/Automatic-Lyrics-Alignment-Demo,11020CS573100 Music Information Retrieval Final Project,2022-05-12T14:18:06Z,2025-05-25T22:45:14Z,2,0,CSS,,https://github.com/WWW0828/Automatic-Lyrics-Alignment-Demo,before_2023
160933264,TheCoderDream/React-Music-Lyrics-Application,,2018-12-08T11:39:29Z,2019-03-25T09:48:19Z,2,0,JavaScript,,https://github.com/TheCoderDream/React-Music-Lyrics-Application,before_2023
295447136,danagibbon/country-music-lyrics-grady,,2020-09-14T14:47:03Z,2020-10-31T20:45:43Z,2,0,HTML,,https://github.com/danagibbon/country-music-lyrics-grady,before_2023
561373983,Sudhanshusingh705/music-player-with-lyrics,,2022-11-03T14:52:45Z,2022-11-21T13:11:40Z,2,0,JavaScript,,https://github.com/Sudhanshusingh705/music-player-with-lyrics,before_2023
768792,orta/iGig,iGig keep your music and your lyrics and songnotes in order,2010-07-11T11:38:12Z,2019-08-13T14:34:54Z,4,1,Objective-C,,https://github.com/orta/iGig,before_2023
146992,ubermajestix/musical_adventures,executables for adding lyrics and recent listening,2009-03-10T00:39:43Z,2019-08-13T14:08:03Z,2,0,Ruby,,https://github.com/ubermajestix/musical_adventures,before_2023
329330855,ericksonlopes/Words-In-Songs,🎵 Pesquisa uma palavra ou frase dentro de todas as musicas de um artista.,2021-01-13T14:20:18Z,2026-03-03T00:05:18Z,20,1,Python,"docker,fastapi,lyrics,music,python,python3,redis",https://github.com/ericksonlopes/Words-In-Songs,before_2023
372508532,kheidtbrink/music,get music lyrics,2021-05-31T13:02:20Z,2021-05-31T15:47:33Z,0,0,Makefile,,https://github.com/kheidtbrink/music,before_2023
434689838,alexpung/TouhouLyricsFinder,Helper to get Touhou project doujin music lyrics,2021-12-03T18:05:47Z,2025-02-28T06:10:58Z,2,0,Python,"lyrics-fetcher,touhou-project",https://github.com/alexpung/TouhouLyricsFinder,before_2023
326480161,darklight147/Discord-Music-Master,"AI powered none-stop Music Player that uses an optimized recommendation system to create a Beautiful Radio effect and keeps you jamming , with lyrics and more",2021-01-03T19:01:09Z,2024-12-20T05:17:27Z,6,1,TypeScript,"automated,bot,discord-bot,discord-js,discordjs,music-player,radio,redis,typescript",https://github.com/darklight147/Discord-Music-Master,before_2023
175047111,rlzh/mec,Music emotion classifiers based on lyrics,2019-03-11T17:06:43Z,2025-01-25T16:25:06Z,2,1,Python,,https://github.com/rlzh/mec,before_2023
145265968,Slava/klyrics,Klyrics - KPop music player with lyrics,2018-08-19T02:04:56Z,2024-09-15T04:16:19Z,2,0,JavaScript,,https://github.com/Slava/klyrics,before_2023
447289441,NargesSayah/Music-Sentiment-Analysis,Analyzing the pattern of words in the lyrics as well as the musical components like the valence value.,2022-01-12T16:24:58Z,2024-04-23T17:28:14Z,4,0,Jupyter Notebook,,https://github.com/NargesSayah/Music-Sentiment-Analysis,before_2023
179514829,mtsev/lyricnommer,Command line tool to add lyrics to music files,2019-04-04T14:32:57Z,2022-04-29T07:13:44Z,2,0,Python,lyrics,https://github.com/mtsev/lyricnommer,before_2023
256479507,bahaisongproject/bahaisongproject.com,bahá'í song project website,2020-04-17T11:03:39Z,2026-04-30T10:54:34Z,8,1,JavaScript,"bahai,lyrics,music,reference,videos",https://github.com/bahaisongproject/bahaisongproject.com,before_2023
94624373,yashhere/BeautifyMP3,A command line tool for fixing ID3 metadata and adding Album Art to MP3 songs,2017-06-17T13:08:10Z,2026-01-28T08:24:31Z,30,7,Python,"album-art,cli,eyed3,genius-api,genius-lyrics-search,id3,id3v2,lyrics,meta-tags,metadata-management,mit-license,mp3,music,python,python3,spotify,spotify-api,vscode",https://github.com/yashhere/BeautifyMP3,before_2023
9836304,neonichu/lyricsify,Search for a music track by lyrics and play the result using Spotify.,2013-05-03T13:19:29Z,2018-03-22T07:27:22Z,2,0,Objective-C,,https://github.com/neonichu/lyricsify,before_2023
311782146,MonicaBartha/lyrics,Music Lyrics,2020-11-10T20:53:52Z,2020-11-12T15:42:19Z,0,0,JavaScript,"api,bootswatch,hooks,reactjs",https://github.com/MonicaBartha/lyrics,before_2023
432105632,matusalaermiyas/node-lyrics,A node.js rest api for fetching lyrics and music cover,2021-11-26T08:27:24Z,2024-09-25T12:00:51Z,2,0,JavaScript,,https://github.com/matusalaermiyas/node-lyrics,before_2023
155530168,errolyan/musicxml_to_pinyin,"Convert the lyrics in the xml file of Chinese songs into batches. Very efficient, I hope to help you.",2018-10-31T09:21:06Z,2022-01-25T09:21:14Z,4,1,Python,,https://github.com/errolyan/musicxml_to_pinyin,before_2023
186578613,lishixuan001/MusicClassificationDL,Music recommendation system using collaborative filtering with lyrics and sound wave information. SP19 CS 182. Prof. John Canny. Final Project ,2019-05-14T08:27:26Z,2021-01-10T16:17:28Z,3,0,Jupyter Notebook,,https://github.com/lishixuan001/MusicClassificationDL,before_2023
567076689,jurabek1122/Lyrics,Music app,2022-11-17T02:34:36Z,2022-11-17T02:40:23Z,0,0,JavaScript,,https://github.com/jurabek1122/Lyrics,before_2023
542578327,MilanaShhanukova/music_generation,This repository is about lyrics russian music generation.,2022-09-28T12:26:09Z,2024-04-01T13:04:18Z,2,0,Jupyter Notebook,,https://github.com/MilanaShhanukova/music_generation,before_2023
358711736,monicajawahar/Emotion-Based-Classification-of-Music-Using-Lyrics-and-Audio,,2021-04-16T20:25:43Z,2025-02-22T14:09:32Z,3,0,Jupyter Notebook,,https://github.com/monicajawahar/Emotion-Based-Classification-of-Music-Using-Lyrics-and-Audio,before_2023
316009243,Aman7865/Music,Find your Lyrics here.....,2020-11-25T17:27:16Z,2020-11-25T17:36:58Z,0,0,HTML,,https://github.com/Aman7865/Music,before_2023
561651810,Moustov/pyharmonytooling,python code to manage music harmony,2022-11-04T07:07:45Z,2025-01-20T08:44:46Z,7,1,HTML,"lyrics,music,music-composition,music-information-retrieval,music-library,music-notation,music-theory,pychord,python3",https://github.com/Moustov/pyharmonytooling,before_2023
481175464,Parsa2820/50-years-lyrics,50 Years of the Best-Selling Music Artists Lyrics Comparison,2022-04-13T10:43:54Z,2023-12-01T10:10:42Z,2,0,Jupyter Notebook,"lyrics,nlp",https://github.com/Parsa2820/50-years-lyrics,before_2023
206057332,d-tchmnt/Sentiment-Analysis-on-Music-Lyrics,Dissertation Thesis ,2019-09-03T11:06:03Z,2025-10-02T21:49:34Z,2,0,Jupyter Notebook,"classification,lyrics,machine-learning,music,sentiment-analysis",https://github.com/d-tchmnt/Sentiment-Analysis-on-Music-Lyrics,before_2023
583129590,asigalov61/Melody-Lyric,Melody Lyric Transformer Implementation and Model,2022-12-28T21:21:25Z,2026-04-09T10:36:05Z,11,0,Python,"lyrics,lyrics-generator,melody,music,music-ai,music-transformer",https://github.com/asigalov61/Melody-Lyric,before_2023
517211613,yezhiyi9670/toxic-music-player-1,Apache-PHP based application used for establishing your unique personal music archive site.,2022-07-24T02:50:23Z,2026-02-04T15:07:20Z,4,1,PHP,"lyrics,music,music-library,personal,php",https://github.com/yezhiyi9670/toxic-music-player-1,before_2023
405553346,deadlylaid/lyrics,music lyrics translation,2021-09-12T05:15:50Z,2021-09-12T05:15:53Z,0,0,,,https://github.com/deadlylaid/lyrics,before_2023
1781055,ayush/musixlib,Musixmatch provides a Lyrics API which delivers 100% legal lyrics to any kind of music app or service. This is a java/scala library for musiXmatch Lyrics API ,2011-05-21T16:56:48Z,2014-09-12T07:56:34Z,4,0,Scala,,https://github.com/ayush/musixlib,before_2023
309762513,Alirezaaraby/pyspoge,A Library For Get Current Playing Spotify Music With Lyrics,2020-11-03T17:40:57Z,2025-10-10T19:34:16Z,3,0,Python,"genius,python,spotify",https://github.com/Alirezaaraby/pyspoge,before_2023
12348854,ac3xx/Lyricalizer,Automatically fetches lyrics into Music app + Spotify,2013-08-24T19:47:00Z,2022-11-08T14:24:50Z,2,0,JavaScript,,https://github.com/ac3xx/Lyricalizer,before_2023
370017366,RishiRatanPandey/Music-Player-,a gui music player with lyrics support and create your own playlist created using python (tkinter),2021-05-23T10:04:07Z,2023-10-09T15:20:24Z,3,0,Python,"app,audio,audio-player,best,bruh,lyrics,mp3,music,music-player,musixmatch,player",https://github.com/RishiRatanPandey/Music-Player-,before_2023
155779402,Joao-Maria-Janeiro/Search-Lyrics-Using-Voice,Search for music lyrics using your voice as command,2018-11-01T21:42:16Z,2019-03-11T23:55:30Z,2,1,Python,,https://github.com/Joao-Maria-Janeiro/Search-Lyrics-Using-Voice,before_2023
557186281,mohamedtarek427/lyrics,music player website,2022-10-25T08:25:12Z,2022-10-26T06:21:07Z,1,0,JavaScript,,https://github.com/mohamedtarek427/lyrics,before_2023
185236184,jscodelover/musicfinder,project created for lyrics search using reactjs and context api,2019-05-06T16:49:02Z,2023-03-09T00:03:25Z,2,0,JavaScript,"react-hooks,style-conventions",https://github.com/jscodelover/musicfinder,before_2023
114153119,hhaakkimm/Lyrics,Lyrics of musics,2017-12-13T18:06:22Z,2017-12-13T18:20:05Z,0,0,Java,,https://github.com/hhaakkimm/Lyrics,before_2023
324101476,vill-jiang/lrc_match,Auto match .lrc lyrics for music file.,2020-12-24T08:03:30Z,2025-01-11T07:33:54Z,2,0,Python,,https://github.com/vill-jiang/lrc_match,before_2023
293638242,emirdemirel/ASA_ICASSP2021,A duration-invariant audio-to-lyrics alignment pipeline with low memory footprint which segments long music recordings via a recursive biased decoding procedure.,2020-09-07T21:43:17Z,2025-06-18T10:32:38Z,15,1,Shell,,https://github.com/emirdemirel/ASA_ICASSP2021,before_2023
212258210,n8snyder/music,Playing around with song lyrics,2019-10-02T04:55:11Z,2023-10-09T14:49:26Z,1,0,Python,,https://github.com/n8snyder/music,before_2023
204574422,ShaDuv/Lyrical-Personality-TeamWk2,"This project will tell you the personality of an artists based on their lyrics, providing they are supported by Itunes because music based APIS are not cheap. ",2019-08-26T22:46:11Z,2020-03-31T21:08:50Z,0,4,Ruby,,https://github.com/ShaDuv/Lyrical-Personality-TeamWk2,before_2023
348453435,shvyn22/FlexingLyrics,MVVM Android sample app based on Happi.dev music API for searching tracks' infos,2021-03-16T18:32:27Z,2022-09-12T08:18:43Z,2,0,Kotlin,"android,android-app,android-application,dagger-hilt,dagger2,kotlin,kotlin-android,kotlin-coroutines,mvvm,mvvm-android,retrofit2,room,rxjava,workmanager",https://github.com/shvyn22/FlexingLyrics,before_2023
217636164,gabriel-q-wang/Alexa-Freestyle,A new Alexa skill that uses machine learning to generate new lyrics based on your favorite artist!,2019-10-26T00:48:53Z,2021-07-31T01:38:57Z,1,2,Python,"alexa-skill,machine-learning,music,python",https://github.com/gabriel-q-wang/Alexa-Freestyle,before_2023
582044743,totallynotadi/apoem,apple music lyrics style lyrics view for reading poems my friend writes :3,2022-12-25T12:45:59Z,2023-05-23T17:07:46Z,2,0,Svelte,"apple-music,apple-music-lyrics,lyrics",https://github.com/totallynotadi/apoem,before_2023
180410191,JennaN23/MusicWizard,lyrics & concerts,2019-04-09T16:42:07Z,2019-04-15T16:27:17Z,0,0,Java,,https://github.com/JennaN23/MusicWizard,before_2023
94691413,hozuki/gfan,Recognize machine-translated lyrics on Netease Cloud Music (http://music.163.com/) using machine learning,2017-06-18T14:13:21Z,2020-07-11T15:27:16Z,3,0,Python,"cloudmusic,lyrics,machine-learning,translation",https://github.com/hozuki/gfan,before_2023
76542721,ImDaeseong/lyricsPlayer,Music and Lyrics,2016-12-15T09:02:55Z,2019-09-27T12:28:21Z,0,0,C++,,https://github.com/ImDaeseong/lyricsPlayer,before_2023
49835646,paladini/py-simple-lyric-generator,A simple Markov chains lyric generator written in Python.,2016-01-17T21:07:57Z,2026-03-16T17:29:53Z,20,2,Python,"artists,creator,generator,lyric,lyric-generator,lyrics,markov-chain,music,pink-floyd,pymarkovchain,python,song",https://github.com/paladini/py-simple-lyric-generator,before_2023
141903561,wang1925/MusicApp,"A test music app,with MPRemoteCommandCenter.",2018-07-22T14:38:21Z,2021-12-02T02:12:31Z,2,0,Objective-C,"lockscreen,lyrics,mpremotecommandcenter,music-player",https://github.com/wang1925/MusicApp,before_2023
542374747,DanielL29/sheet-music-to-your-lyrics-back,"Authorial Project, Sheet Music to Your Lyrics inspired by Cifra Club, Vagalume and Genius - Backend",2022-09-28T02:29:53Z,2022-09-29T05:09:05Z,2,0,TypeScript,,https://github.com/DanielL29/sheet-music-to-your-lyrics-back,before_2023
100164090,codistro/lyricso,It is a music player app that automatically fetches the lyrics of playing song using third-party API,2017-08-13T08:35:55Z,2023-07-17T02:26:46Z,2,0,Java,,https://github.com/codistro/lyricso,before_2023
68621502,cihstar/lyrics,Sync music with lyrics,2016-09-19T15:56:39Z,2024-01-27T20:06:43Z,1,0,Python,,https://github.com/cihstar/lyrics,before_2023
566909344,preciousimo/musik,"Musik is improved version of Spotify. With a modern homepage, fully-fledged music player, search, lyrics, song exploration features, search, popular music around you, worldwide top charts, and much more.",2022-11-16T17:08:17Z,2025-07-12T14:05:02Z,11,0,JavaScript,"geo-ipify,rapidapi,react,redux,shazam-api,tailwind",https://github.com/preciousimo/musik,before_2023
366162846,eromland/lyrics,Visualization of music lyrics.,2021-05-10T20:07:33Z,2021-05-10T20:14:59Z,0,0,JavaScript,,https://github.com/eromland/lyrics,before_2023
367410753,CodeChefVIT/Lyricer,Add lyrics of a song to YouTube description above everything else (can be a Chrome extension). Can scrape a particular site for the lyrics.,2021-05-14T15:49:39Z,2021-07-08T19:05:10Z,0,2,JavaScript,"chrome-extension,extension,lyricer,lyrics,music,scrape,songs,web-scraping,youtube",https://github.com/CodeChefVIT/Lyricer,before_2023
520964523,xjseabrum/lyrics-nlp-acoustic-predictions,"Given a fixed genre, can the following 7 values be predicted by the song's lyrics and release year?: - Acousticness, Danceability, Energy, Instrimentalness, Liveness, Valence, Speechiness",2022-08-03T16:59:54Z,2022-09-16T09:37:23Z,2,0,Jupyter Notebook,"data,lyrics,music,nlp",https://github.com/xjseabrum/lyrics-nlp-acoustic-predictions,before_2023
511980613,chikuhub/lyrics-web,music lyrics,2022-07-08T17:47:43Z,2022-07-08T17:47:58Z,0,0,HTML,,https://github.com/chikuhub/lyrics-web,before_2023
34053750,spaceguy101/Lyrically,Chrome Extension for Lyrics of Current Playing Song on Various Music Streaming Sites. ,2015-04-16T12:12:03Z,2017-02-10T12:46:56Z,4,0,JavaScript,,https://github.com/spaceguy101/Lyrically,before_2023
189784514,jrg94/lyrics,A collection of song lyrics for data mining purposes.,2019-06-01T22:55:36Z,2019-06-01T23:54:05Z,1,0,,"lyrics,music",https://github.com/jrg94/lyrics,before_2023
329361530,fernandogivan/Meuzzz,Music Lyrics,2021-01-13T16:09:11Z,2021-01-13T16:09:15Z,0,0,,,https://github.com/fernandogivan/Meuzzz,before_2023
276736712,Josmaralejandro/lyrics,App for looking music lyrics,2020-07-02T20:12:31Z,2020-07-02T20:14:56Z,0,0,JavaScript,,https://github.com/Josmaralejandro/lyrics,before_2023
26099165,JudahGabriel/MessianicChords,"MessianicChords.com, the best place to find lyrics and guitar chords for Messianic Jewish music",2014-11-03T01:30:17Z,2026-04-09T05:36:15Z,5,1,TypeScript,,https://github.com/JudahGabriel/MessianicChords,before_2023
574039286,souradeepm414/lyrics,Lyrics for your favourite music....,2022-12-04T08:22:06Z,2025-07-24T17:42:35Z,1,0,Dart,,https://github.com/souradeepm414/lyrics,before_2023
243980661,niranjanmaharana/music,Web template for songs and lyrics,2020-02-29T14:12:59Z,2020-09-21T11:54:08Z,0,0,TypeScript,,https://github.com/niranjanmaharana/music,before_2023
367918273,Abjcodes/Sithara-Krishnakumar-s-MusicBox-,An online lyrics generator from the songs of Indian playback singer Sithara Sreeram,2021-05-16T15:26:30Z,2023-03-04T08:26:37Z,2,0,Jupyter Notebook,,https://github.com/Abjcodes/Sithara-Krishnakumar-s-MusicBox-,before_2023
148891935,lightdiscord/Lyrics,Sing along to YouTube Music.,2018-09-15T10:25:17Z,2018-09-15T10:29:36Z,0,0,,,https://github.com/lightdiscord/Lyrics,before_2023
202951838,akinncar/lyrictube,:musical_note: google chrome extension to apply lyrics for youtube musics,2019-08-18T02:39:16Z,2022-07-27T18:25:49Z,3,0,JavaScript,,https://github.com/akinncar/lyrictube,before_2023
147623634,Abhi-Lokare/LyricsFinder,Music Lyrics Finder App,2018-09-06T05:44:45Z,2018-09-06T05:47:20Z,0,0,JavaScript,javascript,https://github.com/Abhi-Lokare/LyricsFinder,before_2023
243172691,DeepuUpadhyay/LyricsFinder,Top 10 Music List,2020-02-26T05:00:21Z,2020-02-26T06:04:16Z,0,0,JavaScript,,https://github.com/DeepuUpadhyay/LyricsFinder,before_2023
192489146,caleboki/lyrics,A simple music bookmarking app,2019-06-18T07:31:01Z,2019-11-02T14:58:17Z,0,0,PHP,,https://github.com/caleboki/lyrics,before_2023
569368580,DavidBitner/lyrics,Website to search music lyrics,2022-11-22T17:06:34Z,2022-11-22T17:07:25Z,0,0,CSS,,https://github.com/DavidBitner/lyrics,before_2023
420975352,Waterlog1/Lyrics,Music artists and their lyrics,2021-10-25T10:19:40Z,2021-10-25T10:19:40Z,0,0,,,https://github.com/Waterlog1/Lyrics,before_2023
102255333,shaunchurch/lastfm-lyricsheet,Desktop app to display lyrics for your currently scrobbling track on last.fm,2017-09-03T09:55:49Z,2023-05-26T01:17:51Z,2,0,TypeScript,"electron,electron-application,lastfm,lyrics,macos,music",https://github.com/shaunchurch/lastfm-lyricsheet,before_2023
265912721,androidWG/SmartLyrics,Android lyrics app using Genius and built with Xamarin,2020-05-21T17:38:24Z,2024-08-24T20:22:23Z,2,0,C#,"android,csharp,lyrics,music,xamarin,xamarin-android",https://github.com/androidWG/SmartLyrics,before_2023
371355075,Cr1Ticals/LyricsMusics,,2021-05-27T11:49:37Z,2021-12-27T18:17:28Z,0,0,JavaScript,,https://github.com/Cr1Ticals/LyricsMusics,before_2023
80641645,ksd1995/LyricsMusic,,2017-02-01T16:52:53Z,2020-05-04T01:57:24Z,0,0,Java,,https://github.com/ksd1995/LyricsMusic,before_2023
416340605,leomza/LyricsMusic,This app was builded with React and get information from 2 differents APIS at the same time,2021-10-12T13:05:02Z,2021-10-12T14:58:00Z,0,0,JavaScript,,https://github.com/leomza/LyricsMusic,before_2023
446902415,Wacil23/lyricsMusic,,2022-01-11T16:41:03Z,2022-01-11T16:41:03Z,0,0,,,https://github.com/Wacil23/lyricsMusic,before_2023
246171941,Myrtraz/LyricsMusic,,2020-03-10T00:32:52Z,2020-03-10T00:33:23Z,0,0,PHP,,https://github.com/Myrtraz/LyricsMusic,before_2023
184774754,Jouya/Lyrics,Using Tensorflow for music lyric classification ,2019-05-03T15:00:22Z,2019-05-03T15:21:53Z,0,0,Python,,https://github.com/Jouya/Lyrics,before_2023
137399954,AlberIspiryan/MusicLyrics,Music Lyrics API,2018-06-14T19:26:13Z,2018-06-15T15:22:12Z,0,0,PHP,,https://github.com/AlberIspiryan/MusicLyrics,before_2023
151704417,abhisheksharma6/LyricsMusicPlayer,My Lyrics Music Player,2018-10-05T10:23:27Z,2018-10-05T10:25:58Z,0,0,Java,,https://github.com/abhisheksharma6/LyricsMusicPlayer,before_2023
160620353,AbhinavBehal/geniusfm,Lyrics and their interpretations for what you're listening to,2018-12-06T04:50:47Z,2020-10-21T21:48:19Z,3,1,JavaScript,"genius-api,lastfm-api,lyrics,music,react",https://github.com/AbhinavBehal/geniusfm,before_2023
41280726,LinkedBrainz/MusicBrainz-Lyrics,Scraper for lyrics,2015-08-24T03:53:00Z,2025-01-18T16:04:09Z,0,0,Python,,https://github.com/LinkedBrainz/MusicBrainz-Lyrics,before_2023
293866493,HereComePretzel/MusicLyricSearch,Song Lyrics Search,2020-09-08T16:27:09Z,2021-01-18T07:44:09Z,1,1,Ruby,,https://github.com/HereComePretzel/MusicLyricSearch,before_2023
802117,riemann42/Music-Tag-LyricsFetcher, Music::Tag::LyricsFetcher - Plugin module for Music::Tag to fetch lyrics,2010-07-28T03:55:10Z,2014-09-08T21:12:02Z,1,1,Perl,,https://github.com/riemann42/Music-Tag-LyricsFetcher,before_2023
174215081,odunze/Music,An app to look up music lyrics,2019-03-06T20:22:40Z,2019-03-07T00:17:00Z,0,0,Objective-C,,https://github.com/odunze/Music,before_2023
558524580,noemicampo/Lyrics,"Music player, search, lyrics, song exploration features, popular music around you, worldwide top charts, and much more.",2022-10-27T18:11:44Z,2022-10-27T18:17:25Z,0,0,JavaScript,"rapidapi,react,redux,tailwind",https://github.com/noemicampo/Lyrics,before_2023
15534174,hermajan/lyrics,Shows music lyrics from the internet.,2013-12-30T18:52:54Z,2018-11-15T15:00:01Z,0,0,Java,,https://github.com/hermajan/lyrics,before_2023
508042626,maelchiotti/GTagger,GTagger is a python tool that adds lyrics from Genius to .flac and .mp3 files,2022-06-27T19:49:44Z,2024-10-12T21:31:16Z,7,0,Python,"automatic,flac,genius,lyrics,mp3,music,song,tag,track",https://github.com/maelchiotti/GTagger,before_2023
144426374,mateus/spotify-live-tabs,Real time music Tabs and Lyrics based on what you are listening on Spotify,2018-08-12T00:14:54Z,2024-08-19T09:35:57Z,4,0,JavaScript,"lyrics,musicxmatch,spotify,tabs,ultimate-guitar",https://github.com/mateus/spotify-live-tabs,before_2023
448364788,ekindeveli/lyrics-plugin-for-spotify,Lyrics Plugin for Spotify,2022-01-15T18:55:07Z,2022-07-06T08:42:43Z,2,0,Python,"bs4,music,python,spotify,spotify-api,threading,web-scraping",https://github.com/ekindeveli/lyrics-plugin-for-spotify,before_2023
548284703,zvirgo/lyrics,"Music App with React, Tailwind, Redux & RapidAPI",2022-10-09T08:54:02Z,2022-10-09T09:26:23Z,0,0,JavaScript,,https://github.com/zvirgo/lyrics,before_2023
369973394,nafisa003/music-lyricsAPI,,2021-05-23T06:00:46Z,2021-05-23T06:10:00Z,0,0,HTML,,https://github.com/nafisa003/music-lyricsAPI,before_2023
572301213,connorpaps/LyricsMusicApp,,2022-11-30T01:11:26Z,2022-11-30T01:11:32Z,0,0,JavaScript,,https://github.com/connorpaps/LyricsMusicApp,before_2023
42689617,waltertan12/MusicApp,A-Z Lyrics Clone,2015-09-18T00:14:28Z,2015-09-18T00:15:40Z,0,0,Ruby,,https://github.com/waltertan12/MusicApp,before_2023
516707421,TokyFy/LyricsFinderAPI,An API for finding the lirics of your favorite song,2022-07-22T10:26:19Z,2023-01-31T05:14:32Z,1,0,TypeScript,"music,typescript",https://github.com/TokyFy/LyricsFinderAPI,before_2023
260367526,JJ-Code/musicalLyrics,,2020-05-01T02:58:57Z,2020-05-04T02:26:10Z,0,0,JavaScript,,https://github.com/JJ-Code/musicalLyrics,before_2023
235442371,Adrian1095/MusicLyrics,,2020-01-21T21:10:50Z,2020-01-21T21:10:54Z,0,0,,,https://github.com/Adrian1095/MusicLyrics,before_2023
458530064,Ammyy9908/lyric-hunt,Lyrics Hunt~Music Lyrics Search API.,2022-02-12T13:30:27Z,2022-02-12T13:31:23Z,0,0,JavaScript,"api,lyrics-search,nodejs-server,rest-api",https://github.com/Ammyy9908/lyric-hunt,before_2023
347730744,DenisCatalin/MusicLyrics,,2021-03-14T19:15:35Z,2021-11-24T15:36:41Z,0,0,CSS,,https://github.com/DenisCatalin/MusicLyrics,before_2023
172573317,jacklapinza/LyricsMusicMatch,"Ottenere testo di una canzone, dato il titolo e l'autore.",2019-02-25T19:46:29Z,2019-02-25T20:00:17Z,0,0,Python,,https://github.com/jacklapinza/LyricsMusicMatch,before_2023
181072083,ko-htut/MusicDemons,Lyrics website using Laravel,2019-04-12T19:34:15Z,2019-08-29T07:03:21Z,0,0,PHP,,https://github.com/ko-htut/MusicDemons,before_2023
249513218,sevidmusic/Music,"Collection of  scores, lead sheets, lyrics, midi files, and audio recordings of the music I have written/composed/arranged. You can also hear more of my music at https://soundcloud.com/sevidmusic",2020-03-23T18:33:25Z,2021-12-07T19:01:04Z,2,0,,,https://github.com/sevidmusic/Music,before_2023
213930165,tolumide-ng/musicLyrics,An application that displays music lyrics to the users,2019-10-09T13:45:21Z,2019-10-13T10:23:16Z,0,0,JavaScript,,https://github.com/tolumide-ng/musicLyrics,before_2023
301321593,TheScreamer74/MusicLyrics,,2020-10-05T07:07:51Z,2021-10-21T23:25:11Z,1,0,Kotlin,,https://github.com/TheScreamer74/MusicLyrics,before_2023
363158811,marianemori/MusicLyrics,,2021-04-30T14:02:56Z,2021-04-30T15:43:04Z,0,0,,,https://github.com/marianemori/MusicLyrics,before_2023
380837229,hanna-freuden/MusicLyrics,Analyze music lyrics and predict chart rank using ML,2021-06-27T21:02:20Z,2025-05-26T19:13:34Z,1,0,Jupyter Notebook,"lyrics,music,spotify",https://github.com/hanna-freuden/MusicLyrics,before_2023
398616840,vinay416/MusicLyrics,,2021-08-21T17:20:50Z,2021-08-21T17:23:14Z,0,0,Dart,,https://github.com/vinay416/MusicLyrics,before_2023
211261151,manishydv18/musicLyrics,Treading song in selected country and their lyrics,2019-09-27T07:27:58Z,2019-09-27T07:46:29Z,0,0,JavaScript,,https://github.com/manishydv18/musicLyrics,before_2023
579042573,Mo-Medhat/musicLyrics,,2022-12-16T14:12:08Z,2023-01-09T16:32:55Z,1,0,HTML,,https://github.com/Mo-Medhat/musicLyrics,before_2023
337479809,sub-nandi/MusicLyrics,,2021-02-09T17:18:28Z,2021-09-15T13:25:07Z,0,0,HTML,,https://github.com/sub-nandi/MusicLyrics,before_2023
133122685,kunalgoyal000/LyricsApp,This App is designed for music lovers.One can easily read the lyric while listening to music.,2018-05-12T07:06:25Z,2018-05-12T07:16:09Z,0,0,Java,,https://github.com/kunalgoyal000/LyricsApp,before_2023
527321647,ansari8850/musicLyrics,,2022-08-21T20:40:06Z,2022-08-21T20:41:47Z,0,0,Dart,,https://github.com/ansari8850/musicLyrics,before_2023
474147992,jcromerohdz/musicLyrics,A music lyrics app with React,2022-03-25T19:59:45Z,2022-03-25T20:00:54Z,0,0,JavaScript,,https://github.com/jcromerohdz/musicLyrics,before_2023
451783303,SantiagoMtzOlv/musicLyrics,React app using Lyric.ovh,2022-01-25T07:48:03Z,2022-01-25T07:49:01Z,0,0,JavaScript,,https://github.com/SantiagoMtzOlv/musicLyrics,before_2023
422141123,Kamkom1/MusicLyrics,,2021-10-28T09:21:55Z,2021-10-28T09:21:55Z,0,0,,,https://github.com/Kamkom1/MusicLyrics,before_2023
438579321,siyamulislam/hard-rock,music lyrics finder,2021-12-15T09:59:39Z,2022-11-20T08:30:45Z,1,0,HTML,,https://github.com/siyamulislam/hard-rock,before_2023
188895117,JennaN23/MusicWizard-new-master-2-master,"music, concerts, lyrics",2019-05-27T18:58:26Z,2019-05-27T18:58:54Z,0,0,Java,,https://github.com/JennaN23/MusicWizard-new-master-2-master,before_2023
99042103,MrGarrett45/songClouds,Take any artists song lyrics via scraping the Genius API and utilize a SQLite DB to turn them into a word cloud.,2017-08-01T20:50:03Z,2021-01-05T10:27:37Z,5,1,Python,"artists,genius,lyrics,music,webscraping",https://github.com/MrGarrett45/songClouds,before_2023
364076776,MoisesMtzCS/MusicLyrics,,2021-05-03T22:24:27Z,2021-05-11T23:19:59Z,0,0,Kotlin,,https://github.com/MoisesMtzCS/MusicLyrics,before_2023
108013440,thexyoz/what,Music lyrics o/,2017-10-23T17:10:47Z,2017-10-23T17:10:47Z,0,0,,,https://github.com/thexyoz/what,before_2023
68497193,darshben/MusicLyrics,,2016-09-18T04:55:57Z,2016-09-18T05:07:09Z,0,0,Jupyter Notebook,,https://github.com/darshben/MusicLyrics,before_2023
477716073,JesusSanchez23/API_music,API music lyrics,2022-04-04T13:35:27Z,2022-04-04T13:36:20Z,0,0,HTML,,https://github.com/JesusSanchez23/API_music,before_2023
571438234,p1r2a3v4e5e6n7/musixmatch,music lyrics application,2022-11-28T06:02:41Z,2022-11-28T07:35:31Z,0,0,Dart,,https://github.com/p1r2a3v4e5e6n7/musixmatch,before_2023
454052837,Sunjung-Dev/NLP_2022_1,About music lyrics ,2022-01-31T15:08:26Z,2022-01-31T15:18:38Z,0,0,Python,,https://github.com/Sunjung-Dev/NLP_2022_1,before_2023
126509038,Mashariah/mistari,kenya music lyrics,2018-03-23T16:07:38Z,2018-03-23T16:07:40Z,0,0,,,https://github.com/Mashariah/mistari,before_2023
264745144,alexpaper/lyrics-app,Music Lyrics app.,2020-05-17T19:52:47Z,2020-05-17T19:59:29Z,0,0,JavaScript,,https://github.com/alexpaper/lyrics-app,before_2023
196865692,Acreson/MusiLyric,Best Lyrics Music,2019-07-14T17:36:19Z,2019-10-25T10:44:47Z,1,0,Logos,,https://github.com/Acreson/MusiLyric,before_2023
315100730,MateuszJaroszko/Polish-Music-Dataset,Scrap music lyrics,2020-11-22T18:05:17Z,2024-06-01T17:39:46Z,1,1,,,https://github.com/MateuszJaroszko/Polish-Music-Dataset,before_2023
59568975,Victor0118/Information_Retrieval_Project,This is a simple lyrics and music retrieval system,2016-05-24T11:55:32Z,2017-10-25T03:19:08Z,2,1,HTML,,https://github.com/Victor0118/Information_Retrieval_Project,before_2023
40020432,inspire-lyrics/test-site,lyrics to music,2015-07-31T19:00:28Z,2015-07-31T19:21:24Z,0,0,HTML,,https://github.com/inspire-lyrics/test-site,before_2023
258074161,SeanAmmirati/deep-lyric-visualizer,Visualizing Lyrics + Music,2020-04-23T02:32:01Z,2022-01-01T02:53:23Z,0,0,Python,,https://github.com/SeanAmmirati/deep-lyric-visualizer,before_2023
131218098,scottjared/Music_Lyrics,Music Lyrics Scraper,2018-04-26T22:43:32Z,2018-04-26T22:43:34Z,0,0,,,https://github.com/scottjared/Music_Lyrics,before_2023
234695531,fbrnaldo/Allegra-Lyrics,Music lyrics app ,2020-01-18T07:02:10Z,2020-01-18T13:50:00Z,0,0,Java,,https://github.com/fbrnaldo/Allegra-Lyrics,before_2023
265784101,smitten5150/Hearts-Cry,Lyrics needs music..,2020-05-21T07:30:00Z,2020-05-21T07:30:04Z,0,0,,,https://github.com/smitten5150/Hearts-Cry,before_2023
191796512,fractal13/skill-music-lyrics,Quote music lyrics,2019-06-13T16:19:56Z,2019-06-13T16:19:56Z,0,0,,,https://github.com/fractal13/skill-music-lyrics,before_2023
161095399,fcarbah/music.ly,Find music lyrics,2018-12-10T00:34:48Z,2019-03-13T03:10:37Z,0,0,TypeScript,,https://github.com/fcarbah/music.ly,before_2023
239956473,JoakimJohnsson/tbffirebase,Music and lyrics,2020-02-12T07:58:44Z,2024-07-05T06:23:28Z,0,1,CSS,,https://github.com/JoakimJohnsson/tbffirebase,before_2023
534122393,Eldoradowies/Lyrics,music lyric finder... https://eldoradowies.github.io/Lyrics/,2022-09-08T08:36:34Z,2022-09-08T08:41:33Z,0,0,JavaScript,,https://github.com/Eldoradowies/Lyrics,before_2023
283491278,SubinAdhikari/musiclyrics,Music Lyrics System,2020-07-29T12:20:01Z,2021-03-03T09:52:19Z,0,0,JavaScript,,https://github.com/SubinAdhikari/musiclyrics,before_2023
149233380,shreejithora/musicxlyrics,music with lyrics,2018-09-18T05:25:58Z,2018-11-29T09:53:57Z,0,0,PHP,,https://github.com/shreejithora/musicxlyrics,before_2023
527798125,icunningham7/MuSearch,A page for listening to music and viewing lyrics.,2022-08-23T02:03:51Z,2022-10-20T02:39:23Z,2,1,JavaScript,,https://github.com/icunningham7/MuSearch,before_2023
401071781,ccstdio/Lyrics-Brochure,Repository for the brochure.,2021-08-29T15:08:05Z,2021-09-25T15:28:25Z,0,0,,music,https://github.com/ccstdio/Lyrics-Brochure,before_2023
342647071,Shreyash41/LyricsFinderApp,Find The Lyrics of Any Music ,2021-02-26T17:16:41Z,2021-03-01T15:49:14Z,1,0,Java,"android-app,java,json-api,volley-library",https://github.com/Shreyash41/LyricsFinderApp,before_2023
284871791,carlosfrodrigues/lyrics-finder,ReasonReact Web App to Find Lyrics,2020-08-04T03:54:09Z,2020-08-05T01:48:51Z,0,0,Reason,music,https://github.com/carlosfrodrigues/lyrics-finder,before_2023
198020002,vireshuberoy/Lyrics-Scraper,,2019-07-21T06:17:20Z,2022-05-03T23:59:34Z,2,0,Python,"beautifulsoup,beautifulsoup4,lyrics,music,python,scraping,songs,webscraping",https://github.com/vireshuberoy/Lyrics-Scraper,before_2023
516442785,enmanuel52/Evagne-Lyrics,Is about my sister career as singer,2022-07-21T16:20:12Z,2024-08-10T12:50:08Z,2,0,Kotlin,"android,animations,clean-architecture,jetpack-compose,koin-dependency-injection,lyrics,music,mvvm",https://github.com/enmanuel52/Evagne-Lyrics,before_2023
188599982,octraits/music_recomendation_using_face_emotions,An Integrated project work working on the basis of three phases: 1- Find mood from your Face(video Input) 2- Classification Of songs Basd on its lyrics 3- Youtube Crawling,2019-05-25T18:29:22Z,2019-05-25T19:04:00Z,0,2,Jupyter Notebook,,https://github.com/octraits/music_recomendation_using_face_emotions,before_2023
530315519,sborms/lyrical-arctic-monkeys,A smooth analysis of Arctic Monkeys song lyrics,2022-08-29T17:07:07Z,2025-04-15T14:22:06Z,2,0,Jupyter Notebook,"arctic-monkeys,d3-js,music,pandas",https://github.com/sborms/lyrical-arctic-monkeys,before_2023
183225739,sshwy/netease-cloud-music-playlist-down,a spider for downloading songs and lyrics from netease cloud music,2019-04-24T12:36:42Z,2023-11-08T13:41:31Z,2,0,Python,,https://github.com/sshwy/netease-cloud-music-playlist-down,before_2023
190453616,athoslag/lyrics,A Python application for analyzing music lyrics and repetitions.,2019-06-05T19:09:33Z,2023-01-28T12:35:50Z,0,0,Python,,https://github.com/athoslag/lyrics,before_2023
326628824,redteadeveloper/Music-Info,npm module for searching songs and albums.,2021-01-04T09:15:31Z,2024-08-07T07:14:14Z,4,1,TypeScript,"album-art,album-arwork,album-cover,artist,lyrics,lyrics-crawler,lyrics-finder,lyrics-search,music",https://github.com/redteadeveloper/Music-Info,before_2023
491689781,facundh23/LyricsApp,Lyrics App,2022-05-12T22:50:05Z,2022-05-16T19:27:22Z,0,0,JavaScript,"artists,lyrics-search,music",https://github.com/facundh23/LyricsApp,before_2023
444221217,busybox11/musicstatuscord,A very bad name for something that only updates your Discord status with music lyrics,2022-01-03T22:51:40Z,2025-02-11T00:52:43Z,2,0,JavaScript,,https://github.com/busybox11/musicstatuscord,before_2023
236444402,atembamanu/Am-Music,An android music app that uses Artificial Intelligence to play and show music lyrics,2020-01-27T08:09:53Z,2024-06-08T06:39:08Z,2,0,Java,,https://github.com/atembamanu/Am-Music,before_2023
100485685,TheJSGirl/musico,share your lyrics,2017-08-16T12:14:14Z,2017-08-17T10:43:38Z,0,0,JavaScript,,https://github.com/TheJSGirl/musico,before_2023
25608593,gitpan/Music-Tag-LyricsFetcher,Read-only release history for Music-Tag-LyricsFetcher,2014-10-22T23:02:07Z,2014-10-22T23:02:26Z,0,0,Perl,,https://github.com/gitpan/Music-Tag-LyricsFetcher,before_2023
344575261,jannathsyeda/JS_LyricsMusic_Api,,2021-03-04T18:44:39Z,2021-03-04T18:59:02Z,0,0,,,https://github.com/jannathsyeda/JS_LyricsMusic_Api,before_2023
256516707,tarunnamdeo/LyricsBolYoutubeMusic,In this Youtube Audio fomat extraction and Play and Youtube Search,2020-04-17T13:53:06Z,2020-09-26T03:29:12Z,0,0,Java,,https://github.com/tarunnamdeo/LyricsBolYoutubeMusic,before_2023
389024493,JRakhimov/lyricious-backend,Search and fetch lyrics from popular lyrics provider services,2021-07-24T06:55:12Z,2021-08-28T07:18:33Z,0,0,TypeScript,"lyrics,music",https://github.com/JRakhimov/lyricious-backend,before_2023
337981764,IuriSampaio/Lyrics,🎼 Get the lyrics of any music that you wish 🎧,2021-02-11T09:24:45Z,2023-03-07T15:53:14Z,1,0,JavaScript,"browser-extension,extension",https://github.com/IuriSampaio/Lyrics,before_2023
92531837,peterMuriuki/lyrics,"How music fanatics use github, Also for the karaoke moments",2017-05-26T17:04:48Z,2017-05-26T17:28:59Z,0,0,Python,,https://github.com/peterMuriuki/lyrics,before_2023
375052055,jexsa88/MusicLyrics2,,2021-06-08T15:07:28Z,2021-06-14T15:10:26Z,0,0,Java,,https://github.com/jexsa88/MusicLyrics2,before_2023
122654601,waldirfc/musicICC,app for the lyrics ICC,2018-02-23T17:54:06Z,2018-02-23T17:54:06Z,0,0,,,https://github.com/waldirfc/musicICC,before_2023
288167377,MrittunjoyLakra/Hard_Rock_Music_Lyrics,Song Lyrics ,2020-08-17T11:54:49Z,2020-08-17T12:08:46Z,0,0,HTML,,https://github.com/MrittunjoyLakra/Hard_Rock_Music_Lyrics,before_2023
199096069,aliakbarshafi/MusicFeel,Classifying music mood using Lyrics,2019-07-27T00:27:08Z,2019-07-27T02:30:52Z,0,0,Jupyter Notebook,,https://github.com/aliakbarshafi/MusicFeel,before_2023
260861199,harshitrai17152/A-Music-Management-Application-Musify-,"Our project involves developing a Music Management Application named ‘Musify’ that provides its users with a variety of songs to listen to based on their choices of mood, genre, language, artist and film. This Application also provides support to a variety of artists to showcase their art to the audience by adding their newly sung/composed songs for our users and earn. The filmmakers also have the option to upload all the songs of their films.  The songs can be rated by the users and also added to the list of favorite songs for the users. A user logs into the Application with LoginID and Password. He/she is also given the option of availing for a subscription and upgrade to a premium user, if a normal user.  The Application also supports additional benefits like display of lyrics and image along with the song being played. ",2020-05-03T08:40:21Z,2025-01-21T14:20:29Z,5,2,Java,"dbms-application,dbms-project,eclipse,java,javafx,mysql,plsql,tsql",https://github.com/harshitrai17152/A-Music-Management-Application-Musify-,before_2023
219418907,lorrrr/lyrics,Typographic poster visualizing music in real time with its lyrics.,2019-11-04T04:43:30Z,2019-11-18T00:37:45Z,0,0,JavaScript,,https://github.com/lorrrr/lyrics,before_2023
569158737,chaehee523/MusicPlayer-lyrics,,2022-11-22T07:59:39Z,2023-07-04T18:59:55Z,0,0,JavaScript,,https://github.com/chaehee523/MusicPlayer-lyrics,before_2023
128918902,fluxgenius/MusicLyricsApp,A simple music lyrics app made with csharp,2018-04-10T11:00:47Z,2018-04-10T11:00:47Z,0,0,,,https://github.com/fluxgenius/MusicLyricsApp,before_2023
48232141,hutilii/MusicPlayer,Simple local broadcast music lyrics,2015-12-18T11:39:42Z,2015-12-18T13:13:19Z,0,0,Objective-C,,https://github.com/hutilii/MusicPlayer,before_2023
412868895,swayamshreemohanty/MusicLyricsfetchingApp,,2021-10-02T17:40:35Z,2021-10-03T11:03:46Z,0,0,Dart,,https://github.com/swayamshreemohanty/MusicLyricsfetchingApp,before_2023
474926966,Dorritos/MusicLyricsApp,,2022-03-28T09:12:32Z,2022-03-28T09:12:43Z,0,0,Kotlin,,https://github.com/Dorritos/MusicLyricsApp,before_2023
581016812,nescolindres/MusicXMatchLyrics,A web application that connects to MusicXMatch API,2022-12-22T03:42:54Z,2022-12-22T03:46:55Z,0,0,JavaScript,,https://github.com/nescolindres/MusicXMatchLyrics,before_2023
66114294,juancafe4/musicVideo-Lyrics,This app helps the user to search for a song and it will return a music video with the respective lyrics ,2016-08-19T21:44:49Z,2016-08-19T22:39:59Z,0,0,JavaScript,,https://github.com/juancafe4/musicVideo-Lyrics,before_2023
11374206,geetagad/MusicLyricsApp,"Shows Music Lyrics from Sound of Music song when corresponding key note is pressed,",2013-07-12T17:28:02Z,2013-08-02T16:12:50Z,0,1,Java,,https://github.com/geetagad/MusicLyricsApp,before_2023
300399994,Reachakhil/ReactMusic,Song Lyrics Finder,2020-10-01T19:28:48Z,2023-03-01T06:10:10Z,0,0,JavaScript,,https://github.com/Reachakhil/ReactMusic,before_2023
466802182,geeky-amit/musicLyricsApp,,2022-03-06T17:06:18Z,2022-03-06T17:08:56Z,0,0,JavaScript,,https://github.com/geeky-amit/musicLyricsApp,before_2023
350139575,TomNguyen-0/MusicAndLyrics,got tired of looking for videos and lyrics,2021-03-21T22:48:46Z,2021-07-04T08:25:45Z,0,0,HTML,,https://github.com/TomNguyen-0/MusicAndLyrics,before_2023
175431453,tirtile/MusicLyricsSpider,,2019-03-13T13:57:01Z,2019-03-13T14:09:12Z,0,0,Python,,https://github.com/tirtile/MusicLyricsSpider,before_2023
230908710,shashanoid/MusicOnLyrics,Search and download any song by typing its lyrics 🎶🎶,2019-12-30T12:04:22Z,2020-05-03T19:19:12Z,1,1,Python,,https://github.com/shashanoid/MusicOnLyrics,before_2023
454267661,ray-nura/musicLyricsAPI,,2022-02-01T05:02:54Z,2022-02-02T19:30:06Z,0,0,JavaScript,,https://github.com/ray-nura/musicLyricsAPI,before_2023
290760623,SammieKei40/MusicLyricsSearch,GET MUSIC LYRICS OF AN ANY GENRES OF SONGS... ,2020-08-27T11:45:27Z,2020-09-03T16:14:54Z,0,0,JavaScript,,https://github.com/SammieKei40/MusicLyricsSearch,before_2023
422485342,GranthikPawade/MusicGameLyrics,The Offical Website Of Music Game Lyrics,2021-10-29T07:43:43Z,2021-10-30T06:39:50Z,0,0,HTML,,https://github.com/GranthikPawade/MusicGameLyrics,before_2023
288360676,Joseph-Burke/Icebreaker,Icebreaker is a Ruby-based web-scraper for fetching song lyrics. It was created as a capstone project for the Ruby module of the Microverse course.,2020-08-18T05:11:49Z,2021-03-16T16:55:38Z,5,0,Ruby,"lyrics,lyrics-fetcher,music,ruby,terminal-based",https://github.com/Joseph-Burke/Icebreaker,before_2023
297634527,stvnc/MusicLyricsAPI,,2020-09-22T11:59:37Z,2020-09-22T12:06:00Z,0,0,Swift,,https://github.com/stvnc/MusicLyricsAPI,before_2023
442868219,rathiharshit123/MusicWebApp,Get Lyrics of any song,2021-12-29T19:15:15Z,2021-12-29T19:16:24Z,0,0,CSS,,https://github.com/rathiharshit123/MusicWebApp,before_2023
427845020,animsingh/MusicToWords,Get the lyrics of songs,2021-11-14T05:23:56Z,2021-12-13T10:07:16Z,0,0,JavaScript,,https://github.com/animsingh/MusicToWords,before_2023
95164753,DouglasRBruce/LyricsManager,Manages Song Lyrics of original music for custom playlists,2017-06-22T23:26:16Z,2017-06-22T23:26:16Z,0,0,,,https://github.com/DouglasRBruce/LyricsManager,before_2023
76507543,MusicalMarisa18/My-Music,Lyrics I Write,2016-12-15T00:08:38Z,2016-12-15T00:08:38Z,0,0,,,https://github.com/MusicalMarisa18/My-Music,before_2023
232910269,RicardoJ/Music-react,song lyrics page,2020-01-09T21:32:47Z,2020-01-23T21:16:24Z,0,0,JavaScript,,https://github.com/RicardoJ/Music-react,before_2023
143518172,MirzaAhmedBaig/LyricsGrabberDashBoardForM_MusicApp,Simple android application that grab lyrics from songs website and store it to server,2018-08-04T10:05:43Z,2019-05-21T04:58:41Z,1,0,Kotlin,,https://github.com/MirzaAhmedBaig/LyricsGrabberDashBoardForM_MusicApp,before_2023
88769625,SilverCory/LogstalsiaMusic,Lyrics on logstalsia.,2017-04-19T17:01:08Z,2017-04-19T17:04:40Z,0,0,Go,"dank,logstalsia,lyrics,monitoring,music",https://github.com/SilverCory/LogstalsiaMusic,before_2023
156294984,caseygruse/MusicWebService,simple api for song lyrics,2018-11-05T23:01:09Z,2018-12-04T03:01:30Z,1,0,C#,,https://github.com/caseygruse/MusicWebService,before_2023
268970847,mwinckler/LyricsAnimatorWeb,Web frontend to create animated music lyric videos,2020-06-03T02:34:23Z,2020-09-02T03:10:01Z,1,0,Ruby,,https://github.com/mwinckler/LyricsAnimatorWeb,before_2023
152822258,PixelDust22/GatherPlay,Bring the exhilaration of music to the gathering of people.,2018-10-13T00:59:27Z,2018-12-29T19:13:36Z,2,0,JavaScript,"lyrics,music,visualization",https://github.com/PixelDust22/GatherPlay,before_2023
113102947,bdatdo0601/projectKidzBop,Attempt to convert explicit music lyrics to kids friendly music lyrics,2017-12-04T22:35:25Z,2018-04-23T22:46:46Z,0,0,Kotlin,,https://github.com/bdatdo0601/projectKidzBop,before_2023
77772043,ajayrwarrier/Vibe-MusicApp,Vibe - Music App With Lyrics,2017-01-01T08:49:51Z,2017-01-01T08:50:09Z,0,1,Java,,https://github.com/ajayrwarrier/Vibe-MusicApp,before_2023
299005792,saifjamsheer/swiftalysis,"Sentiment analysis, topic modeling, and lyrics generation using Taylor Swift's music across her entire discography.",2020-09-27T10:20:02Z,2024-05-21T19:24:49Z,4,0,Python,,https://github.com/saifjamsheer/swiftalysis,before_2023
281522265,NOBLES5E/nozomi-lyrics,Show lyrics for any MPRIS2 music player using netease music,2020-07-21T23:01:36Z,2020-10-13T20:24:05Z,0,0,Rust,,https://github.com/NOBLES5E/nozomi-lyrics,before_2023
375604395,aldrinjenson/simple-stream,Music streaming app to download and play any song of your choice. Includes Lyrics as well :),2021-06-10T07:09:18Z,2023-06-08T11:57:11Z,4,0,TypeScript,"lyrics,music,music-player,react,react-native,stream",https://github.com/aldrinjenson/simple-stream,before_2023
294381154,Avalanchers/Avalanchers-MP,Music Player That Extends A Work In Progress Lyrics Website,2020-09-10T10:45:24Z,2020-09-25T02:31:50Z,2,0,Java,,https://github.com/Avalanchers/Avalanchers-MP,before_2023
137978102,raphaelcrv/le-musicas-backend,api lyrics search,2018-06-20T03:59:54Z,2018-10-23T14:05:27Z,0,0,JavaScript,,https://github.com/raphaelcrv/le-musicas-backend,before_2023
24129160,codingchik/lyricsSearch,An app for musicians to log and share their music,2014-09-17T03:59:11Z,2014-09-17T04:00:01Z,0,0,CSS,,https://github.com/codingchik/lyricsSearch,before_2023
326501008,marshall-strong/yenius,"A full-stack clone of music encyclopedia Genius.com -- community sourced song lyrics, interpretations, and metadata.",2021-01-03T21:08:42Z,2024-01-18T23:11:28Z,4,1,Ruby,"aws,bing-news-search-api,cra-template-redux,heroku,rails-api,react,react-hooks,redux,scss",https://github.com/marshall-strong/yenius,before_2023
389172054,MedAziz11/Zeus-,Desktop App that download your favourite music and generate lyrics,2021-07-24T18:26:01Z,2021-11-17T20:14:50Z,2,0,JavaScript,"electron-app,javascript,mp3-downloader",https://github.com/MedAziz11/Zeus-,before_2023
275161160,sofiavetta/music-sentiment-analysis,Audio & lyrics analysis,2020-06-26T13:21:15Z,2023-04-05T01:37:15Z,1,1,Python,,https://github.com/sofiavetta/music-sentiment-analysis,before_2023
137483528,felipejoglar/lyricly,"Lyricly is an Android song lyrics app used to instantly get synchronized lyrics for Spotify, Google Play Music and much more. Also lets you explore and search for the most popular songs of the moment.",2018-06-15T12:12:13Z,2025-11-23T22:30:17Z,7,1,Java,"android,android-architecture,android-development,android-sdk,clean-architecture,lyrics,madewithudacity,material-design,mvvm-android,mvvm-architecture,udacity,udacity-android-nanodegree",https://github.com/felipejoglar/lyricly,before_2023
187417747,wcoelho/MusicsAPI,"Artitsts, Musics and Lyrics Management API",2019-05-19T00:30:52Z,2019-06-14T04:40:40Z,1,0,JavaScript,,https://github.com/wcoelho/MusicsAPI,before_2023
486866188,LuisArmando-TestCoder/Sublime-Scenes,"Lyrics, music and VFX",2022-04-29T06:45:24Z,2022-04-29T06:46:27Z,0,0,TypeScript,,https://github.com/LuisArmando-TestCoder/Sublime-Scenes,before_2023
541838440,makewayforpriceali/music,Using RNN to create original music lyrics based on any artist,2022-09-27T00:30:28Z,2022-09-27T01:23:14Z,0,0,Jupyter Notebook,,https://github.com/makewayforpriceali/music,before_2023
533170567,rizkydarms/Bixbop,Music Lyrics Web Interface,2022-09-06T05:13:14Z,2022-09-06T05:15:20Z,0,0,HTML,,https://github.com/rizkydarms/Bixbop,before_2023
14811865,msartintarm/lyrics,Music lyrics for my songs. I may encrypt these in the future,2013-11-29T23:12:41Z,2013-11-29T23:12:42Z,0,0,,,https://github.com/msartintarm/lyrics,before_2023
7380246,Lissov/MusicLearner,Application to see lyrics for song,2012-12-30T20:51:36Z,2013-01-13T21:25:08Z,0,0,,,https://github.com/Lissov/MusicLearner,before_2023
258391161,adibhandari/MusicRec,Recommending songs/artists based on lyrics,2020-04-24T03:06:46Z,2020-04-28T04:05:29Z,1,0,Jupyter Notebook,,https://github.com/adibhandari/MusicRec,before_2023
288085074,Murad07/hard-rock,Music Lyrics related app,2020-08-17T04:43:09Z,2020-08-17T12:13:02Z,0,0,HTML,,https://github.com/Murad07/hard-rock,before_2023
288184163,nahidkishore/Lyrics-searching-App,Music  Lyrics search application,2020-08-17T13:13:13Z,2020-08-17T13:40:59Z,0,0,HTML,,https://github.com/nahidkishore/Lyrics-searching-App,before_2023
288225588,SofiqurRahman/music-and-lyrics-app,music-and-lyrics-app,2020-08-17T16:05:55Z,2020-08-17T16:09:35Z,0,0,HTML,,https://github.com/SofiqurRahman/music-and-lyrics-app,before_2023
386713481,rhytune-io/Rhytune-Lite-Haru,Music Lyrics & Metadata Wiki,2021-07-16T17:19:27Z,2021-07-16T17:55:03Z,0,0,Python,,https://github.com/rhytune-io/Rhytune-Lite-Haru,before_2023
122957003,pixelblend/bbc_music_genius,BBC Music & Lyrics Scraper,2018-02-26T10:56:22Z,2018-03-14T15:40:24Z,0,0,JavaScript,,https://github.com/pixelblend/bbc_music_genius,before_2023
141422992,Oh-Yoojin/Music-Recommendation,Music Recommendation using Lyrics,2018-07-18T11:02:45Z,2020-08-21T08:59:55Z,1,0,Python,,https://github.com/Oh-Yoojin/Music-Recommendation,before_2023
131708310,kryptc/genius-final,Genius music lyrics website,2018-05-01T12:02:42Z,2018-05-02T18:14:21Z,0,1,HTML,,https://github.com/kryptc/genius-final,before_2023
223732778,kimbolls/Lyrica-,My Music lyrics website,2019-11-24T11:24:27Z,2023-01-27T19:52:14Z,0,0,HTML,,https://github.com/kimbolls/Lyrica-,before_2023
38921605,iebb/jQuery.lrc,jQuery Music Lyrics Plugin,2015-07-11T10:01:16Z,2015-07-11T12:16:34Z,0,0,JavaScript,,https://github.com/iebb/jQuery.lrc,before_2023
58271433,p988744/PopMusicLyricsFinder,Pop Music Lyrics Finder,2016-05-07T15:15:27Z,2016-05-08T16:31:24Z,0,0,PLSQL,,https://github.com/p988744/PopMusicLyricsFinder,before_2023
231066437,sunjae-kim/lyrics-viewer,Simple music lyrics viewer,2019-12-31T09:48:46Z,2023-06-25T12:15:14Z,0,0,Vue,"firebase,monorepo,nuxt,typescript,vuetify",https://github.com/sunjae-kim/lyrics-viewer,before_2023
243365265,martinsele/lyrics_generator,Generator of music lyrics,2020-02-26T21:03:45Z,2020-05-25T04:51:32Z,1,0,Jupyter Notebook,,https://github.com/martinsele/lyrics_generator,before_2023
446253908,kmegefiu/KanyerHeartless,Music video lyrics app,2022-01-10T02:14:29Z,2022-01-13T03:19:49Z,0,0,HTML,,https://github.com/kmegefiu/KanyerHeartless,before_2023
88924007,tklim01/soundtracks,Music sound tracks  lyrics,2017-04-21T00:56:01Z,2017-04-21T00:56:01Z,0,0,,,https://github.com/tklim01/soundtracks,before_2023
526786517,LIPLOCKKISSSIVA/musical-engine,music lyrics lip lock ,2022-08-20T00:26:48Z,2022-08-20T00:26:48Z,0,0,,,https://github.com/LIPLOCKKISSSIVA/musical-engine,before_2023
262830294,desirekaleba/music-lyrics-finder,A music lyrics finder,2020-05-10T16:36:36Z,2020-05-11T10:59:11Z,0,0,JavaScript,,https://github.com/desirekaleba/music-lyrics-finder,before_2023
28926122,jthang/ProjectMusic,Analysis of music lyrics,2015-01-07T17:47:50Z,2015-01-07T17:48:09Z,1,0,,,https://github.com/jthang/ProjectMusic,before_2023
557229643,rlCodev/data-science-text-analytics,Text analytics research project for classifying music tracks into genres by analysing their lyrics.,2022-10-25T10:05:30Z,2023-09-18T14:37:02Z,3,0,Jupyter Notebook,,https://github.com/rlCodev/data-science-text-analytics,before_2023
308020338,wkdrms1998/MusicVideoLyricsService,,2020-10-28T13:11:50Z,2020-10-28T13:21:24Z,0,0,HTML,,https://github.com/wkdrms1998/MusicVideoLyricsService,before_2023
288239652,mehediholic/Hard-Rock-Music-Search,Search song lyrics...,2020-08-17T17:10:51Z,2020-08-17T17:25:20Z,0,0,HTML,,https://github.com/mehediholic/Hard-Rock-Music-Search,before_2023
224548943,wesleyadriann/find_lyrics, 🎶  Music lyrics application,2019-11-28T01:49:36Z,2023-01-28T04:20:13Z,0,0,JavaScript,,https://github.com/wesleyadriann/find_lyrics,before_2023
39760833,chandrika33/LyricsApp,Music search application based on a public Apple and wiki API.,2015-07-27T07:22:18Z,2015-07-27T07:22:18Z,0,0,,,https://github.com/chandrika33/LyricsApp,before_2023
39761178,shilpaveron/Music-Lyrics,This provide the Universal Music with respect to Lyrics,2015-07-27T07:30:49Z,2015-07-27T07:30:49Z,0,0,,,https://github.com/shilpaveron/Music-Lyrics,before_2023
348972635,khaleedbinaziz1/music-lyrics,,2021-03-18T06:59:26Z,2021-03-18T16:54:23Z,0,0,HTML,,https://github.com/khaleedbinaziz1/music-lyrics,before_2023
338002884,YeasinArafatFahad/musicSearch-getLyrics,,2021-02-11T10:57:36Z,2021-02-11T11:25:20Z,0,0,HTML,,https://github.com/YeasinArafatFahad/musicSearch-getLyrics,before_2023
456616812,Ndhossain/musicLyricsUsingApi,,2022-02-07T17:55:13Z,2022-02-07T18:26:49Z,0,0,HTML,,https://github.com/Ndhossain/musicLyricsUsingApi,before_2023
22245476,marcelogomez321/LyricsHead,View your music's lyrics as you are listening to them,2014-07-25T05:01:09Z,2014-07-25T05:01:09Z,0,0,,,https://github.com/marcelogomez321/LyricsHead,before_2023
474680338,Shazidul-Alam/MusicLyrics-API-Practice,,2022-03-27T15:35:29Z,2022-03-27T15:37:06Z,0,0,HTML,,https://github.com/Shazidul-Alam/MusicLyrics-API-Practice,before_2023
147584494,lsucret/Music-lyrics,favorite song list and it's lyrics and karaoke number,2018-09-05T22:02:45Z,2018-09-05T22:03:09Z,0,0,HTML,,https://github.com/lsucret/Music-lyrics,before_2023
147307959,jay51/music-lyrics,,2018-09-04T07:46:34Z,2018-09-17T05:03:33Z,0,0,JavaScript,,https://github.com/jay51/music-lyrics,before_2023
403965676,rezarizky69/music-lyrics,,2021-09-07T12:13:39Z,2021-09-07T12:19:11Z,0,0,Kotlin,,https://github.com/rezarizky69/music-lyrics,before_2023
232168188,LazuliKao/MusicPlayerWithLyrics,MusicPlayerWithLyrics,2020-01-06T19:15:44Z,2020-04-17T09:49:20Z,0,0,C#,,https://github.com/LazuliKao/MusicPlayerWithLyrics,before_2023
409284984,davidecapone/MusicLyricsOverDecades,,2021-09-22T16:51:30Z,2023-11-02T13:58:59Z,0,0,HTML,,https://github.com/davidecapone/MusicLyricsOverDecades,before_2023
39478955,varunsdave/MusicLyricsDataScrapper,A visual studio data scrapper to get many hindi songs lyrics for use of Antakshari,2015-07-22T01:37:47Z,2015-08-09T22:59:58Z,1,0,C#,,https://github.com/varunsdave/MusicLyricsDataScrapper,before_2023
125747825,mikan9/LyricParser,"Automatically fetch lyrics from different sources for music played with media players that integrates with Windows 10 Media Volume Control overlay (eg. Spotify, Chrome).",2018-03-18T17:01:21Z,2024-12-06T17:14:38Z,6,0,C#,"dotnet,lyrics,prism,spotify,windows-10",https://github.com/mikan9/LyricParser,before_2023
200698944,cristianjova/search-music,Lyrics songs search engine ,2019-08-05T17:22:58Z,2023-03-09T00:34:02Z,1,0,JavaScript,,https://github.com/cristianjova/search-music,before_2023
478970190,AyushRajSharma/music_lyrics,A flutter App that can provide lyrics of Track using third party API,2022-04-07T12:14:32Z,2022-04-07T12:18:09Z,0,0,Dart,,https://github.com/AyushRajSharma/music_lyrics,before_2023
441871107,k900s10/Music-Lyrics,Find the weekly top music chart and look for their lyrics. An upgrade version of The Lyrics.,2021-12-26T11:11:20Z,2022-02-08T21:27:14Z,1,0,Java,"android,billboard-charts,java,lyrics,lyrics-search",https://github.com/k900s10/Music-Lyrics,before_2023
555717439,Amit00077/music_lyrics,,2022-10-22T06:41:04Z,2022-10-22T06:43:07Z,0,0,Dart,,https://github.com/Amit00077/music_lyrics,before_2023
322120504,mlaponsky-va/music-lyrics,,2020-12-16T22:47:40Z,2020-12-18T23:34:33Z,0,0,Python,,https://github.com/mlaponsky-va/music-lyrics,before_2023
171398342,Treisy/music-lyrics,"Search lyrics, using React Hooks",2019-02-19T03:27:38Z,2019-02-19T23:45:30Z,0,0,JavaScript,,https://github.com/Treisy/music-lyrics,before_2023
352312649,Vardan213/music-lyrics,,2021-03-28T11:36:03Z,2021-03-28T11:37:12Z,0,0,CSS,,https://github.com/Vardan213/music-lyrics,before_2023
465602995,lyrics-music/lyrics-music,Config files for my GitHub profile.,2022-03-03T06:53:17Z,2022-03-03T06:53:17Z,0,0,,"config,github-config",https://github.com/lyrics-music/lyrics-music,before_2023
282727904,jeevareddy/musicmatch_lyrics,,2020-07-26T20:28:35Z,2020-07-28T13:25:11Z,0,0,Dart,,https://github.com/jeevareddy/musicmatch_lyrics,before_2023
553218706,xcxxuri/Lyrics,"A Spotify 2.0 Clone Music App with React 18 (Tailwind, Shazam, Redux)",2022-10-17T22:43:58Z,2022-10-21T22:15:01Z,1,0,JavaScript,,https://github.com/xcxxuri/Lyrics,before_2023
439606687,sammy310/Music-Lyrics,Search the lyrics of the currently playing song,2021-12-18T12:14:57Z,2022-01-14T07:25:39Z,0,0,C#,"lyrics,lyrics-search,music,uwp",https://github.com/sammy310/Music-Lyrics,before_2023
359816369,thailsondiniz/Letra_Musica,Utilizando api.lyrics.ovh,2021-04-20T12:57:49Z,2023-05-31T00:29:16Z,1,0,HTML,,https://github.com/thailsondiniz/Letra_Musica,before_2023
131082555,lrcorrea/music-lyrics,Software Project class work,2018-04-26T01:21:54Z,2018-07-01T16:15:57Z,1,0,PHP,,https://github.com/lrcorrea/music-lyrics,before_2023
253934272,Azmaara/Music-Lyrics,,2020-04-07T23:18:34Z,2020-04-07T23:23:43Z,0,0,JavaScript,,https://github.com/Azmaara/Music-Lyrics,before_2023
559215254,rickyl3aks/music_lyrics,https://rickyl3aks.github.io/music_lyrics,2022-10-29T12:25:53Z,2022-10-29T12:57:36Z,0,0,TypeScript,,https://github.com/rickyl3aks/music_lyrics,before_2023
353479467,ManuelMaciel/music_lyrics,"Aplicación hecha en React que gracias a dos API, retornan la letra y la información de un artista",2021-03-31T20:17:52Z,2021-03-31T20:25:19Z,0,0,JavaScript,"api,axios,javascript,lyrics,music-app,reactjs",https://github.com/ManuelMaciel/music_lyrics,before_2023
442130354,alstonf/Music-Lyrics,A Web app to search all your lyrics of any popular artist in one place,2021-12-27T10:43:46Z,2025-02-10T06:02:38Z,0,0,CSS,,https://github.com/alstonf/Music-Lyrics,before_2023
302715533,nasiri146/Music-lyrics,,2020-10-09T17:52:53Z,2020-11-09T07:34:08Z,0,0,CSS,,https://github.com/nasiri146/Music-lyrics,before_2023
255883604,pcramos19/Music-lyrics,"Aplicación consultando 2 APIs usando React Hooks, que te devuelve información del artista y letra de la canción.",2020-04-15T10:32:24Z,2020-04-15T14:58:43Z,0,0,JavaScript,,https://github.com/pcramos19/Music-lyrics,before_2023
265848734,Jogaridu/house-music,Consumo API - Lyrics/Deezer,2020-05-21T12:56:54Z,2022-05-01T17:56:14Z,0,0,CSS,,https://github.com/Jogaridu/house-music,before_2023
181574210,ctaruc/lyrics-musicclassifier,Evaluating Musical Genre Classification Methods,2019-04-15T22:26:14Z,2019-04-15T22:27:30Z,0,0,,,https://github.com/ctaruc/lyrics-musicclassifier,before_2023
20853182,thoughtfire/music_lyrics,Logic and design of lyrics of music in .lrc format which sometime created dynamically and sometime statically,2014-06-15T10:37:54Z,2014-06-15T10:37:54Z,0,0,,,https://github.com/thoughtfire/music_lyrics,before_2023
329943829,matevzjecl/lyrics_music,,2021-01-15T15:03:50Z,2021-01-15T15:12:10Z,0,0,Dart,,https://github.com/matevzjecl/lyrics_music,before_2023
366504689,luanaAlm/musical.lyrics,"Essa aplicação é uma site de letras de músicas feito com Python, usando a framework Django",2021-05-11T20:26:10Z,2021-10-18T23:09:49Z,0,0,HTML,,https://github.com/luanaAlm/musical.lyrics,before_2023
80797688,jnaulty/music-lyrics,collection of lyrics from hip artists.,2017-02-03T04:43:19Z,2017-02-03T06:27:46Z,1,0,,,https://github.com/jnaulty/music-lyrics,before_2023
380605082,Bently/Music-Lyrics,Music Lyrics for playing out,2021-06-26T22:13:34Z,2021-06-26T22:46:49Z,0,0,,lyrics,https://github.com/Bently/Music-Lyrics,before_2023
583070483,Kashum32/Lyrics_Music,,2022-12-28T17:14:06Z,2023-03-16T18:27:00Z,1,0,,,https://github.com/Kashum32/Lyrics_Music,before_2023
491972548,kritagyashekhar2001/Music_Lyrics,A music app built using flutter that uses API to fetch data.,2022-05-13T16:42:38Z,2024-01-03T07:14:23Z,1,0,Dart,,https://github.com/kritagyashekhar2001/Music_Lyrics,before_2023
206538678,astb01/music-lyrics,,2019-09-05T10:38:13Z,2019-09-17T20:18:00Z,0,0,,,https://github.com/astb01/music-lyrics,before_2023
316374574,danielcabral-code/music-lyrics,Music Lyrics App w/ Ionic & Angular (Typescript).,2020-11-27T01:46:33Z,2022-03-01T18:12:36Z,0,0,TypeScript,,https://github.com/danielcabral-code/music-lyrics,before_2023
515696659,ansari8850/Music-Lyrics-,,2022-07-19T18:19:36Z,2022-07-19T18:19:36Z,0,0,,,https://github.com/ansari8850/Music-Lyrics-,before_2023
64972320,mbehrlich/music_lyrics,,2016-08-04T22:54:10Z,2016-08-04T22:54:43Z,0,0,Ruby,,https://github.com/mbehrlich/music_lyrics,before_2023
549729721,fedi1919/music-lyrics,,2022-10-11T16:36:15Z,2022-10-11T16:37:27Z,0,0,JavaScript,,https://github.com/fedi1919/music-lyrics,before_2023
443832462,satyajeetramnit/Music-Lyrics,The best way to find music is to understand lyrics.,2022-01-02T17:49:34Z,2022-01-02T19:16:25Z,0,0,JavaScript,"css3,html5,javascript,music-api,music-application",https://github.com/satyajeetramnit/Music-Lyrics,before_2023
513555468,narmingafarova/Lyrics-music,API runs very slow and finds songs based on the searched word,2022-07-13T14:32:47Z,2022-07-18T07:23:14Z,0,0,JavaScript,fetch-api,https://github.com/narmingafarova/Lyrics-music,before_2023
362572096,Ash-97/Music-Lyrics,These are a few lines from one of my favourite songs.,2021-04-28T18:38:51Z,2021-04-28T18:38:57Z,0,0,,,https://github.com/Ash-97/Music-Lyrics,before_2023
98762810,mariovelandia/music-lyrics,,2017-07-29T22:55:26Z,2017-07-29T22:55:35Z,0,0,PHP,,https://github.com/mariovelandia/music-lyrics,before_2023
375626172,dattaritapa/Music-Lyrics-,,2021-06-10T08:29:03Z,2021-06-12T10:55:35Z,0,0,JavaScript,,https://github.com/dattaritapa/Music-Lyrics-,before_2023
305287680,nimuldev/Music-Lyrics,,2020-10-19T06:43:37Z,2020-10-19T06:45:57Z,0,0,HTML,,https://github.com/nimuldev/Music-Lyrics,before_2023
120743936,gmvidooly/music_lyrics,,2018-02-08T10:02:39Z,2018-02-09T06:04:38Z,0,1,Python,,https://github.com/gmvidooly/music_lyrics,before_2023
229205433,Claros7/Lyrics_Music,Proyecto Reposicion,2019-12-20T06:37:53Z,2019-12-20T06:40:07Z,0,0,Kotlin,,https://github.com/Claros7/Lyrics_Music,before_2023
374232939,nowherex/lyrics-music,,2021-06-05T23:50:43Z,2023-05-31T00:36:06Z,0,0,Vue,,https://github.com/nowherex/lyrics-music,before_2023
465570153,lovebreed01/music-lyrics,,2022-03-03T04:41:15Z,2022-03-03T04:53:00Z,0,0,JavaScript,,https://github.com/lovebreed01/music-lyrics,before_2023
243839047,SamiAlavi/Music-Album-Art-Setter,"Music metadata editor which automatically sets album covers, album names and lyrics for the given mp3 files (for educational purposes)",2020-02-28T19:27:12Z,2023-02-14T19:08:05Z,2,0,Python,"album-art,album-cover,lyrics,music",https://github.com/SamiAlavi/Music-Album-Art-Setter,before_2023
559174057,surendradct/music_lyrics,"create music lyrics app using bloc pattern, API, bookmark, internet check etc.",2022-10-29T09:38:26Z,2022-10-29T09:39:28Z,0,0,Dart,,https://github.com/surendradct/music_lyrics,before_2023
228942369,Rivera84/Lyrics_Musics,POO,2019-12-19T00:10:29Z,2019-12-19T00:10:46Z,0,0,Kotlin,,https://github.com/Rivera84/Lyrics_Musics,before_2023
474403777,josegsuarezg/music-lyrics,,2022-03-26T16:29:14Z,2022-03-26T16:29:29Z,0,0,JavaScript,,https://github.com/josegsuarezg/music-lyrics,before_2023
445125054,t4sn33m-s4h4t/Music-Lyrics,A Site where you can find the lyrics of your favorite songs,2022-01-06T10:12:43Z,2025-01-08T14:03:15Z,0,0,HTML,,https://github.com/t4sn33m-s4h4t/Music-Lyrics,before_2023
463581449,Darkknight131714/Music_Lyrics,,2022-02-25T15:24:20Z,2022-02-25T15:24:57Z,0,0,Dart,,https://github.com/Darkknight131714/Music_Lyrics,before_2023
462866018,FamutimiEmmanuel/music-lyrics,,2022-02-23T18:51:04Z,2022-03-04T19:32:15Z,0,0,JavaScript,,https://github.com/FamutimiEmmanuel/music-lyrics,before_2023
482554868,axelbrians/music-lyrics,Spotify like lyrics View made by Jetpack-Compose,2022-04-17T15:04:49Z,2022-12-31T16:25:17Z,1,1,Kotlin,"android,jetpack-compose",https://github.com/axelbrians/music-lyrics,before_2023
288409941,Reazmahmud/music-lyrics,,2020-08-18T09:18:04Z,2020-08-18T09:20:39Z,0,0,HTML,,https://github.com/Reazmahmud/music-lyrics,before_2023
283550266,BiancaMunt/music-lyrics,,2020-07-29T16:35:14Z,2020-07-30T20:43:04Z,0,0,JavaScript,,https://github.com/BiancaMunt/music-lyrics,before_2023
189036533,vini0609/lyrics-music,Search Lyric Music React-native,2019-05-28T13:43:54Z,2019-06-17T08:09:03Z,0,0,JavaScript,,https://github.com/vini0609/lyrics-music,before_2023
228064974,wilpar4813/musicPlus,"As a music lover, you might wish you had a free and easy place to search for music and lyric samples of your favorite artists.  The new SnapTrax is a place where you can do just that. Easily search for artist or title names. Play a sample of the track, and sing along to lyrics of your favorite songs.  You can also create a list of favorite track samples.  This app uses a HTML, CSS, ,Bootstrap, JavaScript, Jquery, server-side API, and responsive web design.",2019-12-14T17:51:59Z,2020-09-29T09:46:38Z,1,2,JavaScript,,https://github.com/wilpar4813/musicPlus,before_2023
385783017,Beau-Smit/lyrics-machine,Enter lyrics into the model which predicts the genre of music it belongs to.,2021-07-14T01:49:13Z,2021-12-21T22:32:55Z,0,0,Python,"markov-chain,music",https://github.com/Beau-Smit/lyrics-machine,before_2023
580168363,isabelemoura/Lyrics-Music,"Projeto feito com HTML5, CSS3 e JavaScript.",2022-12-19T22:14:42Z,2022-12-19T22:17:12Z,0,0,HTML,,https://github.com/isabelemoura/Lyrics-Music,before_2023
519149041,masumbillah6778/music-lyrics,,2022-07-29T09:01:42Z,2026-03-24T20:38:40Z,0,0,CSS,,https://github.com/masumbillah6778/music-lyrics,before_2023
33999999,abc9070410/Lyrics163,A Chrome extension that is a lyrics assistant for music.163.com,2015-04-15T14:51:38Z,2015-05-08T14:46:20Z,0,0,JavaScript,,https://github.com/abc9070410/Lyrics163,before_2023
176908221,ImmortalSnake/MusicCraft,"A fully customizable music bot. Has many features including queue, skips, lyrics and more. Originally from SnakeBot this has been created due to perfomance reasons",2019-03-21T09:05:01Z,2020-04-04T09:49:22Z,2,1,JavaScript,,https://github.com/ImmortalSnake/MusicCraft,before_2023
221326633,modos/telegram_bot_music_lyrics,telegram bot for get music lyrics and music videos,2019-11-12T22:47:12Z,2023-07-31T05:25:49Z,0,1,PHP,"bot,music,telegram,telegram-bot",https://github.com/modos/telegram_bot_music_lyrics,before_2023
133700215,CristianAbrante/MusicClassifier,Simple NLP project applied to music lyrics,2018-05-16T17:16:06Z,2018-06-07T23:46:37Z,0,0,JavaScript,,https://github.com/CristianAbrante/MusicClassifier,before_2023
421784160,ebezzam/lyrics-mir,Music information retrieval with lyrics,2021-10-27T11:07:25Z,2022-01-17T00:06:52Z,0,0,Jupyter Notebook,,https://github.com/ebezzam/lyrics-mir,before_2023
38028669,metalsubs/metalsubs.github.io,A video-lyrics page,2015-06-25T04:55:45Z,2021-08-03T03:55:19Z,0,0,JavaScript,"lyrics,music",https://github.com/metalsubs/metalsubs.github.io,before_2023
39586691,manishaR11/MusicSearch,Android Challenge using Itunes and Lyrics api,2015-07-23T19:09:01Z,2015-07-23T19:09:16Z,0,0,Java,,https://github.com/manishaR11/MusicSearch,before_2023
370121402,epynic/FlutterPodcastPlayer,A simple Music player that supports auto-scroll for lyrics. This was built-for niche requirement to parse (.lrc) files and karaoke style lyrics scroll on song progress.,2021-05-23T17:56:08Z,2024-03-28T06:56:29Z,4,0,Dart,,https://github.com/epynic/FlutterPodcastPlayer,before_2023
368446904,Eduardo7700/LyricsOfYourMusic-LoYM-,,2021-05-18T07:56:05Z,2021-05-18T07:56:21Z,0,0,C#,,https://github.com/Eduardo7700/LyricsOfYourMusic-LoYM-,before_2023
524619185,saif-mal1k/lyricsAdder,"input: link of song & video , Output: edited video with music and lyrics added",2022-08-14T08:53:48Z,2022-08-14T09:12:05Z,0,0,Python,,https://github.com/saif-mal1k/lyricsAdder,before_2023
266627642,BolajiOlayinka/LyricsViewer,This is a react app used with the Music Match Api. It displays top music tracks in Nigeria and searches for tracks and as many lyrics available to it.,2020-05-24T21:26:18Z,2020-05-27T09:53:37Z,0,0,JavaScript,,https://github.com/BolajiOlayinka/LyricsViewer,before_2023
329984000,faby-nikson/fabynikson-lyrics,Lyrics from my music projects,2021-01-15T17:52:06Z,2022-01-07T13:36:57Z,0,0,,,https://github.com/faby-nikson/fabynikson-lyrics,before_2023
120623948,jyutzler/song-lyrics,Lyrics for my own music,2018-02-07T14:14:59Z,2026-03-03T15:04:11Z,0,0,,,https://github.com/jyutzler/song-lyrics,before_2023
341952425,krupinskij/lyrics-angularjs,Simple app with music lyrics,2021-02-24T15:53:26Z,2021-03-02T17:58:49Z,0,0,JavaScript,"angularjs,bulma,indexeddb",https://github.com/krupinskij/lyrics-angularjs,before_2023
196270909,Demfier/lyrics_generation,Generate song lyrics from music,2019-07-10T20:29:06Z,2025-08-29T23:16:31Z,0,0,Python,,https://github.com/Demfier/lyrics_generation,before_2023
194863793,sujinleeme/ndp-songs-analysis,Singapore National Day Parade (NDP) theme songs lyrics & sounds analysis for visualization,2019-07-02T13:00:18Z,2023-03-09T01:09:55Z,4,1,HTML,"analysis,data-visualization,journalism,jupyter,lyrics,music,ndp,singapore,spotify,spotify-api",https://github.com/sujinleeme/ndp-songs-analysis,before_2023
334300307,hadmarcano/lyrics-music-app,Search and lyrics consultor,2021-01-30T01:08:51Z,2021-02-15T17:57:51Z,0,0,JavaScript,,https://github.com/hadmarcano/lyrics-music-app,before_2023
467253592,biniya1mmerkin2/Music_Lyrics_App,Lyrics app using recyclerview,2022-03-07T20:45:11Z,2024-07-10T12:56:51Z,0,0,Java,,https://github.com/biniya1mmerkin2/Music_Lyrics_App,before_2023
15102882,sharkz-wang/LyricsBot,An automated lyrics tool allowing you to find and fetch music lyrics easily.,2013-12-11T09:16:48Z,2014-02-05T06:28:51Z,0,0,,,https://github.com/sharkz-wang/LyricsBot,before_2023
154657718,Omobolanle-Arogundade/Music-App,A music player/ music lyrics fetcher app,2018-10-25T11:14:37Z,2018-10-25T12:49:17Z,0,0,TypeScript,,https://github.com/Omobolanle-Arogundade/Music-App,before_2023
362390086,gokulmanohar/MusicBee-TheaterMode-Interlude,Interlude is a minimal TheaterMode for MusicBee. With lyrics support and dynamic background. Choose between blurred album art or artist gallery as background. ,2021-04-28T08:14:24Z,2023-04-25T12:52:00Z,2,0,,"lyrics,minimal,musicbee,musicbee-plugin,theatermode,xml",https://github.com/gokulmanohar/MusicBee-TheaterMode-Interlude,before_2023
514610843,albertomorini/glyrics,A lyrics injector to your songs ,2022-07-16T15:10:14Z,2026-02-08T18:18:37Z,2,0,Python,"audio,filesystem,genius-api,genius-lyrics,lyrics,music,python,rest-api",https://github.com/albertomorini/glyrics,before_2023
166929205,sonalitandon24192/smart-indic-lyrics,Language learning through music,2019-01-22T04:50:06Z,2019-01-22T05:02:27Z,0,0,JavaScript,,https://github.com/sonalitandon24192/smart-indic-lyrics,before_2023
23903668,davidcorbin/lyricscli,Command line tool for getting music lyrics,2014-09-11T04:10:04Z,2014-09-11T16:12:18Z,0,0,C,,https://github.com/davidcorbin/lyricscli,before_2023
111692692,cybear/vaggvisor.org,Website for a collection of Swedish lullabies with lyrics and music,2017-11-22T14:13:40Z,2025-10-11T19:05:03Z,2,1,HTML,"lullabies,lyrics,svenska,swedish,vaggvisor",https://github.com/cybear/vaggvisor.org,before_2023
36041241,magarbikram/NepalyricsAPI,A Nepali music lyrics REST API. Crowd source platform for Nepali Music Lyrics,2015-05-21T22:54:45Z,2015-05-21T23:19:19Z,0,0,PowerShell,,https://github.com/magarbikram/NepalyricsAPI,before_2023
148457088,SamLangTen/MusicBeeLocalLyricsLoader,Enable Musicbee to load lyrics from local filesystem,2018-09-12T09:40:08Z,2023-01-25T04:24:44Z,1,0,C#,"musicbee,musicbee-plugin",https://github.com/SamLangTen/MusicBeeLocalLyricsLoader,before_2023
454107829,PavelBogoslovskiy/Music_generator,Pre-trained model generates lyrics,2022-01-31T17:42:56Z,2022-01-31T17:44:54Z,0,0,Python,,https://github.com/PavelBogoslovskiy/Music_generator,before_2023
174731473,huwu55/React-Mongo-MusicSongLyrics," For users to search songs, enjoy watching music videos, and sing along with lyrics. ",2019-03-09T18:30:59Z,2019-12-19T00:13:30Z,0,0,JavaScript,"bcrypt,jwt-authentication,mongodb,mongoose,node-fetch,nodeexpress,nodejs,react,react-router-dom,restful-api",https://github.com/huwu55/React-Mongo-MusicSongLyrics,before_2023
172378382,pollencio/musicGenreClassifierByLyrics,,2019-02-24T19:08:19Z,2019-03-01T02:44:47Z,0,0,Jupyter Notebook,,https://github.com/pollencio/musicGenreClassifierByLyrics,before_2023
257599165,ichi0g0y/delete-lyrics,delete lyrics for Music App(mac),2020-04-21T13:09:37Z,2020-04-21T13:16:42Z,0,0,,,https://github.com/ichi0g0y/delete-lyrics,before_2023
215195291,KishanSingh77/MusicMix---Lyrics-Finder-Android,"Based on MusixMatch open API, an Android app that lets you search music track lyrics",2019-10-15T03:13:05Z,2019-10-22T10:28:31Z,1,1,Java,,https://github.com/KishanSingh77/MusicMix---Lyrics-Finder-Android,before_2023
409893315,andreassenmarvin/Lyrics-finder,Music artists and lyrics finder app.,2021-09-24T08:41:01Z,2021-11-23T16:31:55Z,0,0,HTML,"bootstrap4,css3,html5,javascript",https://github.com/andreassenmarvin/Lyrics-finder,before_2023
80089427,pankajt5/Music-Player,A music player with lyrics,2017-01-26T05:45:02Z,2017-01-26T05:45:02Z,0,0,,,https://github.com/pankajt5/Music-Player,before_2023
240343622,piyanick/Lyrics_analysis,Pop music analysis by using lyrics,2020-02-13T19:28:51Z,2020-02-27T19:03:53Z,1,0,R,,https://github.com/piyanick/Lyrics_analysis,before_2023
267629043,TiLied/Youtube_Music_Lyrics,Adds lyrics to Youtube Music,2020-05-28T15:39:13Z,2025-06-23T16:57:56Z,0,0,JavaScript,"javascript,userscript",https://github.com/TiLied/Youtube_Music_Lyrics,before_2023
120323636,kristijanPetr/node-music-synced-lyrics,Display video synced lyrics,2018-02-05T15:32:37Z,2024-01-27T20:07:07Z,1,0,,,https://github.com/kristijanPetr/node-music-synced-lyrics,before_2023
465508,vlpa/QuiltPlayer,"Music player in Java. 

Support for mp3, ogg , Spotify , multiple covers , lyrics , wiki , fullscreen mode...",2010-01-09T20:52:27Z,2023-03-10T03:26:35Z,3,0,Java,,https://github.com/vlpa/QuiltPlayer,before_2023
461288797,RogierdeRuijter/music-text,This repo holds lyrics shower,2022-02-19T19:10:52Z,2022-03-02T13:30:21Z,0,0,HTML,,https://github.com/RogierdeRuijter/music-text,before_2023
392438680,isaacItz/musicTranslate,program that translates the lyrics downloaded by mpd,2021-08-03T19:54:04Z,2021-08-10T06:10:47Z,0,0,Shell,,https://github.com/isaacItz/musicTranslate,before_2023
337441998,mdmahbubulalam/music-lyrics-search,"developed a music lyrics website, using html, css, bootstrap, javascript and lyrics api",2021-02-09T15:05:07Z,2021-02-09T15:06:42Z,0,0,HTML,,https://github.com/mdmahbubulalam/music-lyrics-search,before_2023
295142704,tushargoel86/lyrics_finder_react,Music lyrics finder using react,2020-09-13T12:05:05Z,2020-09-13T12:17:56Z,0,0,JavaScript,,https://github.com/tushargoel86/lyrics_finder_react,before_2023
80529144,AllToMP3/alltomp3-api,Source of AllToMP3 APIs,2017-01-31T14:45:59Z,2023-04-19T08:25:25Z,2,2,API Blueprint,"alltomp3,api,guess,lyrics,mp3,music,song,youtube",https://github.com/AllToMP3/alltomp3-api,before_2023
366015523,Mihaela-Parasca/Music-Lyrics-Player,Human Interface Device,2021-05-10T11:13:29Z,2021-05-10T21:27:39Z,0,0,C++,,https://github.com/Mihaela-Parasca/Music-Lyrics-Player,before_2023
454615821,Gcriste/music-history-lyrics,,2022-02-02T02:06:12Z,2022-02-02T03:16:35Z,0,0,TypeScript,,https://github.com/Gcriste/music-history-lyrics,before_2023
224892623,nikola310/metallum-lyrics-tagger,Simple Python script for adding lyrics from Encyclopedia Metallum into your music files. 🤘,2019-11-29T16:54:39Z,2026-01-21T09:28:18Z,1,0,Python,"music,python",https://github.com/nikola310/metallum-lyrics-tagger,before_2023
210056626,JRobsonJr/poems-with-choruses,Documenting life as I try to fit it in the lyrics of a song.,2019-09-21T21:38:58Z,2022-04-22T01:21:19Z,2,0,JavaScript,"gatsby,music,writing",https://github.com/JRobsonJr/poems-with-choruses,before_2023
296576615,ishtiaqmahmood/Musica,Musica is a lyrics searching website.,2020-09-18T09:31:30Z,2020-09-24T08:39:16Z,0,1,JavaScript,"api,artists,dom,lyrics,music,song,song-lyrics,songlist,songs",https://github.com/ishtiaqmahmood/Musica,before_2023
158964827,ykttl/music-and-lyrics,,2018-11-24T18:54:50Z,2019-12-28T07:48:26Z,0,0,JavaScript,,https://github.com/ykttl/music-and-lyrics,before_2023
365849786,TomNguyen-FSDI/music_lyrics_django,,2021-05-09T21:16:47Z,2021-05-11T01:48:25Z,0,0,JavaScript,,https://github.com/TomNguyen-FSDI/music_lyrics_django,before_2023
233707393,bsrigg/Hashmatique,Hashmap example for music lyrics,2020-01-13T22:32:26Z,2020-01-13T22:34:48Z,0,0,Java,,https://github.com/bsrigg/Hashmatique,before_2023
136853556,burgersmoke/rap_lyric_topic_model,Topic Modeling of Music Lyrics,2018-06-10T23:48:58Z,2018-07-12T03:54:16Z,0,1,HTML,,https://github.com/burgersmoke/rap_lyric_topic_model,before_2023
117179943,hrishimukherjee/kanto-music-search-engine,Search Engine for Music Lyrics.,2018-01-12T02:13:26Z,2018-01-12T02:35:05Z,0,1,Java,,https://github.com/hrishimukherjee/kanto-music-search-engine,before_2023
479363815,dkm94/myGeniusApp,[FRONT END] Music lyrics app,2022-04-08T11:29:47Z,2023-11-15T11:06:12Z,0,0,Java,java,https://github.com/dkm94/myGeniusApp,before_2023
363717424,jcecheverria/bad_bunny_lyrics,Scraping Bad Bunny's lyrics using Genius API and Lyricsgenius library.,2021-05-02T18:04:48Z,2022-01-19T03:15:59Z,0,1,Python,"music,webscraping",https://github.com/jcecheverria/bad_bunny_lyrics,before_2023
228695509,maxholi/rap_lyrics_analysis,Analysis of Rap Music Lyrics,2019-12-17T20:24:03Z,2020-09-04T15:41:17Z,0,1,Jupyter Notebook,,https://github.com/maxholi/rap_lyrics_analysis,before_2023
476819312,AbhasGoyal-TCD/Musicand-Lyrics-Similarity,,2022-04-01T17:54:14Z,2022-04-01T17:54:15Z,0,0,,,https://github.com/AbhasGoyal-TCD/Musicand-Lyrics-Similarity,before_2023
113643644,veronicarepato/Music-and-Lyrics,,2017-12-09T05:09:25Z,2017-12-09T05:09:25Z,0,0,,,https://github.com/veronicarepato/Music-and-Lyrics,before_2023
39403493,lfiorio/CountryMusicLyrics,scraping and text analysis tools for pop country lyrics 1986 to 2015,2015-07-20T19:16:20Z,2015-07-20T19:16:20Z,0,0,,,https://github.com/lfiorio/CountryMusicLyrics,before_2023
251735077,perezsergioace/music-lyrics-app,,2020-03-31T21:23:29Z,2020-05-23T21:03:17Z,0,0,HTML,,https://github.com/perezsergioace/music-lyrics-app,before_2023
537687241,ErisDissensio/Music-Lyrics-Activity,,2022-09-17T03:28:50Z,2022-09-21T06:52:22Z,1,0,HTML,,https://github.com/ErisDissensio/Music-Lyrics-Activity,before_2023
350779381,vladantrhlik/bpy-music-lyrics,Simple script which generates lyric video from timestamps of words,2021-03-23T16:20:04Z,2025-12-09T13:44:21Z,0,0,Python,"blender,blender-python,blender-scripts",https://github.com/vladantrhlik/bpy-music-lyrics,before_2023
252989109,netflo/music-to-lyrics,,2020-04-04T12:20:09Z,2020-04-04T12:22:46Z,0,0,,,https://github.com/netflo/music-to-lyrics,before_2023
238791410,tess-jl/music-lyrics-lab,,2020-02-06T21:47:42Z,2020-03-24T22:01:15Z,0,0,JavaScript,,https://github.com/tess-jl/music-lyrics-lab,before_2023
339763779,jubayerjuhan/Music_Lyrics_Finder,,2021-02-17T15:15:23Z,2021-02-17T15:49:21Z,0,0,HTML,,https://github.com/jubayerjuhan/Music_Lyrics_Finder,before_2023
490819180,jemand2001/youtube-music-lyrics,Add a button to youtube music that opens a lyrics search for the current song,2022-05-10T18:38:19Z,2022-05-10T18:39:35Z,0,0,JavaScript,,https://github.com/jemand2001/youtube-music-lyrics,before_2023
156030525,ian-hayashi-jones/countryMusicLyricsExplainer,Visualization of country music lyrics,2018-11-03T22:50:34Z,2023-10-27T22:45:15Z,0,0,JavaScript,,https://github.com/ian-hayashi-jones/countryMusicLyricsExplainer,before_2023
8398796,mariaines/soy_latte,Cool music lyrics video thing.,2013-02-24T23:38:36Z,2018-10-04T03:22:21Z,0,0,JavaScript,,https://github.com/mariaines/soy_latte,before_2023
101944779,williambertrand/lyrical-nlp,Sentiment analysis for music lyrics.,2017-08-31T01:20:04Z,2020-03-30T01:14:03Z,1,0,Python,,https://github.com/williambertrand/lyrical-nlp,before_2023
559572933,arpitak10/lyrics-music-app,"It is a music website where the user sees a modern homepage, fully-fledged music player, search, music around you, song exploration features,worldwide top charts, and lyrics.In this react,redux,tailwind css,axios,rapid api are used.",2022-10-30T14:37:27Z,2022-10-30T14:48:33Z,0,0,JavaScript,,https://github.com/arpitak10/lyrics-music-app,before_2023
22962990,sidutta/nlpProject,Sentiment Analysis of Music Lyrics,2014-08-14T17:45:43Z,2014-08-14T17:45:43Z,0,0,,,https://github.com/sidutta/nlpProject,before_2023
97393251,decadenza/ChordsAutoscroll,"Lyrics and chords auto scroller for musicians, guitar players, etc...",2017-07-16T15:41:22Z,2025-07-27T10:55:13Z,2,0,Python,"autoscrolling,guitar,guitar-chords,lyrics,music",https://github.com/decadenza/ChordsAutoscroll,before_2023
191797360,SneakyJoker/skill-music-lyrics,,2019-06-13T16:26:01Z,2019-06-13T16:26:04Z,0,0,,,https://github.com/SneakyJoker/skill-music-lyrics,before_2023
198111653,RuthENewman/CountryMusicLyrics,React application using the React Context API,2019-07-21T22:35:19Z,2020-10-02T22:28:32Z,0,0,JavaScript,,https://github.com/RuthENewman/CountryMusicLyrics,before_2023
131834009,Xdudu/music-loves-lyrics,,2018-05-02T10:15:59Z,2018-05-21T07:08:27Z,0,0,JavaScript,,https://github.com/Xdudu/music-loves-lyrics,before_2023
523207019,nehagirisa/Music_Lyrics_bloc,,2022-08-10T05:01:48Z,2022-08-10T05:24:42Z,0,0,Dart,,https://github.com/nehagirisa/Music_Lyrics_bloc,before_2023
120388243,secondaryelectron/Music-Lyrics-Analysis,,2018-02-06T02:06:56Z,2018-02-06T02:15:22Z,0,0,Jupyter Notebook,,https://github.com/secondaryelectron/Music-Lyrics-Analysis,before_2023
321978441,IsisFraga/music-lyrics-search,simple page to search music lyrics fetching from an API using Bootstrap 4,2020-12-16T12:40:10Z,2020-12-16T16:59:40Z,0,0,HTML,,https://github.com/IsisFraga/music-lyrics-search,before_2023
370534206,jpramos123/Music_Lyrics_Generator,,2021-05-25T01:52:17Z,2021-06-05T19:52:20Z,0,0,Jupyter Notebook,,https://github.com/jpramos123/Music_Lyrics_Generator,before_2023
139735316,spilth/mss.band,"Musicians, Singers & Songwriters Web Site",2018-07-04T14:51:45Z,2026-03-31T00:58:49Z,2,2,HTML,"chords,lyrics,middleman,music,music-notation,songpro,songs,static-site",https://github.com/spilth/mss.band,before_2023
315353958,xeinebiu/android_lyrics_finder,Find any songs lyrics from your android application,2020-11-23T15:14:17Z,2023-08-28T21:34:41Z,2,0,Kotlin,"android,free,library,lyrics,lyrics-fetcher,lyrics-finder,lyrics-search,media,music,song,songs,track",https://github.com/xeinebiu/android_lyrics_finder,before_2023
3761434,zlandau/musicextras,"Download song lyrics, album covers, etc",2012-03-19T07:18:04Z,2013-08-10T02:20:35Z,1,0,Ruby,,https://github.com/zlandau/musicextras,before_2023
141134202,noahrandolph/music_lyrics_experiment,randomly assigned field experiment measuring cognitive function with lyrical song vs. lyric-less song,2018-07-16T12:14:02Z,2018-08-17T17:36:33Z,0,0,JavaScript,,https://github.com/noahrandolph/music_lyrics_experiment,before_2023
305533641,obaldwingeil/Music-Lyrics-Generator,This project uses the N-gram model to generate song lyrics based on genre,2020-10-19T23:03:33Z,2020-10-19T23:08:11Z,0,0,Python,,https://github.com/obaldwingeil/Music-Lyrics-Generator,before_2023
337514926,WaridIIUC/music-with-lyrics,,2021-02-09T19:35:12Z,2021-02-10T08:07:10Z,0,0,HTML,,https://github.com/WaridIIUC/music-with-lyrics,before_2023
316527564,brunoinx/search-lyrics-music,"Song lyrics searcher made with pure html, css and javascript.",2020-11-27T14:46:39Z,2020-11-27T14:50:00Z,0,0,JavaScript,,https://github.com/brunoinx/search-lyrics-music,before_2023
84443004,pondpiu/jooxClone,a lyrics showing music player,2017-03-09T13:05:25Z,2018-07-06T12:35:27Z,1,1,JavaScript,,https://github.com/pondpiu/jooxClone,before_2023
44459415,bluechill/Music-Lyrics-Classification-and-Generation,Music Lyrics Classification and Generation,2015-10-18T00:10:21Z,2016-03-15T15:08:03Z,0,0,Python,,https://github.com/bluechill/Music-Lyrics-Classification-and-Generation,before_2023
221702583,JohnnyBizzel/music-artists-stats,Statistics about artists music lyrics,2019-11-14T13:20:45Z,2019-11-18T22:58:11Z,0,0,Python,,https://github.com/JohnnyBizzel/music-artists-stats,before_2023
216950131,RAlex-Dev/LyricGrab,Android app for music lyrics,2019-10-23T02:24:50Z,2019-10-23T02:30:39Z,0,0,Java,,https://github.com/RAlex-Dev/LyricGrab,before_2023
124494734,niharikasah/music_lyrics_player, lyrics audio player with ionic and angular 1,2018-03-09T05:57:48Z,2021-06-07T08:51:48Z,0,0,JavaScript,,https://github.com/niharikasah/music_lyrics_player,before_2023
232651955,manikanta-dornala/lyrics_for_music,"Lyrics for your favorite songs on your favorite sites! Now supports Spotify (Web), Youtube, YT Music and Google Play Music. LyriKa pulls lyrics for songs you play on Youtube or Spotify and displays them right there.",2020-01-08T20:24:35Z,2025-01-16T16:22:43Z,1,0,JavaScript,,https://github.com/manikanta-dornala/lyrics_for_music,before_2023
106141530,ITKosta829/Music-Lyrics-Search,Coding challenge; Search for lyrics via Artist song list.,2017-10-08T01:14:28Z,2017-10-08T01:17:10Z,0,0,Java,,https://github.com/ITKosta829/Music-Lyrics-Search,before_2023
422681665,MohammadRaiyyan/music-lyrics-app,,2021-10-29T18:48:40Z,2021-10-29T18:55:24Z,0,0,JavaScript,,https://github.com/MohammadRaiyyan/music-lyrics-app,before_2023
173281456,jalpa015/Music-By-Lyrics,Android application to search songs by entering phrase from lyrics,2019-03-01T10:17:44Z,2025-10-01T02:54:05Z,1,0,Java,,https://github.com/jalpa015/Music-By-Lyrics,before_2023
172824505,sparsons24/Music-Lyrics-Database,,2019-02-27T02:05:05Z,2019-02-27T14:04:27Z,0,0,PHP,,https://github.com/sparsons24/Music-Lyrics-Database,before_2023
372661306,beatrizmie/Music_Lyrics_Analysis,,2021-06-01T00:40:54Z,2021-06-24T02:54:38Z,0,0,Jupyter Notebook,,https://github.com/beatrizmie/Music_Lyrics_Analysis,before_2023
383026394,zuhaibahmed444/musicplayer-with-lyrics,,2021-07-05T05:42:58Z,2021-07-05T05:52:24Z,0,0,JavaScript,,https://github.com/zuhaibahmed444/musicplayer-with-lyrics,before_2023
261917052,emigatech/music-lyrics-player,,2020-05-07T01:11:34Z,2020-05-14T15:13:04Z,0,0,HTML,,https://github.com/emigatech/music-lyrics-player,before_2023
571968644,Jovicskamos/ugandan-music-lyrics,,2022-11-29T09:26:12Z,2022-11-29T09:26:12Z,0,0,,,https://github.com/Jovicskamos/ugandan-music-lyrics,before_2023
72731160,stahopeti/android_lyrics_musicplayer,,2016-11-03T09:49:35Z,2016-11-03T09:50:16Z,0,0,Java,,https://github.com/stahopeti/android_lyrics_musicplayer,before_2023
316240418,akjen/music_and_lyrics,NTNU - TDT4173 final project,2020-11-26T13:32:43Z,2020-11-26T23:04:12Z,0,0,HTML,,https://github.com/akjen/music_and_lyrics,before_2023
539930463,aryaMode/Music-Lyrics-App,,2022-09-22T10:45:08Z,2022-09-22T10:47:37Z,0,0,Dart,,https://github.com/aryaMode/Music-Lyrics-App,before_2023
45805051,junyu-w/music-lyrics-scraper,,2015-11-09T00:00:50Z,2016-01-20T05:09:59Z,0,0,Python,,https://github.com/junyu-w/music-lyrics-scraper,before_2023
502079264,shubhisingh184/Lyrics-Music-App,A Java music media player which currently features a playlist in which we can add new songs or delete songs.,2022-06-10T14:46:43Z,2024-02-27T12:07:10Z,0,0,Java,,https://github.com/shubhisingh184/Lyrics-Music-App,before_2023
526744908,thevalter/bot_lyrics_music,bot para encontrar letras de musicas. Feito com puppeteer e readLine-sync rodando via nodejs.,2022-08-19T20:35:51Z,2022-09-28T13:00:17Z,1,0,JavaScript,,https://github.com/thevalter/bot_lyrics_music,before_2023
542663985,MoldirShabikova/Lyrics-music-app,,2022-09-28T15:36:45Z,2022-09-28T15:38:08Z,0,0,JavaScript,,https://github.com/MoldirShabikova/Lyrics-music-app,before_2023
479150644,philman-y/music-lyrics-analysis,Python code where you can analyze and graph word-counts for song lyrics! - This is my first Github repository!,2022-04-07T21:15:19Z,2022-04-07T21:15:19Z,0,0,,,https://github.com/philman-y/music-lyrics-analysis,before_2023
250682001,danilolmc/music-lyrics-finder,Aplicação de pesquisa de letras de músicas usando JavaScript ES6 Assíncrono consumindo uma API.    ,2020-03-28T00:39:40Z,2020-06-30T16:51:21Z,0,0,CSS,,https://github.com/danilolmc/music-lyrics-finder,before_2023
326320703,bique14/music-and-lyrics,trace Spotify design (lyrics page),2021-01-03T03:38:42Z,2022-12-21T06:56:43Z,0,0,HTML,,https://github.com/bique14/music-and-lyrics,before_2023
121828667,murenata/soundmax,Free Music and Lyrics Application,2018-02-17T04:57:24Z,2018-02-17T04:57:24Z,0,0,,,https://github.com/murenata/soundmax,before_2023
221464873,dttai1995/mula,Learn language by music lyrics,2019-11-13T13:24:32Z,2019-11-13T13:31:22Z,0,0,,,https://github.com/dttai1995/mula,before_2023
73654238,TianShengTS/Lyrics-Music-features,Find the relationship of Lyrics and Music features,2016-11-14T01:07:40Z,2016-11-14T01:07:40Z,0,0,,,https://github.com/TianShengTS/Lyrics-Music-features,before_2023
326731448,AngelSBM/Lyrics-Music-Searcher,Every single lyric of every single song using an API,2021-01-04T15:46:26Z,2021-01-04T18:39:16Z,0,0,HTML,,https://github.com/AngelSBM/Lyrics-Music-Searcher,before_2023
315210651,tingyu1215/Music-to-Lyrics,,2020-11-23T05:34:50Z,2021-02-17T10:26:57Z,0,0,Jupyter Notebook,,https://github.com/tingyu1215/Music-to-Lyrics,before_2023
439366270,Aramunii/music-lyrics-node,a simple crawler to get lyrics from a favorite song.,2021-12-17T14:50:33Z,2021-12-17T14:55:23Z,0,0,JavaScript,,https://github.com/Aramunii/music-lyrics-node,before_2023
427627891,Arjun-017/music-lyrics-finder,With React and Context API. Uses musixmatch rest API,2021-11-13T10:00:08Z,2021-11-13T10:01:34Z,0,0,JavaScript,,https://github.com/Arjun-017/music-lyrics-finder,before_2023
267676175,DagdiHiman/IR-project,Lyrics-based Music Retrieval SYSTEM,2020-05-28T19:18:13Z,2020-05-28T19:21:40Z,0,0,Python,,https://github.com/DagdiHiman/IR-project,before_2023
113644494,veronicarepato/lyrics-and-music,,2017-12-09T05:27:40Z,2017-12-09T14:37:26Z,0,0,JavaScript,,https://github.com/veronicarepato/lyrics-and-music,before_2023
124727874,shaariqch/Music-Lyrics-Analysis,An analysis of the lyrics of popular music.,2018-03-11T05:57:57Z,2023-09-07T15:42:11Z,1,0,Jupyter Notebook,"analysis,data-analysis,data-mining,data-science,jupyter-notebook,lyrics,music,music-lyrics-analysis,natural-language-processing,nlp,nlp-machine-learning,nltk,pandas-dataframe,python",https://github.com/shaariqch/Music-Lyrics-Analysis,before_2023
282856328,nishujain967267/credicxo-music-lyrics,hey credicxo here is the code for your coding round.,2020-07-27T09:50:32Z,2020-07-27T09:50:32Z,0,0,,,https://github.com/nishujain967267/credicxo-music-lyrics,before_2023
270840583,Pranshu258/lyrics_for_music,"Lyrics for your favorite songs on your favorite sites! Now supports Spotify (Web), Youtube, YT Music and Google Play Music. LyriKa pulls lyrics for songs you play on Youtube or Spotify and displays them right there.",2020-06-08T22:03:14Z,2022-08-06T13:27:40Z,1,0,,,https://github.com/Pranshu258/lyrics_for_music,before_2023
337032623,shahnewaz171/hard-rock,Show music lyrics using API,2021-02-08T10:05:54Z,2023-04-11T15:34:56Z,0,0,JavaScript,"booottsrap-5,vanilla-javascript",https://github.com/shahnewaz171/hard-rock,before_2023
225553263,strmath/ITM_AI_musicgenre,Music genre classification with lyrics.,2019-12-03T07:04:44Z,2025-12-07T07:09:52Z,0,1,Python,,https://github.com/strmath/ITM_AI_musicgenre,before_2023
35173888,chiwanpark/LIS3813-Project,simple music lyrics analysis project,2015-05-06T17:46:57Z,2015-05-20T03:21:07Z,0,0,HTML,,https://github.com/chiwanpark/LIS3813-Project,before_2023
166250964,neerajp99/music_lyrics_react,Music Lyrics App using React JS,2019-01-17T15:44:31Z,2019-01-21T15:03:13Z,0,0,JavaScript,,https://github.com/neerajp99/music_lyrics_react,before_2023
242035592,plazmediaLab/music-lyrics-app,,2020-02-21T02:18:07Z,2020-02-22T23:47:04Z,0,0,JavaScript,,https://github.com/plazmediaLab/music-lyrics-app,before_2023
329760302,Samuel-Tobi/Music-Lyrics-App,,2021-01-14T23:37:04Z,2023-12-28T05:01:48Z,0,0,JavaScript,,https://github.com/Samuel-Tobi/Music-Lyrics-App,before_2023
465743442,kei-nishikawa48/youtube-music-lyrics,,2022-03-03T14:03:57Z,2022-04-07T07:30:34Z,0,0,CSS,,https://github.com/kei-nishikawa48/youtube-music-lyrics,before_2023
543328122,iktina/Music-Lyrics-Generation,Music Lyrics Generation service for SingularityNET,2022-09-29T21:36:54Z,2022-09-29T21:36:54Z,0,0,,,https://github.com/iktina/Music-Lyrics-Generation,before_2023
361095759,Zaidbhati10114/spotify-complete-music-feature,Added Music and Lyrics Feature,2021-04-24T07:12:20Z,2021-04-24T07:12:22Z,0,0,,,https://github.com/Zaidbhati10114/spotify-complete-music-feature,before_2023
422485928,GranthikPawade/img,img for Music Game Lyrics,2021-10-29T07:45:55Z,2021-10-29T07:49:04Z,0,0,,,https://github.com/GranthikPawade/img,before_2023
169759845,alanjpan/Music-Lyrics-Converter,convert lyrics to data tables for automatic processing and generation,2019-02-08T15:57:02Z,2019-02-08T16:11:22Z,0,0,Python,,https://github.com/alanjpan/Music-Lyrics-Converter,before_2023
208432677,Alia5/YtMusicLyrics,Displays song lyrics above album art for Youtube Music,2019-09-14T11:46:57Z,2023-01-28T01:02:07Z,0,0,TypeScript,,https://github.com/Alia5/YtMusicLyrics,before_2023
336424630,Maks-oss/Music_Lyrics_App,,2021-02-06T00:49:22Z,2021-02-09T11:59:57Z,0,0,Kotlin,,https://github.com/Maks-oss/Music_Lyrics_App,before_2023
498486318,cryp73r/music_lyrics_app,,2022-05-31T20:22:36Z,2022-05-31T20:23:06Z,0,0,Dart,,https://github.com/cryp73r/music_lyrics_app,before_2023
321475802,okoro282/lyric-search,searching artist and music lyrics,2020-12-14T21:20:50Z,2020-12-14T21:22:08Z,0,0,JavaScript,,https://github.com/okoro282/lyric-search,before_2023
292230835,imfelixyeung/music.felixyeung.dev,Simple Web Music Lyrics Player,2020-09-02T08:55:11Z,2021-04-29T23:51:24Z,0,0,JavaScript,,https://github.com/imfelixyeung/music.felixyeung.dev,before_2023
570473211,sverma1707/Music-Lyrics-SpringBoot-App,Render Music Lyrics from browser,2022-11-25T09:23:17Z,2022-11-25T09:20:24Z,0,0,,,https://github.com/sverma1707/Music-Lyrics-SpringBoot-App,before_2023
151148315,shrey-soni/Music-By-Lyrics,,2018-10-01T19:41:47Z,2020-12-31T14:38:58Z,0,0,C,,https://github.com/shrey-soni/Music-By-Lyrics,before_2023
516069636,aniketghosh717/music-lyrics-app,,2022-07-20T17:11:19Z,2022-07-28T18:25:51Z,1,0,Dart,,https://github.com/aniketghosh717/music-lyrics-app,before_2023
471770798,rhythm1950/Music-Lyrics-Finder,"Website using HTML, CSS, JavaScript",2022-03-19T17:48:14Z,2022-08-15T02:00:40Z,0,0,HTML,"css,html,javascript",https://github.com/rhythm1950/Music-Lyrics-Finder,before_2023
215547667,ofirvarsano/music-player-lyrics,,2019-10-16T12:53:04Z,2019-11-01T15:09:03Z,0,0,Java,,https://github.com/ofirvarsano/music-player-lyrics,before_2023
136696084,farhajawed/Music-Ticket-Lyrics,Front-end web application on music.,2018-06-09T06:12:44Z,2021-06-03T23:00:51Z,0,1,HTML,"apiseeds,bandsintown-api,googlemaps-api,lastfm-api,materializecss,ticketmaster-api,youtube-api",https://github.com/farhajawed/Music-Ticket-Lyrics,before_2023
468099936,nando080/music-lyrics-vanilla,,2022-03-09T21:39:07Z,2022-04-04T09:53:37Z,0,0,JavaScript,,https://github.com/nando080/music-lyrics-vanilla,before_2023
514241028,HaxorusUzumaki/Music-Lyrics-App,,2022-07-15T11:15:40Z,2022-07-15T11:21:17Z,0,0,Dart,,https://github.com/HaxorusUzumaki/Music-Lyrics-App,before_2023
25539042,gitpan/Music-Tag-Lyrics,Read-only release history for Music-Tag-Lyrics,2014-10-21T18:34:07Z,2014-10-21T18:34:30Z,0,0,Perl,,https://github.com/gitpan/Music-Tag-Lyrics,before_2023
179444747,GiorgiModebadze/NLTK_music_lyrics,The script which gathers several thousand lyrics and tries to analyse it using NLTK,2019-04-04T07:27:01Z,2019-04-04T12:03:44Z,0,0,Jupyter Notebook,,https://github.com/GiorgiModebadze/NLTK_music_lyrics,before_2023
334173195,sarvesh-s8/Music-Lyrics-Brad-,,2021-01-29T14:44:42Z,2021-01-29T14:46:52Z,0,0,JavaScript,,https://github.com/sarvesh-s8/Music-Lyrics-Brad-,before_2023
333998848,ChaitraBhandalkar/Music-Lyrics-App,This an Web Application where user can extract lyrics of their favorite songs!. It is developed using Node.js with Express framework and API. It also has google authentication to keep the profile secure.,2021-01-29T01:03:20Z,2021-01-29T01:15:13Z,0,0,HTML,,https://github.com/ChaitraBhandalkar/Music-Lyrics-App,before_2023
258656668,eniofilipe/stopfy-music-lyrics,Music Lyrics with integration Spotify API & Vagalumes API,2020-04-25T00:48:45Z,2020-04-25T01:00:38Z,0,0,JavaScript,,https://github.com/eniofilipe/stopfy-music-lyrics,before_2023
572979059,Etette/Music_Lyrics_Composer,,2022-12-01T12:50:41Z,2022-12-01T12:53:08Z,0,0,Python,,https://github.com/Etette/Music_Lyrics_Composer,before_2023
541904008,lomuric/lyrics-music-app,,2022-09-27T04:36:27Z,2022-09-27T04:50:53Z,0,0,JavaScript,,https://github.com/lomuric/lyrics-music-app,before_2023
562927228,mitian233/Cloud-Music-Lyrics,,2022-11-07T14:50:03Z,2022-11-07T14:50:58Z,0,0,Python,,https://github.com/mitian233/Cloud-Music-Lyrics,before_2023
560936744,latinawhocodes/Broadway-Musical-Lyrics,,2022-11-02T15:31:39Z,2022-11-02T15:35:08Z,0,0,JavaScript,,https://github.com/latinawhocodes/Broadway-Musical-Lyrics,before_2023
581495323,joacoguzmanz/music_lyrics_app,,2022-12-23T11:01:16Z,2022-12-23T13:40:59Z,0,0,JavaScript,,https://github.com/joacoguzmanz/music_lyrics_app,before_2023
414948676,ilhamr0f11/Music-Lyrics-IRBot,,2021-10-08T10:48:40Z,2024-06-10T02:31:44Z,0,1,Python,,https://github.com/ilhamr0f11/Music-Lyrics-IRBot,before_2023
447009255,mrsanchez02/lyrics-music-info,,2022-01-11T23:09:34Z,2022-01-11T23:11:32Z,0,0,JavaScript,,https://github.com/mrsanchez02/lyrics-music-info,before_2023
362013714,vachana/Lyrics_Music_Sesha,,2021-04-27T07:04:20Z,2021-05-31T19:36:28Z,0,0,Python,,https://github.com/vachana/Lyrics_Music_Sesha,before_2023
250890811,Boitata-Brazil/music-lyrics-analysis,,2020-03-28T20:50:06Z,2020-03-28T20:50:06Z,0,0,,,https://github.com/Boitata-Brazil/music-lyrics-analysis,before_2023
560860828,Rohitgour03/lyrics-music-app,"This is a music app where users can listen to a wide genre of songs. The songs can be searched based on song names, artists, etc. The tech stack used for this project is React, Redux and Tailwind CSS.",2022-11-02T12:37:57Z,2024-07-09T13:24:36Z,0,0,JavaScript,"reactjs,redux,tailwindcss",https://github.com/Rohitgour03/lyrics-music-app,before_2023
498814671,jaac97/Music-lyrics-searcher,,2022-06-01T16:29:59Z,2022-06-01T19:50:07Z,0,0,CSS,,https://github.com/jaac97/Music-lyrics-searcher,before_2023
431646920,fireblaze267/HDF,My project about music lyrics,2021-11-24T22:39:25Z,2022-01-19T14:17:38Z,0,0,CSS,,https://github.com/fireblaze267/HDF,before_2023
59525313,jfajkowski/MusicGenreRecognition,Song classifier based on topic modelling of lyrics.,2016-05-23T23:29:02Z,2017-01-07T14:39:25Z,1,0,Python,,https://github.com/jfajkowski/MusicGenreRecognition,before_2023
5782345,GenrePrediction/Main,Genre Prediction from Music Lyrics,2012-09-12T16:09:36Z,2014-04-27T05:05:18Z,0,1,Java,,https://github.com/GenrePrediction/Main,before_2023
82082613,NicholasJV/giphaoke,gifs x music x lyrics,2017-02-15T16:41:20Z,2017-02-15T16:41:20Z,0,0,,,https://github.com/NicholasJV/giphaoke,before_2023
261471140,wxxxcxx/awm-musicbox-lyrics,musicbox lyrics widget for awesomewm,2020-05-05T13:04:54Z,2023-01-28T09:15:47Z,0,0,Lua,,https://github.com/wxxxcxx/awm-musicbox-lyrics,before_2023
445980317,eduardocorreadev/sync-music-lyrics,"Sincronizador de letra com música na web com HTML, CSS e JS.",2022-01-09T03:04:22Z,2022-04-01T18:33:32Z,1,0,JavaScript,,https://github.com/eduardocorreadev/sync-music-lyrics,before_2023
501050047,VishalZ123/music-lyrics-app,"An app to get trending songs, their details and lyrics.",2022-06-08T00:48:54Z,2022-08-12T12:47:39Z,0,1,Dart,,https://github.com/VishalZ123/music-lyrics-app,before_2023
501106694,nikhil-59/music_lyrics_app,,2022-06-08T05:02:44Z,2022-06-08T06:05:43Z,0,0,Dart,,https://github.com/nikhil-59/music_lyrics_app,before_2023
521180788,cschinmay777/Music_lyrics_app,,2022-08-04T08:13:50Z,2022-08-04T08:15:32Z,0,0,Dart,,https://github.com/cschinmay777/Music_lyrics_app,before_2023
62519446,yeghiakoronian/MusicGenreClassifier,Naive Bayes classifier to classify songs from lyrics,2016-07-03T23:37:47Z,2017-03-30T04:31:15Z,1,0,C#,,https://github.com/yeghiakoronian/MusicGenreClassifier,before_2023
351215785,ayodeko/Muet,"Android App, Music Lyrics generator",2021-03-24T20:34:09Z,2022-06-30T01:20:44Z,1,0,Java,,https://github.com/ayodeko/Muet,before_2023
564477801,allencriger/44688-80_Data_Analytics_Capstone,Sentiment Analysis of Music Lyrics,2022-11-10T20:03:46Z,2022-11-17T15:48:25Z,1,0,Jupyter Notebook,,https://github.com/allencriger/44688-80_Data_Analytics_Capstone,before_2023
170559833,BogdanRajkov/LyricsFinder,A tiny Python script that recognizes music in the background and finds corresponding lyrics on Genius,2019-02-13T18:42:50Z,2019-02-13T18:47:58Z,0,0,Python,,https://github.com/BogdanRajkov/LyricsFinder,before_2023
412709774,AvivAbramovich/add_lyrics,Add lyrics to your music library files,2021-10-02T06:21:21Z,2021-10-02T08:02:43Z,0,0,Python,,https://github.com/AvivAbramovich/add_lyrics,before_2023
29781906,starikovvm/VK-Lyrics,vk.com music player with LRC support,2015-01-24T15:59:35Z,2023-01-28T20:43:13Z,0,0,Objective-C,,https://github.com/starikovvm/VK-Lyrics,before_2023
84460747,hieunv95/lyrics4study,Lyrics for Study,2017-03-09T15:57:27Z,2018-10-16T16:22:46Z,0,0,PHP,"e-learning,laravel,lyrics,music,php",https://github.com/hieunv95/lyrics4study,before_2023
170056935,Line-Yin/Lyrics-Generator,Generate lyrics of pop music using Keras.,2019-02-11T02:43:23Z,2019-06-25T20:23:20Z,0,0,Python,,https://github.com/Line-Yin/Lyrics-Generator,before_2023
166055777,trapd00r/lyrics,lyrics,2019-01-16T14:41:13Z,2022-01-11T14:00:38Z,0,1,,"artists,lyrics,mpd,music,songs,statistics,wordlist",https://github.com/trapd00r/lyrics,before_2023
73158766,josephmtinangi/bongo-lyrics,Discover music lyrics for your favorite artists,2016-11-08T07:04:48Z,2017-03-30T18:09:41Z,0,0,PHP,,https://github.com/josephmtinangi/bongo-lyrics,before_2023
362591936,rodillo23/SearchLyrics,React App that search for music lyrics ,2021-04-28T20:01:04Z,2021-05-04T20:14:36Z,0,0,JavaScript,,https://github.com/rodillo23/SearchLyrics,before_2023
287945396,Ziink4/lyrics_downloader,Automatically download lyrics for your music library,2020-08-16T13:05:59Z,2021-12-20T03:06:31Z,0,0,Python,,https://github.com/Ziink4/lyrics_downloader,before_2023
47513310,benlawson/MusicLingo,The MusicLingo language helps make browing music lyrics easier!,2015-12-06T20:51:28Z,2026-04-02T12:45:10Z,2,1,Python,,https://github.com/benlawson/MusicLingo,before_2023
241552029,SyafiqahAzizam/LyricsQuote.github.io,A page where user can put their favourite quote from their favourite music,2020-02-19T06:44:41Z,2020-02-19T07:09:31Z,0,0,,,https://github.com/SyafiqahAzizam/LyricsQuote.github.io,before_2023
90109228,anshul-cached/lyrics-analytics,This project is about music and lyrics. ,2017-05-03T04:49:59Z,2017-05-10T07:03:28Z,0,0,Python,,https://github.com/anshul-cached/lyrics-analytics,before_2023
563660386,neelima2003/music,music app using flutter that can provide lyrics of tracks using third pary api services,2022-11-09T03:55:22Z,2022-11-09T04:03:30Z,0,0,Dart,,https://github.com/neelima2003/music,before_2023
344092134,eb-kneezer/Korin-Lyrics,music lyrics and recommendation website (shazam&billboard),2021-03-03T10:45:38Z,2021-09-01T13:07:09Z,0,0,JavaScript,,https://github.com/eb-kneezer/Korin-Lyrics,before_2023
407320608,kateviajar/HotHitsLyrics,ASP.NET Project - Music Lyrics Website,2021-09-16T21:32:07Z,2022-05-09T14:01:34Z,0,0,C#,,https://github.com/kateviajar/HotHitsLyrics,before_2023
115857821,dixitaayush8/ReviewTunez,"A Django website to search, stream, view, and review music using the Spotify Web API and the YouTube Data API.",2017-12-31T10:56:21Z,2023-08-23T19:35:44Z,9,0,Python,"django,lyrics,python,spotify,spotify-web-api,spotipy,sqlite3,youtube,youtube-api-v3",https://github.com/dixitaayush8/ReviewTunez,before_2023
235205119,xeliot/mazahs,eyecandy app dev for audd's music recognition api,2020-01-20T21:46:43Z,2021-02-02T16:45:12Z,2,0,Swift,"audio,lyrics,music,music-recognition",https://github.com/xeliot/mazahs,before_2023
478733524,morganoneka/LyricsGenerator,Generate song lyrics inspired by a Spotify playlist,2022-04-06T21:32:22Z,2022-05-16T15:49:48Z,0,0,Jupyter Notebook,"jupyter-notebook,lyrics-generator,music,python,spotify,web-scraping",https://github.com/morganoneka/LyricsGenerator,before_2023
522663677,himanshug3385/music_me,A music lyrics tracker flutter app,2022-08-08T18:29:26Z,2022-08-08T18:58:11Z,0,0,C++,,https://github.com/himanshug3385/music_me,before_2023
119329401,Coqueiro/AnkiChords,A script to create music learning anki decks using lyrics and chords,2018-01-29T03:57:20Z,2025-01-28T15:46:41Z,2,0,Python,,https://github.com/Coqueiro/AnkiChords,before_2023
105454497,dimigor/trackLyricsBot,Find music lyrics in telegram bot,2017-10-01T16:05:54Z,2018-09-19T22:29:04Z,0,0,Python,,https://github.com/dimigor/trackLyricsBot,before_2023
201691372,YuriBecker/lyrics-search-app,App to search lyrics of musics.,2019-08-10T22:55:43Z,2020-09-09T12:04:39Z,1,0,JavaScript,react-native,https://github.com/YuriBecker/lyrics-search-app,before_2023
142803316,xzhang007/MusicPlayer-And-Android-App,"• Designed and developed a music player android app which could download music list, mp3 and lyrics from server, play, pause and stop music, show image and lyrics according to the progress of music. • Using Android libraries such as Constraint-Layout, Retrofit2, Gson, RecyclerView, Glide, MediaPlayer, and some basic stuff in Android, including Intent, Service, Background Thread, AsyncTask, Handler, etc.",2018-07-29T23:37:23Z,2019-11-29T22:57:30Z,2,0,Java,,https://github.com/xzhang007/MusicPlayer-And-Android-App,before_2023
396200385,shaileshchandramalviya/Music-Player,Files for HTML Music Lyrics Player,2021-08-15T03:17:34Z,2024-10-13T07:30:08Z,0,0,,,https://github.com/shaileshchandramalviya/Music-Player,before_2023
404035876,KaiWritesCode/Music-app,SImple music app for song lyrics,2021-09-07T15:47:03Z,2022-03-26T02:37:36Z,0,0,JavaScript,,https://github.com/KaiWritesCode/Music-app,before_2023
392909719,ramchandrabobhate/MusicmatchRam,Fetch top 10 song lyrics from musc macth api,2021-08-05T05:09:02Z,2021-08-05T05:13:59Z,0,0,JavaScript,,https://github.com/ramchandrabobhate/MusicmatchRam,before_2023
295598379,joaoflauzino/music_style,Predict music style based on lyrics.,2020-09-15T02:57:49Z,2021-10-30T20:11:50Z,1,0,Jupyter Notebook,,https://github.com/joaoflauzino/music_style,before_2023
64708108,amsifontes/lyrics_word_count,Finding lyrical trends in popular music,2016-08-01T23:20:41Z,2016-08-01T23:20:41Z,0,0,,,https://github.com/amsifontes/lyrics_word_count,before_2023
531837612,pedram-mn/lyrics-finder-bot,A telegram bot for music lyrics,2022-09-02T08:08:12Z,2022-09-02T08:21:57Z,0,0,Python,,https://github.com/pedram-mn/lyrics-finder-bot,before_2023
431650011,krkiley/music-change,Exploration of changes in song lyrics,2021-11-24T22:56:10Z,2021-11-24T22:58:51Z,0,0,R,,https://github.com/krkiley/music-change,before_2023
232388360,chungkev7/MusicMatch,Uses MusixMatch api to search for artists and lyrics,2020-01-07T18:22:02Z,2020-01-07T19:28:02Z,0,0,Java,,https://github.com/chungkev7/MusicMatch,before_2023
344342267,jorgeprvdo/TestWebDesignLyrics,Prueba de página web donde se agrega el audio de la canción en el background y visualización de la letra.,2021-03-04T03:50:19Z,2021-11-06T20:54:49Z,0,0,HTML,"audio,music",https://github.com/jorgeprvdo/TestWebDesignLyrics,before_2023
277993175,sameer-patel-dev/MusicmatchAPI-for-Lyrics-ReactJs,Mini Project for getting lyrics of songs using Musicmatch API using ReactJS Context API,2020-07-08T04:55:14Z,2020-07-23T03:24:57Z,0,0,JavaScript,,https://github.com/sameer-patel-dev/MusicmatchAPI-for-Lyrics-ReactJs,before_2023
297505069,justinkwan20/MusicMoji,Listen to music and read lyrics with emoji :D,2020-09-22T01:41:56Z,2021-07-22T13:38:13Z,0,0,HTML,,https://github.com/justinkwan20/MusicMoji,before_2023
135841177,nilesh2625/music-app,search for lyrics and song info,2018-06-02T18:09:42Z,2018-06-03T13:15:29Z,0,0,HTML,,https://github.com/nilesh2625/music-app,before_2023
208470044,Hikari0418/Get-Netease-Cloud-Music-Information,"Get song information(contains name,cover image,composer,lyrics,etc) by its song id through an API",2019-09-14T16:36:21Z,2021-03-17T08:10:35Z,2,0,HTML,,https://github.com/Hikari0418/Get-Netease-Cloud-Music-Information,before_2023
143689417,saibharani/Music_Generation,Lyrics generation using character level RNNs,2018-08-06T07:05:12Z,2018-09-29T15:05:21Z,0,0,Jupyter Notebook,,https://github.com/saibharani/Music_Generation,before_2023
87198100,Metal-Snake/MusicWidgets,"A widget for Übersicht that shows lyrics, spectrogram etc.",2017-04-04T14:42:05Z,2017-05-11T12:02:17Z,0,0,JavaScript,,https://github.com/Metal-Snake/MusicWidgets,before_2023
30975017,harsh9t/Music-player,Music player which shows lyrics onscreen.,2015-02-18T16:47:06Z,2017-03-14T08:14:47Z,0,0,Python,,https://github.com/harsh9t/Music-player,before_2023
131836236,lightdiscord/spotify-lyrics,Read the lyrics while listening to your music,2018-05-02T10:38:18Z,2023-01-28T19:54:21Z,1,0,JavaScript,,https://github.com/lightdiscord/spotify-lyrics,before_2023
550751807,oiervillaluenga/lyrics_parser,This is my first personal project on Github,2022-10-13T09:13:08Z,2022-10-14T11:41:01Z,0,0,Python,"billboard-charts,music,pandas",https://github.com/oiervillaluenga/lyrics_parser,before_2023
326615349,2803Aditya/Eminem-Lyrics,"Every single Album Name, Song Name, Lyrics and Release Data is gathered from Genius.com. CSV File consists of 5 columns.",2021-01-04T08:20:44Z,2021-01-04T08:23:27Z,0,0,,"dataset,eminem,music",https://github.com/2803Aditya/Eminem-Lyrics,before_2023
476611553,cafe-oss/DataScience-MusicEmotionClassification,Prediction of people's emotion based on lyrics,2022-04-01T07:07:33Z,2022-04-01T07:08:54Z,0,0,Jupyter Notebook,,https://github.com/cafe-oss/DataScience-MusicEmotionClassification,before_2023
424038614,RowilMoran/Search-Lyrics.,You can search lyrics of your favorite music. ;),2021-11-03T00:16:01Z,2021-11-03T01:17:47Z,0,0,CSS,,https://github.com/RowilMoran/Search-Lyrics.,before_2023
354222366,MKmasterg/lyrics-finder,Web scraping a music lyrics website with Python!,2021-04-03T06:53:40Z,2025-03-20T12:51:15Z,1,0,Python,,https://github.com/MKmasterg/lyrics-finder,before_2023
448354067,angel-langdon/musictype,Typing tests with music lyrics 🎶 ✨,2022-01-15T18:05:42Z,2025-02-02T13:58:20Z,0,0,TypeScript,,https://github.com/angel-langdon/musictype,before_2023
380499516,hardikkamboj/dhh_lyrics,Get lyrics for dhh(desi hip hop) music ,2021-06-26T12:44:24Z,2021-07-27T13:21:10Z,0,0,Python,,https://github.com/hardikkamboj/dhh_lyrics,before_2023
353655825,concernedbow11/fuzzy-lyrics,search for music in your storage using lyrics,2021-04-01T10:06:11Z,2021-04-01T10:07:30Z,0,0,,,https://github.com/concernedbow11/fuzzy-lyrics,before_2023
211078492,oagbolade/musicvills,Get the lyrics to your favourite songs,2019-09-26T12:00:04Z,2019-10-10T14:03:44Z,0,0,JavaScript,,https://github.com/oagbolade/musicvills,before_2023
311569818,Vicious27/sirenVox,It's a lyrics search app.,2020-11-10T06:44:11Z,2020-12-02T21:26:47Z,0,0,CSS,"lyrics,music",https://github.com/Vicious27/sirenVox,before_2023
55825744,markten/stock-lyrics,An analysis of stock data represented in music.,2016-04-09T04:20:59Z,2016-04-10T04:14:54Z,0,0,Python,,https://github.com/markten/stock-lyrics,before_2023
185215391,pedlop/lyrics-slides,Turn your music lyrics into slides for presentation.,2019-05-06T14:40:24Z,2019-05-13T19:30:42Z,0,0,,,https://github.com/pedlop/lyrics-slides,before_2023
326437336,JoeJoeTV/Music-Library-Conversion-Script,A Python Script that converts a music library consisting of FLAC and MP3 files to only MP3 Files and can also copy lyrics and scale down and convert embedded covers,2021-01-03T15:23:04Z,2021-12-09T17:55:29Z,3,0,Python,"conversion,cover,flac,mp3-files,music,music-library,python,python-script,python3",https://github.com/JoeJoeTV/Music-Library-Conversion-Script,before_2023
152950539,Navds/cmus-lyrics,Fetch lyrics of currently playing music in cmus,2018-10-14T07:38:59Z,2020-04-16T14:30:45Z,0,0,Shell,,https://github.com/Navds/cmus-lyrics,before_2023
329959193,prashilak/-lyrics-do,It is small html & js based music app,2021-01-15T16:05:02Z,2021-01-15T16:09:05Z,0,0,JavaScript,,https://github.com/prashilak/-lyrics-do,before_2023
64593611,batboy514/Lyrics-Player,Android music player with playlists and lyrics downloading,2016-07-31T12:50:42Z,2017-02-25T22:11:17Z,0,0,,,https://github.com/batboy514/Lyrics-Player,before_2023
45156065,tribou/whatlyric,Sample ES6 React/Flux app with a Hapi.js proxy to the Lyrics N' Music API,2015-10-29T02:46:49Z,2021-07-15T07:33:18Z,3,1,JavaScript,"flux,hapi,lyrics,react",https://github.com/tribou/whatlyric,before_2023
287987333,VictorXLR/GeniusMusicStuff,Something something Genius.. Lyrics and Noise,2020-08-16T17:01:05Z,2021-02-05T03:32:47Z,0,0,Python,,https://github.com/VictorXLR/GeniusMusicStuff,before_2023
324394238,u24689/netease-lyrics-sync,sync lyrics for downloaded netease music automatically,2020-12-25T16:17:33Z,2021-04-16T16:01:48Z,0,0,Python,,https://github.com/u24689/netease-lyrics-sync,before_2023
574612068,True2456/LyricsImageGenerator,Generates Images based on lyrics of a song. A great way to visualize music for the hearing impaired.,2022-12-05T17:33:55Z,2023-09-16T15:20:53Z,0,0,Python,,https://github.com/True2456/LyricsImageGenerator,before_2023
307801874,Demfier/lyrics_generation_gan,Adversarial alignment for music-conditioned lyrics generation,2020-10-27T19:07:48Z,2025-08-29T23:16:13Z,0,0,Python,,https://github.com/Demfier/lyrics_generation_gan,before_2023
523007843,HasanAwad/Music-lyrics-genre-dataset,,2022-08-09T15:31:28Z,2022-08-09T15:31:28Z,0,0,,,https://github.com/HasanAwad/Music-lyrics-genre-dataset,before_2023
167065144,annanw4201/musicPlayer,"An app for playing local pod songs, and searching lyrics",2019-01-22T20:49:52Z,2019-01-23T00:47:19Z,0,0,Objective-C,,https://github.com/annanw4201/musicPlayer,before_2023
517266302,T-N9/gui-transposer-2022,"Gui-Transpo is a lyric generator and guitar chord transposer. It is fully built with React and Firebase for storing data. A user can generate custom inputted chords and lyrics into a PDF file for sharing. It has scrolling, transposing, and chord chart viewing functions to utilize user singing along with the lyrics.",2022-07-24T08:21:06Z,2025-01-13T07:32:28Z,5,0,JavaScript,"chords,frontend,generator,guitar-chords,music,react",https://github.com/T-N9/gui-transposer-2022,before_2023
235983501,digit987/music_mood_prediction,Music Mood Prediction from Song Lyrics.,2020-01-24T10:39:35Z,2024-01-05T07:00:55Z,0,0,Jupyter Notebook,,https://github.com/digit987/music_mood_prediction,before_2023
68221313,kimihe/iOS_LyricsShowView,Realize easy music lyrics show(可进一步用于歌词秀).,2016-09-14T16:04:48Z,2016-11-12T07:38:51Z,1,0,Objective-C,,https://github.com/kimihe/iOS_LyricsShowView,before_2023
298659340,victorakaps/MusiCatch-Lyrics-Finder,,2020-09-25T19:12:17Z,2025-06-09T11:39:19Z,0,0,JavaScript,,https://github.com/victorakaps/MusiCatch-Lyrics-Finder,before_2023
387595601,Waeex/MyLyricsMusicWeb,,2021-07-19T21:13:19Z,2021-07-19T21:14:53Z,0,0,,,https://github.com/Waeex/MyLyricsMusicWeb,before_2023
185014053,EquesLunlumo/Lyrics-Based-Music-Recommender,LBMR implements a neural network to generate music recommendations based on your favorite song's lyrical content.,2019-05-05T10:06:11Z,2023-03-08T03:28:24Z,1,0,Python,,https://github.com/EquesLunlumo/Lyrics-Based-Music-Recommender,before_2023
155884384,CLantigua2/Music_LyricSearch_App,"Lyric search app using MusixMatch API, React, and React Context",2018-11-02T15:20:34Z,2018-11-02T15:21:11Z,0,0,JavaScript,,https://github.com/CLantigua2/Music_LyricSearch_App,before_2023
157917428,datalex3/Lyrics_Based_Music_Reccommender,,2018-11-16T20:22:01Z,2018-12-20T22:53:55Z,0,0,Jupyter Notebook,,https://github.com/datalex3/Lyrics_Based_Music_Reccommender,before_2023
118466279,upsteer/MusicLearn,A naive Bayes approach to classify songs from their lyrics.,2018-01-22T14:14:13Z,2023-04-28T06:52:33Z,0,0,OpenEdge ABL,,https://github.com/upsteer/MusicLearn,before_2023
167412623,rafamel/lyricsfier,Get lyrics from Genius for music files on a folder (recursively),2019-01-24T18:02:27Z,2019-01-24T18:02:44Z,0,0,JavaScript,,https://github.com/rafamel/lyricsfier,before_2023
159239387,techno-naut/simple_music_player,simple music player with lyrics option,2018-11-26T22:07:41Z,2018-11-26T22:14:10Z,0,0,C++,,https://github.com/techno-naut/simple_music_player,before_2023
103479063,nayayayay/with-lyrics,A cross-platform video editor to create music videos.,2017-09-14T03:03:47Z,2019-06-20T19:24:43Z,1,0,TypeScript,,https://github.com/nayayayay/with-lyrics,before_2023
23356798,ColonelSanderson/GooglePlayMusicLyrics,Lyrics fetching for Google Play Music,2014-08-26T15:30:07Z,2019-09-16T20:41:32Z,0,0,JavaScript,,https://github.com/ColonelSanderson/GooglePlayMusicLyrics,before_2023
19481044,k-hatano/Get-Lyrics-Music-Extension,Music Infinite Extension for Android 4.x to view lyrics of playing music (supports J-Pop only),2014-05-06T04:29:41Z,2018-05-25T11:22:25Z,0,1,Java,,https://github.com/k-hatano/Get-Lyrics-Music-Extension,before_2023
198696564,vince702/Music-Lyrics-Search-Engine,,2019-07-24T19:19:04Z,2019-07-24T19:25:37Z,0,0,Python,,https://github.com/vince702/Music-Lyrics-Search-Engine,before_2023
410064413,Nischal200/Music-Lyrics-Auto-Scroller,,2021-09-24T18:28:24Z,2021-09-24T18:36:56Z,0,0,Python,,https://github.com/Nischal200/Music-Lyrics-Auto-Scroller,before_2023
405655469,Onlygideon/lyricslab,This is a responsive web app that searches for music lyrics ,2021-09-12T13:53:56Z,2021-12-16T06:00:05Z,0,0,JavaScript,,https://github.com/Onlygideon/lyricslab,before_2023
428895545,MrKangs/Live_Music_Lyrics_Translator,Software that you can read the lyrics of the user currently playing the song in any language.,2021-11-17T03:28:12Z,2021-11-22T01:19:56Z,0,0,Python,,https://github.com/MrKangs/Live_Music_Lyrics_Translator,before_2023
514725629,jeremiasfv22/Hit-Music-Lyrics-Analysis,,2022-07-17T02:08:26Z,2022-09-28T19:28:16Z,1,0,Jupyter Notebook,,https://github.com/jeremiasfv22/Hit-Music-Lyrics-Analysis,before_2023
113857056,veronicarepato/music-list-and-lyrics,,2017-12-11T12:35:41Z,2017-12-11T13:31:12Z,0,0,JavaScript,,https://github.com/veronicarepato/music-list-and-lyrics,before_2023
188611227,CodexJeff/Music-Lyrics-P2,Fundamentals of Web Applications - Assignment 2 (Javascript Single Page App Part 2),2019-05-25T20:51:45Z,2019-05-26T03:57:18Z,1,0,JavaScript,,https://github.com/CodexJeff/Music-Lyrics-P2,before_2023
548578639,yanbenjamin/Search-Music-Using-Lyrics,"If you've ever forgotten the name of an infectious song, but you happen to know a few lyrics, this might help out :)",2022-10-09T21:13:38Z,2022-10-10T08:46:15Z,0,0,C++,,https://github.com/yanbenjamin/Search-Music-Using-Lyrics,before_2023
288123794,Yoon0618/Genie-Music-Lyrics-Downloader,,2020-08-17T08:21:44Z,2021-01-27T17:07:40Z,1,0,Python,,https://github.com/Yoon0618/Genie-Music-Lyrics-Downloader,before_2023
366847093,sammerJoJo63/music_lyrics_quiz_game,Guess the song and artist based solely on reading the lyrics. Inspired by RoomieOfficial's video located at https://www.youtube.com/watch?v=7YSXJDOLamQ&ab_channel=RoomieOfficial,2021-05-12T20:35:44Z,2021-05-31T22:54:51Z,0,0,JavaScript,,https://github.com/sammerJoJo63/music_lyrics_quiz_game,before_2023
568810872,thakurdips569/music--with-lyrics-search,music- with-lyrics-search that are make in react js.,2022-11-21T13:09:51Z,2022-11-21T13:10:50Z,0,0,JavaScript,,https://github.com/thakurdips569/music--with-lyrics-search,before_2023
424615240,hayk-front/Music-Player-With-Lyrics,,2021-11-04T13:58:20Z,2022-08-31T08:41:48Z,0,0,JavaScript,,https://github.com/hayk-front/Music-Player-With-Lyrics,before_2023
440314347,DanielADennis/youtube_music_lyrics_copier,,2021-12-20T21:43:35Z,2021-12-20T21:46:29Z,0,0,Python,,https://github.com/DanielADennis/youtube_music_lyrics_copier,before_2023
351292712,EliceoJoel/find-lyrics---vanilla-js,A website to find musics lyrics,2021-03-25T03:04:54Z,2021-03-25T03:08:31Z,0,0,CSS,,https://github.com/EliceoJoel/find-lyrics---vanilla-js,before_2023
76910692,dnelson64/music-info-and-lyrics,a code challenge for job interview,2016-12-20T01:13:14Z,2017-01-30T20:12:16Z,0,0,Java,,https://github.com/dnelson64/music-info-and-lyrics,before_2023
82076380,andriyor/Facebook-ACR-lyrics-bot,Music recognition bot for Facebook Messenger.,2017-02-15T15:38:33Z,2025-10-05T21:05:06Z,0,0,Python,"bs4,facebook-bot,lyrics,music",https://github.com/andriyor/Facebook-ACR-lyrics-bot,before_2023
415444344,LanZengCS/Music_Genre_Lyrics_Generation,,2021-10-09T23:36:54Z,2021-10-09T23:38:06Z,0,0,Jupyter Notebook,,https://github.com/LanZengCS/Music_Genre_Lyrics_Generation,before_2023
76739698,jakeschweinz/Random-lyrics-music-generator,,2016-12-17T18:21:12Z,2016-12-17T18:43:58Z,0,0,Python,,https://github.com/jakeschweinz/Random-lyrics-music-generator,before_2023
532830777,MaybeAmiMahfuz/c-music-graphics-lyrics-,🥹🎧,2022-09-05T09:27:48Z,2022-09-05T09:27:48Z,0,0,,,https://github.com/MaybeAmiMahfuz/c-music-graphics-lyrics-,before_2023
476055765,nancyh-code/music_lyrics_search_engine,"Music lyrics search engine in React, to practice useContext, using Vite",2022-03-30T21:23:36Z,2023-03-08T23:03:44Z,1,0,JavaScript,,https://github.com/nancyh-code/music_lyrics_search_engine,before_2023
476819412,AbhasGoyal-TCD/Music-and-Lyrics-Similarity,,2022-04-01T17:54:35Z,2022-04-17T10:34:37Z,0,0,Jupyter Notebook,,https://github.com/AbhasGoyal-TCD/Music-and-Lyrics-Similarity,before_2023
193023159,frankbmgmt/Capstone-Candidate-Music-Lyrics,Analysis of lyrics in 55k popular song over several generations and genres,2019-06-21T03:19:33Z,2019-06-21T03:19:36Z,0,0,,,https://github.com/frankbmgmt/Capstone-Candidate-Music-Lyrics,before_2023
545377572,mdashik-dev/lyrics-music-api-project,,2022-10-04T08:58:36Z,2022-10-04T09:01:15Z,0,0,HTML,,https://github.com/mdashik-dev/lyrics-music-api-project,before_2023
350494912,MD-Nazim-Uddin-Khan/hard-rock-music-lyrics,,2021-03-22T21:30:00Z,2021-03-22T21:37:28Z,0,0,HTML,,https://github.com/MD-Nazim-Uddin-Khan/hard-rock-music-lyrics,before_2023
163632337,JinLi711/Music-Lyrics-Text-Generation,,2018-12-31T02:20:41Z,2019-08-15T15:44:38Z,0,0,Jupyter Notebook,,https://github.com/JinLi711/Music-Lyrics-Text-Generation,before_2023
346659319,fabiopuddu77/Music_lyrics_with_python,"In this project, the songs' lyrics were analysed by musical genre in recent years and an attempt was made to find out whether there was a relationship between the lyrics, the sentiment and the topic. In addition, a prediction of the music genre was made based on the lyrics.",2021-03-11T10:12:32Z,2023-03-10T12:08:38Z,1,1,HTML,,https://github.com/fabiopuddu77/Music_lyrics_with_python,before_2023
241616280,matemijolovic/repetitiveness-in-music-lyrics,Analysis of the repetitiveness in music lyrics,2020-02-19T12:28:48Z,2020-02-19T12:38:30Z,0,0,,,https://github.com/matemijolovic/repetitiveness-in-music-lyrics,before_2023
53939851,DaneshKhan10/3a-music-lyrics,,2016-03-15T11:42:22Z,2016-03-15T11:42:22Z,0,0,,,https://github.com/DaneshKhan10/3a-music-lyrics,before_2023
367504009,Miletoss/BugsMusicLyricsCrawling,"벅스 뮤직을 기반으로, 아티스트의 가사를 모두 크롤링합니다. 가사 데이터 분석을 위해 간략하게 짜본 코드입니다. 별 것 없는 코드지만, 다른 분들께도 유용하게 쓰일 것 같아 공유합니다.",2021-05-14T23:55:15Z,2024-06-23T08:36:31Z,0,1,,,https://github.com/Miletoss/BugsMusicLyricsCrawling,before_2023
45256439,Cendrb/Google-Chrome-Music-Lyrics,,2015-10-30T14:39:06Z,2015-10-30T14:39:15Z,0,0,C#,,https://github.com/Cendrb/Google-Chrome-Music-Lyrics,before_2023
337109583,farhanabsar21/music-lyrics-app-api,,2021-02-08T14:52:22Z,2021-02-08T14:54:06Z,0,0,JavaScript,,https://github.com/farhanabsar21/music-lyrics-app-api,before_2023
288215161,Nurmurad32/hard-rock-music-lyrics,Live website link:,2020-08-17T15:21:50Z,2020-08-17T15:26:07Z,0,0,HTML,,https://github.com/Nurmurad32/hard-rock-music-lyrics,before_2023
532473412,UneebGithub/C-graphics-music-lyrics-,,2022-09-04T07:51:29Z,2022-09-04T07:56:16Z,0,1,C++,,https://github.com/UneebGithub/C-graphics-music-lyrics-,before_2023
509326776,slingthy/Musical_Les_Mis_Lyrics,Get Lyrics （French to English）of Les Misérables Original French Concept Album 1980,2022-07-01T05:05:33Z,2022-07-01T06:58:51Z,1,0,HTML,,https://github.com/slingthy/Musical_Les_Mis_Lyrics,before_2023
160837366,rmoussa/AltimetrikMusic,"API for Music (Artist, Songs, Lyrics, Album)",2018-12-07T14:56:39Z,2018-12-07T21:08:41Z,0,0,Java,,https://github.com/rmoussa/AltimetrikMusic,before_2023
434992767,skuill/ConcertBuddy,"Your personal Telegram bot-buddy for concerts — discover artists, setlists, and lyrics effortlessly! Built with C#/.NET 😎",2021-12-04T19:38:15Z,2026-02-22T00:45:49Z,8,0,C#,"azlyrics,buddy,c-sharp,concert,last-fm,lastfm,music,setlist,setlist-fm,setlistfm,spotify,spotify-api,telegram,telegram-bot,yandex,yandex-music",https://github.com/skuill/ConcertBuddy,before_2023
221746018,dreamvrutik/Music-Lyrics-Search-Engine,,2019-11-14T16:57:00Z,2021-10-17T07:43:49Z,1,0,Python,,https://github.com/dreamvrutik/Music-Lyrics-Search-Engine,before_2023
188610345,CodexJeff/Music-Lyrics-P1, Fundamentals of Web Applications - Assignment 1 (Javascript Single Page App),2019-05-25T20:40:28Z,2019-05-25T20:48:51Z,0,0,JavaScript,,https://github.com/CodexJeff/Music-Lyrics-P1,before_2023
381421324,sovanmondal182/discord-music-bot,"A Discord music bot that allows us to play songs, show the lyrics, and all the necessary commands related to music ",2021-06-29T15:56:14Z,2023-01-06T09:51:02Z,2,0,JavaScript,,https://github.com/sovanmondal182/discord-music-bot,before_2023
932101,emillyorr/Disturbing-Music,songs with disturbing lyrics or disturbing orchestration,2010-09-22T23:23:23Z,2012-12-15T06:06:35Z,1,0,,,https://github.com/emillyorr/Disturbing-Music,before_2023
426787248,MarcoBattiston1/Music360,"Music360 is an interactive library of songs and artists developed by the ""Git me 30L"" group, as a University project. The user can access various information like song infos, lyrics, discography and much more!",2021-11-10T21:46:38Z,2022-01-24T12:40:45Z,2,1,Python,,https://github.com/MarcoBattiston1/Music360,before_2023
94934065,XiXiaPdx/JavaInTheDark,A game for memorizing music lyrics.,2017-06-20T20:52:42Z,2017-07-29T02:36:27Z,0,0,Java,,https://github.com/XiXiaPdx/JavaInTheDark,before_2023
531393000,CODINGNINJA147/Music-App,Listen the Music and Feel the Lyrics...,2022-09-01T06:30:55Z,2022-09-01T06:32:28Z,0,0,HTML,,https://github.com/CODINGNINJA147/Music-App,before_2023
437532503,Rohrym/AZLyrics_Scraper,"This is a scraper for the lyrics website AZLyrics. With this scraper you can collect metadata about the songs, albums and publication year as well as the lyrics of the songs themselves. ",2021-12-12T11:58:44Z,2025-12-13T12:29:51Z,2,0,Jupyter Notebook,"lyrics,music,scraper,web-scraping",https://github.com/Rohrym/AZLyrics_Scraper,before_2023
192986182,TheDevCorp/MusicSearch,A Music Searching Web App built using React that uses iTunes API for Searching and Lyrics.ovh API for finding the lyrics of the song.,2019-06-20T20:54:01Z,2019-06-20T20:56:02Z,0,0,JavaScript,,https://github.com/TheDevCorp/MusicSearch,before_2023
444729693,ArielNavon12/My_Project,Music lyrics analysis using r studio,2022-01-05T08:49:09Z,2022-01-05T09:03:25Z,0,0,,,https://github.com/ArielNavon12/My_Project,before_2023
246374474,laugeorge/Youtube-Lyrics-Player,"Using the Spotify API and Youtube API to enhance your music experience. The app allows user to search for music, music video, and lyrics, and then play them within the browser.",2020-03-10T18:13:16Z,2020-03-10T20:17:10Z,0,0,JavaScript,,https://github.com/laugeorge/Youtube-Lyrics-Player,before_2023
287132251,italolourenco/music-mining,Using python to extract data from lyrics,2020-08-12T23:03:21Z,2020-09-01T23:03:51Z,0,0,Jupyter Notebook,,https://github.com/italolourenco/music-mining,before_2023
524056923,BrianS-TICS/ApiMusica,Consumo de Lyrics ovh API | Fetch api,2022-08-12T11:07:17Z,2022-08-12T11:09:20Z,0,0,HTML,javascript,https://github.com/BrianS-TICS/ApiMusica,before_2023
147974660,Lei-Duan/NLP-analysis-on-Billboard-Hot100-lyrics-and-classification,NLP analytics on billboard music lyrics,2018-09-08T22:33:16Z,2018-09-20T22:00:42Z,0,0,R,,https://github.com/Lei-Duan/NLP-analysis-on-Billboard-Hot100-lyrics-and-classification,before_2023
6974079,solbirn/pyiTunesLyrics,Automatically add lyrics to your iTunes music library,2012-12-03T00:00:29Z,2015-01-29T19:39:28Z,1,0,Python,,https://github.com/solbirn/pyiTunesLyrics,before_2023
518179655,SumanKhdka/Lyrics-Finder, Search the lyrics to your music with Lyrics Finder using Command,2022-07-26T18:45:32Z,2022-07-26T18:54:03Z,0,0,Python,"bash,pip,python,python3,shell,shell-script,zsh",https://github.com/SumanKhdka/Lyrics-Finder,before_2023
72830859,dineshbalu/db_lyric_player,A music player with synchronised lyrics,2016-11-04T08:59:04Z,2016-11-04T08:59:04Z,0,0,,,https://github.com/dineshbalu/db_lyric_player,before_2023
9435421,bahamas10/node-lyrictagger,Automatically add lyrics to music files,2013-04-14T21:11:53Z,2021-12-15T22:27:49Z,0,1,JavaScript,,https://github.com/bahamas10/node-lyrictagger,before_2023
82609837,pssguy/songNdance,Analysing lyrics and music from APIs,2017-02-20T22:38:11Z,2017-08-23T19:43:08Z,1,0,CSS,,https://github.com/pssguy/songNdance,before_2023
180254982,yoyomo/kordpose,Compose music with chords and lyrics,2019-04-09T00:40:07Z,2024-06-06T01:40:11Z,0,0,TypeScript,,https://github.com/yoyomo/kordpose,before_2023
331073356,arthurhf/saom,Sentiment Analysis on Musics (using lyrics),2021-01-19T18:32:55Z,2021-04-09T17:41:57Z,0,0,Jupyter Notebook,,https://github.com/arthurhf/saom,before_2023
234542810,zanhesl/music-api,"Simple music-searching app(lyrics, video, name)",2020-01-17T12:21:33Z,2020-03-07T07:21:06Z,0,0,JavaScript,,https://github.com/zanhesl/music-api,before_2023
29575455,Seleznev-nvkz/importer_lyrics,gui app for import lyrics of music and modify tags,2015-01-21T06:34:49Z,2015-01-21T09:02:04Z,0,0,Python,,https://github.com/Seleznev-nvkz/importer_lyrics,before_2023
288183517,shahrufhasan007/Hard-rock-music-and-lyrics-search,Hard rock music and lyrics search,2020-08-17T13:10:33Z,2020-08-17T13:31:37Z,0,0,HTML,,https://github.com/shahrufhasan007/Hard-rock-music-and-lyrics-search,before_2023
208537831,hamzzy/lyrics_website,This project is a clone  genius for  yoruba  music lyrics,2019-09-15T03:44:02Z,2019-11-15T07:44:11Z,0,1,PHP,,https://github.com/hamzzy/lyrics_website,before_2023
412061440,rohanschitte/NLP-Genre-Classification-based-on-Raw-lyrics,"Majority of the commercial music platforms rely heavily on deep learning and natural language processing for the purpose of finding similarities between songs, classification of songs, new lyric generation, informational retrieval, gaining meaningful insights or efficiently analyze music. My main focus was to use raw lyrics data and classify them as one of the 5 genres (Hip-Hop, Rock, Pop, Country and Jazz). For this purpose, architecture such as Machine learning classifiers, Deep Neural Networks, LSTM and Bi-Directional Transformers were investigated. Various Data preprocessing and network optimization techniques were utilised and While, It was observed that keras BERT model and LSTM produced similar results, BERT worked the best than the rest.",2021-09-30T12:46:26Z,2024-02-20T02:05:12Z,3,1,Jupyter Notebook,,https://github.com/rohanschitte/NLP-Genre-Classification-based-on-Raw-lyrics,before_2023
64875586,BarakaAka1Only/radiant-player-mac-BarakaLyrics-Lyrics,"Turn Google Play Music into a separate, beautiful application that integrates with your Mac.",2016-08-03T20:03:30Z,2016-08-03T20:03:30Z,0,0,,,https://github.com/BarakaAka1Only/radiant-player-mac-BarakaLyrics-Lyrics,before_2023
242486735,yatli/foo_netease_lyrics,NetEase Music lyrics source for foobar200 and LyricShow3,2020-02-23T09:07:04Z,2020-02-23T09:12:25Z,0,0,C++,,https://github.com/yatli/foo_netease_lyrics,before_2023
288159280,touhiduzzaman-tuhin/Hard_Rock,Hard Rock Music Lyrics Web Site,2020-08-17T11:13:16Z,2020-09-06T05:43:20Z,0,0,HTML,"css,es6,html,javascript",https://github.com/touhiduzzaman-tuhin/Hard_Rock,before_2023
270218768,nano80126/elecrawler,YouTube music play with lyrics scrawler,2020-06-07T06:43:46Z,2022-10-27T12:35:30Z,0,0,Vue,,https://github.com/nano80126/elecrawler,before_2023
809699750,better-lyrics/better-lyrics,"Better Lyrics for Youtube Music - Enhance YouTube Music with beautiful time-synced lyrics, multilingual support, real-time translations and more ✨",2024-06-03T09:27:02Z,2026-05-08T16:43:38Z,651,53,TypeScript,"chrome-extension,firefox-addon,lyrics,youtube,youtube-music",https://github.com/better-lyrics/better-lyrics,after_2023
668944707,HisAtri/LrcApi,A Flask API For StreamMusic.,2023-07-21T01:31:00Z,2026-05-09T02:50:38Z,1185,115,Python,"lyrics,music,navidrome",https://github.com/HisAtri/LrcApi,after_2023
982526485,jayfunc/BetterLyrics,"An elegant and deeply customizable lyrics visualizer & versatile music player, built with WinUI3/Win2D | 一款优雅且高度自定义的歌词可视化与全能音乐播放应用，基于 WinUI3/Win2D 构建",2025-05-13T02:53:02Z,2026-05-09T09:20:46Z,1868,52,C#,"apple-music,csharp,fluent-design,foobar2000,itunes,kugou-music,lrc,lx-music,lyrics,music,musicbee,netease-cloud-music,potplayer,qq-music,spotify,ttml,win2d,windows,winui3",https://github.com/jayfunc/BetterLyrics,after_2023
647631665,Lambada10/SongSync,Android app to download lyrics for songs in your music library.,2023-05-31T07:39:12Z,2026-05-08T08:20:31Z,1207,48,Kotlin,"android-app,hacktoberfest,jetpack-compose,kotlin-android,lrc,synced-lyrics",https://github.com/Lambada10/SongSync,after_2023
1061082009,EchoMusicApp/Echo-Music,"A modern YouTube Music Client for Android with an ad-free experience, synced lyrics, and offline playback.",2025-09-21T07:44:30Z,2026-05-09T08:44:08Z,905,43,Kotlin,"adfree,foss,free,innertube,kotlin,kotlin-android,material-design,material-ui,material3,music,musicstreaming,newpipe,streaming,streaming-apps,streaming-audio,youtubemusic,youtubemusicalternative,ytmusic",https://github.com/EchoMusicApp/Echo-Music,after_2023
630067674,dropcreations/Manzana-Apple-Music-Lyrics,A python program to fetch lyrics from apple music albums and songs and then generates lyrics videos from fetched time-synced lyrics.,2023-04-19T15:44:10Z,2026-05-03T02:31:01Z,125,14,Python,"apple,apple-music,generator,lyrics,lyrics-fetcher,lyrics-video,lyrics-viewer,music,video",https://github.com/dropcreations/Manzana-Apple-Music-Lyrics,after_2023
987110251,theovilardo/PixelPlayer,"privacy-first Android music player built with Material 3 Expressive. Play offline, sync lyrics, fine-tune with equalizer presets, and cast to your devices.",2025-05-20T15:33:18Z,2026-05-09T09:55:00Z,4283,343,Kotlin,,https://github.com/theovilardo/PixelPlayer,after_2023
610577075,amll-dev/amll-ttml-tool,A brand-new syllable lyric editor for Apple Music-like lyrics! 一个全新的逐词歌词编辑器！针对 Apple Music-like Lyrics 设计！,2023-03-07T03:33:45Z,2026-05-08T04:14:47Z,340,57,TypeScript,"apple-music,lrc,lrc-maker,lyric,lyric-editor,syllable-lyric,ttml",https://github.com/amll-dev/amll-ttml-tool,after_2023
673272213,aviwad/LyricFever,Best Spotify & Apple Music Lyrics experience for macOS (spiritual successor to LyricsX),2023-08-01T09:00:59Z,2026-05-08T12:28:47Z,578,28,Swift,"apple-music,applescript,lyrics,macos,menubar,menubar-app,menubarapp,menubarextra,musickit,spotify,swift,swiftui",https://github.com/aviwad/LyricFever,after_2023
913215461,songifi/lyricsflip,"LyricFlip is an interactive on-chain card game where players test their music knowledge by guessing song titles or artists from partial lyrics. Featuring categories by genre and decade, players can wager tokens and compete for bragging rights. Powered by Starknet, LyricFlip blends entertainment, blockchain, and nostalgia in a fun, rewarding way!",2025-01-07T08:55:28Z,2026-04-21T15:15:27Z,13,110,TypeScript,,https://github.com/songifi/lyricsflip,after_2023
700691303,nomadkaraoke/karaoke-gen,"Generate karaoke videos, by downloading audio and lyrics, separating instrumentals, synchronising lyrics using transcription models, rendering CDG and uploading videos to YouTube / Dropbox / Google Drive",2023-10-05T05:24:39Z,2026-05-07T15:47:45Z,129,48,HTML,"karaoke,karaoke-maker,lyrics,music,video",https://github.com/nomadkaraoke/karaoke-gen,after_2023
762272945,CertifiedCoders/AnnieXMusic,"🎵 Advanced Telegram music bot built with Python, Pyrogram, and PyTgCalls. Features include playlists, lyrics search, live concert updates, and full music + group management.",2024-02-23T12:43:09Z,2026-05-05T08:24:47Z,55,225,Python,"fastest,management,music-bot,music-player,pyhton,pyrogram,robot",https://github.com/CertifiedCoders/AnnieXMusic,after_2023
585961455,imsyy/SPlayer,"🎵 A cross-platform music player with Jellyfin / Navidrome / Emby media server support, word-by-word lyrics, desktop & taskbar lyrics, cloud music drive, local library management, audio spectrum visualization and mobile-friendly UI. 简约的跨平台音乐播放器，支持逐字歌词、桌面歌词、任务栏歌词、云盘音乐、本地音乐管理及流媒体播放",2023-01-06T15:05:33Z,2026-05-09T10:03:46Z,7060,1156,TypeScript,"cross-platform,emby,javascript,jellyfin,media-server,music,music-library,music-player,musicplayer,navidrome,opensubsonic,pinia,splayer,streaming,vite,vue,vue3",https://github.com/imsyy/SPlayer,after_2023
799484867,sai80082/Jellyfin-lyrics,Download lyrics for all of your music,2024-05-12T09:41:59Z,2026-03-19T16:34:45Z,36,11,Python,jellyfin,https://github.com/sai80082/Jellyfin-lyrics,after_2023
1155862219,peternaame-boop/ytm-player,"YouTube Music TUI client with vim keybindings, synced lyrics, and cross-platform media keys",2026-02-12T01:40:37Z,2026-05-08T23:57:19Z,355,27,Python,"cli,mpv,music-player,python,terminal,textual,tui,vim-keybindings,youtube-music",https://github.com/peternaame-boop/ytm-player,after_2023
794153516,tranxuanthang/lrclib,LRCLIB server written in Rust with Axum and SQLite3 database,2024-04-30T14:56:26Z,2026-05-09T07:35:58Z,1537,53,Rust,"axum,lyrics,music,rust,sqlite,synced-lyrics",https://github.com/tranxuanthang/lrclib,after_2023
587211914,dokar3/amlv,Apple Music-like lyrics view in Jetpack Compose,2023-01-10T08:13:21Z,2026-03-28T12:17:26Z,136,10,Kotlin,"android,apple-music,jetpack-compose,kotlin,lyrics",https://github.com/dokar3/amlv,after_2023
769096866,KangweiZhu/lyrics-on-panel,"A widget that displays the lyrics of the currently playing song from Spotify, Netease Cloud Music, Elisa, etc., on any location of your desktop. Now supporting KDE, Niri, Hyprland, inspired by the MacOS Netease Cloud Music Top Panel Lyrics。",2024-03-08T10:40:00Z,2026-05-08T14:37:12Z,73,14,QML,"kde,lyrics-fetcher,netease-cloud-music,plasma5,plasma6,spotify",https://github.com/KangweiZhu/lyrics-on-panel,after_2023
646502998,Strvm/musicxmatch-api,"Reversed engineered MusicXMatch API. Get lyrics of any songs, for free.",2023-05-28T15:53:53Z,2026-05-02T21:09:27Z,140,9,Python,"lyrics,song-lyrics,songs",https://github.com/Strvm/musicxmatch-api,after_2023
708699846,YashMakan/mobile_music_player_lyrics,,2023-10-23T07:58:22Z,2026-02-26T22:32:32Z,15,13,C++,,https://github.com/YashMakan/mobile_music_player_lyrics,after_2023
974053310,SkyworkAI/Mureka-mcp,"generate lyrics, song and background music(instrumental). Model Context Protocol (MCP) server.",2025-04-28T07:28:09Z,2026-05-07T17:29:16Z,92,20,Python,,https://github.com/SkyworkAI/Mureka-mcp,after_2023
1129465041,dupitydumb/Audion,"An open-source music player for your local library featuring synchronized lyrics, themes, and plugins.",2026-01-07T06:06:07Z,2026-05-09T06:35:12Z,438,18,Svelte,"audio,desktop-app,music-player,music-streaming-application,rust,tauri",https://github.com/dupitydumb/Audion,after_2023
759510648,AdibNikjou/MusicDownloader-Telegram-Bot,"Telegram bot for downloading music from YouTube/Spotify, media from Twitter/X, videos and musics from YouTube, recognizing music from voice, fetching lyrics, and more. Supports various formats.",2024-02-18T19:34:15Z,2026-04-29T18:11:17Z,47,25,Python,"insta-downloader,instagram-downloader,multimedia-bot,music,music-downloader,shazam,spotify,spotify-downloader,telegram,telegram-bot,tweet-capture,twitter,twitter-downloader,video-downloader,voice-capture,x,x-downloader,youtube,youtube-downloader,youtube-video-downloader",https://github.com/AdibNikjou/MusicDownloader-Telegram-Bot,after_2023
608195187,lyricstify/lyricstify,"Command line based application to show synchronized Spotify lyrics in your terminal with romanization and translation support. Built with Node.js, TypeScript, NestJs, and RxJs.",2023-03-01T14:15:49Z,2026-05-01T12:19:29Z,193,12,TypeScript,"cli,commander,cross-platform,javascript,linux,lyrics,macos,music,nest-commander,nestjs,nodejs,rxjs,song,song-lyrics,spotify,terminal,terminal-kit,typescript,windows",https://github.com/lyricstify/lyricstify,after_2023
889504198,pxeemo/LySy,A Lyrics Syncer tool to create synced lyrics files,2024-11-16T13:54:34Z,2026-05-06T13:36:02Z,20,6,JavaScript,"music,synced-lyrics,syncedlyrics",https://github.com/pxeemo/LySy,after_2023
1036785844,GerryDush/Linx-Music,"Local & private cloud music player (Flutter), supports MP3/M4A/WAV/FLAC, LRC & TTML lyrics, with Apple Music–style lyrics page. Future features: lyrics editing, MV playback, WebDav. Official site: https://lzf.geddy.cn/  本地&私有云音乐播放器（Flutter开发），支持 MP3/M4A/WAV/FLAC、LRC & TTML 歌词，拥有 Apple Music 风格歌词页。未来支持歌词编辑、MV 播放、WebDav。官网：https://lzf.geddy.cn/",2025-08-12T15:23:07Z,2026-05-06T08:19:58Z,180,12,Dart,,https://github.com/GerryDush/Linx-Music,after_2023
1145773811,EchoMusicApp/Echo-Music-Desktop,"A modern YouTube Music Client for Desktop with an ad-free experience, synced lyrics, and offline playback.",2026-01-30T07:38:27Z,2026-05-08T10:58:55Z,59,11,Dart,"adfree,desktop,music,youtubemusic,youtubemusicalternative,youtubemusicdesktop",https://github.com/EchoMusicApp/Echo-Music-Desktop,after_2023
1001600843,Lessica/AMLyrics,Dump lyrics from Apple Music.,2025-06-13T17:00:00Z,2026-01-24T12:19:40Z,38,4,Logos,,https://github.com/Lessica/AMLyrics,after_2023
946080059,songifi/lyricsflip_frontend,"LyricFlip is an interactive on-chain card game where players test their music knowledge by guessing song titles or artists from partial lyrics. Featuring categories by genre and decade, players can wager tokens and compete for bragging rights. Powered by Starknet, LyricFlip blends entertainment, blockchain, and nostalgia in a fun, rewarding way!",2025-03-10T15:21:36Z,2026-04-20T23:33:55Z,4,39,TypeScript,,https://github.com/songifi/lyricsflip_frontend,after_2023
938039791,ibratabian17/YouLyPlus,"Extension that adds word-by-word/syllable lyrics feature to YouTube Music and Apple Music (experimental), it's lightweight & good, this extension also fix apple music web lyrics",2025-02-24T10:24:10Z,2026-05-09T07:11:03Z,96,6,JavaScript,"apple-music,apple-music-web-app,applemusic,beautiful-ui,chrome-extension,edge-extension,extension,firefox-addon,lyrics,vanilla-javascript,word-by-word,youtube,youtube-lyrics,youtube-music",https://github.com/ibratabian17/YouLyPlus,after_2023
985191632,cromaguy/Rhythm,"Your Music, Your Rhythm. An open-source, privacy-first Android music player featuring a beautiful Material 3 Expressive UI, High-Resolution audio via Media3 ExoPlayer, synced lyrics, and advanced batch library management. Built entirely in Kotlin.",2025-05-17T08:48:35Z,2026-05-09T04:30:02Z,626,49,Kotlin,"android,android-studio,exoplayer,izzyondroid,kotlin,material3-expressive,media3,media3-exoplayer,music-player,obtanium",https://github.com/cromaguy/Rhythm,after_2023
809201494,Suno-API/Suno-API,"This is an unofficial Suno AI API based on Golang. It currently supports generating songs, lyrics, and OpenAI Chat",2024-06-02T02:09:23Z,2026-05-04T00:08:27Z,135,22,Go,"golang,music,suno,suno-ai,suno-ai-api,suno-api",https://github.com/Suno-API/Suno-API,after_2023
1137987878,filliptm/ComfyUI_FL-HeartMuLa,FL HeartMuLa - Multilingual AI music generation nodes for ComfyUI. Generate full songs with lyrics using HeartMuLa.,2026-01-20T05:19:50Z,2026-05-06T12:29:22Z,125,16,Python,,https://github.com/filliptm/ComfyUI_FL-HeartMuLa,after_2023
659391737,organization/lyrs,"Lyrs: Shows the lyrics of the track, playing on Spotify / YouTube Music",2023-06-27T18:25:30Z,2026-03-14T19:44:32Z,112,7,TypeScript,"electron,hacktoberfest,lyrics,solidjs,spotify,typescript,vite,youtube-music",https://github.com/organization/lyrs,after_2023
802224257,OmarNofal/Material-3-Music-Player,🎶 An offline Android music player built using Jetpack Compose M3 ,2024-05-17T19:09:43Z,2026-04-27T09:46:20Z,69,17,Kotlin,"android,exoplayer,jetpack-compose,lyrics,material-design-3,material-ui,music-player",https://github.com/OmarNofal/Material-3-Music-Player,after_2023
594208922,rakuri255/UltraSinger,"AI based tool to convert vocals lyrics and pitch from music to autogenerate Ultrastar Deluxe, Midi and notes. It automatic tapping, adding text, pitch vocals and creates karaoke files.",2023-01-27T21:21:28Z,2026-05-07T11:44:13Z,501,60,Python,"ai,audio,karaoke,lyrics,midi,music,pitch-detection,singing,ultrastar,vocal,voice",https://github.com/rakuri255/UltraSinger,after_2023
1106802552,Chevron7Locked/kima-hub,"Kima Hub is built for music lovers who want the convenience of streaming services without sacrificing ownership of their library. Point it at your music collection, and Kima handles the rest: artist discovery, personalized playlists, podcast subscriptions, and seamless integration with tools you already use like Lidarr and Audiobookshelf.",2025-11-30T01:01:04Z,2026-05-08T07:41:28Z,1127,43,TypeScript,"audiobook-player,lyrics,lyrics-fetcher,music,music-sharing,musicplayer,podcast-player,podcasts,soulseek-network,spotify",https://github.com/Chevron7Locked/kima-hub,after_2023
734660072,janvanwassenhove/MusicAgent,"MusicAgent is a MAS (Multi Agent System) that programs songs in Sonic Pi. It uses generative AI to generate song structures, arrangements, lyrics, ... based on user preferences.",2023-12-22T09:08:27Z,2026-05-06T05:52:05Z,39,8,Vue,"ai,generative-ai,multi-agent-systems,music,music-composition",https://github.com/janvanwassenhove/MusicAgent,after_2023
974133612,ptnghia-j/ChordMiniApp,"Music Analysis, Chord Recognition, Beat Tracking, Guitar Diagrams, Piano Visualizer, Lyrics Transcription Application, context-aware LLM inference for analysis from uploaded audio and YouTube video",2025-04-28T09:57:24Z,2026-05-09T02:02:30Z,281,34,TypeScript,"ace,acr,beat-tracking,chord-progressions,chord-recognition,experiment,hacktoberfest,llm-tools,mir,music,pitch-shift,webapp",https://github.com/ptnghia-j/ChordMiniApp,after_2023
836839820,palinkiewicz/lyricpost,A simple yet powerful Spotify-like lyrics image generator built entirely with vanilla JavaScript,2024-08-01T17:03:07Z,2026-05-03T18:16:34Z,83,19,JavaScript,"fetcher,generator,image-generator,lrclib,lyrics,music,spotify,spotify-api,vanilla-javascript,vanilla-js",https://github.com/palinkiewicz/lyricpost,after_2023
622111617,mikezzb/lyrics-sync,"A deep learning lyrics-to-audio alignment system, generating synchronized lyrics from a song and its lyrics",2023-04-01T06:36:13Z,2026-04-30T00:07:27Z,70,4,Jupyter Notebook,"ai,deep-learning,demucs,jupyter-notebook,lyrics,machine-learning,music,music-information-retrieval,python,wav2vec2",https://github.com/mikezzb/lyrics-sync,after_2023
813207918,better-lyrics/api,API for Better Lyrics - A browser extension for Youtube Music,2024-06-10T17:15:38Z,2026-05-05T11:17:58Z,18,8,Go,"chrome,extension,firefox-addon,youtube-music",https://github.com/better-lyrics/api,after_2023
967726102,mardous/BoomingMusic,"Clean, fast, and Material-driven music player with powerful features for Android.",2025-04-16T22:51:10Z,2026-05-09T04:42:03Z,213,15,Kotlin,"android,android-music-player,audio,foss,koin,kotlin,lyrics,material-ui,material3,media,media3,multimedia,music,music-player,mvvm-android,offline",https://github.com/mardous/BoomingMusic,after_2023
1122566616,Replica0110/Lyrico,一个开源的 Android 音乐标签编辑器，支持标签搜索与编辑，并提供逐字歌词支持。灵感来源于 LDDC 和音乐标签。,2025-12-25T03:03:12Z,2026-05-09T09:17:56Z,366,10,Kotlin,"android,lrc,lyrics,music,musictag,taglib",https://github.com/Replica0110/Lyrico,after_2023
1133894957,bitwize-music-studio/claude-ai-music-skills,"Human + AI music production workflow for Suno - skills, templates, and tools",2026-01-14T00:55:56Z,2026-05-09T05:01:35Z,167,27,Python,"ai-music,ai-music-tools,audio-mastering,claude,claude-code,claude-code-plugin,claude-code-plugin-marketplace,claude-code-plugins,claude-code-plugins-marketplace,claude-code-skills,claude-skill,claude-skills,lyric-writer,lyrics,music,music-mastering,songwriting,suno,suno-ai,sunoai",https://github.com/bitwize-music-studio/claude-ai-music-skills,after_2023
1030445897,therepanic/spotilyrics,Spotify + VS Code + lyrics = spotilyrics ❤️,2025-08-01T16:47:51Z,2026-03-22T12:12:22Z,65,5,TypeScript,"lyrics,mp3,music,song,song-lyrics,spotify,spotilyrics,vscode,vscode-extension",https://github.com/therepanic/spotilyrics,after_2023
1153170213,ServeurpersoCom/acestep.cpp,"Portable C++17 implementation of ACE-Step 1.5 AI Music Generator using GGML. Text + lyrics in, stereo 48kHz MP3 or WAV out. Runs on CPU, CUDA, ROCm, Metal, Vulkan.",2026-02-09T01:37:27Z,2026-05-09T08:57:57Z,291,46,C++,,https://github.com/ServeurpersoCom/acestep.cpp,after_2023
1207422559,timoncool/ACE-Step-Studio,"Portable AI music generator — full songs with vocals, covers, music videos. One-click install, 100% offline, NVIDIA GPU.",2026-04-10T23:34:01Z,2026-05-09T01:20:11Z,152,14,Python,"ace-step,ai-music,gradio,local-ai,lyrics,music-generation,music-video,offline,one-click-install,portable,pytorch,text-to-music,vocals,windows",https://github.com/timoncool/ACE-Step-Studio,after_2023
730645953,ankrypht/AudioScape,An Android Application For Streaming Music From YouTube Music Built With React-Native Using Expo.,2023-12-12T11:22:46Z,2026-05-08T23:05:42Z,219,12,TypeScript,"android,expo,innertube,lyrics,lyrics-fetcher,lyrics-finder,music-information-retrieval,music-player,react,react-native,react-router,song,song-downloader,songs,synced-lyrics,youtube,youtube-music,youtube-music-player,youtubemusic",https://github.com/ankrypht/AudioScape,after_2023
882472279,Dzheremi2/Chronograph,Sync lyrics of your loved songs 🕒,2024-11-02T21:35:31Z,2026-05-09T09:54:14Z,71,7,Python,"appimage,chronograph,desktop,elrc,flathub,flatpak,gnome,gtk,gtk4,libadwaita,linux,lrc,lrclib,lyrics,music,pygobject,python,songs,synced-lyrics,windows",https://github.com/Dzheremi2/Chronograph,after_2023
895392825,Widdit/now-playing-service,一款全能的「正在播放」歌曲展示工具。支持检测 20+ 款音乐软件的歌曲信息，内置精美歌曲组件、歌词组件、播放器，提供 API 接口。适配 OBS 等直播软件以及日常桌面使用。,2024-11-28T05:58:28Z,2026-05-09T07:59:27Z,661,28,Java,"live,lyric,lyrics,music,nowplaying,obs,overlay,song,stream,widget",https://github.com/Widdit/now-playing-service,after_2023
1078732195,BATMAN-E/music_with_python,Posting Song lyrics for fun,2025-10-18T09:55:45Z,2026-04-14T09:11:51Z,11,3,Python,,https://github.com/BATMAN-E/music_with_python,after_2023
695350003,voidrlm/Music-Player-With-Lyrics-Using-React,"Creating a music player using react JS which offers real time lyrics sync, track seeking and other primary controls.",2023-09-22T23:27:23Z,2025-10-30T08:39:54Z,12,5,JavaScript,"javascript,lyrics,music-player,react,reactjs",https://github.com/voidrlm/Music-Player-With-Lyrics-Using-React,after_2023
827402345,awaLiny2333/SmoothLyrics_NEXT,Apple Music like lyrics animation demo on HarmonyOS NEXT (API12) ,2024-07-11T15:32:44Z,2026-04-22T06:57:46Z,18,3,TypeScript,"arkui,harmonyos,harmonyos-next,openharmony",https://github.com/awaLiny2333/SmoothLyrics_NEXT,after_2023
834144773,tanbryan/ai-mv-generator,"A multi-agent system designed for generating music videos with scrolling subtitles based on lyrics. This project analyzes the lyrics and creates detailed prompts based on the analysis results to generate story-like images, ultimately producing an image-to-image music video, using openai API, gpt-4o and dall-e 3 models.",2024-07-26T14:10:52Z,2026-04-27T10:51:23Z,105,18,Python,"ai-image-generation,multi-agent-systems,openai-api,prompt-engineering,scrolling-text,video-generation",https://github.com/tanbryan/ai-mv-generator,after_2023
1083655265,AlbusGuo/albus-status-bar-music,"A vinyl-style music player in the status bar with lyrics display, playlist management, and album art.Add a music player to the status bar of Obsidian.",2025-10-26T13:20:13Z,2026-05-09T06:32:21Z,41,8,TypeScript,,https://github.com/AlbusGuo/albus-status-bar-music,after_2023
871141276,Soumyadeep765/Song,"Spotify Web API Node.js service for music search, metadata, lyrics, streaming previews, and artist info.",2024-10-11T10:59:33Z,2026-05-05T08:25:52Z,9,14,JavaScript,"backend,lyrics,lyrics-api,nodejs,spotify,spotify-api",https://github.com/Soumyadeep765/Song,after_2023
613523222,adhamali450/lyrics-card-maker-frontend,Generate a Genius lyrics card for any song you want. Customize and tweak the card based on your preference.,2023-03-13T18:30:53Z,2026-04-21T18:14:54Z,21,4,JavaScript,"genius-api,genius-lyrics,lyrics,lyrics-search,music,reactjs,tailwind",https://github.com/adhamali450/lyrics-card-maker-frontend,after_2023
646383700,matsumo0922/Kanade,"Android music player with synchronized lyrics display, Full Compose and compliant with Material3 design.",2023-05-28T08:10:29Z,2026-03-08T03:53:51Z,46,5,Kotlin,"android,jetpack-compose,jetpack-glance,lyrics,material-design,material3,media3,music,music-player,synced-lyrics",https://github.com/matsumo0922/Kanade,after_2023
638613101,TeamYouDown/YouMusic,"Ad-Free and Free YouTube Music/MP3 Download and Listening Application - The first version of YouMusic is live. Now you can use all premium features of YouTube for free and without ads. Make your own music library with any song from YouTube. No ads, free, and simple.",2023-05-09T18:13:44Z,2026-04-23T03:06:40Z,71,10,Kotlin,"lyrics,lyrics-fetcher,mp3,mp3-converter,mp3-download,mp3-downloader,mp3-player,video,video-player,youtube-api,youtube-api-v3,youtube-bot,youtube-converter,youtube-dl,youtube-downloader,youtube-music,yt-dlp",https://github.com/TeamYouDown/YouMusic,after_2023
1225143466,OpenMOSS/MOSS-Music,"MOSS-Music is an open-source music understanding model for targeting musical captioning, lyrics ASR, structural analysis, chord / key / tempo reasoning, and long-form musical question answering.",2026-04-30T01:48:56Z,2026-05-09T03:27:32Z,55,4,Python,,https://github.com/OpenMOSS/MOSS-Music,after_2023
870193533,TwilightLemon/Lemon-App,Online music player for Windows with stunning UI and animated lyrics,2024-10-09T15:51:17Z,2026-05-05T07:07:45Z,44,3,C#,"dotnet,music-player,online,wpf",https://github.com/TwilightLemon/Lemon-App,after_2023
936508651,smthemex/ComfyUI_YuE,"YuE is a groundbreaking series of open-source foundation models designed for music generation, specifically for transforming lyrics into full songs (lyrics2song). you can use it in comfyUI",2025-02-21T07:56:29Z,2026-03-25T04:43:05Z,186,15,Python,,https://github.com/smthemex/ComfyUI_YuE,after_2023
1186893861,Eplorr/LyricsBlossom,Apple Music like lyrics showing app,2026-03-20T05:21:28Z,2026-05-08T07:43:54Z,40,0,,"apple,apple-music,applemusic,applemusic-like-ui,lyrics,music,netease-music,nowplaying,nowplaying-screen,qq-music,smtc,spotify,ui-design",https://github.com/Eplorr/LyricsBlossom,after_2023
740592870,olvidalo/obsidian-chord-sheets,"Work with chord sheets (chords over lyrics or inline in brackets) in Obsidian: Chord diagrams for guitar, ukulele and mandolin, transpose, autoscroll and more. Works in Live Preview and reading mode.",2024-01-08T16:56:06Z,2026-05-09T09:21:54Z,151,23,TypeScript,"chords,guitar,lyrics,mandolin,music,obsidian,obsidian-plugin,plugin,tabs,ukulele",https://github.com/olvidalo/obsidian-chord-sheets,after_2023
597516751,Fabrizz/MMM-LiveLyrics,A lyrics module for MM2. It uses Genius data and MMM-OnSpotify to overlay the song lyrics,2023-02-04T19:40:11Z,2026-03-16T17:48:47Z,11,4,JavaScript,"genius-lyrics,lyrics,magicmirror,magicmirror-module,magicmirror2,mm2,music",https://github.com/Fabrizz/MMM-LiveLyrics,after_2023
768617212,obillekyle/synced-lyrics-editor-webapp-v2,Synced Lyrics Editor and Maker. Create your own synced lyrics for the music you love – right from your browser. A sound file is required.,2024-03-07T12:20:03Z,2026-03-27T13:32:02Z,24,5,Vue,"lyrics,lyrics-editor,lyrics-maker,material-design,synced-lyrics,syncedlyrics,vue,vue3,webapp",https://github.com/obillekyle/synced-lyrics-editor-webapp-v2,after_2023
851960593,gouveags/ai-music-video-generator,"AI Music Video Generator automates music video creation using AI for lyrics, images, music, and video. It integrates OpenAI for lyrics, DALL-E for images, Suno for music, and FFmpeg for video processing, with automatic uploads to YouTube and TikTok.",2024-09-04T01:31:25Z,2026-04-23T06:10:43Z,15,5,JavaScript,,https://github.com/gouveags/ai-music-video-generator,after_2023
966692823,siddhardhan23/music-recommendation-app-python,"🎵 Lyrics-Based Music Recommendation System A content-based music recommender built using TF-IDF and cosine similarity on song lyrics. Built with Python and Streamlit for fast, interactive song suggestions.",2025-04-15T10:04:59Z,2026-01-07T14:15:53Z,5,7,Jupyter Notebook,,https://github.com/siddhardhan23/music-recommendation-app-python,after_2023
792977518,TKazer/OS-Music163_ImGui,OS-ImGui for hijacking the Music163 Lyrics overlay.,2024-04-28T04:43:17Z,2026-02-13T15:11:49Z,11,2,C++,"hack,hijcak,imgui,lyrics,music163,osimgui,overlay",https://github.com/TKazer/OS-Music163_ImGui,after_2023
772958142,Lamucal/Lamucal,An AI-powered multimodal project focused on music.,2024-03-16T10:53:53Z,2026-03-19T15:14:32Z,38,3,Python,"ai,chords,lyrics,music,tabs",https://github.com/Lamucal/Lamucal,after_2023
945300732,feixukeji/MusicVideoGeneration,Automatically select matching video clips from a given video collection based on lyrics.,2025-03-09T05:08:16Z,2026-01-05T00:18:47Z,6,3,Python,"music,musicvideo,python,qwen,video",https://github.com/feixukeji/MusicVideoGeneration,after_2023
1164212246,Gasiyu/dms-plugin-musiclyrics,A DankMaterialShell widget plugin that displays synced music lyrics from multiple sources right on your panel.,2026-02-22T19:58:32Z,2026-05-03T11:42:19Z,8,5,QML,,https://github.com/Gasiyu/dms-plugin-musiclyrics,after_2023
1220033088,sosjalapeno/ALACarte,"Self-hosted Apple Music downloader with a polished web UI, Apple Music Library display, ALAC-to-FLAC conversion, live queueing, lyrics support and library-aware duplicate prevention.",2026-04-24T13:27:10Z,2026-05-08T07:01:20Z,52,5,TypeScript,,https://github.com/sosjalapeno/ALACarte,after_2023
954303912,ronaldo-avalos/SpotifyVieoPlayer,"🎵 🎬 A SwiftUI-based music player replicating Spotify's video playback experience, featuring background videos, lyrics display, artist details, and interactive controls.""",2025-03-24T21:56:47Z,2026-04-20T23:33:57Z,63,7,Swift,"avplayer,spotify,spotify-clone,swift,swiftui",https://github.com/ronaldo-avalos/SpotifyVieoPlayer,after_2023
706309056,lhamycodes/amlv,Inspired by Apple Music's Lyrics Viewer,2023-10-17T17:35:17Z,2025-04-03T20:47:36Z,4,3,Dart,,https://github.com/lhamycodes/amlv,after_2023
600950331,lyricstify/api,REST API to discover time-synced Spotify lyrics.,2023-02-13T03:13:35Z,2026-03-14T13:18:33Z,20,3,TypeScript,"api,backend,lyrics,music,nestjs,restful,spotify,typescript,vercel",https://github.com/lyricstify/api,after_2023
1070564141,lcx2011/MusicFreeDesktop-apple-music-lyrics,二次开发MusicFree项目加入苹果歌词界面，免费歌曲软件,2025-10-06T05:59:16Z,2026-04-01T02:18:13Z,25,0,TypeScript,,https://github.com/lcx2011/MusicFreeDesktop-apple-music-lyrics,after_2023
838516571,protodeniz/picard-sozler,Picard Sözler is a lyrics fetcher for Picard as a plugin with no configuration or API keys!,2024-08-05T19:57:38Z,2026-04-12T20:50:41Z,46,4,Python,"lyrics,lyrics-fetcher,lyrics-finder,lyrics-search,music,picard,picard-plugin,synced-lyrics",https://github.com/protodeniz/picard-sozler,after_2023
920623249,2t0m/lrclib-docker,Music Lyrics Synchronizer - Dockerized,2025-01-22T13:40:05Z,2026-04-21T20:36:40Z,4,2,Python,,https://github.com/2t0m/lrclib-docker,after_2023
911810394,akordi/portal,Song lyrics and guitar tab portal Akordi.lv,2025-01-03T22:57:32Z,2026-05-01T19:44:45Z,4,4,Vue,"music,song-lyrics,songbook,vue,vue3",https://github.com/akordi/portal,after_2023
1061100766,luzhenhua/LyricsCard,Create beautiful lyric cards in Apple Music style / 制作精美的 Apple Music 风格歌词卡片,2025-09-21T08:37:18Z,2026-04-05T14:55:12Z,16,2,JavaScript,,https://github.com/luzhenhua/LyricsCard,after_2023
1169091686,Tal0na/SelfHosted-Music-Awesome,"Everything you need for self-hosted music - servers, clients, local players, plugins, themes, scrobblers, tools, integrations, and deployment guides, all in one place.",2026-02-28T06:52:26Z,2026-05-08T17:50:33Z,82,4,,"homelab,homelab-media,homelabs,jellyfin,jellyfin-client,jellyfin-plugin,lastfm,listenbrainz,lyrics,media-server,music,music-streaming,navidrome,navidrome-client,navidrome-plugin,open-source,plugins,self-hosted,subsonic",https://github.com/Tal0na/SelfHosted-Music-Awesome,after_2023
843690749,HRGC-Seirai/YuujinPlayer,Simple Music Player with lyrics,2024-08-17T05:53:47Z,2025-07-23T20:52:29Z,4,2,JavaScript,"chinese-simplified,chinese-traditional,lyrics-display,media-player,multiplatform,music-player,python,pywebview,web",https://github.com/HRGC-Seirai/YuujinPlayer,after_2023
806458203,iamdevdiv/Music-LAW-Lyrics-AnyWhere,Shows lyrics in an overlay window of the song playing on YouTube Music.,2024-05-27T08:35:34Z,2026-04-24T18:50:29Z,6,2,Python,,https://github.com/iamdevdiv/Music-LAW-Lyrics-AnyWhere,after_2023
982275197,LunaPresent/lrxed,A tui application for synchronising lyrics,2025-05-12T16:25:13Z,2026-04-12T19:11:20Z,36,0,Rust,"lyrics,music,rust,synced-lyrics",https://github.com/LunaPresent/lrxed,after_2023
797324927,alexzhirkevich/KLyrics,🎶 🎤 Stunning customizable Compose Multiplatform song lyrics view for your music player or karaoke app,2024-05-07T16:08:31Z,2026-03-22T06:38:13Z,51,2,Kotlin,,https://github.com/alexzhirkevich/KLyrics,after_2023
840782662,JustOptimize/lrcput,"A tool that embeds LRC (lyrics) files into FLAC, M4A, and MP3 audio files. It can process a directory of matching audio and LRC files. This is a fork of the now-deleted original project.",2024-08-10T17:06:04Z,2026-05-09T02:10:03Z,43,12,Python,"audio,flac,lrc,lyrics,m4a,metadata,mp3,music,python,tagging",https://github.com/JustOptimize/lrcput,after_2023
1141080033,mason369/music-to-midi,音乐转MIDI转换器 - Convert audio to multi-track MIDI with lyrics embedding,2026-01-24T07:52:17Z,2026-05-08T22:45:19Z,12,2,Python,,https://github.com/mason369/music-to-midi,after_2023
731587126,bouzidanas/lyr-ix,A component for displaying synced song lyrics.,2023-12-14T12:16:12Z,2025-05-16T15:55:17Z,9,2,TypeScript,"lrc,lyrics,music,reactjs,typescript",https://github.com/bouzidanas/lyr-ix,after_2023
1146839938,strnad/HeartMuse,"Local AI music generator with smart lyrics: Gradio web UI for HeartMuLa + Ollama/OpenAI, tags, history, and high-fidelity audio.",2026-01-31T19:06:39Z,2026-04-28T12:36:13Z,19,4,Python,"ai-lyrics,ai-music,ai-music-generation,aimusic,gradio,gui,heartcodec,heartmula,heartmula-gui,local-ai,local-inference,lyrics-generator,music,music-generation,musicgen,musicgeneration,ollama,suno,suno-ai,webui",https://github.com/strnad/HeartMuse,after_2023
811499243,AjayDhattarwal/MusicPlayer,"A feature-rich music player app built for Android, offering seamless playback, synchronized lyrics, playlists, and music recommendations. 🎶📱",2024-06-06T18:01:29Z,2026-02-04T00:53:04Z,8,2,Kotlin,,https://github.com/AjayDhattarwal/MusicPlayer,after_2023
1031573582,RinKokawa/MusicLyrics,跨平台音乐歌词获取处理工具 | 支持网易云音乐、QQ音乐、汽水音乐  基于 Vue 3 + TypeScript + Electron 开发的桌面应用，提供多平台歌词搜索、下载、编辑和格式转换功能。,2025-08-04T02:31:07Z,2026-05-09T09:26:05Z,9,1,JavaScript,,https://github.com/RinKokawa/MusicLyrics,after_2023
899764728,AlexStrNik/LyricsOver,Overlay lyrics from Apple Music,2024-12-07T00:56:37Z,2025-12-19T01:23:40Z,8,0,Swift,,https://github.com/AlexStrNik/LyricsOver,after_2023
1113706843,Fei-xiangShi/Rustle,"Cross-platform music player with Apple Music-style lyrics, GPU-accelerated rendering, built in Rust",2025-12-10T10:55:29Z,2026-04-26T11:21:26Z,10,2,Rust,,https://github.com/Fei-xiangShi/Rustle,after_2023
940088392,Endg4meZer0/lrcsnc,🎶 Synced lyrics fetcher and synchronizer that works with any of your MPRIS-capable players!,2025-02-27T15:42:42Z,2026-04-24T15:47:45Z,52,2,Go,"lrc,lrclib,lyrics,lyrics-fetcher,mpris,music,sync,synchronization",https://github.com/Endg4meZer0/lrcsnc,after_2023
922410941,wuww233/LyricsRoller,把带有时间轴的多行字幕转换为类似音乐软件中歌词滚动的效果 Convert multi-line subtitles with a timeline into a scrolling lyrics effect similar to Apple Music.,2025-01-26T05:51:38Z,2026-04-29T14:00:34Z,26,1,Lua,,https://github.com/wuww233/LyricsRoller,after_2023
609767081,EtienneAb3d/karaok-AI,Karaoke Player / Editor with automatic clip creation from any song file using vocals and lyrics extraction (Speech-to-Text),2023-03-05T07:01:04Z,2026-04-18T07:27:50Z,88,3,Java,"djing,karaoke,karaoke-maker,lyrics,mp3-player,music,party-apps,sound-processing,speech-to-text,srt-subtitles,subtitles,vad,whisper",https://github.com/EtienneAb3d/karaok-AI,after_2023
790832126,diyanqi/YesPlayMusicPlus,"YesPlayMusicPlus - Based on YesPlayMusic, with fluent Apple Music styled lyrics.",2024-04-23T15:59:44Z,2025-09-25T20:34:09Z,5,2,Vue,,https://github.com/diyanqi/YesPlayMusicPlus,after_2023
1108110011,lux032/MusicAutoTagger,"A smart music file organization tool based on audio fingerprinting technology. It automatically monitors the download directory, identifies songs using AcoustID and MusicBrainz, completes metadata (artist, album, cover), and automatically downloads lyrics.",2025-12-02T03:16:42Z,2026-05-05T23:59:04Z,63,1,Java,"acoustid,docker,music-tagger,nas,selfhosted",https://github.com/lux032/MusicAutoTagger,after_2023
648848212,hunghg255/music-lyrics,Get Lyrics Song,2023-06-03T01:38:32Z,2024-02-07T03:24:04Z,8,0,TypeScript,"lyrics,npm,songs",https://github.com/hunghg255/music-lyrics,after_2023
1159718352,type0dev/synced-lyrics-downloader,"A desktop GUI app using syncedlyrics for downloading synced (.lrc) and plain (.txt) lyrics for your local music library. Built with Python and tkinter - no internet browser required, no accounts, no ads.",2026-02-17T04:27:20Z,2026-05-01T02:57:17Z,8,3,Python,,https://github.com/type0dev/synced-lyrics-downloader,after_2023
740280486,Aluval/PHOTOENHANCER24BOT,"This versatile bot offers various functionalities, including image manipulation (converting to grayscale, enhancing, changing color, and resizing), generating Telegraph links, modifying text font, fetching song lyrics, finding songs on JioSaavn, and searching GitHub repositories. ALL FILES  BY OWN  - CREDITS 🌟 - @Sunrises_24 ",2024-01-08T02:35:23Z,2026-04-01T12:19:51Z,6,17,Python,"andhra-pradesh,github,images,india,kurnool,music,photoeditor,telegram-bot",https://github.com/Aluval/PHOTOENHANCER24BOT,after_2023
1187489114,TheX24/Spicy-Player,"Spicy Player is an offline music player for Android with a port/recreation of Spicy Lyrics - A Spicetify Extension, designed to achieve visual parity with Spicy Lyrics' rendering.",2026-03-20T19:34:50Z,2026-04-25T22:29:26Z,10,3,Kotlin,"android,android-music-player,apple-music,exoplayer,jetpack-compose,kotlin,lyrics,music-player,offline-music-player,spicetify,spicy-lyrics,spotify,ttml",https://github.com/TheX24/Spicy-Player,after_2023
607558252,kangxiaoju/waybar-netease-music-lyrics,在waybar上显示网易云音乐歌曲信息和当前歌词,2023-02-28T08:04:14Z,2026-01-09T07:33:57Z,11,1,Shell,"lyrics,netease-cloud-music,waybar",https://github.com/kangxiaoju/waybar-netease-music-lyrics,after_2023
968683504,vndreiii/mpv-music,"🎧 A dotfile setup that overhauls MPV into a music player, with autoload playlist support, synced lyrics, and a lyrics overlay. Meant for Distrobox. Minimal, sleek, and sexy ✨🎶",2025-04-18T14:35:29Z,2026-01-30T17:29:47Z,4,1,Lua,,https://github.com/vndreiii/mpv-music,after_2023
1101484079,nicobo-crl/PyMusic,"    A web-based music player built with Flask. Streams audio in real-time from YouTube, fetches rich metadata from Deezer, and supports synced lyrics via LRCLIB.",2025-11-21T18:34:19Z,2026-02-20T05:17:48Z,4,3,JavaScript,,https://github.com/nicobo-crl/PyMusic,after_2023
789464032,dupitydumb/CustomLyrics-Spotify,A Chrome extension that allows users to customize their own lyrics on Spotify.,2024-04-20T16:13:37Z,2025-10-20T13:25:20Z,17,1,JavaScript,"chrome-extension,lyrics,music,spicetify,spicetify-extensions,spotify",https://github.com/dupitydumb/CustomLyrics-Spotify,after_2023
1057350663,helemanc/audio-based-lyrics-matching,"Official Implementation of the paper ""Leveraging Whisper Embeddings for Audio-based Lyrics Matching""",2025-09-15T15:57:29Z,2026-05-07T15:48:38Z,16,1,Python,"lyrics,mir,music,music-information-retrieval,version-identification",https://github.com/helemanc/audio-based-lyrics-matching,after_2023
997887280,user354015/muse,A live lyrics fetcher for MPRIS compatible players made with Go,2025-06-07T12:06:27Z,2026-04-09T14:01:10Z,35,1,Go,"live-lyrics,lyrics,lyrics-fetcher,music,synced-lyrics",https://github.com/user354015/muse,after_2023
852334171,darkcluemusic/music-lyrics-demo,"Halaman ini untuk pemutaran lagu dan lirik, anda juga dapat menyimpan data yang akan di tampilkan di DCM Player",2024-09-04T16:18:51Z,2024-09-15T10:09:19Z,8,0,HTML,"darkclue,darkcluemusic,music-lyrics",https://github.com/darkcluemusic/music-lyrics-demo,after_2023
605664240,kahnwong/music-lyrics-tagger,Add lyrics to flac and m4a files.,2023-02-23T16:31:28Z,2026-04-30T05:50:19Z,8,0,Python,,https://github.com/kahnwong/music-lyrics-tagger,after_2023
1018931767,estevaom/trackwatch,A beautiful terminal music visualizer with pixelated album art and synchronized lyrics.,2025-07-13T11:22:09Z,2026-04-23T16:17:13Z,33,0,Rust,,https://github.com/estevaom/trackwatch,after_2023
1034298717,inkstray/pony-music-lrcdb,A repository with (time synced) lyrics for pony music,2025-08-08T07:01:56Z,2025-09-01T17:33:53Z,1,2,,,https://github.com/inkstray/pony-music-lrcdb,after_2023
1007476336,dhjz/163MusicLyrics-webapi,"项目基于jitwxs/163MusicLyrics, 增加WebApi功能，支持通过HTTP请求获取歌曲列表和歌词, 感谢原作者",2025-06-24T04:11:24Z,2026-02-22T15:34:18Z,9,0,C#,,https://github.com/dhjz/163MusicLyrics-webapi,after_2023
749977483,tanbryan/scrolling-lyrics-music-visualization,Python-based tool that transform audio and lyrics into music videos with scrolling subtitles and visualized music effects.,2024-01-29T18:56:34Z,2026-03-14T10:06:38Z,9,1,Python,,https://github.com/tanbryan/scrolling-lyrics-music-visualization,after_2023
948597268,sippedaway/LyricsEditor,"An advanced lyrics editor with themes, 1:1 replicas of Apple Music, Spotify, and other lyrics looks",2025-03-14T16:04:11Z,2026-02-17T11:08:42Z,8,1,JavaScript,"applemusic,applemusic-like-ui,html-css-javascript,lyrics,lyrics-editor",https://github.com/sippedaway/LyricsEditor,after_2023
708384772,khaouitiabdelhakim/LyricsAI,"LyricsAI is a powerful and easy-to-use library for Android developers that allows you to retrieve song lyrics from various online sources. This library leverages web scraping techniques to find and deliver lyrics for a given song title or artist, making it a valuable tool for music-related Android applications.",2023-10-22T12:10:48Z,2026-03-16T18:14:21Z,15,1,Kotlin,"android,kotlin,kotlin-android,lyric-finder,lyrics,music-player,scraping",https://github.com/khaouitiabdelhakim/LyricsAI,after_2023
756791422,M4X1MUS07/Synced-Lyrics-YouTube-Music,Adds synced lyrics to YouTube Music Desktop web app by utilizing Musixmatch API,2024-02-13T10:14:30Z,2025-05-08T17:30:27Z,10,2,JavaScript,,https://github.com/M4X1MUS07/Synced-Lyrics-YouTube-Music,after_2023
686235575,KriteshTimsina/Kabya,An Open Source Lyrics Library for Music Lovers. ,2023-09-02T05:48:54Z,2023-10-21T02:40:55Z,1,3,TypeScript,,https://github.com/KriteshTimsina/Kabya,after_2023
1020799417,firstep/LyricMix.bundle,A Plex Music Lyrics Extension,2025-07-16T12:12:23Z,2026-04-07T14:46:18Z,7,0,Python,,https://github.com/firstep/LyricMix.bundle,after_2023
647796091,einhund/apple-music-local-lyrics,Fetch lyrics and description from Apple Music and Genius for iPod.,2023-05-31T14:35:49Z,2026-03-02T05:39:20Z,8,0,AppleScript,"applemusic,applescript,genius,ipod,jxa,lyrics",https://github.com/einhund/apple-music-local-lyrics,after_2023
1122323063,laoning666/lyricFlow,Automatically download lyrics and album covers for your music library 自动为音乐库下载歌词和专辑封面,2025-12-24T13:48:01Z,2026-05-08T09:41:05Z,70,2,Python,,https://github.com/laoning666/lyricFlow,after_2023
609628193,lucassilvas1/yt-lyrics,Get lyrics for any music video on YouTube,2023-03-04T18:50:25Z,2025-04-28T00:17:55Z,7,1,Svelte,,https://github.com/lucassilvas1/yt-lyrics,after_2023
640819305,ksamirdev/synced-lyrics-music-player,"🎶 A music player built with Vite, Express, TypeScript, and the 'sync-lyrics' package for live, synced lyrics playback.",2023-05-15T07:38:58Z,2026-03-22T10:16:04Z,7,0,TypeScript,,https://github.com/ksamirdev/synced-lyrics-music-player,after_2023
994461550,luigischmitt/any-song,Transform any song into your personal karaoke experience with AI-powered vocal separation and intelligent lyrics synchronization.,2025-06-02T01:05:01Z,2026-04-13T18:46:17Z,7,2,Go,"ai,karaoke,music,song",https://github.com/luigischmitt/any-song,after_2023
837263751,YOrange834/AITabs,"Generate lyrics, chords, beats, melody, and tabs for music.",2024-08-02T15:03:29Z,2024-08-02T15:03:29Z,0,4,,,https://github.com/YOrange834/AITabs,after_2023
1022498799,LuorixDev/AMLL-YesPlayMusic-Sync,这是一个将 [YesPlayMusic](https://github.com/qier222/YesPlayMusic) 播放器状态与 [amll (applemusic-like-lyrics)](https://github.com/Steve-xmh/applemusic-like-lyrics) 服务进行同步的Python工具。,2025-07-19T07:46:24Z,2026-05-01T12:49:47Z,23,0,Python,,https://github.com/LuorixDev/AMLL-YesPlayMusic-Sync,after_2023
1036748365,stackdev05/ai-song-generator,"AI Song Generator – from story to full song with lyrics, vocals, and music.",2025-08-12T14:24:06Z,2026-05-06T15:38:49Z,26,1,TypeScript,,https://github.com/stackdev05/ai-song-generator,after_2023
690026267,malteser1106/music-lyrics,school project test to see how forking and cloning works,2023-09-11T11:49:11Z,2023-09-11T11:51:02Z,0,2,,,https://github.com/malteser1106/music-lyrics,after_2023
595793743,cedekpoole/favourite-music-dashboard,Favourite Music Dashboard 🎶 is an application that allows users to effortlessly look up lyrics to their favourite songs.,2023-01-31T20:28:11Z,2024-04-21T20:16:08Z,4,2,JavaScript,"ajax,css,html,javascript,jquery",https://github.com/cedekpoole/favourite-music-dashboard,after_2023
639450196,RicardoRibeiroRodrigues/MusicLyricsGenerator,Generative AI solutions for generating music lyrics.,2023-05-11T13:42:02Z,2025-05-17T20:50:40Z,4,1,Jupyter Notebook,"deep-learning,machine-learning,nlp,pyspark,tensorflow",https://github.com/RicardoRibeiroRodrigues/MusicLyricsGenerator,after_2023
1035188679,ban-heesoo/NewSync,NewSync is a feature-rich browser extension that brings synchronized lyrics to YouTube Music with an elegant Apple Music-inspired interface.,2025-08-09T21:02:03Z,2026-04-05T15:39:15Z,31,0,JavaScript,"apple-music,lyrics-fetcher,youtube-music",https://github.com/ban-heesoo/NewSync,after_2023
816073961,ElvisWong213/AppleMusicLyrics,Get lyrics from Apple Music,2024-06-17T01:28:24Z,2025-06-25T17:55:28Z,5,0,Swift,"ios,lyrics,music,swift",https://github.com/ElvisWong213/AppleMusicLyrics,after_2023
1135648038,ancientcatz/echo-apple-music-extension,Apple Music lyrics for Echo,2026-01-16T11:50:41Z,2026-04-21T02:11:51Z,6,0,Kotlin,echo-extension,https://github.com/ancientcatz/echo-apple-music-extension,after_2023
957663700,Enalite/OpenShazamBot,"🎵 EnaFinder – An open-source Telegram bot (OpenShazamBot) that identifies music like ShazamBot. Discover songs, lyrics, streaming links, and more!",2025-03-30T22:29:17Z,2026-04-23T15:07:57Z,16,2,Python,,https://github.com/Enalite/OpenShazamBot,after_2023
1183190008,Lyagoosh/Music-Lyrics-Fetcher,A program for searching for song lyrics and automatically adding them to song metadata. Supports MP3 and FLAC,2026-03-16T11:10:03Z,2026-04-02T12:40:48Z,6,0,Python,,https://github.com/Lyagoosh/Music-Lyrics-Fetcher,after_2023
1183299705,NanKillBro/glassy-music-nankill,🕶️ Glassy Music is extension for music player,2026-03-16T13:23:35Z,2026-05-09T02:02:21Z,9,2,TypeScript,"betterlyrics,desktop-app,glass-effect,glassmorphism,glassmorphism-ui,glassy,linux,lyrics,macos,music,music-player,music-player-application,music-player-extension,pear-desktop,pear-desktop-customization,windows",https://github.com/NanKillBro/glassy-music-nankill,after_2023
628503469,mikezzb/lrc-player,Visualize & play word-level time-aligned lyrics in LRC format,2023-04-16T06:27:41Z,2026-04-24T18:17:59Z,22,1,TypeScript,"lrc,lrc-files,lyrics,music,music-player,player,react",https://github.com/mikezzb/lrc-player,after_2023
1035466290,nerufuyo/nerulyrics,"A modern music streaming web application with synchronized lyrics and auto-hide UI. Built with React, TypeScript, and Tailwind CSS.",2025-08-10T13:13:46Z,2026-03-16T01:19:39Z,26,1,TypeScript,"lyrics,typescript,youtube-api-v3",https://github.com/nerufuyo/nerulyrics,after_2023
1000064025,Manavarya09/MusicPlayerWithLyrics,,2025-06-11T08:00:53Z,2025-10-15T08:43:47Z,4,0,,,https://github.com/Manavarya09/MusicPlayerWithLyrics,after_2023
661895121,Shupee/HAMToChat,"Heartbeat, Activity and Music lyrics to Chatbox VRChat",2023-07-03T23:12:47Z,2026-01-02T05:10:00Z,8,0,JavaScript,"chatbox,heartbeat,lyrics,miband,music,pulse,vrchat",https://github.com/Shupee/HAMToChat,after_2023
606129304,bunnykek/AMLyrics,Fetches plain and synced lyrics from Apple Music,2023-02-24T17:02:45Z,2026-01-08T07:29:50Z,8,0,Python,,https://github.com/bunnykek/AMLyrics,after_2023
820959294,akshayjadhav4/lyrics-animation,Apple Music like lyrics animation using react-native-reanimated for ELRC,2024-06-27T14:16:51Z,2026-03-02T01:24:27Z,6,1,TypeScript,"lrc,react-native-reanimated,react-native-skia",https://github.com/akshayjadhav4/lyrics-animation,after_2023
665028326,TurboHsu/munager,Music managing utils which can fetch lyrics and do syncs,2023-07-11T09:25:11Z,2024-11-01T09:41:23Z,10,0,Go,"lyric,music,sync",https://github.com/TurboHsu/munager,after_2023
1170832661,anandssm/noize,"Noize – a free, open‑source YouTube Music client built with Flutter for Android, Windows & Linux; privacy‑first streaming, downloads, lyrics, equalizer and full local control.",2026-03-02T15:16:48Z,2026-04-24T03:32:28Z,13,3,Dart,,https://github.com/anandssm/noize,after_2023
1053059549,leshicodes/lrclib-fetcher-ts,A TypeScript library and CLI tool for fetching synchronized lyrics from https://LRCLib.net for your music files.,2025-09-08T23:56:45Z,2026-04-29T17:28:02Z,45,1,TypeScript,,https://github.com/leshicodes/lrclib-fetcher-ts,after_2023
1081576474,deveshs18/Lyrics2Music,,2025-10-23T01:25:21Z,2026-02-01T03:54:07Z,3,0,Python,,https://github.com/deveshs18/Lyrics2Music,after_2023
1181908454,RowanUnderwood/Synesthesia-AI-Video-Director,"Automate your AI music video workflow with Synesthesia Engine. This local Gradio app bridges audio analysis, LLM-driven storytelling, and LTX Desktop video generation. Simply drop in your song stems and lyrics, let the AI direct your storyboard, and batch-render your final cut.",2026-03-14T19:38:26Z,2026-05-06T15:38:25Z,43,7,Python,,https://github.com/RowanUnderwood/Synesthesia-AI-Video-Director,after_2023
826963904,pxeemo/lrxy,"Synced lyrics downloader, converter and embedder tool",2024-07-10T18:25:50Z,2026-05-03T04:35:30Z,21,1,Python,"applemusic,cli,elrc,lrc,lrclib,lyrics-fetcher,music,musixmatch,python,srt,synced-lyrics,syncedlyrics,ttml",https://github.com/pxeemo/lrxy,after_2023
740812591,york135/MIRMLPop,"The MIR-MLPop dataset and the official implementation of the paper ""MIR-MLPop: A Multilingual Pop Music Dataset with Time-Aligned Lyrics and Audio,"" ICASSP 2024.",2024-01-09T05:45:29Z,2026-04-02T13:39:16Z,35,2,Python,,https://github.com/york135/MIRMLPop,after_2023
878818787,liulifox233/Riri,A simple menubar tool to display lyrics for Apple Music in MacOS.,2024-10-26T07:32:59Z,2025-12-18T01:03:07Z,14,0,Rust,,https://github.com/liulifox233/Riri,after_2023
1200238899,Kanyooooo/AppleMusic_LyricsShower,AppleMusic小窗置顶歌词显示,2026-04-03T07:22:52Z,2026-05-03T09:28:00Z,3,0,Python,,https://github.com/Kanyooooo/AppleMusic_LyricsShower,after_2023
908550633,nwvbug/YouTubeMusic-Beautifier,"Better fullscreen & lyrics for YT Music, with remote control and live share features.",2024-12-26T10:50:13Z,2026-05-05T20:21:48Z,9,1,JavaScript,"chrome-extension,firefox-addon,music,youtubemusic",https://github.com/nwvbug/YouTubeMusic-Beautifier,after_2023
736248417,bil9148/LyricDiffusion,LyricDiffusion is a versatile application that transforms song lyrics into visually stunning images and then those images into a slideshow.,2023-12-27T11:38:45Z,2026-02-21T19:07:03Z,8,3,Python,"ai,genius-api,huggingface,image-generation,image-to-video,lyrics,music,stable-diffusion,text-to-image,video,video-generation",https://github.com/bil9148/LyricDiffusion,after_2023
1185907462,heartached/Noctis,A modern lossless music player built on Avalonia with rich library features,2026-03-19T04:00:49Z,2026-05-09T01:23:42Z,27,1,C#,"avalonia,desktop,lossless,lyrics,music,music-player",https://github.com/heartached/Noctis,after_2023
988815719,GreenVGJR/amc-discord-bot,A simple yet powerful Discord music bot with various features. Built with Forgescript,2025-05-23T05:50:43Z,2026-04-30T11:01:35Z,4,3,JavaScript,"discord-bot,discord-music-bot,downloader,forgescript,lyrics,music-bot,nodejs,slash",https://github.com/GreenVGJR/amc-discord-bot,after_2023
1056018630,Jie-cv/Music,Music player demo (lyrics scrolling),2025-09-13T08:15:10Z,2025-11-30T08:59:01Z,2,0,JavaScript,,https://github.com/Jie-cv/Music,after_2023
1181103030,Sammy970/ytm-lyrics,A Chrome extension that shows floating lyrics for whatever's playing on YouTube Music.,2026-03-13T18:50:27Z,2026-04-05T05:05:20Z,6,1,JavaScript,,https://github.com/Sammy970/ytm-lyrics,after_2023
1026403634,OrdinarySF/LyricFever-Lite,Ultimate Spotify & Apple Music Lyrics experience for macOS (spiritual successor to LyricsX and LyricFever),2025-07-25T20:35:39Z,2026-05-03T19:59:45Z,16,1,Swift,,https://github.com/OrdinarySF/LyricFever-Lite,after_2023
623845046,yobahcorp/music_sentiment_analysis,"This project builds a sentiment analysis model for music lyrics using R and R Shiny. We collect and label lyrics from Spotify and Genius APIs, clean the data, and use a Naive Bayes classifier with TF-IDF features. The model is deployed via R Shiny for interactive sentiment classification.",2023-04-05T07:59:13Z,2024-08-12T11:48:02Z,0,3,Jupyter Notebook,"data-cleaning,document-term-matrix,genius-api,music-lyrics,r-programming,r-shiny,sentiment-analysis,spotify-api",https://github.com/yobahcorp/music_sentiment_analysis,after_2023
842982966,placecardus/lyrics-poster-maker,"Create Your Own Free Lyrics Poster Print Art Create beautiful lyrics poster cover art for your Spotify, Apple Music, SoundCloud, Qobuz, Tidal, Amazon Prime Music, YouTube Music, Deezer, or Tencent playlists!",2024-08-15T14:26:18Z,2025-05-07T07:39:16Z,4,0,,"apple-music-lyrics,apply-music-lyrics-poster-maker,free-lyrics-poster,free-lyrics-poster-maker,lyrics-art-maker,lyrics-cover-maker,lyrics-poster,lyrics-poster-generator,lyrics-poster-maker,lyrics-poster-print,lyrics-poster-wall-art,spotify-lyrics-poster,spotify-lyrics-poster-maker,youtube-lyrics-poster-maker",https://github.com/placecardus/lyrics-poster-maker,after_2023
637365331,Melloss/Music-Lyrics,This site enable users to create Music Lyrics with full detail.,2023-05-07T10:37:23Z,2025-04-25T10:25:37Z,3,0,Dart,,https://github.com/Melloss/Music-Lyrics,after_2023
748317584,byCrookie/discord-music,Discord music bot with playback/voice controls and song lyrics,2024-01-25T18:16:56Z,2026-03-26T09:26:38Z,5,0,C#,"bot,cross-platform,discord,discord-bot,discord-music,discord-music-bot,lyrics,music,spotify,youtube",https://github.com/byCrookie/discord-music,after_2023
1016358801,VIDAKHOSHPEY22/Lyripersian-,Lyrics for my telegram channel   HOPE-NF,2025-07-08T22:28:41Z,2026-01-17T04:33:34Z,9,0,HTML,"channel,iran,lyrics,music,persian-language,telegram,translate",https://github.com/VIDAKHOSHPEY22/Lyripersian-,after_2023
1180093340,snoowfall/lyse,"Realtime TUI lyrics for your favorite songs, directly in the terminal.",2026-03-12T17:35:49Z,2026-04-03T00:38:58Z,19,0,Python,"lrclib,lyrics,music,playerctl,real-time,spotify,terminal,tui,youtube",https://github.com/snoowfall/lyse,after_2023
1131678358,kobe-koto/FluentLyrics,vibing with fluent lyrics,2026-01-10T13:42:06Z,2026-05-05T09:56:13Z,3,1,Dart,"lyrics,music",https://github.com/kobe-koto/FluentLyrics,after_2023
1048677090,newst4rt/Lyrify,A cross-platform Python application for displaying synchronized lyrics in the terminal from any music player.,2025-09-01T20:58:48Z,2026-03-15T02:20:16Z,18,0,Python,"linux,lrclib,lyrics,macos,python3,romanize,spotify,sqlite3,terminal,translation,windows",https://github.com/newst4rt/Lyrify,after_2023
920013161,laoshuikaixue/cw-LX-music-lyrics-plugin,一个用于显示LX-music软件歌词的插件,2025-01-21T12:14:32Z,2025-08-26T11:06:08Z,4,1,Python,,https://github.com/laoshuikaixue/cw-LX-music-lyrics-plugin,after_2023
667210105,Bluh7/Spotify-Music-Lyrics-Scraper-API,Nodejs API that will scrape music lyrics from Spotify with puppeteer for free,2023-07-17T01:50:28Z,2025-03-16T00:44:12Z,4,0,JavaScript,"api,lyrics,puppeteer,spotify,webscraping",https://github.com/Bluh7/Spotify-Music-Lyrics-Scraper-API,after_2023
954038015,imjyotiraditya/lyrichub,A centralized API hub for retrieving lyrics from multiple music platforms including Genius and Spotify,2025-03-24T13:21:43Z,2026-01-22T03:14:55Z,15,1,TypeScript,"fastapi,genius,lyrics,spotify,vercel,workers",https://github.com/imjyotiraditya/lyrichub,after_2023
808285287,sparklost/cmus-auto-lyrics,Curses based lyrics display and fetcher for cmus music player with auto scroll and tag support.,2024-05-30T18:47:25Z,2026-02-13T14:47:09Z,5,1,Python,"cmus,cmus-music-player,curses,curses-ui,linux,lyrics,lyrics-fetcher,lyrics-finder,music-tag,script,tool,tui",https://github.com/sparklost/cmus-auto-lyrics,after_2023
641579950,nixtasy/music-search,Semantic search engine for finding your favourite music according to the lyrics,2023-05-16T19:14:35Z,2025-08-27T05:17:36Z,5,0,Jupyter Notebook,,https://github.com/nixtasy/music-search,after_2023
1088747685,arrow2nd/lyriflow,🎼 Get synchronized lyrics for your music,2025-11-03T12:01:19Z,2025-11-04T00:26:04Z,4,0,Go,,https://github.com/arrow2nd/lyriflow,after_2023
1047415945,AceDataCloud/SunoAPI,Suno AI music and lyrics generation service.,2025-08-30T11:23:05Z,2026-04-05T15:41:58Z,4,1,,"ace-data-cloud,ai-api,ai-music,aiaudio,developer-api,lyrics-generation,music-generation,rest-api,suno-api",https://github.com/AceDataCloud/SunoAPI,after_2023
632846739,antoniorv6/icdar-2023-amnlt,"Source code for the paper ""A Holistic Approach for Aligned Music Notation and Lyrics Transcription""",2023-04-26T08:53:23Z,2024-11-01T06:10:06Z,2,2,Python,"lyrics,music,omr,pytorch",https://github.com/antoniorv6/icdar-2023-amnlt,after_2023
1230695001,luuu-h/netease-music-mcp,"MCP-powered NetEase Cloud Music player: play music from NetEase Cloud Music via neteasecli and mpv, with a local synced-lyrics web player.",2026-05-06T08:28:41Z,2026-05-08T15:20:05Z,10,0,JavaScript,,https://github.com/luuu-h/netease-music-mcp,after_2023
1128129458,joshooaj/SyncSong,Easily create and edit synchronized lyrics in your browser!,2026-01-05T07:23:01Z,2026-04-30T00:29:37Z,6,0,JavaScript,"lrc,lrclib,lyrics,music",https://github.com/joshooaj/SyncSong,after_2023
641644399,syedaddan/Lyrical,An end-to-end Lyrics Generation Model,2023-05-16T21:44:11Z,2025-05-17T20:49:38Z,4,0,HTML,"ai,lyrics,music",https://github.com/syedaddan/Lyrical,after_2023
643229368,SithumDilshan28/Lyrics-React-Project,"Lyriks is a personal project that brings you a dynamic online music player website. Developed using React and API integration, this platform offers a seamless and immersive music streaming experience.",2023-05-20T13:59:30Z,2025-02-15T07:14:59Z,4,0,JavaScript,,https://github.com/SithumDilshan28/Lyrics-React-Project,after_2023
1039309213,gersonvidal/console-lyrics,A mini script that you can modify with your own lyrics and timings to impress your friends with the console output and music sync!,2025-08-16T23:45:34Z,2025-12-10T03:26:54Z,5,0,Python,,https://github.com/gersonvidal/console-lyrics,after_2023
683333208,LRache/LyricsVideoMaker,Generate music video with scrolling lyrics,2023-08-26T08:20:17Z,2025-01-06T18:10:03Z,2,0,Python,,https://github.com/LRache/LyricsVideoMaker,after_2023
1195249650,IcarusAegis/Apple_Music_Dynamic_Lyrics,Apple Music Dynamic Lyrics for windows,2026-03-29T12:39:05Z,2026-04-09T02:14:53Z,4,0,Python,,https://github.com/IcarusAegis/Apple_Music_Dynamic_Lyrics,after_2023
668627898,gheorghiuradu/versesurf,Verse Surf - music lyrics party game,2023-07-20T08:47:58Z,2026-05-09T09:34:43Z,3,1,C#,"dotnet,game,lyrics,music,signalr,steam,unity",https://github.com/gheorghiuradu/versesurf,after_2023
1170189742,shinyorg/music,"Access iOS & Android Music Libraries, Playlists, Lyrics, Metadata, & More",2026-03-01T20:37:46Z,2026-05-03T19:25:24Z,2,0,C#,"maui,music,shiny",https://github.com/shinyorg/music,after_2023
1221884523,OlaProeis/Glitchframe,"Local, GPU-accelerated music video generator: upload a track, analyze it, align lyrics, generate stylized backgrounds, composite reactive shaders and kinetic type, and encode with ffmpeg (NVENC on NVIDIA GPUs by default). Examples (progress log, newest = current state): [voidcat on YouTube](https://www.youtube.com/@voidcatalog)",2026-04-26T19:59:10Z,2026-05-08T03:10:44Z,31,5,Python,"ffmpeg,gradio,music-visualization,pinokio,pinokio-community,python,sdxl",https://github.com/OlaProeis/Glitchframe,after_2023
697428347,YIN95/LMD,Music- and Lyrics-driven Dance Synthesis,2023-09-27T17:55:27Z,2024-12-03T06:47:14Z,3,1,Python,,https://github.com/YIN95/LMD,after_2023
1108120107,tposejank/blyrics-am-theme,Apple Music theme for Better Lyrics.,2025-12-02T03:42:08Z,2026-04-25T13:15:00Z,3,0,,,https://github.com/tposejank/blyrics-am-theme,after_2023
1088311862,better-lyrics/website,Website for Better Lyrics - an extension for beautiful time-synced lyrics on Youtube Music,2025-11-02T18:14:54Z,2026-05-03T13:58:56Z,4,0,TypeScript,,https://github.com/better-lyrics/website,after_2023
780486167,Rahuletto/lirics,"Lirics is a self-hosting service that brings real-time Spotify lyrics to your screen with a beautiful, Apple Music-like aesthetic.",2024-04-01T15:28:30Z,2025-12-06T13:02:22Z,11,1,TypeScript,"api,lyrics,spotify",https://github.com/Rahuletto/lirics,after_2023
756153572,srikar-kotra/LyricsClassifier-Generator,Music Mood Classifier; Lyrics Generator Based on Mood:,2024-02-12T04:19:09Z,2025-02-15T12:02:40Z,2,0,Jupyter Notebook,,https://github.com/srikar-kotra/LyricsClassifier-Generator,after_2023
870973543,0x15BA88FF/karaoke.py,Karaoke is a lightweight Python library designed to facilitate interactions with song LRC (Lyric) files.,2024-10-11T02:40:43Z,2024-12-31T06:39:10Z,5,0,Python,"karaoke,lyrics,music",https://github.com/0x15BA88FF/karaoke.py,after_2023
825480038,AR10Dev/Lyrics-to-Video,A simple lyric video generator written in Rust,2024-07-07T22:29:01Z,2026-02-04T05:37:07Z,4,0,Rust,"autoedit,editing,lyrics,music,subtitles,video",https://github.com/AR10Dev/Lyrics-to-Video,after_2023
1208757815,onilyxe/lyrics,"CLI-скрипт для автоматичного вбудовування текстів пісень у теги аудіофайлів (.mp3, .flac, .m4a).",2026-04-12T17:52:06Z,2026-04-15T18:15:20Z,2,0,Python,"flac,lyrics,m4a,mp3,music",https://github.com/onilyxe/lyrics,after_2023
1104196381,spambotscoder/PARIMUSIC,"🎵 Advanced Telegram music bot built with Python, Pyrogram, and PyTgCalls. Features include playlists, lyrics search, live concert updates, and full music + group management.",2025-11-25T22:18:23Z,2025-12-06T12:23:32Z,0,2,Python,,https://github.com/spambotscoder/PARIMUSIC,after_2023
1059824938,RenzMc/music-lyrics,,2025-09-19T02:14:45Z,2025-10-15T11:27:59Z,2,0,HTML,,https://github.com/RenzMc/music-lyrics,after_2023
1066613546,larsgrah/lrc_tty,cmd line music lyric display,2025-09-29T18:16:02Z,2026-03-23T22:12:27Z,7,1,Zig,"lrc,lyrics,mpris,spotify,synched,tty",https://github.com/larsgrah/lrc_tty,after_2023
823259273,Tirth-chokshi/LyricSense-AI,,2024-07-02T17:25:32Z,2025-07-29T06:28:19Z,4,0,JavaScript,"ai,analytics,interpretability,music,nextjs,song-lyrics,youtube-api",https://github.com/Tirth-chokshi/LyricSense-AI,after_2023
653783262,science4performance/MusicVideoMaker,A Stable Diffusion generative AI pipeline to create music videos from song lyrics,2023-06-14T18:18:09Z,2024-08-08T14:15:00Z,3,1,Jupyter Notebook,,https://github.com/science4performance/MusicVideoMaker,after_2023
1091014276,hajdu-patrik/Music-Mood-Classifier_Python,This project is a Python-based NLP system that analyzes song lyrics to determine their emotional profile and recommends similar songs.,2025-11-06T12:49:52Z,2026-03-24T13:51:16Z,7,0,Python,"nlp,nlp-machine-learning,numpy,pandas,python",https://github.com/hajdu-patrik/Music-Mood-Classifier_Python,after_2023
878417439,sayeed205/apple-lyrics,Get lyrics from apple music,2024-10-25T11:01:16Z,2025-04-28T03:44:49Z,2,0,TypeScript,,https://github.com/sayeed205/apple-lyrics,after_2023
859201636,sthaarwin/Lyrics-on-Terminal-LOT-,This project is a simple terminal-based lyrics and music player.,2024-09-18T09:04:37Z,2025-04-11T03:26:57Z,3,1,C++,,https://github.com/sthaarwin/Lyrics-on-Terminal-LOT-,after_2023
705822349,SimonGideon/lyrics,"This is an online that plays your best music from Spotify. One can stream or search for lyrics using the app it also recommends the best song according to your geolocation. Provides play, pause, next, and volume functionality to improve user experience with the app.",2023-10-16T18:55:47Z,2025-11-25T11:07:26Z,3,1,JavaScript,"javascript,json-api,rapidapi,reactjs,redux,slider-plugin",https://github.com/SimonGideon/lyrics,after_2023
930353725,ChocoMeow/Sonify,Sonify is an AI-powered music generator that allows users to create music by providing lyrics or selecting a style of music.,2025-02-10T13:57:26Z,2025-12-23T01:55:24Z,6,1,Vue,"chatgpt-api,flask,javascript,python,riffusion,sonify,stable-diffusion,suno-ai,vite,vue,yue",https://github.com/ChocoMeow/Sonify,after_2023
1171741062,sibasisinnovation/MUSIC,lyrics,2026-03-03T15:01:16Z,2026-03-03T15:07:24Z,0,0,,,https://github.com/sibasisinnovation/MUSIC,after_2023
794919128,HappyArno/NeteaseCloudMusicDownloader,A program to download songs and lyrics from Netease Cloud Music (music.163.com),2024-05-02T08:14:59Z,2025-08-07T11:30:09Z,4,0,Python,,https://github.com/HappyArno/NeteaseCloudMusicDownloader,after_2023
649355046,ChrisMBarr/OpenLyrics-parser,Parses and extract data from OpenLyrics XML files.,2023-06-04T15:36:13Z,2026-01-02T17:51:39Z,4,1,TypeScript,"church,churchtech,churchtools,lyrics,music,openlyrics,song,songs",https://github.com/ChrisMBarr/OpenLyrics-parser,after_2023
1199365774,motian566/LyricsOnMacOSBar,一个为MacOS准备的可以在菜单栏中显示Apple Music中播放歌曲的歌词的小应用。,2026-04-02T09:25:02Z,2026-05-07T07:24:30Z,3,0,Swift,,https://github.com/motian566/LyricsOnMacOSBar,after_2023
894795839,phishbacon/lyric-sync,A free and open source self hosted solution for grabbing lyrics for your Plex Music Libraries.,2024-11-27T02:19:21Z,2026-04-15T03:44:05Z,9,1,TypeScript,,https://github.com/phishbacon/lyric-sync,after_2023
892289429,dupitydumb/Youtube-Lyrics-Extensions,"A Chrome extension that displays synchronized lyrics for YouTube videos with a beautiful, modern interface.",2024-11-21T20:53:32Z,2026-03-06T12:54:38Z,3,1,JavaScript,"chrome-extension,javascript,lyrics,lyrics-fetcher,music,youtube",https://github.com/dupitydumb/Youtube-Lyrics-Extensions,after_2023
1154582699,radiosilence/koan,"Bit-perfect terminal music player — Ratatui TUI, gapless playback, Subsonic/Navidrome streaming, spectrum analyzer, ReplayGain, lyrics, fb2k format strings. Pure Rust.",2026-02-10T14:54:40Z,2026-05-05T13:12:28Z,16,1,Rust,,https://github.com/radiosilence/koan,after_2023
1058095174,vishalv22/MusicApp,An Offline Music App with Synced Lyrics and Video Support,2025-09-16T16:03:11Z,2026-04-22T03:13:53Z,2,0,JavaScript,,https://github.com/vishalv22/MusicApp,after_2023
1039080672,buketpolat/music-lyrics-terminal-display,,2025-08-16T12:45:16Z,2025-11-10T17:03:37Z,2,0,Python,,https://github.com/buketpolat/music-lyrics-terminal-display,after_2023
987073185,AILucifer99/Lyrics-Insight-Studio,An end to end implementation of an automatic music lyrics generation software using RAG approach via OpenAI LLMs.,2025-05-20T14:33:10Z,2026-02-05T19:18:47Z,3,0,Python,,https://github.com/AILucifer99/Lyrics-Insight-Studio,after_2023
1095609590,itsOwn3r/rn-music-player,Expo Music Player with Synced Lyrics!,2025-11-13T09:28:03Z,2026-02-04T05:15:17Z,2,0,TypeScript,"android,expo,music,music-player,react-native",https://github.com/itsOwn3r/rn-music-player,after_2023
743271458,WaveGenAI/WaveAI,A model that can generate music based on prompt and lyrics.,2024-01-14T20:44:58Z,2025-06-22T10:15:50Z,4,0,Python,"deep-learning,generative-ai,huggingface,implementation,music,pytorch,transformer",https://github.com/WaveGenAI/WaveAI,after_2023
726873464,rxhith/Ai-Music-and-Lyrics,,2023-12-03T16:49:24Z,2024-09-29T18:43:21Z,2,1,Jupyter Notebook,,https://github.com/rxhith/Ai-Music-and-Lyrics,after_2023
1081067699,DBeidachazi/go-musicfox-taskbar-lyrics,go-musicfox的windows任务栏歌词版本,2025-10-22T09:07:36Z,2026-04-13T13:26:24Z,2,0,C++,,https://github.com/DBeidachazi/go-musicfox-taskbar-lyrics,after_2023
1113879098,xiaowumin-mark/EbitenLyrics,Imitate the lyrics effect of Apple Music through ebiten,2025-12-10T15:35:50Z,2026-04-18T02:56:36Z,2,0,Go,,https://github.com/xiaowumin-mark/EbitenLyrics,after_2023
1039638811,SNEHABORADE25/AI-Music-Lyrics-Generator,"AI Music Lyrics Generator is an NLP-powered project that creates unique and creative song lyrics based on theme, mood, or genre. Built with deep learning and transformers, it helps musicians, writers, and creators generate inspiration. Supports customization, text-to-speech, and future multilingual lyrics.",2025-08-17T17:05:07Z,2026-01-17T17:42:02Z,2,0,Jupyter Notebook,,https://github.com/SNEHABORADE25/AI-Music-Lyrics-Generator,after_2023
1017471271,Silverellion/yt-music-lyrics-selector,A simple extension that allows user to select the lyrics on YouTube Music,2025-07-10T15:26:13Z,2025-09-16T10:25:58Z,2,0,JavaScript,,https://github.com/Silverellion/yt-music-lyrics-selector,after_2023
1013367142,CooperKun17/LYRICS,MUSIC ,2025-07-03T19:28:30Z,2025-07-03T19:58:58Z,0,0,Python,,https://github.com/CooperKun17/LYRICS,after_2023
780418392,vishalkorale/music,lyrics of music ,2024-04-01T12:47:51Z,2024-04-01T12:47:52Z,0,0,,,https://github.com/vishalkorale/music,after_2023
877169192,Ramadani1t/DB-TTML-ID,Database TTML Lyrics Like Apple Music,2024-10-23T07:54:52Z,2025-10-22T09:07:34Z,2,0,HTML,"html,lyrics,ttml",https://github.com/Ramadani1t/DB-TTML-ID,after_2023
856330389,Laxmistu/lyrics,music,2024-09-12T11:57:38Z,2024-09-12T11:57:41Z,0,0,,,https://github.com/Laxmistu/lyrics,after_2023
1038431490,zytx/beets-lyrics-manager,A beets plugin for automatically managing lyrics files (.lrc) when importing music files and synchronizing lyrics files when moving songs.,2025-08-15T07:25:01Z,2026-04-15T17:10:04Z,3,0,Python,"beets,beets-plugin,lyrics",https://github.com/zytx/beets-lyrics-manager,after_2023
1127293871,uukelele/waybar-lyrics,Put lyrics in time with your music in the waybar.,2026-01-03T15:35:01Z,2026-03-02T06:08:53Z,2,0,Python,,https://github.com/uukelele/waybar-lyrics,after_2023
1033078593,buriihenry/music-gen,Full-stack music generation app. Users describe or provide lyrics/prompts to generate songs.,2025-08-06T09:09:42Z,2025-10-08T14:28:46Z,3,0,TypeScript,,https://github.com/buriihenry/music-gen,after_2023
1144362252,iankr347-commits/AuralisMusic10,"A modern, ad-free offline music player designed for audiophiles. Sleek dark mode, powerful equalizer, and seamless lyrics integration.",2026-01-28T16:02:36Z,2026-04-02T07:14:50Z,4,0,Kotlin,"adfree,adfree-player,kotlin,kotlin-android,music,steamaudio,stream,youtube,youtube-music,youtubemusic",https://github.com/iankr347-commits/AuralisMusic10,after_2023
584711223,rajat0521/lyrics,music app,2023-01-03T10:14:54Z,2023-01-03T10:16:35Z,0,0,JavaScript,,https://github.com/rajat0521/lyrics,after_2023
1139065104,AceDataCloud/SunoMCP,"MCP server for Suno AI music generation, lyrics, and cover workflows via Ace Data Cloud.",2026-01-21T13:30:45Z,2026-05-06T18:20:35Z,6,0,Python,"ai-music,developer-tools,mcp-server,model-context-protocol,music-generation,suno-api",https://github.com/AceDataCloud/SunoMCP,after_2023
764311930,borregadev/lyric-jam,"This React project builds a user-friendly music website for enthusiasts, allowing seamless enjoyment of lyrics and music videos with a clean interface, prominent search bar, and organized results.",2024-02-27T21:14:29Z,2024-03-11T09:52:26Z,0,3,JavaScript,,https://github.com/borregadev/lyric-jam,after_2023
1016587677,YALDAKHOSHPEY/Lyripersian-1,this is lyric for my channel music die with a smile,2025-07-09T08:26:36Z,2025-12-10T09:31:03Z,6,0,HTML,"channel,lyrics,music,persian,telegramchannels",https://github.com/YALDAKHOSHPEY/Lyripersian-1,after_2023
1006438417,tuidra/tuidra-musicvideo-maker,Music video maker application that synchronizes lyrics with audio tracks using speech recognition technology.,2025-06-22T09:16:05Z,2026-02-08T04:40:08Z,3,0,Python,,https://github.com/tuidra/tuidra-musicvideo-maker,after_2023
1156880131,sloksharma05/music,song lyrics for fun,2026-02-13T06:45:52Z,2026-02-13T06:54:45Z,0,0,Python,,https://github.com/sloksharma05/music,after_2023
1184304237,vesperispokingyoursystem-sudo/lyrics,music lyrics,2026-03-17T13:09:20Z,2026-03-19T10:15:32Z,0,0,HTML,,https://github.com/vesperispokingyoursystem-sudo/lyrics,after_2023
1173790305,ThinkOS1023/MusicTools,"Android music player with LRC lyrics editor, timestamp stamping, and blur effects",2026-03-05T18:52:08Z,2026-04-11T12:57:00Z,2,0,Kotlin,,https://github.com/ThinkOS1023/MusicTools,after_2023
1117248167,learningmakesbetter/WinLyricsX,模仿 Apple Music 视觉与动画的桌面滚动歌词工具，支持网易云/酷狗歌词获取、下载与偏移微调，开箱即用。,2025-12-16T03:36:58Z,2026-03-09T02:46:51Z,4,0,,,https://github.com/learningmakesbetter/WinLyricsX,after_2023
829463044,GiacomoCortesi/mais,"AI-powered app for transcribing music lyrics into multiple subtitle formats (e.g. srt, vtt)",2024-07-16T13:28:49Z,2026-04-01T22:57:29Z,6,0,Jupyter Notebook,,https://github.com/GiacomoCortesi/mais,after_2023
1005972340,dreamluyao/NeteaseMusicLyricsForESLyric,Netease cloud music lyrics matcher for ESLyric v1.0+,2025-06-21T07:44:10Z,2025-07-15T04:58:38Z,2,0,JavaScript,,https://github.com/dreamluyao/NeteaseMusicLyricsForESLyric,after_2023
1220971317,yly02/apple-lyrics-overlay,macOS Apple Music desktop lyrics overlay with Simplified Chinese translation,2026-04-25T15:28:01Z,2026-04-28T09:09:06Z,2,0,Swift,"apple-music,desktop-overlay,lyrics,macos,swift,translation",https://github.com/yly02/apple-lyrics-overlay,after_2023
720645020,VGCH/music_translate_AI_bot,AI Telegram bot for recognizing and translating song lyrics from an audio file,2023-11-19T05:46:39Z,2024-05-13T16:20:23Z,3,1,Python,,https://github.com/VGCH/music_translate_AI_bot,after_2023
1144269736,amarisaster/Tempo,"Tempo - Spotify control, lyrics, and music perception via MCP on Cloudflare Workers",2026-01-28T13:57:44Z,2026-05-09T00:32:55Z,4,0,TypeScript,,https://github.com/amarisaster/Tempo,after_2023
806465277,FlyTri/lyrics-spotify,"Lời bài hát cho Spotify (cung cấp bởi QQ Music, Musixmatch, ZingMP3)",2024-05-27T08:51:51Z,2025-08-01T12:56:23Z,2,0,TypeScript,,https://github.com/FlyTri/lyrics-spotify,after_2023
1127079106,4shil/Musicya,"Offline music player for Android with a Neo-Brutalist design. LRC lyrics, equalizer, and home screen widget.",2026-01-03T06:05:40Z,2026-04-16T10:58:44Z,3,0,Kotlin,"android,equalizer,kotlin,music-player,neo-brutalism,offline",https://github.com/4shil/Musicya,after_2023
799403335,Maxr1998/lyriks,A command line tool that fetches lyrics from various streaming providers,2024-05-12T03:15:11Z,2026-05-05T12:50:22Z,5,1,Python,"hacktoberfest,kpop-lyrics,lyrics,lyrics-fetcher,music,musicbrainz,python",https://github.com/Maxr1998/lyriks,after_2023
1126535688,xmoiduts/anime-pv-ocr,Extract the burn-in lyrics for anime-style music videos,2026-01-02T05:27:14Z,2026-05-06T18:17:19Z,3,1,Python,project-grc,https://github.com/xmoiduts/anime-pv-ocr,after_2023
982121790,aarushkx/lyric-translate,A web app that translates song lyrics and helps you learn languages through music,2025-05-12T12:06:31Z,2026-02-26T19:23:10Z,5,0,TypeScript,,https://github.com/aarushkx/lyric-translate,after_2023
904032210,cycle-five/lyric-finder,Lyric finder library in rust leveraging genius.com,2024-12-16T05:56:17Z,2025-07-02T21:19:35Z,3,0,Rust,"lyric-finder,lyrics,music",https://github.com/cycle-five/lyric-finder,after_2023
1227920276,uzvg/lyrics,Local Music Lyrics,2026-05-03T10:50:56Z,2026-05-03T11:38:25Z,0,0,Shell,,https://github.com/uzvg/lyrics,after_2023
1214485150,bocan/bocan-music,"A native macOS music player built with Swift 6 and SwiftUI — gapless playback, AcoustID fingerprinting, smart playlists, lyrics, visualizers, scrobbling, and a DSP/EQ engine powered by FFmpeg",2026-04-18T16:34:58Z,2026-05-09T01:33:07Z,5,0,Swift,"acoustid,airplay,audio,equalizer,ffmpeg,gapless-playback,grdb,last-fm,macos,music-player,swift,swift6,swiftui,xcodegen",https://github.com/bocan/bocan-music,after_2023
970715186,j551n-ncloud/n-music-tool,"A bash script utility for managing your music collection with features for downloading music from Spotify, creating playlists, and embedding lyrics.",2025-04-22T12:32:52Z,2025-10-12T14:55:51Z,4,0,Shell,,https://github.com/j551n-ncloud/n-music-tool,after_2023
1200330904,floriankyn/music-craftbook,"All-in-one music workflow tool — search beats, write lyrics, record synced voice notes, and share ideas.",2026-04-03T09:35:37Z,2026-04-10T08:37:41Z,4,0,TypeScript,"audio-recording,audio-sync,beat-making,creator-tools,ffmpeg,lyrics-writing,music-creators,music-production,nextjs,postgresql,prisma,productivity,songwriting,tailwindcss,timecode,typescript,voice-notes,web-app,youtube-integration,yt-dlp",https://github.com/floriankyn/music-craftbook,after_2023
1195272503,york9675/LyricSeek-Pro,Desktop lyrics tool with multi-provider support for your offline music library.,2026-03-29T13:15:16Z,2026-03-30T12:12:16Z,2,0,Vue,,https://github.com/york9675/LyricSeek-Pro,after_2023
722347439,Ainur-Music/Ainur,"Explore Ainur, an advanced deep learning model for generating high-quality music conditioned on lyrics, text descriptors, and more.",2023-11-23T00:26:50Z,2024-12-08T11:43:49Z,9,0,Python,"deep-learning,generative-ai,multimodal-learning,music-generation",https://github.com/Ainur-Music/Ainur,after_2023
1215134509,addynoven/music-package,"Music SDK for Node.js — search, stream, lyrics, download. Powered by YouTube Music. No API keys required.",2026-04-19T14:26:16Z,2026-05-03T11:11:38Z,3,1,TypeScript,"audio,innertube,lyrics,music-sdk,no-api-key,podcast,streaming,typescript,youtube-music",https://github.com/addynoven/music-package,after_2023
896799466,LyricsToMusic/LyricsToMusic,"ToMusic is an AI music generator platform that convert text to music, lyrics to music.",2024-12-01T10:44:56Z,2025-07-27T17:39:44Z,1,0,,,https://github.com/LyricsToMusic/LyricsToMusic,after_2023
897911175,wtain/LyricsGenerator,Generate music lyrics,2024-12-03T13:08:09Z,2025-01-09T12:59:15Z,1,0,Python,,https://github.com/wtain/LyricsGenerator,after_2023
1078168637,RajTewari01/Lyrics-Typing-Effect-with-Music-Playback,,2025-10-17T10:05:14Z,2026-01-14T15:49:16Z,2,0,Python,,https://github.com/RajTewari01/Lyrics-Typing-Effect-with-Music-Playback,after_2023
708910814,Preethana-c/Murycs,Music lyrics,2023-10-23T16:21:18Z,2024-10-23T18:21:53Z,0,0,HTML,,https://github.com/Preethana-c/Murycs,after_2023
1019949283,arunagirias/musiqmatch,music lyrics,2025-07-15T05:55:13Z,2025-07-15T05:55:55Z,0,0,CSS,,https://github.com/arunagirias/musiqmatch,after_2023
1210540364,rupeshtiwari-ikka/Music-Repository,Music Lyrics,2026-04-14T14:13:18Z,2026-04-28T04:48:50Z,1,0,,,https://github.com/rupeshtiwari-ikka/Music-Repository,after_2023
617063719,sowrensen/moushumi-bhowmik-song-lyrics,All lyrics collection of songs performed by the amazing Moushumi Bhowmik,2023-03-21T16:19:38Z,2025-05-12T06:18:00Z,2,0,,"lyrics,moushumi-bhowmik,music,songs",https://github.com/sowrensen/moushumi-bhowmik-song-lyrics,after_2023
1219224488,nixxal54-cpu/Musicsync,Music lyrics ,2026-04-23T16:53:54Z,2026-04-24T07:22:21Z,0,0,TypeScript,,https://github.com/nixxal54-cpu/Musicsync,after_2023
1228259569,addisuandualem64-cpu/andi1,music lyrics,2026-05-03T19:58:04Z,2026-05-03T19:58:09Z,0,0,,,https://github.com/addisuandualem64-cpu/andi1,after_2023
1206279096,Theodore33-web/LyricsOriginal,Music and parole Spotify,2026-04-09T18:55:09Z,2026-04-14T19:17:52Z,0,0,HTML,,https://github.com/Theodore33-web/LyricsOriginal,after_2023
1053045704,nestormata/lyric_extract,"A bash script that automatically downloads lyrics for your music collection by scanning music files, extracting metadata, and fetching synchronized or plain text lyrics from LRCLib",2025-09-08T23:13:34Z,2026-04-23T09:05:29Z,3,0,Shell,,https://github.com/nestormata/lyric_extract,after_2023
1221838151,bruhatz/Spotydroid,"Android spotify one-click sync .mp3 donwloader with termux (metadata, lyrics and playlists)",2026-04-26T18:41:16Z,2026-05-08T01:53:34Z,12,1,Python,"album-downloader,android,apk,app,ffmpeg,lyrics-downloader,metadata,music,music-downloader,playlist-downloader,songs-downloader,spotidown,spotify,spotify-downloader,spotify-termux-downloader,spotipy,youtube-dll,youtube-donwloader,youtube-music",https://github.com/bruhatz/Spotydroid,after_2023
586360831,quiquermn/lrc-get-python,A python tool that searches and saves lyrics from music metadata,2023-01-07T21:19:34Z,2025-10-28T13:43:41Z,3,0,Python,"lrc,lrc-get,lyrics,lyrics-fetcher,lyrics-search,synced-lyrics",https://github.com/quiquermn/lrc-get-python,after_2023
1215157857,riteshzavar2905/LyricVibe,"Chrome extension that overlays synced lyrics on YouTube Music, Spotify & SoundCloud",2026-04-19T14:59:20Z,2026-05-07T09:40:25Z,3,0,JavaScript,"chrome-extension,javascript,lyrics,music,spotify,youtube-music",https://github.com/riteshzavar2905/LyricVibe,after_2023
1100377079,kbhujbal/Text2TuneAI-text_to_music_DL_pipeline,"AI music composer with BERT text encoder and Transformer decoder. Generates emotion-aware melodies from lyrics using hybrid DALI+Lakh MIDI datasets. Features multi-objective loss for musical coherence, autoregressive generation with temperature control, and MIDI/audio export. Production-ready PyTorch Lightning codebase.",2025-11-20T07:45:59Z,2026-04-21T07:27:22Z,13,0,Python,"ai-music,bert,deep-learning,emotion-recognition,encoder-decoder,generative-ai,lyrics-to-music,melody-generation,midi,music-generation,neural-networks,pytorch,transformer",https://github.com/kbhujbal/Text2TuneAI-text_to_music_DL_pipeline,after_2023
874762392,in-c0/spotify-lyrics-translator,A NextJS lyrics translation/romanization app using Spotify Playback SDK. Not affiliated with Spotify.,2024-10-18T12:19:29Z,2025-11-27T19:59:19Z,3,2,TypeScript,"karaoke,lyrics,lyrics-translator,music,nextjs,open-source,react,romanization,spotify,spotify-playback-sdk,translation",https://github.com/in-c0/spotify-lyrics-translator,after_2023
627960727,silvaignacio/music-generator,lyrics,2023-04-14T15:25:25Z,2023-04-14T15:25:17Z,0,0,,,https://github.com/silvaignacio/music-generator,after_2023
793918318,PaulineChmr/LyricsMusic,,2024-04-30T05:46:30Z,2024-04-30T05:57:56Z,0,0,Jupyter Notebook,,https://github.com/PaulineChmr/LyricsMusic,after_2023
1125903752,slauger/suno-cli,"Command-line tool to generate music with Suno AI. Input lyrics + style, output MP3. Simple, fast, powerful.",2025-12-31T15:57:29Z,2026-04-25T09:10:08Z,6,0,Python,"ai,artificial-intelligence,audio,cli,mp3,music-ai,music-generation,music-production,python,song-generator,suno,sunoapi",https://github.com/slauger/suno-cli,after_2023
753434508,Chev-v/MusicHtml,Song lyrics website,2024-02-06T05:33:45Z,2024-02-06T05:34:01Z,0,0,HTML,,https://github.com/Chev-v/MusicHtml,after_2023
1071389238,ateymoori/lyricglow,"LyricGlow for macOS, an always-on-top Electron widget showing real-time, word-by-word synced lyrics with glow effects, plus artist metadata and album art. Works with Spotify, Apple Music, and YouTube Music. LRC support, offline cache, and menu bar controls.",2025-10-07T09:31:22Z,2026-05-09T00:16:35Z,22,1,TypeScript,"apple-music,electron,lyrics,macos,music-player,music-tools,rtl-support,spotify,spotify-lyrics,synchronized-lyrics",https://github.com/ateymoori/lyricglow,after_2023
1006350533,amdadislam01/Song-Lyric-App,🎵 Song Lyric Finder A web application that fetches and displays song lyrics using music API integration.,2025-06-22T04:15:59Z,2025-12-26T16:29:50Z,6,0,HTML,"lyrics,lyrics-generator,lyrics-search,song,song-lyrics",https://github.com/amdadislam01/Song-Lyric-App,after_2023
1021181766,bhaktirasvaanitv/lyrics2music,lyrics to music generator,2025-07-17T02:52:11Z,2025-07-17T12:24:00Z,0,0,Python,,https://github.com/bhaktirasvaanitv/lyrics2music,after_2023
672254070,h-ssiqueira/music,"Albums, songs, members and lyrics from bands",2023-07-29T12:50:33Z,2025-08-15T01:32:29Z,1,0,TSQL,"java,liquibase,lyrics,music,spring-boot,spring-boot-liquibase",https://github.com/h-ssiqueira/music,after_2023
1192065094,itayyehuda/music,music from spotify with lyrics and translation,2026-03-25T21:25:15Z,2026-04-25T13:37:43Z,0,0,HTML,,https://github.com/itayyehuda/music,after_2023
850184212,dhjz/alist-music,"alist加强音乐播放功能, 放大歌词显示, 支持上一曲下一曲和播放暂停, 也支持快捷键控制上下曲, alist music plugin, support prev, next, pause, enlarge the lyrics",2024-08-31T04:49:51Z,2025-09-15T03:18:17Z,7,0,SCSS,"alist,alist-lrc,alist-lyric,alist-music",https://github.com/dhjz/alist-music,after_2023
1195791429,zawsstt/suno-prompt-audio-analyzer-skill,Audio analysis + lyrics transcription + LLM music producer synthesis + original song creation for Suno AI,2026-03-30T04:14:23Z,2026-05-08T03:59:01Z,4,0,Python,,https://github.com/zawsstt/suno-prompt-audio-analyzer-skill,after_2023
1125734480,Raqhael-ux/Voxen-LRC-Editor,"Voxen is a lightweight tool for creating synced lyrics with both line-by-line and word-by-word timing support. Built as a single HTML file, it runs locally on both PC and mobile, no installation required. Just drop in your MP3 file, paste your lyrics, and start syncing :D",2025-12-31T08:57:26Z,2026-05-04T10:19:08Z,16,0,HTML,"android,lrc,lrc-maker,lyrics,lyrics-editor,mobile,music,offline,pc,synced-lyrics",https://github.com/Raqhael-ux/Voxen-LRC-Editor,after_2023
1121528459,minhthienazz/music-,transcribe the lyrics ,2025-12-23T06:17:58Z,2025-12-23T06:21:39Z,0,0,TypeScript,,https://github.com/minhthienazz/music-,after_2023
598977749,kalviumcommunity/Versely,Versely is a web platform for music enthusiasts to discover and share lyrics that they love.,2023-02-08T07:37:02Z,2025-10-20T13:06:35Z,1,2,JavaScript,"expressjs,golang,microservices-architecture,mongodb,mongoose,nodejs,postgresql,reactjs",https://github.com/kalviumcommunity/Versely,after_2023
1231470832,RiOuO/karaoke-lyrics,music,2026-05-07T01:54:15Z,2026-05-07T16:36:42Z,0,0,HTML,,https://github.com/RiOuO/karaoke-lyrics,after_2023
602523662,dooptechboi1365/lyricsOfMusics,Search the lyrics of your favorite musics!,2023-02-16T11:50:53Z,2023-01-10T07:07:10Z,0,0,,,https://github.com/dooptechboi1365/lyricsOfMusics,after_2023
982665647,afrizz19/LyricsMusicAM,Alight Motion XML generator for lyrics,2025-05-13T08:23:12Z,2025-08-08T00:00:04Z,0,1,Python,,https://github.com/afrizz19/LyricsMusicAM,after_2023
1102851453,adriizadey2005-source/musicLyrics,,2025-11-24T05:57:36Z,2026-01-05T17:55:30Z,0,0,,,https://github.com/adriizadey2005-source/musicLyrics,after_2023
733613436,Mohindher/MusicPlayer, Music Player with Lyrics,2023-12-19T18:12:32Z,2023-12-19T18:13:01Z,0,0,CSS,,https://github.com/Mohindher/MusicPlayer,after_2023
901724169,MeloDreek/Music-Tag-Editor,"The Ultimate Music Tag Editor for Every Music Enthusiast!  Seamlessly supporting a wide range of formats, including FLAC, WAV, MP3, M4A, DSD, OGG, AIFF, and more, this powerful app makes managing music tags as effortless as sipping water. From editing album covers to tweaking lyrics, experience blazing-fast performance down to the millisecond!",2024-12-11T07:40:35Z,2026-03-25T20:28:30Z,8,0,Swift,"ios,macos,mp3-tag-editor,mp3tag,music-tag-editor,music-tagger,musictag,offline-music,offline-music-player,swift,taglib",https://github.com/MeloDreek/Music-Tag-Editor,after_2023
1007754524,sujjalfr/MusicLyrics,For youtube music lyrics ,2025-06-24T13:31:02Z,2025-06-24T13:45:35Z,0,0,Python,,https://github.com/sujjalfr/MusicLyrics,after_2023
841104424,SuelleMaciel/Lyrics,Refrãos de música legendadas em Python.,2024-08-11T16:48:06Z,2025-08-14T12:37:54Z,1,0,Python,"lyrics,music,python",https://github.com/SuelleMaciel/Lyrics,after_2023
929229282,juliohsu/lyrics2music,,2025-02-08T04:02:27Z,2025-02-18T18:43:27Z,0,0,Jupyter Notebook,,https://github.com/juliohsu/lyrics2music,after_2023
651805863,anshadanchu368/LyricsMusicApp,,2023-06-10T06:36:43Z,2023-06-10T06:42:56Z,0,0,JavaScript,,https://github.com/anshadanchu368/LyricsMusicApp,after_2023
633798823,GuiMayor/demo-lyricsMusic,,2023-04-28T09:55:27Z,2023-04-28T09:55:27Z,0,0,,,https://github.com/GuiMayor/demo-lyricsMusic,after_2023
593608925,omareloui/MusicLyrics,Api to fetch music lyrics from genius and cache them in sqlite db,2023-01-26T12:44:17Z,2023-01-26T12:46:22Z,0,0,TypeScript,,https://github.com/omareloui/MusicLyrics,after_2023
1027808205,DiegoArayaT/LyricsMusic-desktop,,2025-07-28T15:05:29Z,2025-07-28T20:23:03Z,0,0,JavaScript,,https://github.com/DiegoArayaT/LyricsMusic-desktop,after_2023
1043482059,felipetaua/musicaLyrics,,2025-08-24T00:29:38Z,2025-08-24T00:29:45Z,0,0,Python,,https://github.com/felipetaua/musicaLyrics,after_2023
1151931586,yamat0jp/MusicLyrics,,2026-02-07T05:10:45Z,2026-04-16T02:37:27Z,0,0,Pascal,,https://github.com/yamat0jp/MusicLyrics,after_2023
1062708234,martamsrs/MusicLyrics,,2025-09-23T16:03:24Z,2025-09-23T16:05:12Z,0,0,Python,,https://github.com/martamsrs/MusicLyrics,after_2023
618866730,LuizaValezim/lyrics,This repository I`ll be posting the development of my programming language.,2023-03-25T15:27:27Z,2023-05-23T13:05:06Z,1,0,C,"compiler,insper,music",https://github.com/LuizaValezim/lyrics,after_2023
936835007,sumsingh11/MusicLyrics,"CMS to handle details regarding Artists, Albums, feedback and Songs lyrics with CRUD operations.",2025-02-21T19:15:12Z,2025-02-21T20:14:49Z,0,0,C#,,https://github.com/sumsingh11/MusicLyrics,after_2023
599403675,JayKelawla/MusicLyrics,,2023-02-09T03:56:20Z,2023-02-09T04:05:52Z,0,0,HTML,,https://github.com/JayKelawla/MusicLyrics,after_2023
1185621502,dnelson1747/MusicLyrics,,2026-03-18T19:21:49Z,2026-03-18T19:22:46Z,0,0,,,https://github.com/dnelson1747/MusicLyrics,after_2023
637152736,santi-mz/MusicLyrics,Una libreria para C# que te permite traer la letra de una canción,2023-05-06T17:07:56Z,2023-05-06T18:04:05Z,1,0,C#,,https://github.com/santi-mz/MusicLyrics,after_2023
978234627,soloRun01/MusicLyrics,,2025-05-05T17:13:29Z,2025-05-05T17:34:08Z,0,0,CSS,,https://github.com/soloRun01/MusicLyrics,after_2023
1180015593,ecohoopscoaching/zeke-dashboard,Suno music lyrics,2026-03-12T16:01:48Z,2026-03-12T16:04:30Z,0,0,JavaScript,,https://github.com/ecohoopscoaching/zeke-dashboard,after_2023
929898987,rewsdjad1/MusiLyric,Best Lyrics Music,2025-02-09T16:55:45Z,2025-04-11T03:34:22Z,0,0,Logos,,https://github.com/rewsdjad1/MusiLyric,after_2023
1203873227,devbytiffany/MusicLyrics,,2026-04-07T13:17:47Z,2026-04-07T13:24:37Z,0,0,Python,,https://github.com/devbytiffany/MusicLyrics,after_2023
773729988,MichaelAngeloDiaz/MusicLyrics,,2024-03-18T09:47:17Z,2024-03-18T09:48:14Z,0,0,HTML,,https://github.com/MichaelAngeloDiaz/MusicLyrics,after_2023
1119192865,serkankas/MuLyCue,Music Lyrics Cue,2025-12-18T22:29:50Z,2025-12-19T02:12:05Z,0,0,Python,,https://github.com/serkankas/MuLyCue,after_2023
1127347775,ria-arora-git/lyrics2music-ai-project,Generate music from lyrics!,2026-01-03T17:40:40Z,2026-03-09T19:41:53Z,0,0,Python,,https://github.com/ria-arora-git/lyrics2music-ai-project,after_2023
1175832973,char0liana/NIKI_Take-A-Chance-With-Me_Lyrics,Dashboard Music & Lyrics,2026-03-08T08:29:42Z,2026-03-08T08:35:33Z,0,0,HTML,,https://github.com/char0liana/NIKI_Take-A-Chance-With-Me_Lyrics,after_2023
953578262,WillKirkmanM/lyrics,ParsonLabs Lyrics is The Way to Listen to Your Favourite Music with Synced Lyrics,2025-03-23T17:24:56Z,2025-04-09T16:58:14Z,1,0,TypeScript,"lyrics,music,parsonlabs",https://github.com/WillKirkmanM/lyrics,after_2023
1114276637,ajpedhadiya/karaoke-line-view,music lyrics view,2025-12-11T06:29:00Z,2025-12-11T06:29:00Z,0,0,,,https://github.com/ajpedhadiya/karaoke-line-view,after_2023
1219494774,GuyAPersons/Lyric-Forge,Music Lyrics App,2026-04-23T23:54:44Z,2026-04-24T00:03:31Z,0,0,TypeScript,,https://github.com/GuyAPersons/Lyric-Forge,after_2023
1044308196,ningning-voice/MusicLyricsEditor,FLAC&MP3 Lyrics Editor,2025-08-25T13:42:38Z,2025-08-26T11:44:18Z,1,0,Python,,https://github.com/ningning-voice/MusicLyricsEditor,after_2023
859603703,Leandro263/ONE-OK-ROCK-BR,Music and Lyrics,2024-09-19T00:40:20Z,2024-09-19T06:14:09Z,0,0,CSS,,https://github.com/Leandro263/ONE-OK-ROCK-BR,after_2023
1043061608,Aung-Moe-Oo/chilltime,music lyrics app,2025-08-23T04:14:32Z,2025-08-23T06:29:46Z,0,0,TypeScript,,https://github.com/Aung-Moe-Oo/chilltime,after_2023
771986541,huyratio5998/ratio-lyrics,search music lyrics ,2024-03-14T10:17:03Z,2024-08-07T18:54:41Z,0,0,JavaScript,,https://github.com/huyratio5998/ratio-lyrics,after_2023
1100498313,DawitTesfaye-Developer/GraceLyrics-mobile-app,Music Lyrics App,2025-11-20T11:07:43Z,2025-11-20T13:32:08Z,0,0,TypeScript,,https://github.com/DawitTesfaye-Developer/GraceLyrics-mobile-app,after_2023
813347357,MCbabel/discord-music-bot,"🎶 A powerful, feature-rich Discord Music Bot built with Node.js and discord.js v14. Seamless YouTube and Spotify integration with yt-dlp, Genius lyrics, custom playlists, and multi-language support (EN/DE/ES).",2024-06-10T23:01:05Z,2026-03-22T13:39:39Z,5,0,JavaScript,"discord-api,discord-bot,discord-js,discord-music-bot,ffmpeg,github-actions,i18n,javascript,lyrics,music-bot,nodejs,open-source,spotify,youtube,yt-dlp",https://github.com/MCbabel/discord-music-bot,after_2023
1136816536,UTK-TCW/Doraemon,Music Lyrics Guesser,2026-01-18T12:14:38Z,2026-01-18T13:47:30Z,0,0,Python,,https://github.com/UTK-TCW/Doraemon,after_2023
992101732,mavi-bit/flutter,music lyrics app,2025-05-28T16:09:08Z,2025-05-28T16:23:43Z,0,0,,,https://github.com/mavi-bit/flutter,after_2023
636072824,koometrust/lyrical-lemonade,music lyrics generator,2023-05-04T04:24:45Z,2023-05-04T04:41:48Z,0,0,JavaScript,,https://github.com/koometrust/lyrical-lemonade,after_2023
1161971032,6space7/Kivo,Kivo — Real-time synced lyrics overlay. Shows beautiful floating lyrics while playing Spotify or Apple Music + custom Dynamic Island with controls.,2026-02-19T18:18:39Z,2026-05-07T07:41:36Z,3,0,JavaScript,,https://github.com/6space7/Kivo,after_2023
607337658,victoremeka/dynamiclyricsapp,A live lyrics concept feature for youtube music mobile,2023-02-27T19:37:44Z,2026-04-20T13:56:54Z,2,0,C++,,https://github.com/victoremeka/dynamiclyricsapp,after_2023
738782103,arj5/MusicStorePlayer,"Java music application with store management, playable song lyrics/audiobook text, content download/search/sorting, and playlist creation",2024-01-04T03:09:18Z,2024-06-02T18:24:46Z,2,0,Java,java,https://github.com/arj5/MusicStorePlayer,after_2023
958186565,chinacus/RockMusic1,Lyrics Songs,2025-03-31T19:33:18Z,2025-04-06T07:28:39Z,0,0,,,https://github.com/chinacus/RockMusic1,after_2023
1196469004,harutamang98-maker/Nepali-Lyrics,Nepali Music,2026-03-30T18:21:17Z,2026-03-30T18:21:21Z,0,0,,,https://github.com/harutamang98-maker/Nepali-Lyrics,after_2023
1098416834,Sire-Prince/sire-lyrics,music app,2025-11-17T16:57:18Z,2025-12-10T04:35:28Z,0,0,JavaScript,,https://github.com/Sire-Prince/sire-lyrics,after_2023
676662165,MaciejkaG/bard,"Advanced Discord music bot with a beautiful and intuitive, React-free web dashboard, 6 source services and Genius lyrics fetcher.",2023-08-09T18:01:15Z,2025-11-05T12:45:15Z,7,0,HTML,"dashboard,discord,discord-bot,discord-bot-dashboard,discord-dashboard,discord-js,discord-music,discord-music-bot,music-bot",https://github.com/MaciejkaG/bard,after_2023
1163426416,jed1boy/Musika,"A modern YouTube Music Client for Android with an ad-free experience, synced lyrics, and offline playback.",2026-02-21T16:07:20Z,2026-04-06T15:51:03Z,5,0,Kotlin,,https://github.com/jed1boy/Musika,after_2023
1226723037,BSC1312/Music-maker-for-lyrics-,Music maker for free music ,2026-05-01T18:55:56Z,2026-05-01T19:09:08Z,0,0,,,https://github.com/BSC1312/Music-maker-for-lyrics-,after_2023
1117627368,dfchanelxd/Princess-Music,"An a Free Android Music Player built with Kotlin and Jetpack Compose. Features include YouTube Music streaming, offline playback, Lyrics, Spotify playlist import.",2025-12-16T15:26:51Z,2026-04-12T15:15:50Z,3,0,,kotlin,https://github.com/dfchanelxd/Princess-Music,after_2023
1092121491,xiaoyu777-coder/LX-Music-LyricsSaver,A Java project used for extracting lyrics from the LX Music Program,2025-11-08T03:13:24Z,2025-11-08T03:35:46Z,0,0,Java,,https://github.com/xiaoyu777-coder/LX-Music-LyricsSaver,after_2023
1070220059,AnanyaKumar27/MusicFinder,website to find song lyrics.,2025-10-05T14:09:42Z,2025-10-06T16:59:41Z,1,0,HTML,,https://github.com/AnanyaKumar27/MusicFinder,after_2023
1043294746,Asonjian/CloudMusic_LyricsGet,,2025-08-23T14:53:27Z,2025-08-23T15:07:44Z,0,0,C++,,https://github.com/Asonjian/CloudMusic_LyricsGet,after_2023
620622856,RohiAman369/Lyrics,This is a Music App. Basically a spotify clone.,2023-03-29T03:35:56Z,2023-03-29T04:00:14Z,0,0,JavaScript,,https://github.com/RohiAman369/Lyrics,after_2023
773684276,sydneytan/musicPlayer,Play music and scroll lyrics,2024-03-18T08:01:25Z,2024-03-18T09:05:58Z,1,0,JavaScript,,https://github.com/sydneytan/musicPlayer,after_2023
786570069,JayHeart03/Music-Emotion-Recognition,Music Emotion Recognition Using Advanced Machine Learning to Analyze Lyrics and Audio Features,2024-04-14T21:15:28Z,2025-09-07T19:38:31Z,2,0,Python,,https://github.com/JayHeart03/Music-Emotion-Recognition,after_2023
1004643637,idMJA/Soundy-Dashboard,"A modern, responsive music dashboard built with Next.js for controlling Soundy music bots and managing playlists. Features real-time player controls, Apple Music-like lyrics display, and seamless music discovery.",2025-06-19T00:43:34Z,2026-02-01T14:56:50Z,4,1,TypeScript,,https://github.com/idMJA/Soundy-Dashboard,after_2023
1233609934,bensonsGIT/MusicLyricsFinder,,2026-05-09T06:28:53Z,2026-05-09T06:58:38Z,0,0,Python,,https://github.com/bensonsGIT/MusicLyricsFinder,after_2023
907808532,Groovbox/pyAMLL,"Tool for creating syllable-synced lyrics for songs, within in your terminal!",2024-12-24T12:46:11Z,2026-05-06T14:31:33Z,3,0,Python,"apple-music,music,python,python-rich,python-textual",https://github.com/Groovbox/pyAMLL,after_2023
872746914,yashan0202/Lyrics,"LYRICS is an advanced music streaming and exploration app designed to elevate your music experience. By integrating the best of YouTube and Spotify, this ad-free app offers seamless music streaming, real-time lyrics display, and instant video access for any song.",2024-10-15T02:13:20Z,2025-02-16T17:52:08Z,1,0,JavaScript,,https://github.com/yashan0202/Lyrics,after_2023
1017083105,kuscholar/MusicNotes,"Music notes with lyrics, chords",2025-07-10T02:16:56Z,2025-07-10T02:17:00Z,0,0,,,https://github.com/kuscholar/MusicNotes,after_2023
1164181068,erenerayyilmaz/MusicLyricsAnalyzer,,2026-02-22T18:58:00Z,2026-03-02T20:29:45Z,1,0,Python,,https://github.com/erenerayyilmaz/MusicLyricsAnalyzer,after_2023
947013894,sumsingh11/MusicLyricsCMS,,2025-03-12T02:47:44Z,2025-03-12T02:59:23Z,0,0,C#,,https://github.com/sumsingh11/MusicLyricsCMS,after_2023
958803135,willf/musicxml2lyrics,,2025-04-01T19:37:21Z,2025-04-01T19:44:00Z,0,0,Makefile,,https://github.com/willf/musicxml2lyrics,after_2023
1050547876,A-plus-J007/MusicPlayer_lyrics,,2025-09-04T15:28:15Z,2025-09-04T15:35:15Z,0,0,Python,,https://github.com/A-plus-J007/MusicPlayer_lyrics,after_2023
812911013,Xleia/music,Add a full-screen button operation to the lyrics interface,2024-06-10T06:24:38Z,2024-06-10T07:03:54Z,0,0,Vue,,https://github.com/Xleia/music,after_2023
762759207,xentoro0/musicFromLyrics,Find a music that you know a little of its lyrics,2024-02-24T16:03:28Z,2024-02-25T21:46:21Z,0,0,JavaScript,,https://github.com/xentoro0/musicFromLyrics,after_2023
618310474,abemanq/MusicLyricsWeb,MiniProject | by abemnaq ,2023-03-24T07:39:46Z,2023-03-24T07:39:46Z,0,0,,,https://github.com/abemanq/MusicLyricsWeb,after_2023
1166463641,tommytommy183/MusicLyricsSearcher,可以用來查歌詞,2026-02-25T08:52:23Z,2026-05-04T00:13:48Z,0,0,C#,,https://github.com/tommytommy183/MusicLyricsSearcher,after_2023
803557075,f-lab-edu/vinlyify,"🎶 search, listen to music via spotify api 👉 https://github.com/Pyotato/vinylify",2024-05-21T00:36:08Z,2026-01-24T19:16:52Z,3,0,TypeScript,"lyrics,music,search,spotify",https://github.com/f-lab-edu/vinlyify,after_2023
1079737193,kkw-h/MusicLyricsWeb,,2025-10-20T10:00:34Z,2025-10-29T01:53:39Z,0,0,Vue,,https://github.com/kkw-h/MusicLyricsWeb,after_2023
1089921370,Flowskyy/MusicLyricsProject,,2025-11-05T01:53:01Z,2026-01-10T09:53:03Z,0,0,HTML,,https://github.com/Flowskyy/MusicLyricsProject,after_2023
1083341101,folltoshe/music-lyric-kit,Music Lyric Parser And Exporter,2025-10-25T20:22:07Z,2026-05-06T01:00:15Z,3,0,TypeScript,"builder,lrc,lyrics,music,parser,ttml",https://github.com/folltoshe/music-lyric-kit,after_2023
788530104,Jayanath-Nanayakkara/lyricsRepo,"Explore our music player app! Built with React, Redux, and Tailwind CSS, it offers search, filter, and playback controls. Enjoy seamless music browsing and responsive design. Contribute to enhance your music experience! 🎵🎧",2024-04-18T15:39:43Z,2024-04-18T16:34:22Z,0,0,JavaScript,,https://github.com/Jayanath-Nanayakkara/lyricsRepo,after_2023
726112111,sathyannarayan/MusicLyricsGPT,Music Song writing is a complex and thoughtful process. The intricate of scripts and themes have to struck a right chord of music lovers. We developed a approach to train your own model based on dataset of music lyrics. The model accepts phrase or word as input to generate lyric songs.,2023-12-01T15:00:57Z,2023-12-01T15:20:32Z,0,0,Python,,https://github.com/sathyannarayan/MusicLyricsGPT,after_2023
596144056,maprager/musicLyricsAssignment,,2023-02-01T15:02:37Z,2023-02-01T15:04:16Z,0,0,Python,,https://github.com/maprager/musicLyricsAssignment,after_2023
939860389,FightFarewellFearless/musicLyricsMaker,,2025-02-27T08:21:31Z,2026-03-24T09:34:40Z,1,0,TypeScript,,https://github.com/FightFarewellFearless/musicLyricsMaker,after_2023
823165927,Mugiida/music,this where you can find your music and each lyrics,2024-07-02T14:21:26Z,2024-07-02T14:52:43Z,0,0,HTML,,https://github.com/Mugiida/music,after_2023
590167616,KYu3RPI/Music-Typing,Typing lyrics game,2023-01-17T19:55:16Z,2023-10-06T20:08:24Z,0,0,Python,,https://github.com/KYu3RPI/Music-Typing,after_2023
790955442,GlaubeKeinemDev/MusicLyricsWrapper,Fetch the lyrics for your songs. Easy to use and fast API.,2024-04-23T20:37:56Z,2024-04-24T21:43:00Z,0,0,Java,,https://github.com/GlaubeKeinemDev/MusicLyricsWrapper,after_2023
797919040,RicoPsych/LyricsFetcher,Lyrics fetching app for currently playing music. Windows only.,2024-05-08T18:26:10Z,2024-12-13T12:35:39Z,0,0,Python,,https://github.com/RicoPsych/LyricsFetcher,after_2023
1112984128,ArjunSNair00/Starfield-Tunnel,"A 3D Starfield tunnel generator - music visualization with a timeline editor and MIDI sync, made with react and threejs. Timed Lyrics system turned off. Music is original.",2025-12-09T11:13:55Z,2026-03-21T08:24:22Z,6,0,JavaScript,,https://github.com/ArjunSNair00/Starfield-Tunnel,after_2023
1164019693,JasonJe/Lyrics,Lyrics is a floating lyrics display tool for Apple Music.,2026-02-22T14:15:17Z,2026-02-27T07:26:54Z,0,0,Swift,,https://github.com/JasonJe/Lyrics,after_2023
702740835,MauroDelNook/lyricsTextAnalysis,Webscrapping and Text Analysis of music band's lyrics,2023-10-09T23:23:03Z,2023-10-10T01:34:21Z,0,0,Jupyter Notebook,"music,textanalysis,webscraping",https://github.com/MauroDelNook/lyricsTextAnalysis,after_2023
1109080884,ShanonWayeth/LyricsGPT,"A AI Powered Lyrics Writer With Specific Music Style, ",2025-12-03T10:05:14Z,2025-12-03T10:05:20Z,0,0,,,https://github.com/ShanonWayeth/LyricsGPT,after_2023
799769781,sigmaCoderx/lyricsFinder,This bot file helps to fetch lyrics a music.,2024-05-13T04:12:23Z,2024-05-13T04:13:23Z,0,0,Python,,https://github.com/sigmaCoderx/lyricsFinder,after_2023
621374949,Jozi-Mwangi/Lyrics-app,A music application.,2023-03-30T14:34:27Z,2023-09-13T12:56:44Z,0,0,JavaScript,,https://github.com/Jozi-Mwangi/Lyrics-app,after_2023
1023128141,fanlusky/WindowsMusicLyrics,Music sync lyrics for Windows local music players.,2025-07-20T15:31:19Z,2025-07-22T17:45:40Z,0,0,C++,,https://github.com/fanlusky/WindowsMusicLyrics,after_2023
977099402,Apriloswalt/lyrics-chords-app,music app ,2025-05-03T12:26:27Z,2025-05-03T17:04:18Z,0,0,Python,,https://github.com/Apriloswalt/lyrics-chords-app,after_2023
1200617761,HsuPhang/Lyrics,模仿Apple Music的音乐播放器,2026-04-03T16:17:23Z,2026-04-03T16:17:53Z,0,0,,,https://github.com/HsuPhang/Lyrics,after_2023
1188692093,CMolG/pulse-radio,"An online radio, powered by lyrics, album information, audio improvements, wiki content about artists, even next concerts.",2026-03-22T13:02:51Z,2026-04-14T12:52:44Z,4,0,TypeScript,"music,music-player,nextjs,radio,radio-player",https://github.com/CMolG/pulse-radio,after_2023
1087655946,MohmmadSarfraj-18/Lyrics-Script,Music - 😍🎶,2025-11-01T11:17:18Z,2025-11-01T11:17:22Z,0,0,,,https://github.com/MohmmadSarfraj-18/Lyrics-Script,after_2023
1000015072,Joesen06/folk-lyrics-frontend,Music app,2025-06-11T06:24:18Z,2025-06-11T06:25:05Z,0,0,JavaScript,,https://github.com/Joesen06/folk-lyrics-frontend,after_2023
613024550,losparviero/Music-Summary-Telegram-Bot,"Get summary of the lyrics of any song in Telegram, powered by GPT!",2023-03-12T17:12:25Z,2023-10-18T09:17:33Z,2,0,JavaScript,,https://github.com/losparviero/Music-Summary-Telegram-Bot,after_2023
802061175,yuygfgg/StreamMusicLyricsApi,Stream music lyrics api from Netease Music.,2024-05-17T12:53:11Z,2024-10-24T09:57:02Z,1,1,Python,,https://github.com/yuygfgg/StreamMusicLyricsApi,after_2023
947844315,justinawhy/musiccritic,sarcastic AI lyrics summarizer ,2025-03-13T10:37:20Z,2025-05-16T10:33:37Z,0,0,Python,,https://github.com/justinawhy/musiccritic,after_2023
983612651,Elnix90/Youtube-Downloader,Fetches and download any(*) youtube playlist and/or add them to a playlist. Downloads lyrics for your songs and add all the metadata in the files automaticly,2025-05-14T16:36:55Z,2026-04-29T13:30:18Z,2,2,Python,"downloader,lyrics-fetcher,metadata-extraction,music,music-downloader,youtube,yt-dlp",https://github.com/Elnix90/Youtube-Downloader,after_2023
1160121070,Vinnu0070/lyricseditor847,Official website for Lyrics Editor 847 – lyric videos & music edits,2026-02-17T15:12:27Z,2026-02-17T15:17:15Z,0,0,HTML,,https://github.com/Vinnu0070/lyricseditor847,after_2023
947936425,Fsiablo/Graduation-Design-lyrics2music,,2025-03-13T13:37:10Z,2025-03-14T06:44:21Z,0,0,C,,https://github.com/Fsiablo/Graduation-Design-lyrics2music,after_2023
613840152,nrm33n/SongGenAI,"3 part AI creates pop song w/ lyrics, vocals, & music.",2023-03-14T11:28:56Z,2024-05-30T14:09:54Z,2,0,Python,,https://github.com/nrm33n/SongGenAI,after_2023
996421582,rainaisntbald/waybar_lyrics,A simple waybar lyric module,2025-06-04T23:43:19Z,2025-12-25T13:13:06Z,2,0,Shell,"linux,lyrics,lyrics-fetcher,minimalist,music,playerctl,shell,simple,waybar,wayland",https://github.com/rainaisntbald/waybar_lyrics,after_2023
809182377,Icarogamer2441/musicsaver,a music lyrics saver,2024-06-02T00:02:06Z,2024-06-02T00:31:13Z,0,0,JavaScript,,https://github.com/Icarogamer2441/musicsaver,after_2023
1225769262,WaelFkaier/MusicalGenie,Lyrics search engine made with Python,2026-04-30T16:09:09Z,2026-04-30T16:21:30Z,0,0,Python,"nlp,python,tf-idf",https://github.com/WaelFkaier/MusicalGenie,after_2023
804153199,Grld-Andy/Tune8,Building a music player desktop application with lyrics fetching functionality,2024-05-22T03:57:54Z,2025-09-22T14:19:50Z,2,0,TypeScript,,https://github.com/Grld-Andy/Tune8,after_2023
826413642,Sleepy4k/python-lyrics,Sing along with music and read music lyrics with this script,2024-07-09T16:58:29Z,2024-07-09T16:59:29Z,0,0,Python,,https://github.com/Sleepy4k/python-lyrics,after_2023
1154334980,wisetension/wiseTensionMusic,my song lyrics ,2026-02-10T09:16:58Z,2026-02-10T09:18:35Z,0,0,HTML,,https://github.com/wisetension/wiseTensionMusic,after_2023
906364364,wetfloo/cnova,"A command-line tool to download lyrics for music, quickly",2024-12-20T18:27:00Z,2026-04-16T20:55:53Z,2,0,Rust,,https://github.com/wetfloo/cnova,after_2023
1097150077,carlosleonardobp/sync-music-lyrics,synchronize song lyrics,2025-11-15T16:20:43Z,2025-11-15T17:43:27Z,0,0,HTML,,https://github.com/carlosleonardobp/sync-music-lyrics,after_2023
1207935350,yxqo41/spicy-amll-player,"Spicy AMLL Player Web is an unofficial remake of the famous extension made for Spicetify, Spicy Lyrics for Apple Music Lyrics Similar Experience",2026-04-11T15:49:45Z,2026-05-06T23:17:28Z,3,0,JavaScript,"amll,mobile,pc,remake,spicy-lyrics,spotify,ttml,web,web-development",https://github.com/yxqo41/spicy-amll-player,after_2023
965614456,JesterBantilan/Multo_Lyrics,A lyrics with music,2025-04-13T14:52:41Z,2025-09-27T11:59:35Z,1,0,CSS,,https://github.com/JesterBantilan/Multo_Lyrics,after_2023
1037983611,pritam1011NP/Melophile_MusicPlayer_Using_Django,Listen song smoothly Parse LRC files and extract lyrics data Process and analyze lyrics content Django integration for web-based lyrics management,2025-08-14T12:37:12Z,2025-09-02T15:34:35Z,0,0,Python,,https://github.com/pritam1011NP/Melophile_MusicPlayer_Using_Django,after_2023
1012916459,KARAL0FT/server_side_0,server-side-music-lyrics,2025-07-03T04:58:06Z,2025-07-20T13:34:05Z,0,0,HTML,,https://github.com/KARAL0FT/server_side_0,after_2023
652713407,ChrisMBarr/ProPresenter-Parser,"Parses ProPresenter files, and builds new ProPresenter files",2023-06-12T16:32:29Z,2026-01-02T18:00:27Z,5,2,TypeScript,"church,churchtech,churchtools,lyrics,music,pro4,pro5,pro6,propresenter,song",https://github.com/ChrisMBarr/ProPresenter-Parser,after_2023
1075965198,UQodev200/-Temanku-semua-pada-jahat-tante-,Music lyrics with C++,2025-10-14T08:18:35Z,2025-10-14T08:30:05Z,0,0,C++,,https://github.com/UQodev200/-Temanku-semua-pada-jahat-tante-,after_2023
739162596,anandhs/carnatic-music-typesetter,generate carnatic music lyrics,2024-01-04T23:15:13Z,2024-01-04T23:15:14Z,0,0,,,https://github.com/anandhs/carnatic-music-typesetter,after_2023
603815520,Joojmusic/joojmusicworld.github.io,website for music lyrics,2023-02-19T16:50:44Z,2023-02-19T16:50:44Z,0,0,,,https://github.com/Joojmusic/joojmusicworld.github.io,after_2023
1105994656,icaroguerreiro/nonebits-lyric-forge,Music lyrics generator UI,2025-11-28T13:12:09Z,2025-12-04T19:59:13Z,0,0,TypeScript,,https://github.com/icaroguerreiro/nonebits-lyric-forge,after_2023
984131118,CykingMedia/cyrox256,"music, lyrics, graphics, djmixes",2025-05-15T12:51:36Z,2025-05-15T13:11:50Z,1,0,HTML,,https://github.com/CykingMedia/cyrox256,after_2023
777173526,joyjoy-123/MusicVideow-Lyrics_Inocencio,,2024-03-25T10:53:09Z,2024-03-25T10:56:53Z,0,0,HTML,,https://github.com/joyjoy-123/MusicVideow-Lyrics_Inocencio,after_2023
955194477,Humanish3411/lyrics,"A quick and dirty java file that takes an input song name and artist name or lyrics, generates a lrclib URL or formatted lyrics depending on what you input. For use with LRCLib.",2025-03-26T09:01:33Z,2025-04-18T23:17:10Z,1,0,Java,"java,lyrics,music,text-formatting,url-processing",https://github.com/Humanish3411/lyrics,after_2023
1136853323,music-lyric/music-lyric-kit-node,"Music lyric parser / generator toolkit — LRC & TTML format support, plugin system, chainable pipeline API for lyric processing and transformation",2026-01-18T13:36:09Z,2026-05-03T15:51:14Z,5,0,TypeScript,"lrc,lyric,lyric-generator,lyric-parser,lyric-processing,lyric-toolkit,lyrics,music,music-lyric,ttml,typescript",https://github.com/music-lyric/music-lyric-kit-node,after_2023
663588645,jweisner/country,Country music lyrics generator,2023-07-07T16:40:07Z,2023-07-07T16:42:26Z,0,0,C,,https://github.com/jweisner/country,after_2023
967992408,Vinraj1/Music_app,Music application with lyrics,2025-04-17T10:22:01Z,2026-03-21T02:48:52Z,0,0,JavaScript,,https://github.com/Vinraj1/Music_app,after_2023
916034490,anastasiiadonchenko/LyricLens,Music Lyrics Web Application,2025-01-13T10:31:16Z,2025-01-13T10:32:09Z,0,0,HTML,,https://github.com/anastasiiadonchenko/LyricLens,after_2023
1196063897,LyonFokou/LyricsFinder,An android application for Lyrics detection and download for local music,2026-03-30T10:35:51Z,2026-04-09T12:15:02Z,0,0,,,https://github.com/LyonFokou/LyricsFinder,after_2023
1229555800,Otterslam/lyrics-to-frames,for your music,2026-05-05T06:55:09Z,2026-05-05T20:42:30Z,0,0,JavaScript,,https://github.com/Otterslam/lyrics-to-frames,after_2023
899300099,CursedOn3/MusicDownloader-with-lyrics,,2024-12-06T01:46:53Z,2024-12-06T02:57:19Z,0,0,Python,,https://github.com/CursedOn3/MusicDownloader-with-lyrics,after_2023
1000016520,Joesen06/folk-lyrics-backend,Music app backend.,2025-06-11T06:27:02Z,2025-06-11T06:27:02Z,0,0,,,https://github.com/Joesen06/folk-lyrics-backend,after_2023
655326465,Princejoy1997/Lyrics-MusicAPP-React,A Music React Frontend Application.,2023-06-18T15:05:34Z,2023-06-18T15:05:35Z,0,0,,,https://github.com/Princejoy1997/Lyrics-MusicAPP-React,after_2023
1190869512,kaliakram/MusicLyricsTelegramBot,,2026-03-24T17:41:43Z,2026-03-24T17:46:21Z,0,0,Python,,https://github.com/kaliakram/MusicLyricsTelegramBot,after_2023
592706953,Mir-Yuchi/MusicLyricsWithAPi,,2023-01-24T11:02:50Z,2023-07-08T18:58:03Z,0,0,Python,,https://github.com/Mir-Yuchi/MusicLyricsWithAPi,after_2023
1186162786,Zamlyrics/Zamlyrics,Zambian music lyrics platform,2026-03-19T10:34:56Z,2026-03-19T10:43:22Z,0,0,CSS,,https://github.com/Zamlyrics/Zamlyrics,after_2023
1227851593,RandomCreatives/azmari,Amharic Music Lyrics Repo,2026-05-03T08:56:43Z,2026-05-03T08:58:11Z,0,0,TypeScript,,https://github.com/RandomCreatives/azmari,after_2023
756365913,Dwayne94/MusicSongLyricsPage,"The Music Song Lyrics page displays the lyrics of a favorite song using HTML and CSS. At the bottom of the page, User can add details to become a member and using PHP, these details are added to the database and also displayed in tabular format on the Table. ",2024-02-12T14:26:29Z,2024-02-12T14:55:58Z,0,0,PHP,,https://github.com/Dwayne94/MusicSongLyricsPage,after_2023
789259000,Madhvimm/DS_MusicFeaturesLyrics,,2024-04-20T04:00:00Z,2024-04-24T15:00:19Z,0,0,Jupyter Notebook,,https://github.com/Madhvimm/DS_MusicFeaturesLyrics,after_2023
913666393,tarunnnrathoddd/MusicLyrics-serch-app,,2025-01-08T05:58:58Z,2025-01-08T06:25:30Z,0,0,JavaScript,,https://github.com/tarunnnrathoddd/MusicLyrics-serch-app,after_2023
758304802,DipakKumar6-code/Music_Lyrics,This is my repository to create simple song lyrics webpage using html and css,2024-02-16T02:56:32Z,2024-02-16T02:57:26Z,0,0,HTML,,https://github.com/DipakKumar6-code/Music_Lyrics,after_2023
968115462,ABDERRAZZAK-IMILY/music-lyrics,,2025-04-17T14:31:28Z,2025-04-17T15:23:51Z,0,0,JavaScript,,https://github.com/ABDERRAZZAK-IMILY/music-lyrics,after_2023
804277027,Kalmaegi/LyricsBreeze,"Desktop lyrics display tool for macOS platform, Apple Music on Spotify",2024-05-22T09:40:00Z,2024-05-22T10:04:53Z,1,0,TypeScript,,https://github.com/Kalmaegi/LyricsBreeze,after_2023
976612591,hasanbasri1993/MusicPlayerWithLyrics,,2025-05-02T12:27:46Z,2025-05-02T12:27:55Z,0,0,C#,,https://github.com/hasanbasri1993/MusicPlayerWithLyrics,after_2023
1044705191,khalil-cheddadi/lrcphile,A CLI Client for https://lrclib.net/,2025-08-26T05:06:34Z,2025-10-15T22:31:01Z,4,0,Rust,"cli,client,lrclib,lyrics,music",https://github.com/khalil-cheddadi/lrcphile,after_2023
864886835,Phatartic/Lyrics-Music,,2024-09-29T12:38:31Z,2024-09-29T12:42:03Z,0,0,Python,,https://github.com/Phatartic/Lyrics-Music,after_2023
863002314,Davide-Resigotti/musicTaggerNoLyrics,,2024-09-25T14:49:14Z,2024-09-28T15:10:34Z,0,0,Python,,https://github.com/Davide-Resigotti/musicTaggerNoLyrics,after_2023
906646833,ezvezdov/muzlib,Muzlib is python script for creation your own music library.,2024-12-21T13:50:58Z,2026-05-05T19:20:46Z,5,1,Python,"lyrics,music,music-library,music-tagging,tagging,youtube,youtube-api,youtube-music",https://github.com/ezvezdov/muzlib,after_2023
1004597926,joonwoong2/MusicLyrics_Sentiment_Analysis,,2025-06-18T22:07:50Z,2025-06-18T22:25:17Z,0,0,Jupyter Notebook,,https://github.com/joonwoong2/MusicLyrics_Sentiment_Analysis,after_2023
984456463,yansyr/music-search,Song lyrics search engine,2025-05-16T00:58:44Z,2025-05-16T01:22:27Z,0,0,EJS,,https://github.com/yansyr/music-search,after_2023
892067049,12mk/music-lyrics,,2024-11-21T13:02:02Z,2024-11-21T13:02:41Z,0,0,HTML,,https://github.com/12mk/music-lyrics,after_2023
1031057289,Radoel/Lyrics-Music,Sebuah lirik musik dengan bahasa pemrograman python,2025-08-02T23:08:29Z,2025-08-07T06:05:37Z,0,0,Python,,https://github.com/Radoel/Lyrics-Music,after_2023
663761645,philipdongfei/Musical_Lyrics,,2023-07-08T03:39:48Z,2023-07-08T03:39:48Z,0,0,,,https://github.com/philipdongfei/Musical_Lyrics,after_2023
654917813,kdkrasnoslobodtsev/lyrics-music,,2023-06-17T10:24:52Z,2023-06-17T10:25:54Z,0,0,Java,,https://github.com/kdkrasnoslobodtsev/lyrics-music,after_2023
661918498,tomaschaves/music-lyrics,,2023-07-04T01:14:12Z,2023-07-04T01:20:47Z,0,0,JavaScript,,https://github.com/tomaschaves/music-lyrics,after_2023
864200928,JosuehHenriqueLTO/musical-lyrics,,2024-09-27T17:23:38Z,2024-09-27T17:32:57Z,0,0,Python,,https://github.com/JosuehHenriqueLTO/musical-lyrics,after_2023
758824254,zzoeyh/music-lyrics,音乐播放器歌词滚动效果,2024-02-17T07:21:23Z,2025-01-01T07:07:38Z,1,0,TypeScript,,https://github.com/zzoeyh/music-lyrics,after_2023
1195311060,Razgrom47/Music-Lyrics,Displaying the lyrics of songs based on txt files using maximum space of display for DIY project.,2026-03-29T14:13:01Z,2026-03-29T14:46:39Z,0,0,Python,,https://github.com/Razgrom47/Music-Lyrics,after_2023
1093915423,awesome-german/music,"Songs, lyrics, and playlists for learning German through rhythm, emotion, and repetition.",2025-11-11T02:28:43Z,2025-11-11T02:56:31Z,0,0,,"children-songs,classic-music,cultural-learning,german-songs,karaoke,language-motivation,linguistic-intuition,listening-practice,lyric-translation,lyrics,melodic-patterns,memory-aid,modern-artists,music-analysis,music-education,pop-culture,pronunciation-practice,rhythm-learning,spotify-playlists,vocabulary-in-context",https://github.com/awesome-german/music,after_2023
595469271,DVKHOI/lyrics-music,,2023-01-31T06:17:19Z,2023-01-31T06:19:16Z,0,0,JavaScript,,https://github.com/DVKHOI/lyrics-music,after_2023
974111126,youngberry1/Music-Lyrics,,2025-04-28T09:15:55Z,2025-04-28T09:16:52Z,0,0,HTML,,https://github.com/youngberry1/Music-Lyrics,after_2023
715300225,Rexna15/music-lyrics,,2023-11-06T21:36:38Z,2023-11-06T21:42:02Z,0,0,CSS,,https://github.com/Rexna15/music-lyrics,after_2023
637259849,jussiara-araujo/Lyrics-music,atividade de autoria web 2023,2023-05-07T02:04:58Z,2023-05-07T13:44:33Z,1,0,HTML,,https://github.com/jussiara-araujo/Lyrics-music,after_2023
961547943,H4RsH-25/music-finder,API used : api.lyrics,2025-04-06T18:31:18Z,2025-04-06T18:41:00Z,0,0,CSS,,https://github.com/H4RsH-25/music-finder,after_2023
1098314859,voidbornfr/voidloop,best ads free music streaming app,2025-11-17T14:32:27Z,2026-04-08T08:53:09Z,5,0,Dart,"adsfree,freemusicapp,lyrics,music,musicapp,musicstreaming,song,spotify,streaming",https://github.com/voidbornfr/voidloop,after_2023
979412360,sarahhanif082/music-lyrics,,2025-05-07T13:24:10Z,2025-05-11T05:11:55Z,0,0,Python,,https://github.com/sarahhanif082/music-lyrics,after_2023
664771171,lucaaszsx/music-lyrics,A library that searches for the lyrics of a song by name.,2023-07-10T17:57:15Z,2026-01-20T15:41:55Z,1,0,JavaScript,,https://github.com/lucaaszsx/music-lyrics,after_2023
669565109,lucienyirahagenimana/music_lyrics,,2023-07-22T17:31:16Z,2023-07-22T17:38:31Z,0,0,TypeScript,,https://github.com/lucienyirahagenimana/music_lyrics,after_2023
881227241,cocomarine25/music_lyrics,,2024-10-31T06:29:56Z,2024-10-31T06:55:47Z,0,0,Jupyter Notebook,,https://github.com/cocomarine25/music_lyrics,after_2023
1102052506,abdelrhman2148/music-lyrics,,2025-11-22T18:20:46Z,2025-11-22T18:21:33Z,0,0,JavaScript,,https://github.com/abdelrhman2148/music-lyrics,after_2023
932735929,Abhijeetp12/Music-Lyrics,,2025-02-14T12:29:14Z,2025-02-14T13:01:05Z,0,0,CSS,,https://github.com/Abhijeetp12/Music-Lyrics,after_2023
1102724828,devimust/music-lyrics,,2025-11-24T00:34:54Z,2025-12-14T07:38:30Z,0,0,Python,,https://github.com/devimust/music-lyrics,after_2023
960601426,himanshupr27/music-lyrics,,2025-04-04T18:05:56Z,2025-04-24T15:35:22Z,1,0,JavaScript,,https://github.com/himanshupr27/music-lyrics,after_2023
815398671,junelmanuel/lyrics-music,,2024-06-15T03:51:58Z,2024-06-15T03:51:58Z,0,0,,,https://github.com/junelmanuel/lyrics-music,after_2023
1077704331,masumbillah6778bl/music-lyrics,,2025-10-16T16:08:06Z,2025-10-17T17:45:15Z,0,0,HTML,,https://github.com/masumbillah6778bl/music-lyrics,after_2023
1202079025,Lion04093/Music-lyrics,,2026-04-05T15:12:01Z,2026-04-05T15:24:33Z,0,0,HTML,,https://github.com/Lion04093/Music-lyrics,after_2023
1200958506,gabrielcamargogsilva/lyrics-musica,,2026-04-04T03:08:58Z,2026-04-04T03:09:23Z,0,0,Python,,https://github.com/gabrielcamargogsilva/lyrics-musica,after_2023
930442411,Kanishak-xd/loafy,a simple lyrics program in JS,2025-02-10T16:35:34Z,2025-02-11T16:41:26Z,0,0,JavaScript,music,https://github.com/Kanishak-xd/loafy,after_2023
955448947,Coderohitk/Music_lyrics,,2025-03-26T16:50:48Z,2025-04-08T19:58:13Z,0,0,JavaScript,,https://github.com/Coderohitk/Music_lyrics,after_2023
785865311,masumbillah6778/music_lyrics,,2024-04-12T19:43:20Z,2025-11-24T17:19:36Z,0,0,JavaScript,,https://github.com/masumbillah6778/music_lyrics,after_2023
1112523886,codeNina42/LYRICS-MUSIC,,2025-12-08T18:38:48Z,2025-12-08T18:38:48Z,0,0,,,https://github.com/codeNina42/LYRICS-MUSIC,after_2023
1079306705,xtaxx12/Lyrics-music,,2025-10-19T14:46:53Z,2025-10-19T15:19:46Z,0,0,Python,,https://github.com/xtaxx12/Lyrics-music,after_2023
1068564591,cybersecretmission/music-lyrics,Link: ,2025-10-02T15:15:34Z,2025-10-02T15:53:03Z,0,0,CSS,,https://github.com/cybersecretmission/music-lyrics,after_2023
905900925,wguillioli/music_lyrics,Text mining of Iron Maiden and others lyrics,2024-12-19T18:46:30Z,2025-06-01T22:12:30Z,0,0,,,https://github.com/wguillioli/music_lyrics,after_2023
1158137386,anisyntax/music_lyrics,Python script that shows Lyrics synced by music,2026-02-14T21:21:37Z,2026-02-14T21:22:59Z,0,0,Python,,https://github.com/anisyntax/music_lyrics,after_2023
1149948867,rensol1010/Jezielle-Music,"Lyrics, Tabs and Chords",2026-02-04T17:54:03Z,2026-02-04T18:28:43Z,0,0,HTML,,https://github.com/rensol1010/Jezielle-Music,after_2023
715761852,lucasxsong/music-lyrics,,2023-11-07T19:28:16Z,2023-11-07T19:28:16Z,0,0,,,https://github.com/lucasxsong/music-lyrics,after_2023
784501709,SubSteven/Music-Lyrics,"Explore the rhythm of code with this Python script that animates lyrics in the terminal. In this case, I use ‘When I Was Your Man’ by Bruno Mars as an example to demonstrate the synchronization of lyrics with music playback.",2024-04-10T01:10:05Z,2024-04-10T01:11:09Z,0,0,Python,,https://github.com/SubSteven/Music-Lyrics,after_2023
971943051,Data-Paul/Music_Lyrics,,2025-04-24T09:44:21Z,2025-05-08T07:19:01Z,0,0,Jupyter Notebook,,https://github.com/Data-Paul/Music_Lyrics,after_2023
695264737,kavinsagar532/music-lyrics,,2023-09-22T18:08:24Z,2023-09-22T18:12:59Z,0,0,Python,,https://github.com/kavinsagar532/music-lyrics,after_2023
678177625,akselgalea/music-lyrics,Proyecto personal en el que intentaré crear una app para escuchar música y ver la letra,2023-08-13T23:53:50Z,2023-08-28T16:00:35Z,0,0,Svelte,,https://github.com/akselgalea/music-lyrics,after_2023
794512510,surpri5e/music_lyrics,,2024-05-01T10:52:02Z,2024-05-01T11:09:37Z,0,0,HTML,,https://github.com/surpri5e/music_lyrics,after_2023
753983015,Zevhys/Music-Lyrics,,2024-02-07T06:55:47Z,2026-03-29T02:41:11Z,0,0,Python,python,https://github.com/Zevhys/Music-Lyrics,after_2023
1118704229,CesarAugustoDanielParedes/music-lyrics,,2025-12-18T06:45:57Z,2025-12-18T06:53:35Z,1,0,TypeScript,,https://github.com/CesarAugustoDanielParedes/music-lyrics,after_2023
1101296118,pbrusco/musicians_helper,Chord and lyrics helper,2025-11-21T13:28:26Z,2025-11-24T04:28:41Z,0,0,TypeScript,,https://github.com/pbrusco/musicians_helper,after_2023
907458172,ILu4n/lyrics-musica,,2024-12-23T16:17:32Z,2024-12-23T16:32:02Z,0,0,CSS,,https://github.com/ILu4n/lyrics-musica,after_2023
966486501,2205101076/music-lyrics,,2025-04-15T02:06:30Z,2025-04-15T02:06:30Z,0,0,,,https://github.com/2205101076/music-lyrics,after_2023
864073767,Setarjoy/Lyrics-music,,2024-09-27T12:51:04Z,2024-09-27T12:54:37Z,0,0,Python,,https://github.com/Setarjoy/Lyrics-music,after_2023
1182605372,aysegulaltas/Music-Lyrics,"Finding Song Lyrics(JavaScript,HTML,CSS)",2026-03-15T18:34:10Z,2026-03-15T18:35:28Z,0,0,CSS,,https://github.com/aysegulaltas/Music-Lyrics,after_2023
889496810,blackwakhu/music_lyrics,this is an app for adding and viewing music lyrics,2024-11-16T13:33:38Z,2024-11-17T15:48:06Z,0,0,Python,"django,django-rest-framework,djongo,javascript,mongodb,python",https://github.com/blackwakhu/music_lyrics,after_2023
592494493,beaver700nh/musicxml-lyrics,A simple tool to add lyrics to MusicXML,2023-01-23T21:07:23Z,2023-01-23T21:09:03Z,0,0,JavaScript,,https://github.com/beaver700nh/musicxml-lyrics,after_2023
716432934,beyaloramoi/Music-lyrics,"The Music Lyrics Repository is a GitHub project dedicated to the collection, organization, and collaboration on a diverse range of music lyrics. Whether you're an avid music enthusiast, a songwriter, or a data analyst, this repository is your go-to resource for exploring and contributing to the fascinating world of song lyrics.",2023-11-09T05:58:00Z,2023-11-09T05:58:01Z,0,0,,,https://github.com/beyaloramoi/Music-lyrics,after_2023
745017205,natan2720/music-lyrics,,2024-01-18T13:29:42Z,2024-01-18T13:32:58Z,0,0,HTML,,https://github.com/natan2720/music-lyrics,after_2023
736765464,vsherr314/music-lyrics,,2023-12-28T20:14:01Z,2023-12-28T22:17:51Z,0,0,HTML,,https://github.com/vsherr314/music-lyrics,after_2023
1124953874,kansap9-boop/Lyrics_music-,"para la gente de tiktok, les dejo el codigo",2025-12-29T22:54:33Z,2025-12-29T22:54:33Z,0,0,,,https://github.com/kansap9-boop/Lyrics_music-,after_2023
1038344983,dondizy/music-lyrics,,2025-08-15T03:04:23Z,2025-08-15T03:29:38Z,0,0,Python,,https://github.com/dondizy/music-lyrics,after_2023
1067855310,masumbillah6778bd/music-lyrics,,2025-10-01T13:41:18Z,2026-03-24T06:08:29Z,0,0,CSS,,https://github.com/masumbillah6778bd/music-lyrics,after_2023
775777845,josue270193/lyrics_music,Simple Typescript Lyrics from Spotify,2024-03-22T02:47:09Z,2024-03-22T02:48:45Z,0,0,TypeScript,,https://github.com/josue270193/lyrics_music,after_2023
832262368,KelviMiranda/Lyrics-music,"Consumindo restApi com js , usando as promises e async await .. ",2024-07-22T16:45:40Z,2024-07-22T16:47:23Z,0,0,HTML,,https://github.com/KelviMiranda/Lyrics-music,after_2023
784500479,SubSteven/Music-Lyrics-,"Explore the rhythm of code with this Python script that animates lyrics in the terminal. In this case, I use ‘When I Was Your Man’ by Bruno Mars as an example to demonstrate the synchronization of lyrics with music playback",2024-04-10T01:05:21Z,2024-04-10T01:05:21Z,0,0,,,https://github.com/SubSteven/Music-Lyrics-,after_2023
816605553,mohitprajapat2001/Music-Lyrics,"API, Database & Class Implemented Python Lyrics Fetch Program Based on Command Line",2024-06-18T04:32:33Z,2025-06-20T04:59:35Z,1,0,Python,,https://github.com/mohitprajapat2001/Music-Lyrics,after_2023
822071172,Reallysakui/lyrics-music,เนื้อเพลงดีเลย์ทีละอักษร,2024-06-30T08:24:16Z,2024-06-30T08:26:04Z,0,0,Python,,https://github.com/Reallysakui/lyrics-music,after_2023
1226353786,uconthefacto/Lyrics-Musics,A cool stuff musics theme lyrics ,2026-05-01T09:33:52Z,2026-05-04T01:11:04Z,0,0,Python,,https://github.com/uconthefacto/Lyrics-Musics,after_2023
873123267,Abduls27/Lyrics-music,,2024-10-15T16:31:52Z,2024-10-15T16:37:59Z,0,0,HTML,,https://github.com/Abduls27/Lyrics-music,after_2023
1166375539,NirmaLKumar26/Auric-Music,"A modern YouTube Music Client for Android with an ad-free experience, synced lyrics, and offline playback.",2026-02-25T06:44:32Z,2026-04-06T15:55:30Z,3,0,Kotlin,"music,music-player",https://github.com/NirmaLKumar26/Auric-Music,after_2023
780178939,0417keito/music_dataset_generator,"This repo is a necessary style prompt for generating music with accompaniment, and for transcribing lyrics.",2024-03-31T23:01:12Z,2024-05-16T07:44:06Z,2,0,,,https://github.com/0417keito/music_dataset_generator,after_2023
591257653,smirnovsky/Lyrics,"Fully responsive Music Player. Builded with React, Redux, Tailwind CSS, Shazam Core API, IP Geolocation API.",2023-01-20T10:07:29Z,2023-03-10T03:48:54Z,1,1,JavaScript,"geolocation-api,react,redux,shazamcore-api,tailwindcss,vite",https://github.com/smirnovsky/Lyrics,after_2023
591819834,ImAKappa/caramell,Typset lyrics and chords,2023-01-22T00:51:05Z,2024-05-13T00:41:51Z,0,0,Rust,"music,parser",https://github.com/ImAKappa/caramell,after_2023
717392565,hamfreebird/freebird-music-player,"a native music player that has some simple features and supports lyrics display, write by pygame.",2023-11-11T10:56:42Z,2026-04-14T10:40:59Z,2,0,Python,"music,music-player,pygame,python",https://github.com/hamfreebird/freebird-music-player,after_2023
795664169,MiguelLaura/lyrics_cloud,Trying things with music lyrics,2024-05-03T18:57:44Z,2024-07-27T16:26:33Z,0,0,Python,,https://github.com/MiguelLaura/lyrics_cloud,after_2023
720993089,zunaay/zn-lyrics,Libreta de canciones,2023-11-20T06:10:28Z,2023-11-25T07:56:26Z,0,0,JavaScript,"lyrics,music",https://github.com/zunaay/zn-lyrics,after_2023
982088811,MozarcxIaye/Musica,Music Lyrics App with Kotlin,2025-05-12T11:04:48Z,2025-05-12T11:27:55Z,0,0,Kotlin,,https://github.com/MozarcxIaye/Musica,after_2023
679318509,ZackLucas/lyrics-organizer,Lyrics and music organizer (tonalities),2023-08-16T15:13:54Z,2023-08-16T15:13:54Z,0,0,,,https://github.com/ZackLucas/lyrics-organizer,after_2023
692591959,RendiRDoran/MusicalMessages,A Message Generator of Lyrics from Musicals,2023-09-17T00:43:25Z,2023-09-17T00:43:53Z,0,0,JavaScript,,https://github.com/RendiRDoran/MusicalMessages,after_2023
1231369524,Teezkid/teezkid-lyrics,All about Teezkid music lyrics ,2026-05-06T22:35:50Z,2026-05-06T23:20:30Z,0,0,,,https://github.com/Teezkid/teezkid-lyrics,after_2023
937590921,yiktllw/NCM_Lyrics,Draw Netease Cloud Music lyrics,2025-02-23T12:48:59Z,2025-02-23T12:49:02Z,0,0,,,https://github.com/yiktllw/NCM_Lyrics,after_2023
1005367868,philtrachtenberg3/Lyrics-Translator,learn other languages thru music,2025-06-20T05:55:05Z,2025-06-20T05:58:19Z,0,0,JavaScript,,https://github.com/philtrachtenberg3/Lyrics-Translator,after_2023
1220226924,ak5558id-code/akshay-music,akshay-music singer music lyrics- Akshay Chanchal,2026-04-24T17:21:19Z,2026-04-24T17:21:23Z,0,0,,,https://github.com/ak5558id-code/akshay-music,after_2023
1070789100,NikoboiNFTB/Metal-Archives-Tweaks,"Shift + click any ""Show lyrics"" to expand all track lyrics. Can also close all lyrics.",2025-10-06T12:49:18Z,2026-03-25T11:18:52Z,0,0,JavaScript,"lyrics,metal,music",https://github.com/NikoboiNFTB/Metal-Archives-Tweaks,after_2023
1171602647,rohitkami9831/mnc-music-release,songbook title an lyrics,2026-03-03T12:11:00Z,2026-03-16T18:13:02Z,0,0,,,https://github.com/rohitkami9831/mnc-music-release,after_2023
912219657,Labebagege/A.I-music,lyrics from a.i,2025-01-05T00:06:21Z,2025-01-05T00:11:45Z,0,0,,,https://github.com/Labebagege/A.I-music,after_2023
1094552804,irishtaproot-portfolio/AI-Generated-Music,All songs were generated by AI using my lyrics and AI lyrics.,2025-11-11T21:33:20Z,2025-11-11T23:06:05Z,0,0,,,https://github.com/irishtaproot-portfolio/AI-Generated-Music,after_2023
977274590,DasIstMeow/lyrics-search,Tool to quickly gather lyrics of songs,2025-05-03T20:23:22Z,2026-02-10T18:53:06Z,0,0,Python,"lyrics,music",https://github.com/DasIstMeow/lyrics-search,after_2023
709356016,takondwamw/Lyrics-Writer,A basic lyrics writer to songs based on song timestamps ,2023-10-24T14:51:48Z,2023-10-24T14:55:26Z,0,0,JavaScript,"lyrics-maker,music",https://github.com/takondwamw/Lyrics-Writer,after_2023
639274703,Rishabhrv/Music-Emotion-Recognition,"This project aims to recognize music emotion using a combination of audio and lyrics features, trained on Russel's circular emotion model based on arousal and valence.",2023-05-11T06:15:09Z,2025-11-04T03:33:46Z,3,0,Jupyter Notebook,"deep-learning,machine-learning,music,musicemotioindetection,musicmooddetection",https://github.com/Rishabhrv/Music-Emotion-Recognition,after_2023
1158195562,anikasomaia/producer,A workspace to co-write lyrics and produce music alongside AI,2026-02-15T00:15:07Z,2026-04-24T02:28:04Z,2,0,TypeScript,,https://github.com/anikasomaia/producer,after_2023
680677925,MmdBay/lyrics-live-search,A project written in TypeScript to search for music and music lyrics,2023-08-20T03:18:23Z,2024-01-17T08:33:18Z,1,0,TypeScript,"audio-player,live-search-music,lyrics,music,music-player,music-template",https://github.com/MmdBay/lyrics-live-search,after_2023
906679904,placecardus/lyrics-card-maker,"Create beautiful, personalized lyrics posters from your favorite songs - perfect for gifts, home decor, or wall art. Design, customize, and print your unique music memories with our easy-to-use template!",2024-12-21T15:37:03Z,2025-05-07T07:41:04Z,2,0,JavaScript,"lyrics-card-generator,lyrics-card-maker,lyrics-cards-maker,spotify-lyrics-card-maker,spotify-lyrics-poster-maker",https://github.com/placecardus/lyrics-card-maker,after_2023
772415088,BrianHodges4/MusicLyricsTrends-DataScience,,2024-03-15T06:29:36Z,2024-03-15T06:29:36Z,0,0,,,https://github.com/BrianHodges4/MusicLyricsTrends-DataScience,after_2023
857836427,itsarman001/Lyrics,"This is a music streaming application built using React, Context API, Tailwind CSS, and the Spotify Web API.",2024-09-15T18:23:49Z,2024-11-19T17:58:28Z,1,0,JavaScript,,https://github.com/itsarman001/Lyrics,after_2023
615889466,UltraV10l3t/LyricsMaker,"A tool for writing a requested artist's music to a private, offline database",2023-03-19T01:00:37Z,2023-03-19T01:00:37Z,0,0,,,https://github.com/UltraV10l3t/LyricsMaker,after_2023
1089504080,youbelongtomeYz/LyriFlow,A mini music streaming app that displays synced lyrics smoothly 🎶,2025-11-04T12:38:12Z,2026-02-12T13:00:59Z,2,0,JavaScript,,https://github.com/youbelongtomeYz/LyriFlow,after_2023
1024098437,abdelhalimyasser/LyricsCounter,"Webpage that uses HTML, CSS, JavaScript to count a specific word in music lyrics.",2025-07-22T07:22:26Z,2025-09-18T19:50:20Z,1,0,CSS,,https://github.com/abdelhalimyasser/LyricsCounter,after_2023
830845512,tinyProject-mg/LyricsMaker,Add lyrics to your audio music by easily creating .lrc file with Lyrics Maker,2024-07-19T05:58:31Z,2024-07-19T05:59:38Z,0,0,JavaScript,,https://github.com/tinyProject-mg/LyricsMaker,after_2023
1207944908,shouryadixitisverycool/stem,cool app i made to download syllable lyrics from apple music,2026-04-11T16:04:13Z,2026-04-27T13:32:15Z,2,0,TypeScript,,https://github.com/shouryadixitisverycool/stem,after_2023
965677596,AlePiga/LyricsFinder,"Un sito web semplice basato su HTML e Flask che consente di cercare e visualizzare il testo di una canzone a partire dal titolo e dall'artista, utilizzando l'API di LyricsGenius.",2025-04-13T17:20:37Z,2025-06-27T12:29:26Z,0,0,HTML,"flask,html,lyrics,music,python",https://github.com/AlePiga/LyricsFinder,after_2023
1212931392,aaayafuj51-AYFJ/aaayafuj-lyrics,aaayafuj Music - Never-Lie as She,2026-04-16T21:55:56Z,2026-04-16T22:07:28Z,0,0,,,https://github.com/aaayafuj51-AYFJ/aaayafuj-lyrics,after_2023
760511697,ramzidaher/MusicLang-Multilingual-Lyrics-Analysis,"MusicLang is a web application developed as a final year university project. It is designed to analyze and categorize song lyrics in various languages, providing insights into cultural and linguistic diversity. Built with Flask, this tool leverages Fasttext to offer detailed analysis and insights into the lyrics of your favorite songs.",2024-02-20T14:58:19Z,2024-08-03T16:45:56Z,0,0,Jupyter Notebook,,https://github.com/ramzidaher/MusicLang-Multilingual-Lyrics-Analysis,after_2023
1202149478,OmurEKiraz/lyricsNE,A powerful ai enhanced (not slop) lrc editor/embedder  for your local music archive,2026-04-05T17:00:47Z,2026-04-05T17:12:39Z,0,0,TypeScript,,https://github.com/OmurEKiraz/lyricsNE,after_2023
1201219682,jhyoun2028/YT-Music-Lyrics-v3,Apple Music-style synced lyrics overlay for YouTube Music,2026-04-04T11:27:19Z,2026-04-26T01:28:04Z,0,0,JavaScript,,https://github.com/jhyoun2028/YT-Music-Lyrics-v3,after_2023
1181238489,UnusualFrog/MusicalGenreDetectionByLyrics,,2026-03-13T22:39:03Z,2026-04-13T02:15:01Z,0,0,Python,,https://github.com/UnusualFrog/MusicalGenreDetectionByLyrics,after_2023
854185617,darkcluemusic/dcmplayer,DCM Player is a music player webapp that we provide to play music lyrics stored online.,2024-09-08T15:50:56Z,2024-10-08T14:59:54Z,2,0,HTML,"cusmedroid,darkclue,darkcluemusic,dcmplayemusic,dcmplayer,iddevlop,music-lyrics",https://github.com/darkcluemusic/dcmplayer,after_2023
887549012,geekknight/letra-musica,Script with lyrics API - Free,2024-11-12T21:44:11Z,2024-11-13T00:09:46Z,0,0,Python,,https://github.com/geekknight/letra-musica,after_2023
784216330,Minuta18/MusicSearch,Application to search songs by music or lyrics   ,2024-04-09T12:19:55Z,2024-04-10T14:54:01Z,1,0,Python,,https://github.com/Minuta18/MusicSearch,after_2023
1137314116,NikoboiNFTB/Lyrics-Translate-Tweaks,Collection of Tweaks for Lyrics Translate.,2026-01-19T07:56:52Z,2026-03-25T11:18:52Z,0,0,JavaScript,"lyrics,music",https://github.com/NikoboiNFTB/Lyrics-Translate-Tweaks,after_2023
1141632267,kelishrestha/lyrics-viewer,View lyrics for running music player,2026-01-25T06:08:49Z,2026-03-12T12:20:31Z,0,0,TypeScript,"lyrics-viewer,react,vite",https://github.com/kelishrestha/lyrics-viewer,after_2023
820494526,rajkunwar4/lyrics-syncer,sync your music's with lyrics,2024-06-26T15:21:33Z,2024-06-26T15:32:04Z,0,0,JavaScript,,https://github.com/rajkunwar4/lyrics-syncer,after_2023
781011055,ElvisWong213/apple_music_lyrics,Get lyrics from Apple Music,2024-04-02T15:28:23Z,2024-09-13T06:10:32Z,0,0,Rust,"lyrics,music,rust",https://github.com/ElvisWong213/apple_music_lyrics,after_2023
1011573663,DhaniAL-G/lyrimean-musicfy,Website APP for lyrics meaning ,2025-07-01T03:14:08Z,2025-11-04T12:36:23Z,0,0,,,https://github.com/DhaniAL-G/lyrimean-musicfy,after_2023
1002919045,gabeszeto/Lyricsical_Frontend_Public,The public repo for the frontend of my music game Lyricsical.,2025-06-16T10:48:54Z,2025-11-25T20:44:31Z,1,0,JavaScript,"gamedev,music",https://github.com/gabeszeto/Lyricsical_Frontend_Public,after_2023
1056550487,lyricsallpawan1/lyricsallpawan1,"Ek platform jahan aapko latest song lyrics, music updates aur artist-specific content milega. Yeh website @lyricsallpawan1 ke liye banayi gayi hai, jo music aur lyrics enthusiasts ke liye ek convenient resource hai.",2025-09-14T10:33:04Z,2025-09-14T10:33:38Z,0,0,HTML,,https://github.com/lyricsallpawan1/lyricsallpawan1,after_2023
807906207,SourceSailor/Lyrics-Music-App,Music app using Rapid API,2024-05-30T02:16:59Z,2024-09-11T01:36:13Z,0,0,JavaScript,,https://github.com/SourceSailor/Lyrics-Music-App,after_2023
727161782,khaimed/Static-Music-Lyrics,The static website Music Lyrics,2023-12-04T10:05:43Z,2024-03-31T22:39:39Z,1,0,HTML,"lyrics,music,website,website-design",https://github.com/khaimed/Static-Music-Lyrics,after_2023
600560006,luigy23/MusicApp,Un reproductor  con Lyrics donde subo mi musica,2023-02-11T21:33:27Z,2024-06-02T03:03:48Z,0,0,JavaScript,,https://github.com/luigy23/MusicApp,after_2023
900817716,MicolZazzarini/LyricsFinder,A project leveraging the BERT model to analyze song lyrics and predict their music genre,2024-12-09T14:24:58Z,2025-04-03T08:49:24Z,0,0,Jupyter Notebook,"bert,deep-learning,music-genre-prediction,nlp,transformer-models",https://github.com/MicolZazzarini/LyricsFinder,after_2023
738650869,M-Ziraki/music_lyrics_finder,,2024-01-03T18:09:13Z,2024-01-03T18:14:45Z,0,0,Python,,https://github.com/M-Ziraki/music_lyrics_finder,after_2023
772782081,DobriniaMerk/Yandex-Music-Lyrics,A small browser extension adding back deleted lyrics section from Yandex.Music using it's undocumented functions.,2024-03-15T22:19:34Z,2024-03-15T22:20:52Z,0,0,JavaScript,,https://github.com/DobriniaMerk/Yandex-Music-Lyrics,after_2023
1173933271,baxtiyorovshaxi1-design/music-lyrics-bot,,2026-03-05T22:39:39Z,2026-03-06T21:51:07Z,0,0,Python,,https://github.com/baxtiyorovshaxi1-design/music-lyrics-bot,after_2023
1060829067,shaungpaung/music_lyrics_model,,2025-09-20T17:16:31Z,2025-09-21T05:51:48Z,0,0,Python,,https://github.com/shaungpaung/music_lyrics_model,after_2023
834885985,E-DEVANANDA/Lyrical-Music-App,Lyrics based music app - LYRION,2024-07-28T16:53:23Z,2024-07-28T17:00:36Z,0,0,HTML,"flask,flask-sqlalchemy,jinja2,python,sqlite3",https://github.com/E-DEVANANDA/Lyrical-Music-App,after_2023
1088351613,levyashvin/music_recommendation_system,lyrics based music recommendation system,2025-11-02T19:55:51Z,2025-11-03T09:38:24Z,0,0,Python,,https://github.com/levyashvin/music_recommendation_system,after_2023
1182500452,moi-script/Kaine,music lyrics scraper for lyricist,2026-03-15T15:54:48Z,2026-03-21T14:00:18Z,0,0,TypeScript,,https://github.com/moi-script/Kaine,after_2023
885758709,Calvin-Xu/uta-net-lyrics-tagger,Get lyrics from uta-net.com and write them to your audio files,2024-11-09T10:18:19Z,2025-06-27T22:59:46Z,2,0,Python,"flac,id3,lyrics-downloader,lyrics-fetcher,m4a,mp3,mp4,music,python,tagging",https://github.com/Calvin-Xu/uta-net-lyrics-tagger,after_2023
1201087926,jhyoun2028/yt-music-lyrics,YouTube Music Lyrics Chrome Extension,2026-04-04T07:34:44Z,2026-04-04T12:33:39Z,0,0,JavaScript,,https://github.com/jhyoun2028/yt-music-lyrics,after_2023
1022710105,Zubaida0113/Music-Recommendation-System,Lyrics-Based Music Recommendation System,2025-07-19T16:53:44Z,2025-07-19T17:43:51Z,0,0,Jupyter Notebook,"kaggle,kaggle-dataset,matplotlib,pandas,python,recommendation-system,scikit-learn,tensorflow",https://github.com/Zubaida0113/Music-Recommendation-System,after_2023
666107197,RobertC91/Music-with-Lyrics,,2023-07-13T18:19:59Z,2023-07-17T23:50:33Z,1,0,JavaScript,,https://github.com/RobertC91/Music-with-Lyrics,after_2023
1003647880,gangadhardixit/music_lyrics_generator,Generate music and lyrics with facebook musicgen & GPT models,2025-06-17T13:08:42Z,2025-10-04T15:50:07Z,0,0,Python,,https://github.com/gangadhardixit/music_lyrics_generator,after_2023
1002585177,gabeszeto/Lyricsical_Backend_Public,The public repo for the backend of my music game Lyricsical.,2025-06-15T19:21:57Z,2025-06-16T10:54:58Z,0,0,Python,"gamedev,music",https://github.com/gabeszeto/Lyricsical_Backend_Public,after_2023
1197025080,bigmakers/flowrics,Flowrics - Danmaku Lyrics Music Player,2026-03-31T09:02:31Z,2026-03-31T09:04:18Z,0,0,HTML,,https://github.com/bigmakers/flowrics,after_2023
1182646353,Plutobeign/WorkSing,A music lyrics display widget,2026-03-15T19:44:08Z,2026-04-02T07:49:11Z,0,0,JavaScript,,https://github.com/Plutobeign/WorkSing,after_2023
1084431106,Kameil/Music-Bot-Lyrics,Lyrics for discord music bots,2025-10-27T17:08:17Z,2026-04-24T23:36:08Z,1,0,Python,,https://github.com/Kameil/Music-Bot-Lyrics,after_2023
825418281,raphaelangelim/la-vie-en-rose-lyrics,Music in French,2024-07-07T18:00:25Z,2024-07-07T18:01:22Z,0,0,HTML,,https://github.com/raphaelangelim/la-vie-en-rose-lyrics,after_2023
1043391381,Stachenn/lyrmu,Music&lyrics in one place,2025-08-23T18:50:31Z,2025-08-23T22:34:31Z,0,0,Rust,,https://github.com/Stachenn/lyrmu,after_2023
1167214933,JayeshAI1/YT-Lyrics-Extension,Music Lyrics on YouTube Video.,2026-02-26T03:56:14Z,2026-02-26T03:56:15Z,0,0,,,https://github.com/JayeshAI1/YT-Lyrics-Extension,after_2023
1011001151,Newton-Oduor/Music-Lyrics-Finder,,2025-06-30T06:47:22Z,2026-04-09T18:06:54Z,0,0,JavaScript,,https://github.com/Newton-Oduor/Music-Lyrics-Finder,after_2023
885676519,byntangxyz/music_lyrics-python,Music Lyrics with typing animation and custom delays,2024-11-09T05:05:07Z,2024-11-09T21:41:53Z,1,0,Python,,https://github.com/byntangxyz/music_lyrics-python,after_2023
1103045053,FightFarewellFearless/music-lyrics-sync,,2025-11-24T11:05:45Z,2025-11-24T12:13:15Z,0,0,JavaScript,,https://github.com/FightFarewellFearless/music-lyrics-sync,after_2023
1110012433,Omkar130206/Music-Lyrics-printer,A python program that prints song lyrics line-by-line with timed delays for a smooth animated output.,2025-12-04T15:37:43Z,2026-02-02T18:16:13Z,0,0,Python,,https://github.com/Omkar130206/Music-Lyrics-printer,after_2023
1232540029,ly14sh/lx-music-lyricsbuddy,LX Music 歌词小助手 - Vue 3 PWA + Android 原生播放器,2026-05-08T03:09:44Z,2026-05-08T05:24:29Z,0,0,Vue,,https://github.com/ly14sh/lx-music-lyricsbuddy,after_2023
977782405,EdsonJrx/music-player-lyrics,Music Player to show lyrics,2025-05-05T00:12:31Z,2025-05-08T01:29:09Z,0,0,TypeScript,,https://github.com/EdsonJrx/music-player-lyrics,after_2023
938927679,mph070770/tagging_and_lyrics,Music fingerprint and Synchronised Lyrics,2025-02-25T18:06:12Z,2025-03-14T11:43:58Z,0,0,Python,,https://github.com/mph070770/tagging_and_lyrics,after_2023
1147289519,kztan2004/BigBigLyrics,chrome extension for youtube music,2026-02-01T14:15:16Z,2026-02-01T15:03:35Z,0,0,HTML,,https://github.com/kztan2004/BigBigLyrics,after_2023
1081829213,ameh0429/onebody-music-lyrics,,2025-10-23T10:52:47Z,2025-11-20T17:07:26Z,0,0,JavaScript,,https://github.com/ameh0429/onebody-music-lyrics,after_2023
1046802177,aodjo/pyMusicLyrics,노래의 가사를 가지고 올 수 있는 모듈이에요,2025-08-29T08:46:56Z,2026-03-08T17:49:20Z,0,0,Python,,https://github.com/aodjo/pyMusicLyrics,after_2023
1011303721,charith23/lyrics-music-player,,2025-06-30T15:55:30Z,2025-06-30T15:59:00Z,0,0,JavaScript,,https://github.com/charith23/lyrics-music-player,after_2023
1022717679,nhdinh03/backend_music_lyrics,,2025-07-19T17:12:01Z,2025-07-19T17:22:12Z,0,0,Java,,https://github.com/nhdinh03/backend_music_lyrics,after_2023
695226866,geloodev/music-lyrics-player,,2023-09-22T16:24:29Z,2023-09-22T16:24:29Z,0,0,,,https://github.com/geloodev/music-lyrics-player,after_2023
889409540,jjulijana/music_lyrics_classification,This project aims to classify songs based on the emotion expressed in their lyrics using machine learning models. The primary goal is to explore and compare the effectiveness of LSTM and Transformer-based approaches for emotion classification.  ,2024-11-16T10:00:48Z,2025-09-20T01:12:26Z,1,1,Jupyter Notebook,,https://github.com/jjulijana/music_lyrics_classification,after_2023
828377815,cczhong11/music-lyrics-extention,,2024-07-14T00:44:59Z,2024-08-16T04:17:58Z,0,0,Python,,https://github.com/cczhong11/music-lyrics-extention,after_2023
1099224046,memarZe/music-lyrics-frontend,,2025-11-18T18:17:38Z,2025-11-18T18:17:39Z,0,0,,,https://github.com/memarZe/music-lyrics-frontend,after_2023
755161898,atongjonathan/SGBot,Spotify Music Downloader Telegram Bot,2024-02-09T14:54:26Z,2024-12-30T22:45:08Z,2,1,Python,"lyrics,music,spotify,spotify-download-music,telegram-bot",https://github.com/atongjonathan/SGBot,after_2023
926358884,chrisdevworks/Youtube-Music-Lyrics,Find lyrics from official music videos using this chrome extension.,2025-02-03T05:22:16Z,2025-05-11T04:53:09Z,0,0,JavaScript,,https://github.com/chrisdevworks/Youtube-Music-Lyrics,after_2023
929941629,quvondiqov/Arduino-music-lyrics,,2025-02-09T18:48:12Z,2025-02-09T18:57:11Z,0,0,,,https://github.com/quvondiqov/Arduino-music-lyrics,after_2023
777068300,satorrearriane/Music-Video-Lyrics,,2024-03-25T06:09:19Z,2024-03-25T06:09:19Z,0,0,,,https://github.com/satorrearriane/Music-Video-Lyrics,after_2023
797347076,Abduls27/music-lyrics-aesthetic,,2024-05-07T16:52:36Z,2024-05-16T17:22:54Z,0,0,CSS,"javascript,tailwindcss,tailwindcss-plugin",https://github.com/Abduls27/music-lyrics-aesthetic,after_2023
1074829907,hiimbomb1999/music_lyrics_project,,2025-10-12T15:02:26Z,2025-10-12T15:51:50Z,0,0,Python,,https://github.com/hiimbomb1999/music_lyrics_project,after_2023
665458691,zeroninefourfour/yt-music-realtime-lyrics,Realtime Lyrics for YT Music,2023-07-12T08:49:11Z,2023-07-12T08:53:02Z,0,0,JavaScript,,https://github.com/zeroninefourfour/yt-music-realtime-lyrics,after_2023
967256001,mjnotadg/Lyrics-Music-LRC,,2025-04-16T07:08:37Z,2025-04-16T09:33:00Z,0,0,,,https://github.com/mjnotadg/Lyrics-Music-LRC,after_2023
608011980,Elboukhari-Elkassmi-Mohamed/Music-player-lyrics,,2023-03-01T06:07:14Z,2023-03-01T06:09:06Z,0,0,JavaScript,,https://github.com/Elboukhari-Elkassmi-Mohamed/Music-player-lyrics,after_2023
742418244,PrajaktaKarandikar/Music-Lyrics-Continuation,,2024-01-12T12:40:08Z,2024-01-12T12:40:09Z,0,0,,,https://github.com/PrajaktaKarandikar/Music-Lyrics-Continuation,after_2023
714502614,renabeeee/music-lyrics-api,,2023-11-05T03:14:59Z,2023-11-05T03:15:09Z,0,0,Ruby,,https://github.com/renabeeee/music-lyrics-api,after_2023
1202048809,becauselol/anki_music_lyrics,Creating a script to make japanese music lyrics into anki flashcards,2026-04-05T14:27:54Z,2026-04-05T14:27:59Z,0,0,,,https://github.com/becauselol/anki_music_lyrics,after_2023
1093444083,aiboy5/music_lyrics_printing-,🎵 Terminal lyric animation ၼႂ်းလိၵ်ႈတႆး/မၢၼ်ႈ — သၢႆၽဵင်းၵႂၢမ်း ဢၼ်ႁၢင်ႈလီ ဢၼ်မီး လွင်ႈၼႄ ယူႇၼီႇၶူတ်ႉ ဢၼ်လွတ်ႈၽေး လႄႈ ၶၢဝ်းယၢမ်း ဢၼ်ဢိင်ၼိူဝ် သဵၼ်ႈသၢႆ။,2025-11-10T11:34:23Z,2025-11-21T06:55:27Z,1,0,Python,,https://github.com/aiboy5/music_lyrics_printing-,after_2023
937192106,Lanki95/Music-lyrics-App,,2025-02-22T14:58:39Z,2025-02-22T14:58:39Z,0,0,,,https://github.com/Lanki95/Music-lyrics-App,after_2023
878384699,ArnavK-09/music_lyrics_finder,🎵 Instantly find lyrics for any song...,2024-10-25T09:43:03Z,2025-01-10T10:23:23Z,1,0,TypeScript,"ai,copilotkit,finder,groq,lyrics,music,next15,next15example,nextjs,shadcn-ui,tailwindcss,webapp",https://github.com/ArnavK-09/music_lyrics_finder,after_2023
621791531,harshprajapati460/LYRICS-MUSIC-APP,,2023-03-31T11:52:42Z,2023-09-13T13:12:45Z,0,0,JavaScript,,https://github.com/harshprajapati460/LYRICS-MUSIC-APP,after_2023
1113959356,Makel45/Musical-Mnemonic-Lyrics-,music lyrics with help from ai about my career game design and development,2025-12-10T17:46:38Z,2025-12-10T17:47:08Z,0,0,,,https://github.com/Makel45/Musical-Mnemonic-Lyrics-,after_2023
597640370,BilalSardar009/Lyrics-To-Music,,2023-02-05T06:48:14Z,2023-02-08T16:55:59Z,0,0,Python,,https://github.com/BilalSardar009/Lyrics-To-Music,after_2023
1180769314,andrii-lekh/music-lyrics-eda,Exploratory Data Analysis of a 2.3GB dataset containing music lyrics and timestamps.,2026-03-13T11:46:43Z,2026-03-13T12:15:09Z,0,0,,,https://github.com/andrii-lekh/music-lyrics-eda,after_2023
1025491208,WayneKent/lyra,A terminal-based lyrics display tool for MPD that syncs and scrolls lyrics in real-time.  Supports embedded lyrics in audio files and external LRC files.  一个基于终端的MPD歌词显示工具，实时同步滚动显示歌词。 支持音频文件内嵌歌词和外部LRC文件。,2025-07-24T10:33:11Z,2025-11-10T03:31:54Z,2,0,Rust,"mpd,music",https://github.com/WayneKent/lyra,after_2023
1003932947,rogerbalanda/music_lyrics_display,,2025-06-17T21:31:56Z,2025-06-17T21:45:42Z,0,0,Python,,https://github.com/rogerbalanda/music_lyrics_display,after_2023
1144874664,RhymeAreng/Chakma-Music-Lyrics,This is a repository for Chakma music youtube videos with their lyrics,2026-01-29T06:28:53Z,2026-01-29T06:30:44Z,0,0,HTML,,https://github.com/RhymeAreng/Chakma-Music-Lyrics,after_2023
1021690546,hafis788/music-lyrics-finder,,2025-07-17T19:38:15Z,2025-07-17T19:42:07Z,0,0,Python,,https://github.com/hafis788/music-lyrics-finder,after_2023
984046678,vietdai134/Lyrics-Music-Web,,2025-05-15T10:07:42Z,2025-05-15T10:11:40Z,0,0,Python,,https://github.com/vietdai134/Lyrics-Music-Web,after_2023
1216669456,UsairimKamal786/Lyrics-and-Music,Lyrics and Music in this repo. ,2026-04-21T06:00:17Z,2026-04-30T05:31:11Z,0,0,,,https://github.com/UsairimKamal786/Lyrics-and-Music,after_2023
816661142,rakha-elctrnx/go-music-lyrics,,2024-06-18T07:06:19Z,2024-06-18T07:07:03Z,0,0,Go,,https://github.com/rakha-elctrnx/go-music-lyrics,after_2023
913731566,Lucy-diane/Music-Lyrics-Scrapper,,2025-01-08T08:48:22Z,2025-01-11T12:27:33Z,0,0,Python,,https://github.com/Lucy-diane/Music-Lyrics-Scrapper,after_2023
887023179,osinn/playMusicLyrics,,2024-11-12T03:08:45Z,2024-11-12T03:15:08Z,0,0,JavaScript,,https://github.com/osinn/playMusicLyrics,after_2023
1197619768,thaimtl/music-lyrics-mcp,,2026-03-31T18:24:22Z,2026-03-31T18:26:51Z,0,0,Python,,https://github.com/thaimtl/music-lyrics-mcp,after_2023
1051138478,alxdmchk/music-lyrics-analysis,"A data-driven exploration of song lyrics from 1950–2019. Includes word trends, topic modeling, clustering, and sentiment analysis across genres and decades, revealing patterns, themes, and the evolving emotional landscape of popular music.",2025-09-05T13:57:59Z,2025-09-05T14:10:57Z,0,0,R,,https://github.com/alxdmchk/music-lyrics-analysis,after_2023
1188457001,NaniBalaga/music-lyrics-visualizer,🎧 Real-time music player with animated audio waves and synced lyrics using Python (pygame + librosa),2026-03-22T05:12:36Z,2026-03-22T05:14:05Z,0,0,Python,,https://github.com/NaniBalaga/music-lyrics-visualizer,after_2023
1131846921,Alee14/cantonese-music-lyrics,,2026-01-10T20:09:45Z,2026-01-10T20:16:38Z,0,0,Typst,,https://github.com/Alee14/cantonese-music-lyrics,after_2023
708791641,KomalPal7/Music-lyrics-website,,2023-10-23T12:01:14Z,2023-10-23T12:05:59Z,0,0,CSS,,https://github.com/KomalPal7/Music-lyrics-website,after_2023
998304086,Bademeischta/Lyrics-to-Music,,2025-06-08T10:21:31Z,2025-06-08T12:05:08Z,0,0,Python,,https://github.com/Bademeischta/Lyrics-to-Music,after_2023
1214091493,edineipiovesan/live-music-lyrics,Displays synchronized lyrics for whatever song is playing through your speakers,2026-04-18T05:33:54Z,2026-04-19T22:54:19Z,0,0,Python,,https://github.com/edineipiovesan/live-music-lyrics,after_2023
642053923,noahfajarda/Music-Lyrics-Finder,,2023-05-17T18:06:32Z,2023-05-17T18:07:46Z,0,0,JavaScript,,https://github.com/noahfajarda/Music-Lyrics-Finder,after_2023
1090948346,Marvelousahaiwe/Music-Lyrics-App,"A sleek Flutter app that displays song lyrics with an intuitive interface for searching, viewing, and enjoying your favorite music lyrics.",2025-11-06T10:58:51Z,2025-11-09T06:06:28Z,1,0,Dart,,https://github.com/Marvelousahaiwe/Music-Lyrics-App,after_2023
852383393,vpratap007/Music-lyrics-generation,,2024-09-04T17:58:43Z,2024-09-21T19:26:10Z,0,0,Jupyter Notebook,,https://github.com/vpratap007/Music-lyrics-generation,after_2023
589011510,Kingsly62/Music-Api-Lyrics,,2023-01-14T19:18:39Z,2023-01-14T19:19:28Z,0,0,HTML,,https://github.com/Kingsly62/Music-Api-Lyrics,after_2023
729272728,Posfay/Music-Lyrics-Generator,Using OpenAI's magic to generate some awfully mad beats,2023-12-08T19:23:00Z,2023-12-08T19:24:17Z,0,0,HTML,,https://github.com/Posfay/Music-Lyrics-Generator,after_2023
909082329,hcabrera92/music-lyrics-analyzer,"I want open AI to analyze song lyrics and meanings, to found more profound messages in lyrics I like",2024-12-27T17:22:52Z,2024-12-28T20:21:35Z,0,0,JavaScript,,https://github.com/hcabrera92/music-lyrics-analyzer,after_2023
1142491587,MuhamadRizki10R2/lyrics_music_python,,2026-01-26T13:38:00Z,2026-01-26T13:49:08Z,0,0,Python,,https://github.com/MuhamadRizki10R2/lyrics_music_python,after_2023
1197534638,fergomezh/music-and-lyrics,,2026-03-31T16:55:45Z,2026-04-10T22:24:21Z,0,0,JavaScript,,https://github.com/fergomezh/music-and-lyrics,after_2023
1112571179,lugerasewa75843-creator/ipc-site,site sell music video lyrics,2025-12-08T20:09:12Z,2025-12-08T21:02:24Z,0,0,JavaScript,,https://github.com/lugerasewa75843-creator/ipc-site,after_2023
656160096,chymaera96/LIME,LIME: Lyrics-informed Music Embeddings,2023-06-20T11:22:18Z,2023-07-10T14:04:04Z,0,0,Python,,https://github.com/chymaera96/LIME,after_2023
1085542295,173716414/music-lyrics-downloader,歌词自动下载,2025-10-29T07:22:38Z,2025-10-29T08:55:37Z,0,0,Python,,https://github.com/173716414/music-lyrics-downloader,after_2023
1219191142,yuvidewan/music_and_lyrics,,2026-04-23T16:12:16Z,2026-04-26T15:35:16Z,0,0,Python,,https://github.com/yuvidewan/music_and_lyrics,after_2023
1056258444,thenewact/apple-music-lyrics,,2025-09-13T17:55:47Z,2025-09-13T18:46:45Z,0,0,TypeScript,,https://github.com/thenewact/apple-music-lyrics,after_2023
979382774,sarahhanif082/music-lyrics-generator,,2025-05-07T12:32:39Z,2025-05-07T13:22:16Z,0,0,,,https://github.com/sarahhanif082/music-lyrics-generator,after_2023
1146148336,keremco35/AppleMusicLyrics,,2026-01-30T17:27:43Z,2026-01-30T18:29:45Z,0,0,Swift,,https://github.com/keremco35/AppleMusicLyrics,after_2023
772229763,Miluche/Lyrics-music-web,,2024-03-14T19:31:43Z,2024-03-14T19:33:01Z,0,1,HTML,,https://github.com/Miluche/Lyrics-music-web,after_2023
776276782,josue270193/lyrics_music_app,App,2024-03-23T04:03:13Z,2024-03-23T04:03:31Z,0,0,Kotlin,,https://github.com/josue270193/lyrics_music_app,after_2023
869051980,GersonEmanuel/music_lyrics_api,,2024-10-07T16:28:15Z,2024-10-07T19:04:32Z,0,0,Python,,https://github.com/GersonEmanuel/music_lyrics_api,after_2023
953494511,gudias2233/Music-lyrics-find,,2025-03-23T13:59:32Z,2025-03-23T14:01:28Z,0,0,,,https://github.com/gudias2233/Music-lyrics-find,after_2023
1069700826,supermanfrontflip-boop/backend,AI music and lyrics generation,2025-10-04T12:59:46Z,2025-10-04T13:19:37Z,0,0,Python,,https://github.com/supermanfrontflip-boop/backend,after_2023
1221766696,MoisesAlvrz/TrackFinder-App,Music metadata & lyrics finder app,2026-04-26T16:51:08Z,2026-04-28T07:14:02Z,0,0,Kotlin,,https://github.com/MoisesAlvrz/TrackFinder-App,after_2023
1120801420,techmanwalker/syrinc,Dedicated music lyrics metadata editor,2025-12-22T00:53:56Z,2026-01-14T08:12:23Z,0,0,C++,,https://github.com/techmanwalker/syrinc,after_2023
984676692,Kratagya12/SongFlix,Music Player with lyrics sync,2025-05-16T10:17:45Z,2026-03-30T18:34:56Z,0,0,JavaScript,,https://github.com/Kratagya12/SongFlix,after_2023
759192465,rumeysayuk/lyrics-music-app,,2024-02-17T22:36:43Z,2024-02-17T22:36:54Z,0,0,JavaScript,,https://github.com/rumeysayuk/lyrics-music-app,after_2023
742608681,Niko32/music-lyrics-analysis,Repository for a university project concerned with the analysis of topics and genres in musical lyrics,2024-01-12T21:26:22Z,2024-01-26T13:47:55Z,0,0,Jupyter Notebook,,https://github.com/Niko32/music-lyrics-analysis,after_2023
743614155,Andre-Anu/Music-Lyrics-Webpage,,2024-01-15T15:59:24Z,2024-01-15T15:59:52Z,0,0,CSS,,https://github.com/Andre-Anu/Music-Lyrics-Webpage,after_2023
929715461,MahimHossain04/Lyrics-Music-Trend,,2025-02-09T07:59:11Z,2025-02-09T08:01:30Z,0,0,Java,,https://github.com/MahimHossain04/Lyrics-Music-Trend,after_2023
805435087,El-Ku/music_lyrics_marker,Mark the beginning of the lyrics so that I can create video out of it. Or split the big file into multiple smaller files.,2024-05-24T15:07:20Z,2026-03-18T11:02:10Z,0,0,Python,,https://github.com/El-Ku/music_lyrics_marker,after_2023
1216619985,Jkaotlic/music-lyrics-service,"Synced lyrics fetcher for Navidrome/Subsonic libraries — LRCLib + Yandex.Music providers, Windows PowerShell + Synology Python variants",2026-04-21T04:42:12Z,2026-04-24T16:37:26Z,0,0,Python,,https://github.com/Jkaotlic/music-lyrics-service,after_2023
979484279,WarishaHassan21/Music_Lyrics_Generator,,2025-05-07T15:25:38Z,2025-05-07T15:30:24Z,0,0,Python,,https://github.com/WarishaHassan21/Music_Lyrics_Generator,after_2023
1185349996,quantumfrequencyrecords/suno-hub,Music style and lyrics system,2026-03-18T13:48:28Z,2026-03-18T19:13:24Z,0,0,HTML,,https://github.com/quantumfrequencyrecords/suno-hub,after_2023
751351423,chinern/-youtube-lyrics-music-detection-ai, youtube lyrics music detection ai,2024-02-01T12:46:32Z,2024-02-01T13:17:01Z,1,0,,,https://github.com/chinern/-youtube-lyrics-music-detection-ai,after_2023
1078909334,Aditya83tech/Music-Lyrics-Transcriber,,2025-10-18T17:21:27Z,2025-10-25T17:04:12Z,0,0,Python,,https://github.com/Aditya83tech/Music-Lyrics-Transcriber,after_2023
727198812,SomilAjmera/music-lyrics-analyzer,"A music lyrics analyzer is a tool or application designed to process and extract insights from song lyrics. Its primary purpose is to analyze the textual content of song lyrics and to derive  the type of music  like love,emotional etc.",2023-12-04T11:41:42Z,2023-12-04T12:16:44Z,1,0,Jupyter Notebook,,https://github.com/SomilAjmera/music-lyrics-analyzer,after_2023
858564157,avavatzanidis/KaggleMusicLyrics,"Classification task, did not go particularly well, reminded me to have a better overview of the data",2024-09-17T06:01:56Z,2024-09-17T06:02:46Z,0,0,Jupyter Notebook,,https://github.com/avavatzanidis/KaggleMusicLyrics,after_2023
1119922650,Tanishk-Pal/lyrics-music-player,,2025-12-20T05:33:35Z,2026-05-02T05:37:01Z,0,0,Python,,https://github.com/Tanishk-Pal/lyrics-music-player,after_2023
1019156033,meghpatel/music-lyrics-backend,,2025-07-13T21:31:15Z,2025-07-13T21:39:59Z,0,0,,,https://github.com/meghpatel/music-lyrics-backend,after_2023
1046957415,Atharvakumkar/Python-Music-Lyrics,This repository contains programs of different songs printing lyrics of them as they occur. The programs in this repository use time library to print the lyrics as they occur,2025-08-29T13:59:08Z,2026-02-08T16:20:34Z,0,0,Python,,https://github.com/Atharvakumkar/Python-Music-Lyrics,after_2023
780359406,coldousedbird/music-lyrics-matching,system for matching music and it's lyrics. result is subtitles for song.,2024-04-01T10:01:58Z,2024-06-18T14:47:21Z,0,0,Python,,https://github.com/coldousedbird/music-lyrics-matching,after_2023
965944897,YuriKodaka/musical-jp-lyrics,,2025-04-14T06:52:48Z,2025-06-30T05:52:26Z,0,0,SCSS,,https://github.com/YuriKodaka/musical-jp-lyrics,after_2023
688002294,kennarddh/react-music-lyrics,Generate Music Lyrics Slide With Customizable Background.,2023-09-06T12:56:16Z,2025-10-03T09:50:37Z,1,0,TypeScript,"javascript,lyrics,react,slides,slideshow,spotify,synced-lyrics,typescript",https://github.com/kennarddh/react-music-lyrics,after_2023
754480028,taoaran/PyMusicLyrics,PyMusicLyrics 是一个用 Python 重写的项目，旨在获取音乐的歌词。该项目原本使用 C# 编写，现在通过 Python 实现相同的功能。它提供了一种简单而有效的方式，让用户能够轻松地获取他们喜爱的音乐的歌词信息。,2024-02-08T06:16:54Z,2024-02-08T06:16:54Z,0,0,,,https://github.com/taoaran/PyMusicLyrics,after_2023
1067447142,AISpectra/music-lyrics-app,,2025-09-30T21:43:13Z,2025-10-14T20:32:00Z,0,0,JavaScript,,https://github.com/AISpectra/music-lyrics-app,after_2023
946931549,SimDevFlow/apple_music_lyrics,,2025-03-11T22:42:03Z,2025-03-14T14:47:31Z,0,0,JavaScript,,https://github.com/SimDevFlow/apple_music_lyrics,after_2023
1070797394,dongguacute/Video-Music-Lyrics,✨A browser plug-in that allows CC subtitles from mainstream video websites on the market to be displayed outside the browser window✨,2025-10-06T13:02:37Z,2025-10-06T14:21:31Z,1,0,JavaScript,,https://github.com/dongguacute/Video-Music-Lyrics,after_2023
1170741020,msrishav-28/lyra-music-lyrics,,2026-03-02T13:17:19Z,2026-03-03T13:06:05Z,0,0,TypeScript,,https://github.com/msrishav-28/lyra-music-lyrics,after_2023
853263658,samvit4/llm-music-lyrics,,2024-09-06T10:05:08Z,2025-12-14T16:51:54Z,0,0,Python,,https://github.com/samvit4/llm-music-lyrics,after_2023
886569576,Jessica7chen/NLP_Music_Lyrics,,2024-11-11T08:04:24Z,2024-11-11T08:05:20Z,0,0,R,,https://github.com/Jessica7chen/NLP_Music_Lyrics,after_2023
759358944,akshaykarthicks/Music_lyrics_api,"The project is for a music lyrics website using an API, with the front end developed using HTML, CSS, and JavaScript. ",2024-02-18T11:27:05Z,2025-05-28T05:04:33Z,1,0,HTML,,https://github.com/akshaykarthicks/Music_lyrics_api,after_2023
793644624,petertechy/Music-Lyrics-App,Added the initial HTML structure and basic JavaScript functionality for the Music Lyrics App. Users can input artist and song details to fetch and display lyrics from the Lyrics.ovh API.,2024-04-29T15:53:12Z,2024-05-01T14:07:27Z,0,0,JavaScript,,https://github.com/petertechy/Music-Lyrics-App,after_2023
834613595,IsaacGranciano/Assignment_Music_Lyrics,,2024-07-27T20:06:48Z,2024-07-27T20:07:12Z,0,0,CSS,,https://github.com/IsaacGranciano/Assignment_Music_Lyrics,after_2023
929703243,Samuelatem/music-lyrics-scrapper,,2025-02-09T07:12:45Z,2025-02-09T08:07:32Z,0,0,Python,,https://github.com/Samuelatem/music-lyrics-scrapper,after_2023
652540859,towet/music-lyrics-creator,create your own song with this powered ai tool,2023-06-12T09:27:40Z,2023-06-12T09:27:41Z,0,0,,,https://github.com/towet/music-lyrics-creator,after_2023
867871040,DovudTavarov/Music-Lyrics-App,,2024-10-04T22:30:08Z,2024-10-04T23:09:49Z,0,0,JavaScript,,https://github.com/DovudTavarov/Music-Lyrics-App,after_2023
954836226,1104Shubham1104/Musical-Lyrics-Generator,,2025-03-25T17:31:52Z,2025-03-25T17:32:40Z,0,0,JavaScript,,https://github.com/1104Shubham1104/Musical-Lyrics-Generator,after_2023
932042857,DuoDuoJuZi/CloudMusic-Lyrics,获取网易云音乐歌词,2025-02-13T09:17:14Z,2025-02-16T10:50:46Z,1,0,Python,,https://github.com/DuoDuoJuZi/CloudMusic-Lyrics,after_2023
911973906,Jluedy530/MusicVideoGeny,Creation of a music video through provided lyrics,2025-01-04T10:56:59Z,2025-01-04T10:57:00Z,0,0,,,https://github.com/Jluedy530/MusicVideoGeny,after_2023
1219435673,Tori0612/ccnp,musics lyrics and an hpls,2026-04-23T21:54:40Z,2026-04-23T21:56:26Z,0,0,,,https://github.com/Tori0612/ccnp,after_2023
668787805,Kajal13081/music_lyrics_app,,2023-07-20T15:33:13Z,2023-07-20T15:33:14Z,0,0,,,https://github.com/Kajal13081/music_lyrics_app,after_2023
843887065,Prince-Tee/Music-lyrics-generator,Through prompt engineering I was able to do this project,2024-08-17T18:08:18Z,2025-07-17T23:52:18Z,1,0,Python,,https://github.com/Prince-Tee/Music-lyrics-generator,after_2023
837526846,Branka19/Music_Language_Page,Learning languages through song lyrics.,2024-08-03T08:35:45Z,2024-08-17T16:14:09Z,0,0,HTML,,https://github.com/Branka19/Music_Language_Page,after_2023
910655966,axeltechtips-mirror/LyricSyncer,Effortlessly add lyrics to your music library!,2025-01-01T00:24:54Z,2026-01-14T18:46:53Z,0,0,,,https://github.com/axeltechtips-mirror/LyricSyncer,after_2023
735384852,ahmediblao1/VibeX,"advanced music player . With a modern homepage, fully-fledged music player, search, lyrics, song exploration features, search, popular music around you, worldwide top charts, and much more. ",2023-12-24T18:12:19Z,2025-04-13T13:19:48Z,3,0,JavaScript,,https://github.com/ahmediblao1/VibeX,after_2023
1215369004,Gbrvi/chain-lyrics,A music lyric generator using Markov Chains ,2026-04-19T20:29:43Z,2026-04-20T17:51:50Z,0,0,Python,,https://github.com/Gbrvi/chain-lyrics,after_2023
905559691,alexmuirurik/lyrics-app,A react-native application for music lyrics ,2024-12-19T04:37:59Z,2025-05-15T17:21:40Z,0,0,TypeScript,,https://github.com/alexmuirurik/lyrics-app,after_2023
1200488469,5c0r/TuiTunes,"Terminal music player & podcast client with YouTube Music, synced lyrics, podcast transcripts, 8 themes, and vim-style navigation. Built on OpenTUI + mpv.",2026-04-03T13:25:19Z,2026-04-29T02:38:51Z,3,0,TypeScript,"audio-player,bun,cli,jotai,lyrics,mpv,music-player,opentui,podcast,podcast-player,react,terminal,terminal-ui,tui,typescript,vim,youtube-music,yt-dlp",https://github.com/5c0r/TuiTunes,after_2023
1213788194,jacobbaron/lyricsync,Force-align lyrics to music videos → SRT + preview MP4,2026-04-17T19:04:16Z,2026-04-18T14:44:17Z,0,0,Python,,https://github.com/jacobbaron/lyricsync,after_2023
660568943,hitz782/Music-Player-System,"This is an Android Studio Application, It is an implementation of Music Player . The user can listen Music with basic pause play next previous options , The uniqueness of this music player is the Lyrics box that displays the lyrics of that song .",2023-06-30T09:53:44Z,2024-06-26T05:12:30Z,2,0,Java,"android-studio,java,media-player,mobile-application-development,music-player,music-player-with-lyrics",https://github.com/hitz782/Music-Player-System,after_2023
742969550,yellowsink/lyricsmatic,An automatic lyrics fetcher for your local music library.,2024-01-13T22:50:03Z,2024-01-13T22:50:09Z,0,0,Dart,,https://github.com/yellowsink/lyricsmatic,after_2023
1136728652,KrishnaSSH/lyriccli,CLI for fetching realtime lyrics for various players ,2026-01-18T08:32:48Z,2026-04-14T04:37:09Z,2,0,Python,"cli,cmus,lyrics,music,python,rich,terminal",https://github.com/KrishnaSSH/lyriccli,after_2023
1090674996,gentlyj/MusicL,A music player that can display lyrics in desktop,2025-11-06T01:40:16Z,2025-11-22T02:44:46Z,0,0,JavaScript,,https://github.com/gentlyj/MusicL,after_2023
783976931,MikeKruce/The-Music-Spotlight,"Music site to search music, videos and lyrics",2024-04-09T00:14:04Z,2024-04-17T00:09:30Z,0,1,JavaScript,,https://github.com/MikeKruce/The-Music-Spotlight,after_2023
1201649382,Metencephalonweesmallvoice815/LyricsBlossom,"Bring Apple Music-style lyrics, dynamic backgrounds, and animated covers to macOS and Windows with GPU acceleration",2026-04-05T00:53:06Z,2026-05-09T09:29:39Z,1,0,,"apple-music,audirvana,blog,client-server,dunst,fish,fzf,genius-api,lyrics,markdown,music,ncmpcpp,python,song,unix,urxvt,vim,zsh",https://github.com/Metencephalonweesmallvoice815/LyricsBlossom,after_2023
1009950564,KingGregggg/piano-lyrics-converter,turn vocals into piano sheet music,2025-06-28T03:10:55Z,2025-06-28T03:13:22Z,0,0,,,https://github.com/KingGregggg/piano-lyrics-converter,after_2023
1017881791,gweesin/mayday-lyrics-clock,A music clock with mayday songs.,2025-07-11T08:45:06Z,2025-07-13T08:31:39Z,0,0,TypeScript,,https://github.com/gweesin/mayday-lyrics-clock,after_2023
1081620279,hith4t/lyricso,A plasmoid that will show lyrics of playing music,2025-10-23T03:33:55Z,2025-10-23T03:35:55Z,0,0,,,https://github.com/hith4t/lyricso,after_2023
1036914172,Vishnu2412/lyrics-data-pull,Data Pull for the Music App,2025-08-12T19:14:32Z,2025-08-21T19:56:32Z,0,0,Python,,https://github.com/Vishnu2412/lyrics-data-pull,after_2023
635441731,phxgg/discord-music-bot,"A typical discord music bot with a track box, lyrics command, autocomplete, sharding and more. Made in Node.js",2023-05-02T17:48:08Z,2026-05-03T12:55:43Z,2,0,TypeScript,"autocomplete,bot,discord,discord-bot,lyrics,music-bot,music-player,typescript",https://github.com/phxgg/discord-music-bot,after_2023
994887590,LucioZanette/ytmusic-lyrics-selection,Enable Text Selection on YouTube Music,2025-06-02T16:27:02Z,2025-06-02T16:56:20Z,0,0,JavaScript,,https://github.com/LucioZanette/ytmusic-lyrics-selection,after_2023
869710008,vignesh-10/ai-assisted-music-production-app,An AI-assisted web application that generates song lyrics based on user input. Built with a Flutter frontend for user interaction and a Flask backend integrated with OpenAI's language model to create personalized lyrics. Deployed on Vercel.,2024-10-08T18:49:07Z,2025-11-24T09:26:51Z,2,1,Dart,,https://github.com/vignesh-10/ai-assisted-music-production-app,after_2023
619537813,suniln2000/Lyrics-generator,"If a music will take as input then will generate a lyrics/text file of that music, using NLP.",2023-03-27T10:40:43Z,2023-03-27T10:41:53Z,0,0,Jupyter Notebook,,https://github.com/suniln2000/Lyrics-generator,after_2023
641136205,mwansley/Genius_Music,Search for song lyrics via API,2023-05-15T21:20:35Z,2023-05-15T21:20:36Z,0,0,,,https://github.com/mwansley/Genius_Music,after_2023
1228179146,hocgin/music-mv,Lyrics + Audio + Background Image = Music Video,2026-05-03T17:42:15Z,2026-05-07T16:09:42Z,0,0,HTML,,https://github.com/hocgin/music-mv,after_2023
1107254677,boidushya/apple-music,Apple Music theme for Better Lyrics,2025-11-30T21:34:08Z,2026-04-07T13:25:50Z,1,0,CSS,,https://github.com/boidushya/apple-music,after_2023
828678177,mobisd/Spotify-Playlist-Downloader,"A Python script to download songs from Spotify playlists, embed metadata and lyrics, and save them as MP3 files with a user-friendly GUI.",2024-07-14T21:45:28Z,2026-02-24T13:17:07Z,6,2,Roff,"music,playlist-downloader,python,spoify-dl,spotify,spotify-downloader,spotify-playlist-downloader",https://github.com/mobisd/Spotify-Playlist-Downloader,after_2023
912543952,Shaarkymoo/Apollo,"Personal music progs - downloader, AI vibe segmentation, Lyrics workflow, codecs, file manipulation",2025-01-05T21:32:56Z,2026-05-07T06:39:36Z,2,0,Python,,https://github.com/Shaarkymoo/Apollo,after_2023
1199319088,ChristianHappyGo/tiny-music,ai music generator& ai lyrics generator,2026-04-02T08:32:18Z,2026-04-02T08:39:22Z,0,0,,"ai-lyrics-generator,ai-music,ai-music-generator",https://github.com/ChristianHappyGo/tiny-music,after_2023
802385252,sickboydroid/MusicKey,Learn typing by writing lyrics of your favourite song!!,2024-05-18T06:36:42Z,2024-08-23T04:01:12Z,0,0,JavaScript,,https://github.com/sickboydroid/MusicKey,after_2023
1111241515,rsu-Suba/SyncMusic,Sync lyrics in terminal like Portal,2025-12-06T14:58:33Z,2025-12-06T15:02:02Z,0,0,JavaScript,,https://github.com/rsu-Suba/SyncMusic,after_2023
1192120264,WimTenBrink/Noor-Music,Makes lyrics for the group 'Noor'.,2026-03-25T23:02:47Z,2026-04-14T17:34:13Z,0,0,TypeScript,,https://github.com/WimTenBrink/Noor-Music,after_2023
1138224848,Cey1anze/DesktopLyrics,Provide desktop lyrics display for any playing music,2026-01-20T11:57:13Z,2026-01-20T12:09:53Z,0,0,Python,,https://github.com/Cey1anze/DesktopLyrics,after_2023
750880500,faytranevozter/playlist-bot,"Telegram bot for YouTube Music with playlist management, lyrics, and collaborative voting",2024-01-31T14:05:16Z,2024-12-12T10:36:09Z,2,1,JavaScript,"chatbot,inline-query,music-automation,music-telegram-integration,nodejs,playlist-management,playlist-queue,prisma,puppeteer,telegraf,telegram-bot,youtube-music",https://github.com/faytranevozter/playlist-bot,after_2023
1201238580,jhyoun2028/Ytm_plain,"YT Music Lyrics v3 — Better Lyrics API, word-level sync",2026-04-04T12:01:08Z,2026-04-05T03:02:05Z,0,0,JavaScript,,https://github.com/jhyoun2028/Ytm_plain,after_2023
923871420,GustAdryan/search-for-song-lyrics,Site onde você pode buscar as letras de suas músicas favoritas!!,2025-01-29T01:01:56Z,2025-01-29T01:07:46Z,0,0,JavaScript,"lyrics,music",https://github.com/GustAdryan/search-for-song-lyrics,after_2023
1118832514,Kalmaegi/NowLyrics,Desktop lyrics app for Apple Music on macOS,2025-12-18T10:45:19Z,2026-01-04T03:04:15Z,1,0,Swift,,https://github.com/Kalmaegi/NowLyrics,after_2023
830846783,randomemer/lyrics-classification,Classification of music lyrics using fine tuned BERT,2024-07-19T06:02:32Z,2024-07-27T06:51:18Z,0,0,Jupyter Notebook,"bert,pytorch",https://github.com/randomemer/lyrics-classification,after_2023
1125806158,MFarhadA/YTSyncedLyrics,Browser Extension for Synced Lyrics on Youtube Music,2025-12-31T11:56:32Z,2025-12-31T23:49:17Z,0,0,JavaScript,,https://github.com/MFarhadA/YTSyncedLyrics,after_2023
916281638,franyatta/music-mcp,"A React component for looking up song lyrics, designed to be integrated with various lyrics APIs.",2025-01-13T19:49:16Z,2025-07-28T19:17:08Z,1,0,JavaScript,,https://github.com/franyatta/music-mcp,after_2023
884847732,AMDRadeonRX6750XT/web-lyrics,Synchronized lyrics with the music in the browser.,2024-11-07T13:53:09Z,2024-11-17T09:33:23Z,0,0,CSS,"small-projects,website",https://github.com/AMDRadeonRX6750XT/web-lyrics,after_2023
821826812,lobroc/player-lyrics,Fetch and display lyrics for your music automatically,2024-06-29T14:46:00Z,2025-08-21T11:36:39Z,0,0,Rust,,https://github.com/lobroc/player-lyrics,after_2023
1078602383,Wesleyelsew96/lyrics-generator,A collection of models that generate music lyrics,2025-10-18T02:59:17Z,2025-12-24T06:44:51Z,0,0,Python,,https://github.com/Wesleyelsew96/lyrics-generator,after_2023
1129362377,samir-saidi/lyrics-analysis,A project analysing lyrics of alternative music artists,2026-01-07T01:42:13Z,2026-01-27T13:54:58Z,0,0,Python,,https://github.com/samir-saidi/lyrics-analysis,after_2023
984257143,CSC105-2024/G20-MasterHasGivenDobbyA-PreHack-2025,Lyriverse the website for find your interest lyrics and create your lyrics!,2025-05-15T16:29:30Z,2025-05-26T22:00:30Z,0,0,TypeScript,"lyrics,music,typescript",https://github.com/CSC105-2024/G20-MasterHasGivenDobbyA-PreHack-2025,after_2023
1037931455,oluoko/ai-music-generator,"A SaaS application that generates original music using AI. The tool uses a state-of-the-art music generation model to create songs from simple text descriptions, custom lyrics or style prompts. It has user authentication, a credit-based payment system using Polar.sh and background processing queues to handle user load.  The services used are free.",2025-08-14T10:49:33Z,2026-01-31T11:54:17Z,0,2,TypeScript,,https://github.com/oluoko/ai-music-generator,after_2023
1001539774,scorchy38/spotify-lyrics,A simple FastAPI service that fetches synchronized lyrics from Spotify for hobby music apps that need real-time lyrics display.,2025-06-13T14:55:37Z,2025-06-13T16:06:39Z,0,0,Python,"lyrics,music,spotify",https://github.com/scorchy38/spotify-lyrics,after_2023
643054661,arumeidaaran/lyrics_app,Getting lyrics of listening music from Genius API.,2023-05-20T01:24:07Z,2025-03-03T03:58:59Z,1,0,PowerShell,,https://github.com/arumeidaaran/lyrics_app,after_2023
860208019,Ryan5453/music2art,Twitter bot that generates art based off song lyrics,2024-09-20T02:50:32Z,2024-09-20T05:25:53Z,0,0,Python,,https://github.com/Ryan5453/music2art,after_2023
776579245,CRonYii/lyrics-maid,Automatically fetch lyrics for your local music files,2024-03-23T22:24:03Z,2024-03-23T22:24:19Z,0,0,Python,,https://github.com/CRonYii/lyrics-maid,after_2023
812357898,LeNerd46/LyricSync,A program to help sync your music better,2024-06-08T16:54:34Z,2025-06-15T05:35:21Z,0,0,C#,,https://github.com/LeNerd46/LyricSync,after_2023
968211708,MangoCubes/ampterm,"TUI music player for your OpenSubsonic server! Vim keybinds, synced lyrics with variable speed support, customisable!",2025-04-17T17:33:38Z,2026-04-20T06:27:31Z,3,0,Rust,,https://github.com/MangoCubes/ampterm,after_2023
1129918830,laaacf/mp3-labeler,AI-Powered Music Metadata Tool - Automatic MP3 ID3 tag editor with lyrics and album cover support,2026-01-07T19:13:19Z,2026-03-06T21:07:19Z,3,0,Python,,https://github.com/laaacf/mp3-labeler,after_2023
1178436718,developdh/Music-Reels-Generator,A macOS desktop app for generating vertical music lyric videos (Reels / Shorts) from an existing music video file and lyrics.,2026-03-11T02:46:15Z,2026-05-08T03:26:00Z,2,0,Swift,"reels,reels-maker,reels-video-editor,shorts,shorts-maker,video-editing,video-editor",https://github.com/developdh/Music-Reels-Generator,after_2023
804061158,CodeName-Detective/Prompt-to-Song-Generation-using-Large-Language-Models,"This project uses LLMs to generate music from text by understanding prompts, creating lyrics, determining genre, and composing melodies. It harnesses LLM capabilities to create songs based on text inputs through a multi-step approach.",2024-05-21T22:04:00Z,2026-05-04T23:07:51Z,21,1,Jupyter Notebook,"deep-learning,deep-reinforcement-learning,flan-t5,genre-classification,llama3,llms,natural-language-processing,policy-gradient,rlhf,seq-to-seq,transformers",https://github.com/CodeName-Detective/Prompt-to-Song-Generation-using-Large-Language-Models,after_2023
1069715380,supermanfrontflip-boop/poetic-music-backend-,AI music and lyrics generation backend,2025-10-04T13:33:58Z,2025-10-13T20:22:27Z,0,0,JavaScript,,https://github.com/supermanfrontflip-boop/poetic-music-backend-,after_2023
1176707727,mj-sa-ma/desktop-lyrics-frontend,Desktop lyrics frontend for a music app,2026-03-09T09:44:43Z,2026-04-26T08:31:52Z,0,0,CSS,,https://github.com/mj-sa-ma/desktop-lyrics-frontend,after_2023
1099294918,JJeeff248/LyricFinder,Find lyrics for your music library,2025-11-18T20:24:52Z,2025-11-19T07:26:13Z,0,0,Python,"lyrics,music",https://github.com/JJeeff248/LyricFinder,after_2023
1088163809,HackAngel-xo/Lyrics-Card-Generator,Generate sharable And downloadable Music lyrics card,2025-11-02T12:51:34Z,2025-11-02T12:51:58Z,0,0,TypeScript,,https://github.com/HackAngel-xo/Lyrics-Card-Generator,after_2023
617514724,Imnotndesh/fetchMyLyrics,CLI tool to fetch your music lyrics,2023-03-22T14:49:58Z,2023-03-22T15:44:22Z,1,0,Python,"api,cli,python,terminal",https://github.com/Imnotndesh/fetchMyLyrics,after_2023
592896446,miqdadgithub/MarkovChain-Music,Using Markov Chain to represent relationships between words in song lyrics and then generating new lyrics,2023-01-24T19:11:21Z,2024-12-11T00:29:39Z,1,0,Python,,https://github.com/miqdadgithub/MarkovChain-Music,after_2023
1043466430,Wlczak/LyLink,LyLink is a multiplatform lyrics tracker that allows you to sync your lyrics live with the music you're listening to.,2025-08-23T23:14:50Z,2026-05-03T15:08:53Z,2,0,Twig,"lyrics,php,spotify",https://github.com/Wlczak/LyLink,after_2023
831766315,donatio3/jsm-lyrics-music-app,,2024-07-21T15:11:44Z,2024-07-21T17:47:05Z,0,0,JavaScript,,https://github.com/donatio3/jsm-lyrics-music-app,after_2023
1073293723,LockStockandalotofcode/turkish-lyrics-project,Learning data science through Turkish Music Analysis,2025-10-09T22:35:28Z,2025-10-10T00:44:13Z,0,0,Python,,https://github.com/LockStockandalotofcode/turkish-lyrics-project,after_2023
806991511,nalsai/TyphoonLyrics,🎧 Easily download .lrc lyrics for all your music.,2024-05-28T09:31:14Z,2025-11-24T12:59:13Z,0,0,HTML,,https://github.com/nalsai/TyphoonLyrics,after_2023
1106558727,btoresan/MusicalTopology,Study experiments of the topology of embedding space of lyrics,2025-11-29T13:49:08Z,2025-12-03T12:54:11Z,0,0,Python,,https://github.com/btoresan/MusicalTopology,after_2023
1120208488,patidarlalit001/search-music-by-lyrics-,,2025-12-20T17:59:28Z,2025-12-20T18:01:26Z,0,0,CSS,,https://github.com/patidarlalit001/search-music-by-lyrics-,after_2023
1071074622,Diggu07/Lyrica_Music_Lyrics_LIFE,"Lyrica is a web-based streaming app built with Python (Flask/Django) that offers music, podcasts, and audiobooks in one place. Users can create playlists, control playback, and explore nearby concert news. With an admin panel for management, it blends entertainment and learning through a customizable, self-hosted full-stack platform.",2025-10-06T20:39:20Z,2025-11-18T19:57:48Z,1,1,Python,,https://github.com/Diggu07/Lyrica_Music_Lyrics_LIFE,after_2023
992412815,Abdullah049Qaisrani/Music-fyi-Maker,Make song with your own lyrics ,2025-05-29T05:45:00Z,2025-05-29T05:45:04Z,0,0,,,https://github.com/Abdullah049Qaisrani/Music-fyi-Maker,after_2023
1120794700,porrr012/musicoset-hiphop-analysis,RStudio Project to Quantify Explicit Lyrics,2025-12-22T00:28:42Z,2026-01-15T06:54:55Z,0,0,R,"data-analysis,data-engineering,data-visualization,statistics,text-mining",https://github.com/porrr012/musicoset-hiphop-analysis,after_2023
656341587,lodricklawrence/Music_Lyrics_Management_System,"This is a fullstack project implemented using React.JS,Node.JS with express, RestAPI, Prisma ORM, PostgreSQL, CSS",2023-06-20T18:48:43Z,2023-07-01T20:16:01Z,0,0,JavaScript,,https://github.com/lodricklawrence/Music_Lyrics_Management_System,after_2023
941903133,stpf99/lyrics_midi_to_musicxml,,2025-03-03T08:47:30Z,2025-03-03T09:05:45Z,0,0,Python,,https://github.com/stpf99/lyrics_midi_to_musicxml,after_2023
720454082,BilalSardar009/Lyrics-Text_to_music,,2023-11-18T14:37:55Z,2026-01-29T19:46:10Z,0,0,Python,,https://github.com/BilalSardar009/Lyrics-Text_to_music,after_2023
783987174,Innovative-J/Music-Discovery-with-Lyrics,"Discover and enjoy music effortlessly with our app. Search for songs or artists on Spotify and get lyrics from MusiXMatch. Log in, search, select, and play your favorite tunes with ease. Effortlessly explore the world of music, with error handling for seamless user experience.",2024-04-09T00:54:21Z,2024-07-12T04:32:25Z,0,0,JavaScript,,https://github.com/Innovative-J/Music-Discovery-with-Lyrics,after_2023
749332413,ganeshperson/Music-Generator-using-Lyrics,,2024-01-28T09:11:42Z,2024-01-28T09:15:58Z,0,0,Python,,https://github.com/ganeshperson/Music-Generator-using-Lyrics,after_2023
1056335462,myfebbox-cmyk/apple-music-lyrics-viewer,,2025-09-13T21:43:19Z,2025-09-13T21:50:04Z,0,0,TypeScript,,https://github.com/myfebbox-cmyk/apple-music-lyrics-viewer,after_2023
1164928371,mahitmass/music_with_LYRICS-PREMIUM,music player with online lyrics fetching,2026-02-23T16:33:22Z,2026-04-14T13:14:11Z,0,1,JavaScript,,https://github.com/mahitmass/music_with_LYRICS-PREMIUM,after_2023
1041983880,Alisha-21-cloud/music-generator,"AI-powered music generation platform that creates songs from text, custom lyrics, and style prompts. Full-stack project with cutting-edge models, a modern web app, and community sharing. Built with Python, Next.js, and ACE-Step.",2025-08-21T09:58:54Z,2025-09-21T13:12:44Z,3,0,TypeScript,,https://github.com/Alisha-21-cloud/music-generator,after_2023
1151070151,edwardxiong2027/zipfs-law-music-lyrics,Analyzing Zipf's Law in 50 years of Billboard Hot 100 lyrics,2026-02-06T02:41:32Z,2026-02-11T17:40:28Z,0,0,Python,,https://github.com/edwardxiong2027/zipfs-law-music-lyrics,after_2023
731276111,gdfuraha/Music-Lyrics-Generation-ML,,2023-12-13T18:05:52Z,2023-12-19T18:30:42Z,0,0,HTML,,https://github.com/gdfuraha/Music-Lyrics-Generation-ML,after_2023
1223471719,Jay-Gould7/apple-music-lyrics-overlay,🎵 A Windows desktop overlay that displays real-time synced lyrics for Apple Music. Built with Electron + React.,2026-04-28T11:02:29Z,2026-04-28T11:14:25Z,0,0,TypeScript,,https://github.com/Jay-Gould7/apple-music-lyrics-overlay,after_2023
814815502,dugi888/music-and-lyrics-rs,Diploma Thesis project on recommender systems based on pre-collected data.,2024-06-13T19:04:22Z,2024-08-07T11:19:36Z,0,0,Python,,https://github.com/dugi888/music-and-lyrics-rs,after_2023
987615428,aum180/Lyrics-Based-Music-Recommender,A personalized music recommendation system using content-based filtering and deep learning.,2025-05-21T10:34:32Z,2025-05-21T11:23:40Z,0,0,,,https://github.com/aum180/Lyrics-Based-Music-Recommender,after_2023
1106751000,RuffTrigger/Music-Lyrics-MyMisery,A song i wrote about survival after the bombs fall.,2025-11-29T21:39:53Z,2025-12-01T17:59:11Z,0,0,,,https://github.com/RuffTrigger/Music-Lyrics-MyMisery,after_2023
818902820,mrbana69/MUSIC-AND-LYRICS-FINDER,,2024-06-23T07:53:01Z,2024-10-24T10:28:01Z,0,0,JavaScript,,https://github.com/mrbana69/MUSIC-AND-LYRICS-FINDER,after_2023
603246540,SuperSonicHub1/lyrics-analysis,A Semantic and Phonetic Analysis of Popular Music Lyrics,2023-02-17T23:45:39Z,2023-08-14T03:54:55Z,0,0,Python,"data-engineering,linguistics,lyrics,music,nlp,python",https://github.com/SuperSonicHub1/lyrics-analysis,after_2023
1147449880,Bluscream/SimpMusic.Lyrics.Client,A .NET client library for the SimpMusic Lyrics API,2026-02-01T19:02:57Z,2026-02-02T04:52:30Z,0,0,C#,,https://github.com/Bluscream/SimpMusic.Lyrics.Client,after_2023
1231775375,basis16/music-spectrum-lyrics-visualizer,,2026-05-07T09:20:11Z,2026-05-07T09:28:22Z,0,0,,,https://github.com/basis16/music-spectrum-lyrics-visualizer,after_2023
1085417534,sakurage398/song-lyrics-with-music,,2025-10-29T02:31:04Z,2025-10-29T02:38:37Z,0,0,Dart,,https://github.com/sakurage398/song-lyrics-with-music,after_2023
876400709,adityazzyyzz/MUSIC-PLAYER-WITH-LYRICS,,2024-10-21T22:53:47Z,2024-10-21T22:54:22Z,0,0,HTML,,https://github.com/adityazzyyzz/MUSIC-PLAYER-WITH-LYRICS,after_2023
1129963396,ankitha-rhemani/music-lyrics-app-2021,"Two Android apps built using Niotron, reaching 74.5K+ installs, maintained for 2 years and later responsibly sunset due to copyright considerations.",2026-01-07T20:47:38Z,2026-01-07T21:34:57Z,0,0,,,https://github.com/ankitha-rhemani/music-lyrics-app-2021,after_2023
940390272,warzonedghost/Music-vid-and-lyrics,"It is just a simple html file, nothing more about it but Im gonna upgrade it accordingly ",2025-02-28T04:59:37Z,2025-07-21T04:34:52Z,0,0,HTML,,https://github.com/warzonedghost/Music-vid-and-lyrics,after_2023
1049959277,mdsalahuddin99/Islamic-Music-Lyrics-Website,,2025-09-03T18:37:50Z,2025-12-27T16:17:07Z,0,0,TypeScript,,https://github.com/mdsalahuddin99/Islamic-Music-Lyrics-Website,after_2023
1045245566,gabrielsgaspar/music-lyrics-llm-analysis,"Pipeline for scrapping, cleaning and classifying data from music lyrics using LLMs, built as auxiliary code for ""Who Sings What? Gender and Racial Differences in U.S. Popular Songs"".",2025-08-26T21:45:13Z,2025-08-29T15:42:40Z,0,0,Python,,https://github.com/gabrielsgaspar/music-lyrics-llm-analysis,after_2023
1173717468,avivakahlon/music-lyrics-emotion-analysis,"NLP analysis of 3,999 popular song lyrics (1950–2020) examining emotional tone and thematic evolution across decades using sentiment analysis, LDA topic modeling, and GloVe word embeddings.",2026-03-05T17:12:46Z,2026-03-05T17:16:45Z,0,0,,,https://github.com/avivakahlon/music-lyrics-emotion-analysis,after_2023
917053109,tony11306/browser-music-lyrics-overlay,An overlay window that displays the current lyrics of the song you are playing in browser tab.,2025-01-15T09:08:53Z,2025-02-10T14:05:11Z,1,0,TypeScript,,https://github.com/tony11306/browser-music-lyrics-overlay,after_2023
956813955,kaw393939/suno-lyrics-music-generator,A Python application that generates song lyrics using Anthropic's Claude and creates music using the Suno API,2025-03-28T22:56:34Z,2025-03-29T00:56:01Z,0,1,Python,,https://github.com/kaw393939/suno-lyrics-music-generator,after_2023
1049568964,lthero-big/163MusicLyricsDownloader,网易云音乐歌词批量下载器,2025-09-03T07:09:09Z,2025-09-15T12:42:54Z,0,0,Python,,https://github.com/lthero-big/163MusicLyricsDownloader,after_2023
1154734753,shrirakshascs24-alt/music-lyrics-app-frontend,,2026-02-10T18:07:49Z,2026-02-10T18:08:47Z,0,0,,,https://github.com/shrirakshascs24-alt/music-lyrics-app-frontend,after_2023
644132398,bondanhertom/Top-chart-music-lyrics,,2023-05-22T22:20:42Z,2023-05-22T22:28:21Z,0,0,JavaScript,,https://github.com/bondanhertom/Top-chart-music-lyrics,after_2023
652541605,towet/music-lyricS-reator,create your own song with this powered ai tool,2023-06-12T09:29:30Z,2023-06-12T10:39:09Z,1,0,Python,,https://github.com/towet/music-lyricS-reator,after_2023
1220024629,kuan234/yt-music-floating-lyrics,,2026-04-24T13:17:22Z,2026-04-26T09:51:34Z,0,0,JavaScript,,https://github.com/kuan234/yt-music-floating-lyrics,after_2023
767956573,R3iwan/Music-Player-With-Lyrics,,2024-03-06T07:55:39Z,2024-03-06T07:57:09Z,0,0,CSS,,https://github.com/R3iwan/Music-Player-With-Lyrics,after_2023
1102400138,MoazMustafa-stack/Custom-music-lyrics-bar,,2025-11-23T11:52:24Z,2025-11-23T12:08:17Z,0,0,CSS,,https://github.com/MoazMustafa-stack/Custom-music-lyrics-bar,after_2023
1110469826,520Qiuyu/music-embed-lyrics-cover,音乐内嵌歌词封面工具,2025-12-05T08:39:04Z,2025-12-17T09:07:26Z,0,0,TypeScript,,https://github.com/520Qiuyu/music-embed-lyrics-cover,after_2023
930250801,jubatwain/lyrics-extractor,this python program extracts lyrics from music notes pdfs.,2025-02-10T10:27:49Z,2025-02-10T10:28:52Z,0,0,Python,,https://github.com/jubatwain/lyrics-extractor,after_2023
594857035,FujiwaraChoki/BeatLounge,A platform to search for music.,2023-01-29T20:56:42Z,2025-07-09T02:17:31Z,2,0,JavaScript,"html,javascript,lyrics,music,music-player",https://github.com/FujiwaraChoki/BeatLounge,after_2023
998964021,Ekeoma1/onebody-music-lyrics-api,,2025-06-09T14:26:48Z,2025-06-09T14:42:45Z,0,0,JavaScript,,https://github.com/Ekeoma1/onebody-music-lyrics-api,after_2023
832243014,rudra2833/PROJECT-Music-Lyrics-Finder,,2024-07-22T15:56:31Z,2025-09-24T05:38:54Z,0,0,CSS,,https://github.com/rudra2833/PROJECT-Music-Lyrics-Finder,after_2023
1038363523,jasper4ni/apple-music-lyrics-window,,2025-08-15T04:06:08Z,2025-08-15T04:06:08Z,0,0,,,https://github.com/jasper4ni/apple-music-lyrics-window,after_2023
797898470,agaparkg/music-lyrics-react-demo,,2024-05-08T17:42:21Z,2024-06-03T00:46:04Z,0,0,JavaScript,,https://github.com/agaparkg/music-lyrics-react-demo,after_2023
1130460226,Zenfox-690/yt-music-custom-lyrics,Local custom lyrics for YouTube Music (no data leaves device),2026-01-08T14:37:55Z,2026-01-08T15:06:02Z,0,0,JavaScript,,https://github.com/Zenfox-690/yt-music-custom-lyrics,after_2023
1112481200,lcozvle/desktop-lyrics,"🎵 Desktop lyrics for Apple Music on Windows. Auto-sync lyrics with smooth display, transparent overlay, and auto-start with Apple Music.",2025-12-08T17:25:05Z,2025-12-17T07:19:11Z,1,1,Python,,https://github.com/lcozvle/desktop-lyrics,after_2023
1127749429,VT00007/Al-lyrics-music-app,i am trying to create a music player which will translate song lyrics into english,2026-01-04T14:21:27Z,2026-01-04T14:24:34Z,0,0,,,https://github.com/VT00007/Al-lyrics-music-app,after_2023
653906484,Bazzz172513/guessing-lyrics-music-game,,2023-06-15T02:10:46Z,2023-06-15T02:13:10Z,0,0,Python,,https://github.com/Bazzz172513/guessing-lyrics-music-game,after_2023
845551520,rubenalves-dev/vue-music-lyrics-app,,2024-08-21T13:20:15Z,2024-08-21T18:52:02Z,0,0,,,https://github.com/rubenalves-dev/vue-music-lyrics-app,after_2023
1081715952,mnnnmnnmnnn/apple-music-ish-lyrics,,2025-10-23T07:25:00Z,2025-10-23T07:25:04Z,0,0,,,https://github.com/mnnnmnnmnnn/apple-music-ish-lyrics,after_2023
1113780832,Kulux241/YT-Music-Lyrics-Databse,,2025-12-10T13:05:27Z,2026-01-10T17:04:04Z,0,0,,,https://github.com/Kulux241/YT-Music-Lyrics-Databse,after_2023
1043187206,sonawanekavita01/AI-Music-Lyrics-Generator,"🚀 AI Music Lyrics Generator – An AI-powered tool that creates original lyrics, rhythm patterns, and chord progressions based on your theme. Built with Python, OpenAI/OpenRouter, Gradio, and gTTS, it provides structured verses & choruses along with audio narration. Perfect for songwriters & music creators",2025-08-23T10:17:40Z,2025-08-29T02:32:59Z,1,0,Jupyter Notebook,,https://github.com/sonawanekavita01/AI-Music-Lyrics-Generator,after_2023
1095101254,pablowinck/poc-music-lyrics-search,,2025-11-12T15:38:31Z,2025-11-12T15:40:56Z,0,0,HTML,,https://github.com/pablowinck/poc-music-lyrics-search,after_2023
1144498353,Feli021/Searcher-of-lyrics-musics,,2026-01-28T18:37:07Z,2026-02-03T20:31:43Z,0,0,Python,,https://github.com/Feli021/Searcher-of-lyrics-musics,after_2023
791539398,edu-wmv/apple-music-lyrics-api,,2024-04-24T22:38:55Z,2026-03-23T17:28:56Z,0,0,Python,,https://github.com/edu-wmv/apple-music-lyrics-api,after_2023
994662093,Ramsankar06/music-lyrics-finder-react,,2025-06-02T09:36:16Z,2025-06-02T09:38:44Z,0,0,JavaScript,,https://github.com/Ramsankar06/music-lyrics-finder-react,after_2023
1154730106,shrirakshascs24-alt/music-lyrics-app-backend,,2026-02-10T18:01:43Z,2026-02-10T18:03:13Z,0,0,JavaScript,,https://github.com/shrirakshascs24-alt/music-lyrics-app-backend,after_2023
1108416986,sunwookim05/C-Music-Lyrics-Sync,,2025-12-02T12:24:01Z,2025-12-23T07:35:26Z,1,0,,,https://github.com/sunwookim05/C-Music-Lyrics-Sync,after_2023
946593781,liel2544/Lyrics-Generation-With-Music,"Deep learning project for automatic song lyrics generation using LSTM and MIDI features. Combines Word2Vec embeddings and musical context to generate context-aware lyrics. Includes training pipeline, preprocessing, evaluation, and lyric generation via top-k sampling.",2025-03-11T11:36:25Z,2025-03-11T12:04:50Z,0,0,Jupyter Notebook,,https://github.com/liel2544/Lyrics-Generation-With-Music,after_2023
952658771,Praveen978/music_lyrics_search_engine,,2025-03-21T16:47:15Z,2025-03-21T17:12:55Z,0,0,,,https://github.com/Praveen978/music_lyrics_search_engine,after_2023
757647270,NotoriousArnav/ytrelayapi,A Simple API to include YT Music support in your Application.,2024-02-14T19:32:59Z,2024-02-15T07:28:06Z,1,2,Python,"begginer-friendly,flask,lyrics,onrender,simple-project,youtube,youtube-api,youtube-music,youtube-music-api,ytmusicapi",https://github.com/NotoriousArnav/ytrelayapi,after_2023
986689114,AksharDP/Youtube-Music-Popout-Lyrics,,2025-05-20T01:44:11Z,2025-05-20T01:44:15Z,0,0,,,https://github.com/AksharDP/Youtube-Music-Popout-Lyrics,after_2023
1087122724,heijosora/yt-music-lyrics-select,re-enable text selection and copying for lyrics on youtube music,2025-10-31T12:14:36Z,2025-10-31T12:14:49Z,0,0,JavaScript,,https://github.com/heijosora/yt-music-lyrics-select,after_2023
1207664938,NebulaLumino/ai-sacred-music-lyrics,,2026-04-11T08:25:15Z,2026-04-11T08:25:33Z,0,0,TypeScript,,https://github.com/NebulaLumino/ai-sacred-music-lyrics,after_2023
1199224708,NebulaLumino/ai-music-lyrics-generator,,2026-04-02T06:39:18Z,2026-04-02T06:39:24Z,0,0,TypeScript,,https://github.com/NebulaLumino/ai-music-lyrics-generator,after_2023
979071186,yusufdere55/music-player-with-lyrics,,2025-05-07T00:33:45Z,2025-05-07T14:32:30Z,0,0,JavaScript,,https://github.com/yusufdere55/music-player-with-lyrics,after_2023
913194423,TonyYu02/apple-music-lyrics-spider,,2025-01-07T08:05:03Z,2025-03-09T04:15:53Z,0,0,Python,,https://github.com/TonyYu02/apple-music-lyrics-spider,after_2023
858902517,xsndvl/Lyrics-Search-Music-App,A React Native application that retrieves song lyrics as well as has other basic music features.,2024-09-17T18:21:37Z,2024-09-17T18:46:57Z,0,0,TypeScript,,https://github.com/xsndvl/Lyrics-Search-Music-App,after_2023
889219477,Ranvirsv/Emotion_Analysis_Music-Lyrics," This project explores the alignment of emotions between music and lyrics by leveraging MuLan embeddings, a joint audio-language embedding model",2024-11-15T21:00:59Z,2024-12-04T04:28:07Z,0,0,Jupyter Notebook,,https://github.com/Ranvirsv/Emotion_Analysis_Music-Lyrics,after_2023
789073793,Chandan6005/synced_lyrics_music_player,,2024-04-19T16:53:50Z,2024-04-19T20:04:57Z,0,0,HTML,,https://github.com/Chandan6005/synced_lyrics_music_player,after_2023
771342036,XSKW11111/Music_lyrics_to_video,,2024-03-13T05:53:08Z,2025-01-10T07:40:10Z,0,0,,,https://github.com/XSKW11111/Music_lyrics_to_video,after_2023
588763278,StavanGandhi30/GetLyricsFromMusic,,2023-01-13T23:48:51Z,2023-01-13T23:49:26Z,0,0,Jupyter Notebook,,https://github.com/StavanGandhi30/GetLyricsFromMusic,after_2023
1004525365,prachis05/lyrics-mood-music-recommender,,2025-06-18T19:03:29Z,2025-06-19T04:35:59Z,0,0,Jupyter Notebook,,https://github.com/prachis05/lyrics-mood-music-recommender,after_2023
1010240694,Oramaak/JP-Music-Lyrics-JLPT,For scraping Japanese music lyrics and converting them to JLPT levels.,2025-06-28T16:45:14Z,2025-07-03T19:33:59Z,0,0,JavaScript,,https://github.com/Oramaak/JP-Music-Lyrics-JLPT,after_2023
689255081,cisco100/LyricsMatch,Find music lyrics with either artist name and song title or just some known lyrics with or without the artist name,2023-09-09T08:33:22Z,2024-07-14T11:11:30Z,1,0,Python,,https://github.com/cisco100/LyricsMatch,after_2023
644962317,HamzaGhraoui/Music-Lyrics-Emotion-Detection,Music Lyrics Emotion Detection using a Bi-LSTM (Bidirectional Long Short-Term Memory) model is an approach that leverages natural language processing techniques to analyze and predict the emotional content conveyed by the lyrics of a song.,2023-05-24T16:04:56Z,2023-05-24T16:06:32Z,0,0,Jupyter Notebook,,https://github.com/HamzaGhraoui/Music-Lyrics-Emotion-Detection,after_2023
929129625,Clypus/Lyrify,"Lyrify is a simple desktop app that displays song lyrics as a dynamic wallpaper. It syncs lyrics with your music using LRC files, providing a unique way to enjoy your favorite songs.",2025-02-07T21:29:08Z,2025-12-17T20:33:56Z,4,0,,,https://github.com/Clypus/Lyrify,after_2023
1217627355,xxgg121/ter-music-rust,"一个简洁实用的终端音乐播放器，使用 Rust 实现，支持本地/网络歌曲搜索下载、自动下载歌词显示，主题切换等功能，支持Windows、Linux、MacOS系统。 A simple and practical terminal-based music player, implemented in Rust, featuring functions such as local/network song search and download, automatic display of lyrics, comment viewing, language and theme switching, and support for Windows, Linux, and MacOS systems.",2026-04-22T04:22:11Z,2026-05-09T09:58:38Z,7,0,Rust,"music,player,tui",https://github.com/xxgg121/ter-music-rust,after_2023
801793932,Ingwalde/Find-Music-Bot,"Telegram bot for finding music via Deezer API with track cards, album covers, favorites, search history, pagination and Genius lyrics links",2024-05-16T23:41:34Z,2026-05-07T11:04:45Z,2,0,Python,"deezer-api,lyricsgenius,music-bot,python,sqlite,telegram-bot",https://github.com/Ingwalde/Find-Music-Bot,after_2023
1135098790,sushanka-khadka/Music-Player,Music Player with synced lyrics using django,2026-01-15T16:27:57Z,2026-01-20T09:05:22Z,0,0,Python,,https://github.com/sushanka-khadka/Music-Player,after_2023
1066786520,zenlm/zen-musician,Zen Musician 7B - Music generation from lyrics,2025-09-30T00:52:05Z,2026-02-28T03:11:49Z,0,0,Python,,https://github.com/zenlm/zen-musician,after_2023
1097251985,Festus-123/music-application,"stream, read about and get song lyrics",2025-11-15T20:22:14Z,2025-11-16T07:19:25Z,0,0,JavaScript,,https://github.com/Festus-123/music-application,after_2023
723314961,huyratio5998/ratio-music,"clean architecture, get song information(author, lyrics, ..)",2023-11-25T09:19:56Z,2024-01-11T08:20:19Z,0,0,C#,,https://github.com/huyratio5998/ratio-music,after_2023
1076983950,TUNELINEMUSIC/tunelinemusic.github.io,Official lyrics & Music project by Nur Alam | Tuneline Music,2025-10-15T15:58:59Z,2025-10-16T03:05:46Z,0,0,HTML,,https://github.com/TUNELINEMUSIC/tunelinemusic.github.io,after_2023
942954892,mp3pintyo/DiffRhythm,AI-based music generation from lyrics,2025-03-05T00:19:58Z,2025-09-02T14:46:14Z,1,1,Python,,https://github.com/mp3pintyo/DiffRhythm,after_2023
968695019,Flamme-VRM/WebScrapper,Very simple webscrapper for music lyrics,2025-04-18T14:59:50Z,2026-02-25T16:52:22Z,1,0,Python,,https://github.com/Flamme-VRM/WebScrapper,after_2023
1116460581,pssambila-maker/EST-Lyric-Pro,create music from lyrics and genre,2025-12-14T22:30:17Z,2025-12-14T22:30:17Z,0,0,,,https://github.com/pssambila-maker/EST-Lyric-Pro,after_2023
776911082,HCK-git/Music-genres-classification-clasterzation,Clusterize and classify lyrics by genres,2024-03-24T19:27:30Z,2024-03-24T19:29:18Z,0,0,Jupyter Notebook,,https://github.com/HCK-git/Music-genres-classification-clasterzation,after_2023
1002530822,Async-NickL/SoundSpectrum,Transforms music lyrics into scientific visualizations,2025-06-15T17:04:56Z,2026-01-02T16:06:20Z,1,0,JavaScript,,https://github.com/Async-NickL/SoundSpectrum,after_2023
639823243,edd-ie/Lyrify,A music details and lyrics app,2023-05-12T09:59:45Z,2023-05-13T22:09:25Z,0,0,JavaScript,,https://github.com/edd-ie/Lyrify,after_2023
1050201694,Suraj-codes1410/FirstDjangoProject,A music System with a lyrics ,2025-09-04T05:14:17Z,2025-09-04T05:18:51Z,0,0,Python,,https://github.com/Suraj-codes1410/FirstDjangoProject,after_2023
795244601,drunknbass/ACapella,Lyrics Viewer inspired by Apple Music,2024-05-02T21:47:59Z,2024-05-02T21:48:03Z,0,0,,,https://github.com/drunknbass/ACapella,after_2023
1150342372,Sayakalouis/SonicWave,SonicVault — Music Library & Lyrics Management App,2026-02-05T06:54:22Z,2026-02-11T05:07:30Z,0,1,JavaScript,,https://github.com/Sayakalouis/SonicWave,after_2023
1186915119,MetalComic/Voca-Lyrics-Addon,A side panel browser addon that shows song lyrics while you listen to music on YouTube and other music platforms.,2026-03-20T06:01:13Z,2026-03-20T06:16:48Z,0,0,TypeScript,,https://github.com/MetalComic/Voca-Lyrics-Addon,after_2023
868491374,snlucas/song-quotes,Website to display music lyrics quotes.,2024-10-06T14:19:35Z,2024-10-06T14:19:39Z,0,0,,,https://github.com/snlucas/song-quotes,after_2023
818058936,gilangarito/A7X_LIBAD_sentiment_analysis_in_lyrics,Get sentiment analysis in music lyrics.,2024-06-21T02:39:25Z,2024-08-24T16:31:52Z,0,0,HTML,,https://github.com/gilangarito/A7X_LIBAD_sentiment_analysis_in_lyrics,after_2023
743118016,lovelyscientist/music-genre-classifier-by-lyrics,🎶 Music lyrics classification into genres,2024-01-14T11:44:59Z,2024-03-18T20:57:59Z,0,0,Jupyter Notebook,,https://github.com/lovelyscientist/music-genre-classifier-by-lyrics,after_2023
711582184,bugbrekr/lyric_overlay,Lyrics overlay for your music player,2023-10-29T17:47:33Z,2023-10-29T18:36:31Z,1,0,Python,,https://github.com/bugbrekr/lyric_overlay,after_2023
1136615444,FranciscoAVZ/flores-amarillas-main,Animated flowers project with music lyrics,2026-01-18T02:28:20Z,2026-01-18T04:49:10Z,0,0,CSS,,https://github.com/FranciscoAVZ/flores-amarillas-main,after_2023
821333780,ffokkoff/puphymn-activity,WebDev Activity | sync lyrics to music,2024-06-28T09:59:34Z,2024-06-28T10:09:19Z,0,0,HTML,,https://github.com/ffokkoff/puphymn-activity,after_2023
698984323,Vicba/NLP-lyrics-genre,A NLP project where I try to classify lyrics into pop or rap,2023-10-01T15:27:07Z,2023-10-01T15:29:25Z,0,0,Jupyter Notebook,"music,nlp,python",https://github.com/Vicba/NLP-lyrics-genre,after_2023
607831615,Euro-pol/random-spotify-lyrics,Get random spotify lyrics from your recent songs,2023-02-28T19:08:33Z,2024-04-26T15:04:04Z,0,0,Python,"lyrics,music,spotify",https://github.com/Euro-pol/random-spotify-lyrics,after_2023
1182495130,Icehawk77/la99y-site,Lassy Music poèmes Lyrics Hip Hop  ,2026-03-15T15:46:56Z,2026-03-15T16:09:24Z,0,0,TypeScript,,https://github.com/Icehawk77/la99y-site,after_2023
1099714366,ambarin-20/long-distance-love,Website with music and animated lyrics,2025-11-19T10:55:07Z,2025-11-19T11:16:55Z,0,0,JavaScript,,https://github.com/ambarin-20/long-distance-love,after_2023
1122489752,nevin33/Deep_Learning_genre_classification,Classifying music Genres by the lyrics,2025-12-24T21:08:34Z,2025-12-25T15:40:40Z,0,0,Python,,https://github.com/nevin33/Deep_Learning_genre_classification,after_2023
1039026764,oyootomdna/gospel-lyrics-platform,Gospel Music Platform with Pesapal Payment on cloudflare,2025-08-16T10:17:39Z,2025-08-26T09:31:38Z,0,0,Batchfile,,https://github.com/oyootomdna/gospel-lyrics-platform,after_2023
929274161,Fabio42-sys/musicPlayer,An project to create an music player with lyrics and more!,2025-02-08T06:44:03Z,2025-02-08T09:11:18Z,0,0,HTML,,https://github.com/Fabio42-sys/musicPlayer,after_2023
1227869007,momin-AM/musicApp,a local music player that fetches lyrics and displays them (vibeCoded),2026-05-03T09:23:35Z,2026-05-03T10:12:15Z,0,0,Python,,https://github.com/momin-AM/musicApp,after_2023
618817894,hasanerdemak/NLP-Music-Genre-Classification,Music Genre Classification with Turkish Lyrics,2023-03-25T12:50:50Z,2023-07-21T20:34:39Z,0,0,Jupyter Notebook,"bert-embeddings,bert-fine-tuning,bert-model,bi-lstm,classification,fasttext,fasttext-embeddings,jupyter-notebook,machine-learning,natural-language-processing,nlp,python,song-lyrics",https://github.com/hasanerdemak/NLP-Music-Genre-Classification,after_2023
877972920,JulyWitch/Dururu,"Dururu is a simple and modern music player for Subsonic servers. It lets you stream your music library effortlessly, with a clean design and all the features you need, like playlists, lyrics, and a queue manager. Built with Flutter, it’s fast and easy to use.",2024-10-24T14:58:38Z,2025-12-01T00:14:18Z,15,1,Dart,"flutter-music-player,music,music-app,music-player,music-streaming,navidrome,navidrome-client,subsonic,subsonic-client",https://github.com/JulyWitch/Dururu,after_2023
1187431878,jgopika05/lyrics-player-python,Lyrics player with music and animations using Python,2026-03-20T18:06:51Z,2026-03-20T18:13:01Z,0,0,,,https://github.com/jgopika05/lyrics-player-python,after_2023
771683240,Foxenz/MusicQuiz,Quiz musical comportant plusieurs mini jeux (Guess the lyrics - Blind Test),2024-03-13T18:51:07Z,2024-07-01T08:02:05Z,0,0,Vue,,https://github.com/Foxenz/MusicQuiz,after_2023
890505769,jordanoboyle/LyricalSearch,An application for searching music lyrics. ,2024-11-18T17:25:33Z,2024-11-18T20:39:56Z,0,0,JavaScript,,https://github.com/jordanoboyle/LyricalSearch,after_2023
669858282,athachai29/chordhub,Professional musician platforms.,2023-07-23T16:53:07Z,2024-05-22T14:32:06Z,2,0,Vue,"chords,lyrics,music,productivity",https://github.com/athachai29/chordhub,after_2023
820910192,EGumus798/Lyrics-App,"free music listening app. Developed with React.(Tailwind, Redux, RapidAPI)",2024-06-27T12:24:45Z,2024-06-28T21:39:55Z,0,0,JavaScript,,https://github.com/EGumus798/Lyrics-App,after_2023
991318878,stephen-a2z/dynamic-lyrics-player,dynamic lyrics,2025-05-27T12:56:26Z,2025-05-27T15:52:54Z,0,0,JavaScript,"lyrics,music,react,visualization,vite,webapp",https://github.com/stephen-a2z/dynamic-lyrics-player,after_2023
1209079043,locflamedia/lyrics-commit,Random Vietnamese song lyrics — like whatthecommit but with Vietnamese music,2026-04-13T04:27:41Z,2026-04-13T04:57:56Z,0,0,JavaScript,,https://github.com/locflamedia/lyrics-commit,after_2023
1141359716,shereenbajaj17/Spotify-lyrics-audio-embeddings,Semantic music search using lyrics + audio embeddings,2026-01-24T18:06:40Z,2026-01-26T08:34:53Z,0,0,Jupyter Notebook,,https://github.com/shereenbajaj17/Spotify-lyrics-audio-embeddings,after_2023
960804876,Brayandlczz/Learn-W.Music,Platform to learn english with songs lyrics ,2025-04-05T05:22:11Z,2025-04-05T05:24:05Z,0,0,JavaScript,,https://github.com/Brayandlczz/Learn-W.Music,after_2023
1116927310,DawnLiExp/Me2Tune,"A macOS local music player with vinyl animations, mini player, and synced lyrics.",2025-12-15T15:23:35Z,2026-05-01T07:59:23Z,2,0,Swift,"lyrics,macos,mp3-player,music-player,swift,vinyl",https://github.com/DawnLiExp/Me2Tune,after_2023
1067694313,15M0J/Lyrics-Translator-Lyrics-,"A simple Next.js prototype that syncs lyrics with music playback, with the ability to toggle between original and translated lyrics.",2025-10-01T08:43:30Z,2026-04-17T20:36:52Z,0,0,TypeScript,,https://github.com/15M0J/Lyrics-Translator-Lyrics-,after_2023
948397657,vinodvk00/lyrics,"🎵 Test your music knowledge with AI-generated lyric snippets! Guess song titles, build streaks, and compete for high scores in this fun web game. Try it now.",2025-03-14T09:11:45Z,2025-03-19T08:05:20Z,0,0,JavaScript,"ai,express,gemini-api,nodejs,reactjs",https://github.com/vinodvk00/lyrics,after_2023
1130192857,ryo356/music-card-maker,Create Spotify-like music cards with lyrics,2026-01-08T06:52:16Z,2026-01-08T07:59:48Z,0,0,HTML,,https://github.com/ryo356/music-card-maker,after_2023
715022509,sBeginn/Lyrics-to-Video-Generator,Generator to create music video from lyrics,2023-11-06T10:23:56Z,2024-01-22T11:14:48Z,1,0,Python,,https://github.com/sBeginn/Lyrics-to-Video-Generator,after_2023
698560141,narayanagung/mashimaro-tv,Spotify-ish song lyrics in web form,2023-09-30T09:24:54Z,2025-05-09T06:00:10Z,0,0,HTML,"html-css-javascript,music",https://github.com/narayanagung/mashimaro-tv,after_2023
1103471535,BitsJayMehta173/FloatSpotify,Floating Spotify Lyrics,2025-11-24T23:14:11Z,2026-03-24T07:03:02Z,0,0,HTML,"desktop-application,lyrics,music,spotify,wpf-application",https://github.com/BitsJayMehta173/FloatSpotify,after_2023
790947123,rayuduroshan/MusicClassficationNLP,Automated Tagging of music data based lyrics using Natural language processing,2024-04-23T20:16:37Z,2024-05-07T13:39:26Z,0,0,Jupyter Notebook,,https://github.com/rayuduroshan/MusicClassficationNLP,after_2023
995756391,blakelymfour/LyricSensei,lyric analytics built in replit,2025-06-04T01:00:47Z,2025-06-04T17:54:43Z,0,0,TypeScript,"analytics,consumer,mobile,music",https://github.com/blakelymfour/LyricSensei,after_2023
723202195,Hy0tic/lyrics-game-api,Song lyrics Server,2023-11-24T23:33:08Z,2023-12-08T07:02:49Z,0,0,C#,"csharp,dotnet,game,music,restapi",https://github.com/Hy0tic/lyrics-game-api,after_2023
834178449,pibarel27/Chingu-Lyrics,"This project is a feature-rich music-lyrics player built using ReactJS, designed to provide users with a seamless and immersive music listening experience. The core functionality of the music player includes play, pause, next, previous and Guitar Chords track controls,.",2024-07-26T15:33:55Z,2024-07-26T17:23:18Z,0,0,JavaScript,,https://github.com/pibarel27/Chingu-Lyrics,after_2023
1227440051,gatsby-sec/Pixelle-Music,AI music engine: theme/mood → lyrics → melody → arrangement,2026-05-02T17:27:25Z,2026-05-02T17:32:52Z,0,0,Python,,https://github.com/gatsby-sec/Pixelle-Music,after_2023
988373031,dhananjay-k-s/Local_music_player,Local music player with lyrics and organization,2025-05-22T13:00:59Z,2025-05-27T06:19:52Z,0,0,Dart,,https://github.com/dhananjay-k-s/Local_music_player,after_2023
907067508,aneeshcheriank/Music-Classification-Rust,Classify lyrics using HF model in Rust,2024-12-22T18:06:25Z,2024-12-23T21:46:53Z,0,0,Rust,,https://github.com/aneeshcheriank/Music-Classification-Rust,after_2023
955756768,coolwishon/lyricsspeedtest,Paste ur favourite music lyrics and rewrite the text as quickly as possible,2025-03-27T06:32:31Z,2025-03-27T06:47:00Z,0,0,Python,python,https://github.com/coolwishon/lyricsspeedtest,after_2023
703795994,michealcoleyoung/lyrics-api,"The Lyric Findr Flask App is a Flask web application that allows users to easily access lyrics for songs by providing either the artist's name, the song title, or both. With its simple interface and robust error handling, this app provides a seamless experience for music enthusiasts to explore and enjoy song lyrics.",2023-10-12T00:06:04Z,2024-08-09T16:43:18Z,0,0,Python,"azlyrics,flask,lyrics,music",https://github.com/michealcoleyoung/lyrics-api,after_2023
993731422,sonisumit7904/LyricsFloat_Desktop_Releases,LyriFloat is a desktop application that displays real-time synchronized lyrics for the music you're playing on Spotify. ,2025-05-31T11:58:26Z,2025-06-10T13:29:24Z,1,0,TypeScript,,https://github.com/sonisumit7904/LyricsFloat_Desktop_Releases,after_2023
1014315431,LRriver/MCP-MusicFlow,"This project aims to achieve an automated pipeline for music creation, using LLMs to generate lyrics and integrating MCP to invoke models like ACE-Step for vocal performance, producing musical works entirely created by AI.",2025-07-05T13:27:22Z,2025-09-11T21:15:10Z,2,0,Python,,https://github.com/LRriver/MCP-MusicFlow,after_2023
953115949,Kisaragilice/pythonMusic,play music and lyrics with python in Termux,2025-03-22T15:53:50Z,2025-03-23T04:12:10Z,0,0,Python,,https://github.com/Kisaragilice/pythonMusic,after_2023
652383595,Furyforev3r/Wilbur-Lyrics,"Every 2 minutes, it sends a notification of a random part of a song from the E-Girl Trilogy (I'm in love with an egirl, Your new boyfriend, Interned has ruined me) by Wilbur Soot or a part of a song from Lovejoy!",2023-06-12T00:44:15Z,2023-06-27T14:08:31Z,1,0,Python,"music,notification,python,wilbur-soot",https://github.com/Furyforev3r/Wilbur-Lyrics,after_2023
933797242,roxeg12/LyricsEmotionAnalyzer,"Visualizing the emotional story behind music albums through lyric analysis and emotion detection. Features album emotion plots, heatmaps, and album comparison metrics.",2025-02-16T17:57:49Z,2025-02-18T06:29:27Z,0,0,Python,,https://github.com/roxeg12/LyricsEmotionAnalyzer,after_2023
1034935668,flyjavi82-API/lyricscope-ai-prototype,AI-powered music risk analysis for professional content creators,2025-08-09T09:49:04Z,2025-08-09T10:10:17Z,0,1,,,https://github.com/flyjavi82-API/lyricscope-ai-prototype,after_2023
1082188832,JayKobeS/SpotifyLyrics,"App in Python, which show you lyrics of music currently playing",2025-10-23T21:37:20Z,2025-10-23T22:25:35Z,0,0,Python,,https://github.com/JayKobeS/SpotifyLyrics,after_2023
1106236168,neogib/lyrics-fetcher,Automatically fetch synced lyrics for your local music library 🎵✨,2025-11-28T21:29:02Z,2025-11-29T17:23:11Z,0,0,Python,"lrclib,lyrics,lyrics-fetcher,python,python3,tinytag",https://github.com/neogib/lyrics-fetcher,after_2023
1191394349,liu-xiaoran/music-separation,"AI Music separation: accompaniment, instruments, vocals, lyrics, etc.",2026-03-25T07:43:20Z,2026-04-15T16:11:37Z,1,0,Python,,https://github.com/liu-xiaoran/music-separation,after_2023
603878569,DaneMarc/lyrics-model,The lyrics model for a multi-modal music emotion recognition system,2023-02-19T20:32:48Z,2024-05-15T08:24:25Z,1,0,Python,,https://github.com/DaneMarc/lyrics-model,after_2023
931023752,Arindam456/music-app,This is a simple music lyrics site code.,2025-02-11T15:45:50Z,2025-02-11T15:50:41Z,0,0,HTML,,https://github.com/Arindam456/music-app,after_2023
832499210,lenicyl/music-utils,General scripts for fetching lyrics and encoding audio,2024-07-23T06:38:27Z,2025-05-17T12:17:03Z,1,0,Shell,,https://github.com/lenicyl/music-utils,after_2023
1173519516,akashpower1435-afk/NaaMusic,A music app with original and translated lyrics.,2026-03-05T13:07:31Z,2026-03-21T19:26:50Z,0,0,JavaScript,,https://github.com/akashpower1435-afk/NaaMusic,after_2023
611610117,17744602018/music-emotion,detect music emotion with lyrics and audio frequency. ,2023-03-09T07:13:30Z,2023-03-09T13:13:46Z,0,0,Python,,https://github.com/17744602018/music-emotion,after_2023
823302493,ParashivamurthyVN/Music_Player,Music player app using spotify API with lyrics,2024-07-02T19:17:03Z,2024-07-02T19:28:40Z,0,0,JavaScript,,https://github.com/ParashivamurthyVN/Music_Player,after_2023
662729537,enesbasbug/Music_Lyrics_Convertor_API_Whisper,A web app that converting music to its lyrics using Open AI's whisper.,2023-07-05T18:58:30Z,2023-07-05T19:00:40Z,0,0,JavaScript,,https://github.com/enesbasbug/Music_Lyrics_Convertor_API_Whisper,after_2023
968526747,christyhello/Music-Lyrics-Application-using-Figma,"A user-friendly music lyrics application made using figma, in which the user can view the lyrics of the songs.",2025-04-18T08:36:56Z,2025-04-18T08:38:54Z,0,0,,,https://github.com/christyhello/Music-Lyrics-Application-using-Figma,after_2023
1159522208,cbyrlee/Music-Visualizer,Local music player with particle visualizer and lyrics,2026-02-16T20:41:08Z,2026-02-16T20:44:27Z,0,0,HTML,,https://github.com/cbyrlee/Music-Visualizer,after_2023
821886113,piekarskipiotr/share_lyrics,Save & share song lyrics with your firends!,2024-06-29T18:18:25Z,2024-11-18T09:55:06Z,0,0,Dart,"flutter,lyrics,music,sharelyrics",https://github.com/piekarskipiotr/share_lyrics,after_2023
819859331,pierre-albertini/MusicAnalysis,Application to analyze my musical taste on Spotify. Graphs and Lyrics Analysis,2024-06-25T10:21:50Z,2024-09-07T18:46:02Z,0,0,Jupyter Notebook,,https://github.com/pierre-albertini/MusicAnalysis,after_2023
1099695756,ambarin-20/Long-Distance-Love-Lyrics,A small website with music and animated lyrics,2025-11-19T10:24:46Z,2025-11-19T10:24:47Z,0,0,,,https://github.com/ambarin-20/Long-Distance-Love-Lyrics,after_2023
977056963,kshitijpatil-10/music-lyrics-and-karaoke-website,"This project is a web-based platform where users can search for their favorite songs and view the lyrics. The website also allows users to enjoy karaoke by providing audio files along with the lyrics. The website is designed with a clean, user-friendly interface, enabling easy navigation  (all frontend files in backend name folder in public folder!",2025-05-03T10:26:57Z,2025-05-06T14:09:51Z,0,0,JavaScript,,https://github.com/kshitijpatil-10/music-lyrics-and-karaoke-website,after_2023
979639815,D0ubl3-A/lyrics-to-music-video-generator,,2025-05-07T20:45:07Z,2025-05-07T20:46:06Z,0,0,Python,,https://github.com/D0ubl3-A/lyrics-to-music-video-generator,after_2023
985280896,afifahhadie/lirik-msc,This is just a song lyric,2025-05-17T12:40:18Z,2025-05-19T15:55:20Z,0,0,Python,"lyrics,music",https://github.com/afifahhadie/lirik-msc,after_2023
1100041776,lilymadojemu/Study-Japanese-with-Music-Lyrics,"React Native Application that enables users to study Japanese by viewing Japanese lyrics, saving them as flashcards, and reviewing them using spaced-repetition techniques to enable long term retention.",2025-11-19T19:04:17Z,2026-01-11T03:05:12Z,0,0,JavaScript,"education,japanese-learning,japanese-study",https://github.com/lilymadojemu/Study-Japanese-with-Music-Lyrics,after_2023
1129804389,pixelpalace-coder/music-lyrics-writer-using-python-,,2026-01-07T15:55:21Z,2026-01-07T16:07:57Z,0,0,Python,,https://github.com/pixelpalace-coder/music-lyrics-writer-using-python-,after_2023
981389535,iLLRaps3/lyrics-to-music-video-generator,,2025-05-11T01:56:35Z,2025-05-11T02:58:56Z,0,0,Python,,https://github.com/iLLRaps3/lyrics-to-music-video-generator,after_2023
908369521,SnowBall-Bqiu/music_lyrics_production_to_tga,"The lrc lyric editor was developed by Xueqiu during music production, aiming to provide users with a simple and efficient tool for editing lyrics. With this editor, users can easily add, edit, and export lyrics in lrc format for audio files.",2024-12-25T22:20:35Z,2024-12-26T17:09:15Z,1,0,HTML,,https://github.com/SnowBall-Bqiu/music_lyrics_production_to_tga,after_2023
775260007,cgmuniz/music-n-manga-bot,"A discord bot made by me just for fun. It plays music (only YouTube for now), sends lyrics, videos and you can subscribe to mangas from MangaDex to be notified when a chapter is released.",2024-03-21T03:38:01Z,2025-08-13T08:22:57Z,3,0,JavaScript,"discord-bot,discord-js,discordjs-v14,javascript,json,mangadex,mangadex-api,music-bot,nodejs",https://github.com/cgmuniz/music-n-manga-bot,after_2023
1012017633,shruthic06/Music-Genre-Classification-Through-Lyrics,,2025-07-01T17:19:49Z,2025-07-01T18:00:25Z,0,0,Jupyter Notebook,,https://github.com/shruthic06/Music-Genre-Classification-Through-Lyrics,after_2023
1010219048,VanillaNahida/music-lyrics-xiaozhi-server-core,,2025-06-28T15:52:53Z,2025-06-28T15:52:54Z,0,0,,,https://github.com/VanillaNahida/music-lyrics-xiaozhi-server-core,after_2023
743472738,TheRealNiko/MusicFinder,Python code connected to Genius & Musicbrainz database. Search for songs via lyrics ,2024-01-15T10:08:36Z,2025-04-17T18:54:07Z,1,0,Python,,https://github.com/TheRealNiko/MusicFinder,after_2023
1092278208,Nhlalala-Lubisi/musicPlayer,Music player web application with lyrics and song previews built with django.,2025-11-08T10:38:19Z,2025-11-08T11:36:49Z,0,0,JavaScript,,https://github.com/Nhlalala-Lubisi/musicPlayer,after_2023
1178689970,Rve27/RvMusic-Player,"privacy-first Android music player built with Material 3 Expressive. Play offline, sync lyrics, fine-tune with equalizer presets, and cast to your devices.",2026-03-11T09:14:42Z,2026-05-06T11:32:22Z,2,0,Kotlin,,https://github.com/Rve27/RvMusic-Player,after_2023
743760746,Nahiyan140212/Predicting-Toxicity-on-Music-Lyrics,,2024-01-15T23:38:23Z,2024-01-15T23:38:24Z,0,0,,,https://github.com/Nahiyan140212/Predicting-Toxicity-on-Music-Lyrics,after_2023
1063258655,Tifff-1104/Lyrics-of-Different-Music-Genres,,2025-09-24T11:35:25Z,2025-09-24T11:35:29Z,0,0,,,https://github.com/Tifff-1104/Lyrics-of-Different-Music-Genres,after_2023
1221421484,ratul-podder99/Lyrics-Based-Music-Recommendation-System,,2026-04-26T07:18:19Z,2026-04-26T07:23:48Z,0,0,Jupyter Notebook,,https://github.com/ratul-podder99/Lyrics-Based-Music-Recommendation-System,after_2023
595898721,heiEzekiel/Music-Lyrics-Emotions-Sentiment-Analysis,IS450 project [Grade: A-] - Music Lyrics Emotions Sentiment Analysis using Transformers and traditional ML models with integrated web application,2023-02-01T03:02:41Z,2023-05-26T13:43:25Z,0,0,Jupyter Notebook,,https://github.com/heiEzekiel/Music-Lyrics-Emotions-Sentiment-Analysis,after_2023
1089017522,thenewact/v0-music-lyrics-app,,2025-11-03T19:15:01Z,2025-11-03T19:33:03Z,0,0,TypeScript,,https://github.com/thenewact/v0-music-lyrics-app,after_2023
890220246,hrishikeshkeswani/music-genre-classification-using-lyrics,,2024-11-18T07:45:22Z,2024-11-22T01:23:32Z,1,0,Jupyter Notebook,,https://github.com/hrishikeshkeswani/music-genre-classification-using-lyrics,after_2023
1108039748,BrandyD88/music-lyrics-control.deploypad.app,,2025-12-02T00:10:21Z,2025-12-02T00:10:22Z,0,0,,,https://github.com/BrandyD88/music-lyrics-control.deploypad.app,after_2023
834335190,AamindMandragora/YT-Music-Spotify-Lyrics-Fetcher,"A chrome extension displayed in the side panel that can fetch a song being played from Youtube Music or the web version of Spotify and display the lyrics, along with a Previous Song / Play or Pause / Next Song interface.",2024-07-27T01:23:54Z,2025-12-28T05:02:01Z,1,0,JavaScript,,https://github.com/AamindMandragora/YT-Music-Spotify-Lyrics-Fetcher,after_2023
684775766,Alexhal9000/auto-lyrics-to-music-file,This python script looks up the lyrics for all song files in a folder. Then it fetches them and writes them into the metadata ID3 tags. Usage: python find_lyrics.py <folder>,2023-08-29T20:40:45Z,2023-08-29T20:48:49Z,0,0,Python,,https://github.com/Alexhal9000/auto-lyrics-to-music-file,after_2023
1224771155,OwenGY/Lyrics-cleaner,"A tool/app to remove explicit lyrics from songs, mainly rap music",2026-04-29T15:58:43Z,2026-04-29T16:21:32Z,0,0,HTML,,https://github.com/OwenGY/Lyrics-cleaner,after_2023
1213460074,Kwannn666/AI-DSP-edge-music-lyrics,Edge AI + LLM for Jetson Xavier NX,2026-04-17T12:03:10Z,2026-04-17T12:33:34Z,0,0,Jupyter Notebook,,https://github.com/Kwannn666/AI-DSP-edge-music-lyrics,after_2023
1096590145,Jingu-Tr-Lee-06/Py_Tr.Lee_Music_Lyrics,파이썬으로 작성한 타이밍 가사 출력기.,2025-11-14T16:42:58Z,2025-11-14T16:45:30Z,0,0,Python,,https://github.com/Jingu-Tr-Lee-06/Py_Tr.Lee_Music_Lyrics,after_2023
1217752635,bhanukaachil/music-lyrics-sync-java-player,"A Java-based Karaoke Lyrics Synchronization System that plays a song and displays Sinhala lyrics in real-time with timing control, pause intervals, and dynamic speed adjustments for a smooth karaoke experience.",2026-04-22T07:23:55Z,2026-04-22T07:23:59Z,0,0,,,https://github.com/bhanukaachil/music-lyrics-sync-java-player,after_2023
711517632,Emeka-Christopher/Music-Recommendation-using-song-lyrics,,2023-10-29T14:12:06Z,2023-10-29T14:37:36Z,0,0,Jupyter Notebook,,https://github.com/Emeka-Christopher/Music-Recommendation-using-song-lyrics,after_2023
587217031,kmrinakumari/Music-App-With-Lyrics-Search,,2023-01-10T08:29:41Z,2023-01-10T08:30:54Z,0,0,JavaScript,,https://github.com/kmrinakumari/Music-App-With-Lyrics-Search,after_2023
655450027,Jona-gb/Vynne,Music player that can generate lyrics and music info... provide music trends ..,2023-06-18T23:24:39Z,2023-06-25T04:20:42Z,0,0,Kotlin,,https://github.com/Jona-gb/Vynne,after_2023
1140332824,Harshita-Khudania-DS/Music-Lyrics-Search-Analysis-System,,2026-01-23T06:09:11Z,2026-02-11T12:16:02Z,1,0,Jupyter Notebook,,https://github.com/Harshita-Khudania-DS/Music-Lyrics-Search-Analysis-System,after_2023
689520600,rayie/music-for-the-future,Music and lyrics for a better tomorrow,2023-09-10T04:21:45Z,2023-09-10T19:16:49Z,0,0,JavaScript,,https://github.com/rayie/music-for-the-future,after_2023
972111962,AARSHGHEWDE/music-genre-classification-using-lyrics,,2025-04-24T14:53:23Z,2025-05-01T18:23:55Z,0,0,Jupyter Notebook,,https://github.com/AARSHGHEWDE/music-genre-classification-using-lyrics,after_2023
1035317591,Ravishankar2006/Music-visualizer-with-live-lyrics,,2025-08-10T06:09:46Z,2026-04-29T05:20:43Z,0,0,JavaScript,,https://github.com/Ravishankar2006/Music-visualizer-with-live-lyrics,after_2023
740842348,Wasi-Ur-Rahman/PlayLyrics-Project,A music app that fetches songs and it's lyrics,2024-01-09T07:17:07Z,2024-01-09T07:20:04Z,0,0,HTML,,https://github.com/Wasi-Ur-Rahman/PlayLyrics-Project,after_2023
968507727,akash0018github/Music-Lyrics-Application-using-Figma,"An user-friendly application made using Figma ,in which we can view lyrics of songs.",2025-04-18T07:51:14Z,2025-05-07T15:32:20Z,0,0,,,https://github.com/akash0018github/Music-Lyrics-Application-using-Figma,after_2023
1079246355,wa8eem/Youtube-Music-Real-time-Lyrics,Bring Real Time Lyrics on https://music.youtube.com,2025-10-19T12:26:49Z,2026-01-25T03:14:49Z,1,0,Python,"music,userscripts,youtube,youtubemusic",https://github.com/wa8eem/Youtube-Music-Real-time-Lyrics,after_2023
603778270,muneeb-rashid-cyan/Music_lyrics_analysis_using_python,,2023-02-19T14:53:19Z,2023-02-19T14:56:35Z,0,0,Jupyter Notebook,,https://github.com/muneeb-rashid-cyan/Music_lyrics_analysis_using_python,after_2023
951418228,eleanor128/Lyrics-Based-Music-Genre-Classification,A little experiment & report in the Data Science and Machine Learning class,2025-03-19T16:39:57Z,2025-05-01T10:30:22Z,0,0,Jupyter Notebook,,https://github.com/eleanor128/Lyrics-Based-Music-Genre-Classification,after_2023
1208030695,Mhdxfiz/Spicy-Lyrics-Like-Apple-Music,,2026-04-11T18:14:40Z,2026-04-11T18:21:19Z,0,0,JavaScript,,https://github.com/Mhdxfiz/Spicy-Lyrics-Like-Apple-Music,after_2023
1147265694,HappyRespawnanchor/Apple-Music-Chinese-Lyrics-Script,强制 Apple Music 网页版显示中文翻译。,2026-02-01T13:32:07Z,2026-02-03T09:40:07Z,0,0,JavaScript,,https://github.com/HappyRespawnanchor/Apple-Music-Chinese-Lyrics-Script,after_2023
595304444,orgTestCodacy11KRepos110MB/repo-2836-163MusicLyrics,,2023-01-30T20:12:24Z,2023-02-01T07:24:22Z,0,0,C#,,https://github.com/orgTestCodacy11KRepos110MB/repo-2836-163MusicLyrics,after_2023
1071184561,sbhelpsb/Video-Music-Lyrics-App-Core,✨A APP that allows CC subtitles from mainstream video websites on the market to be displayed outside the browser window✨,2025-10-07T01:48:05Z,2025-10-09T15:58:54Z,0,0,Python,,https://github.com/sbhelpsb/Video-Music-Lyrics-App-Core,after_2023
1152873283,Kadxy/FlowX,"Apple Music menu bar lyrics — original TTML lyrics, real-time karaoke sync",2026-02-08T15:13:46Z,2026-04-29T16:36:12Z,1,0,Swift,"apple-music,lyrics,menu-bar,swift",https://github.com/Kadxy/FlowX,after_2023
728022412,agirishkumar/NLP-Project-lyrics-to-music,,2023-12-06T04:04:39Z,2023-12-11T03:33:51Z,0,1,Jupyter Notebook,,https://github.com/agirishkumar/NLP-Project-lyrics-to-music,after_2023
1092567421,SnowSwordScholar/JellyfinAppleMusicLikeLyrics,,2025-11-08T21:38:04Z,2025-11-09T04:46:35Z,1,0,JavaScript,,https://github.com/SnowSwordScholar/JellyfinAppleMusicLikeLyrics,after_2023
1182834605,orange200213/MoeKoeMusic-lyrics-waybar,"A small script for MoeKoeMusic to show the lyrics on your waybar.(Hyprland, Sway, etc.)",2026-03-16T02:11:49Z,2026-03-16T02:35:45Z,1,0,Shell,,https://github.com/orange200213/MoeKoeMusic-lyrics-waybar,after_2023
650356906,EliteHuskie/project-01-music-lyrics-game,Group Project 01 of a Music Lyrics Game for the Coding Bootcamp,2023-06-06T22:41:48Z,2023-06-18T22:30:22Z,0,1,JavaScript,,https://github.com/EliteHuskie/project-01-music-lyrics-game,after_2023
999066301,Hypermethh/SpotifyMusicFuckinLyrics-1,,2025-06-09T17:26:42Z,2025-06-09T17:26:42Z,0,0,,,https://github.com/Hypermethh/SpotifyMusicFuckinLyrics-1,after_2023
798884424,abdukasim/lyrics-generator,An app that utilizes Large Language Models (LLMs) to generate music lyrics,2024-05-10T17:16:27Z,2024-05-21T04:59:32Z,0,0,TypeScript,,https://github.com/abdukasim/lyrics-generator,after_2023
653787761,andresbasilea/ImageGenerationFromMusicLyrics,"Generation of images from the emotions expressed in music lyrics, using BERT to classify songs by emotion and GAN for image generation. ",2023-06-14T18:30:28Z,2023-07-18T06:41:57Z,1,0,Jupyter Notebook,,https://github.com/andresbasilea/ImageGenerationFromMusicLyrics,after_2023
1113793623,VinhCterVN/flutter-music---AI-lyrics-generation,,2025-12-10T13:25:32Z,2026-05-08T16:46:11Z,1,0,Dart,,https://github.com/VinhCterVN/flutter-music---AI-lyrics-generation,after_2023
1232781429,Cerbur/MenuBarLyrics,A lightweight macOS menu bar lyrics overlay for Music.app,2026-05-08T09:06:54Z,2026-05-08T19:06:05Z,0,0,Swift,,https://github.com/Cerbur/MenuBarLyrics,after_2023
1180554865,rithika-paii/lyrics_ai,Was listening to Kannada music on Spotify and needed lyrics for some!,2026-03-13T06:48:06Z,2026-03-21T17:32:12Z,0,0,Python,,https://github.com/rithika-paii/lyrics_ai,after_2023
1094619677,basiphobe/Basitune,Basitune is a minimal desktop application that provides a dedicated window for YouTube Music. ,2025-11-12T00:31:31Z,2026-04-21T19:49:36Z,5,0,JavaScript,"ai,cross-platform,desktop-app,discord-rich-presence,lightweight,lyrics,rust,tauri,youtube-music",https://github.com/basiphobe/Basitune,after_2023
932472511,LiuZhenz701/SpotifyDesktopLyrics,Always on-top desktop lyrics for musics played by Spotify,2025-02-14T00:58:02Z,2025-03-15T03:14:20Z,1,0,Python,,https://github.com/LiuZhenz701/SpotifyDesktopLyrics,after_2023
1211452368,M4ndUwU/AlwaysLyrics,"YouTube Music 연동 오버레이 가사 표시 앱 — MusixMatch 동기 가사, Tuna 호환",2026-04-15T12:08:16Z,2026-04-18T03:45:28Z,0,0,JavaScript,"desktop-app,javascript,lyrics,musixmatch,overlay,overlays,windows,youtube-music",https://github.com/M4ndUwU/AlwaysLyrics,after_2023
881331380,lintang-b-s/indo_musician_ai_lstm,simple indonesian song lyrics generator using  LSTM,2024-10-31T11:10:48Z,2024-10-31T15:35:37Z,0,0,Jupyter Notebook,,https://github.com/lintang-b-s/indo_musician_ai_lstm,after_2023
1176497147,AShutter-Media/lyrics-overlay-obs,Overlay de letras para OBS con YouTube Music Desktop App,2026-03-09T04:35:38Z,2026-04-02T01:18:15Z,0,0,TypeScript,,https://github.com/AShutter-Media/lyrics-overlay-obs,after_2023
785634955,ayushbhm/Music_streaming,"It is a multi-user app. Used for streaming music/reading lyrics. User can play, read lyrics, rate songs, create playlists",2024-04-12T09:43:02Z,2025-02-10T07:49:30Z,0,0,HTML,,https://github.com/ayushbhm/Music_streaming,after_2023
1170263015,lyakhu955/SunoLyricsTool,AI-powered music lyrics generator optimized for Suno - PWA installable,2026-03-01T23:23:25Z,2026-03-02T22:59:40Z,0,0,HTML,,https://github.com/lyakhu955/SunoLyricsTool,after_2023
1056539606,lyricsallpawan1/lyricsallpawan,"Ek platform jahan aapko latest song lyrics, music updates aur artist-specific content milega. Yeh website @lyricsallpawan1 ke liye banayi gayi hai, jo music aur lyrics enthusiasts ke liye ek convenient resource hai.",2025-09-14T10:05:01Z,2025-09-14T10:06:19Z,0,0,HTML,,https://github.com/lyricsallpawan1/lyricsallpawan,after_2023
658901197,stardust2stardust/lyrics-app,utilizes a music API to retrieve song lyrics based on user input,2023-06-26T18:16:57Z,2023-06-26T18:19:47Z,0,0,JavaScript,,https://github.com/stardust2stardust/lyrics-app,after_2023
1077171446,GetayawkalGirma/Lyrics-Telegram-Bot,Telegram bot for Ethiopian music lyrics with inline search functionality,2025-10-15T22:02:41Z,2025-10-19T12:22:48Z,0,0,Python,,https://github.com/GetayawkalGirma/Lyrics-Telegram-Bot,after_2023
824390236,xolyn/html_music_player,An HTML music player with realtime lyrics display,2024-07-05T03:20:32Z,2024-07-05T03:30:18Z,0,0,JavaScript,,https://github.com/xolyn/html_music_player,after_2023
1194513317,dicekitoh/music-vocab-quiz,Learn English vocabulary from song lyrics - quiz app,2026-03-28T13:11:21Z,2026-03-28T13:12:00Z,0,0,HTML,,https://github.com/dicekitoh/music-vocab-quiz,after_2023
1219995501,valueflowever/music-video-maker,Turn songs and lyrics into beautiful music videos,2026-04-24T12:42:21Z,2026-04-25T06:53:06Z,0,0,TypeScript,,https://github.com/valueflowever/music-video-maker,after_2023
1223969594,hoyalyrics/find_any_lyrics3,"The find_any_lyrics project is a simple and practical tool for searching and extracting song lyrics from various online sources. It offers high speed and accuracy, providing users easy access to music lyrics. This project is ideal for music enthusiasts and developers creating apps related to song lyrics.",2026-04-28T20:44:05Z,2026-04-28T20:46:50Z,0,0,JavaScript,,https://github.com/hoyalyrics/find_any_lyrics3,after_2023
1184670687,Edgar-GIT/py-lyrics,A command line lyrics displayer for your musics. It draws the song lyrics in perfect sync with the music your listening to in any media player (native for amberol).,2026-03-17T20:18:47Z,2026-03-17T20:19:14Z,1,0,Python,,https://github.com/Edgar-GIT/py-lyrics,after_2023
1223938485,hoyalyrics/find_any_lyrics2,"The find_any_lyrics2 project is a simple and practical tool for searching and extracting song lyrics from various online sources. It offers high speed and accuracy, providing users easy access to music lyrics. This project is ideal for music enthusiasts and developers creating apps related to song lyrics.",2026-04-28T19:59:49Z,2026-04-28T20:23:12Z,0,0,JavaScript,,https://github.com/hoyalyrics/find_any_lyrics2,after_2023
832652353,Dezmond152/AraGanYa-website,🔴 Music and Lirycs 🎹,2024-07-23T13:00:14Z,2026-02-28T15:57:06Z,2,0,JavaScript,"lyrics,lyrics-search,music,music-website,web,webapp,website",https://github.com/Dezmond152/AraGanYa-website,after_2023
1197257085,Makaylab611/AI-Music-App,"App for analyzing music, sound, emotion, and lyrics",2026-03-31T12:51:42Z,2026-03-31T12:52:07Z,0,0,TypeScript,,https://github.com/Makaylab611/AI-Music-App,after_2023
802015116,Ashler66/Ashler-Music-Player,Music Player With Features Like Playlists And Lyrics ,2024-05-17T10:59:57Z,2024-05-17T13:49:08Z,0,0,HTML,,https://github.com/Ashler66/Ashler-Music-Player,after_2023
1088008879,Saravanakumar-contact/Music-in-vscode, Terminal Musicplayer with lyrics and emoji  in vscode,2025-11-02T05:22:21Z,2025-11-02T05:34:12Z,0,0,Python,,https://github.com/Saravanakumar-contact/Music-in-vscode,after_2023
592484350,dustinkrejci/youtube-music-clone-and-browser,youtube music clone with lyrics and info,2023-01-23T20:35:28Z,2023-03-01T04:49:24Z,0,0,Python,,https://github.com/dustinkrejci/youtube-music-clone-and-browser,after_2023
1042539406,Alisha-21-cloud/music-generator-f-b,"AI-powered music generation platform that creates songs from text, custom lyrics, and style prompts. Full-stack project with cutting-edge models, a modern web app, and community sharing. Built with Python, Next.js, and ACE-Step.",2025-08-22T07:14:33Z,2025-09-21T13:12:39Z,3,0,Python,,https://github.com/Alisha-21-cloud/music-generator-f-b,after_2023
852835133,Kwak-Jiwon/AIPL,"This system generates music from MIDI files and creates melodies from user-input lyrics, seamlessly blending them using advanced Text-to-Speech technology.",2024-09-05T14:07:01Z,2025-10-08T14:47:07Z,1,2,Python,,https://github.com/Kwak-Jiwon/AIPL,after_2023
907684966,Prysline/LyricsHorizon,🎵 Personal lyrics website for singing practice with Japanese furigana support and responsive design. Built with Astro + TypeScript. | 個人歌唱練習用的日文歌詞展示網站，支援振假名標記和響應式設計。,2024-12-24T06:33:49Z,2025-06-08T14:54:55Z,0,0,TypeScript,"astro,furigana,japanese-lyrics,markdown,music,personal-project,responsive-design,singing-practice,tailwind-css,typescript",https://github.com/Prysline/LyricsHorizon,after_2023
598850853,Siborbor/Buscador-de-Musica,Buscador de lyrics y autor de una musica,2023-02-07T23:37:25Z,2023-02-08T00:56:30Z,0,0,JavaScript,,https://github.com/Siborbor/Buscador-de-Musica,after_2023
920639991,Eralo/MusicWatch,Retrieve from title or lyrics and play audio files from youtube or spotify.,2025-01-22T14:14:14Z,2025-01-24T10:12:06Z,0,0,Python,,https://github.com/Eralo/MusicWatch,after_2023
882561093,Joshwa1077/MusicGen,"Music and lyric generation using MusicGen and ECE1786-AG / lyrics-generator, FLASK APP",2024-11-03T05:34:51Z,2024-11-03T06:03:07Z,0,0,Python,,https://github.com/Joshwa1077/MusicGen,after_2023
1210687171,Devic-ud/Gender-Violence-Lyrics-Analyzer,Spanish Music & Violence Analysis Dataset 2026 🎵📊 #GBVDetection,2026-04-14T16:55:12Z,2026-04-14T16:55:22Z,0,0,,"beto-model,child-safety,explicit-content,gender-based-violence,respectful-interaction,women-safety",https://github.com/Devic-ud/Gender-Violence-Lyrics-Analyzer,after_2023
701295350,MariusRadyn/TeamPlayer,Music chords/lyrics app for the band,2023-10-06T10:45:44Z,2023-10-06T13:16:47Z,0,0,C++,,https://github.com/MariusRadyn/TeamPlayer,after_2023
808162996,Babaralyy/Music-Player,This is a music player. Adding your own lyrics.,2024-05-30T14:06:10Z,2024-12-07T18:17:42Z,1,0,Java,,https://github.com/Babaralyy/Music-Player,after_2023
1107316225,fakerybakery/MuASR,MuASR: Lyrics Transcription and Captioning for Music,2025-12-01T00:53:24Z,2025-12-01T04:39:14Z,1,0,Python,,https://github.com/fakerybakery/MuASR,after_2023
1176300639,ola-owo/lyrical-miracle-dashboard,Music listening dashboard with lyrics-based analytics,2026-03-08T21:54:36Z,2026-03-16T02:13:22Z,0,0,Python,,https://github.com/ola-owo/lyrical-miracle-dashboard,after_2023
825396279,ankitc248/lyrical-player,Music player with a focus on lyrics,2024-07-07T16:45:18Z,2026-04-26T12:14:44Z,0,0,JavaScript,,https://github.com/ankitc248/lyrical-player,after_2023
909044937,dumpsterdj/LyricsFinder,"Lyrics Finder is a modern, sleek, and intuitive web application designed for music enthusiasts worldwide. The app allows users to search for song lyrics while providing additional song metadata",2024-12-27T16:03:57Z,2024-12-27T16:13:59Z,0,0,CSS,,https://github.com/dumpsterdj/LyricsFinder,after_2023
1232394545,BrianBellanger/LyricSync,A modern Vanilla JS web app for syncing song lyrics with music videos.,2026-05-07T22:20:15Z,2026-05-08T21:09:01Z,0,0,JavaScript,,https://github.com/BrianBellanger/LyricSync,after_2023
629076877,Naviya1112/musicserch,Searching system Song title by entering only part of lyrics.,2023-04-17T15:11:09Z,2023-04-17T18:39:34Z,0,0,Python,,https://github.com/Naviya1112/musicserch,after_2023
771227486,DragonBlood007/genius-for-youtube-music,This is a chrome extension for using lyrics from Genius for YT Music in place of default Musixmatch lyrics,2024-03-12T23:09:17Z,2024-03-12T23:12:02Z,0,0,JavaScript,,https://github.com/DragonBlood007/genius-for-youtube-music,after_2023
615387945,Inyrkz/ccm_lyrics_generator,AI model to generate lyrics for the contemporary christian music genre,2023-03-17T15:21:32Z,2023-04-20T13:19:22Z,0,0,Jupyter Notebook,,https://github.com/Inyrkz/ccm_lyrics_generator,after_2023
1125685511,DiamondJdev/Teslyrics,Displays Apple Music lyrics in Tesla Browsers,2025-12-31T06:53:02Z,2026-01-15T04:22:07Z,0,0,TypeScript,,https://github.com/DiamondJdev/Teslyrics,after_2023
1144276208,keremco35/SAEMusic,A Apple Music lyrics app for iOS,2026-01-28T14:06:33Z,2026-01-28T16:32:59Z,0,0,Swift,,https://github.com/keremco35/SAEMusic,after_2023
1087124656,semorka/lyryx,Music player with synchronized lyrics for Android,2025-10-31T12:18:22Z,2026-01-08T17:19:36Z,0,0,Kotlin,,https://github.com/semorka/lyryx,after_2023
681954007,jaywaddy/hangulyric,A music app that focuses on lyrics,2023-08-23T06:02:35Z,2023-08-24T06:43:36Z,0,0,Swift,,https://github.com/jaywaddy/hangulyric,after_2023
799295107,mrdodgerx/mp3LyricDownloader,"This Python application allows you to recognize music, search for lyrics, and download MP3 files. It continuously records audio, recognizes the song, searches for lyrics, and downloads the MP3 file.",2024-05-11T17:43:31Z,2025-11-14T06:30:31Z,3,0,Python,"lyrics-finder,lyrics-search,mp3,mp3downloader,python,systemd,youtube",https://github.com/mrdodgerx/mp3LyricDownloader,after_2023
663249247,AyanoNK/kanji-lyrics-backend,Server that consumes that lets you practice Kanji with music lyrics.,2023-07-06T22:24:03Z,2023-07-06T22:33:28Z,0,0,Python,,https://github.com/AyanoNK/kanji-lyrics-backend,after_2023
609924163,rajjitlai/The_Real_Sound_Music_Player,A music player web design with Lyrics,2023-03-05T16:37:00Z,2026-02-10T09:28:53Z,1,0,JavaScript,"css,html,js,music,music-player",https://github.com/rajjitlai/The_Real_Sound_Music_Player,after_2023
949932498,Niranjan-304/Music-Application,A music Application with additional features like lyrics download.,2025-03-17T11:18:38Z,2025-03-18T05:39:19Z,0,0,,,https://github.com/Niranjan-304/Music-Application,after_2023
739185734,Rafflafressia/bamboo-lyric-search-app,"An app to search for music lyrics, ",2024-01-05T01:07:28Z,2024-01-14T19:40:30Z,1,0,JavaScript,,https://github.com/Rafflafressia/bamboo-lyric-search-app,after_2023
1094154535,Abhinavkanaujiya101/Music-app,A music app that writes lyrics using scientific symbols,2025-11-11T10:29:28Z,2025-11-11T10:31:26Z,0,0,JavaScript,,https://github.com/Abhinavkanaujiya101/Music-app,after_2023
