ALink,SName,SLink,Lyric,language
/ivete-sangalo/,Arerê,/ivete-sangalo/arere.html,"Tudo o que eu quero nessa vida,
Toda vida, é
É amar você
Amar você

O seu amor é como uma chama acesa
Queima de prazer
De prazer

Eu já falei com Deus que não vou te deixar
Vou te levar pra onde for
Qualquer lugar
Já fiz de tudo pra não te perder

Arerê,
Um lobby, um hobby, um love com você
Arerê,
Um lobby, um hobby, um love com você

Cai, cai, cai, cai, cai pra cá
Hey, hey, hey
Tu-do,tu-do, vai rolar",pt
/ivete-sangalo/,Se Eu Não Te Amasse Tanto Assim,/ivete-sangalo/se-eu-nao-te-amasse-tanto-assim.html,"Meu coração
Sem direção
Voando só por voar
Sem saber onde chegar
Sonhando em te encontrar
E as estrelas
Que hoje eu descobri
No seu olhar
As estrelas vão me guiar

Se eu não te amasse tanto assim
Talvez perdesse os sonhos
Dentro de mim
E vivesse na escuridão
Se eu não te amasse tanto assim
Talvez não visse flores
Por onde eu vi
Dentro do meu coração

Hoje eu sei
Eu te amei
No vento de um temporal
Mas fui mais
Muito além
Do tempo do vendaval
Nos desejos
Num beijo
Que eu jamais provei igual
E as estrelas dão um sinal

Se eu não te amasse tanto assim
Talvez perdesse os sonhos
Dentro de mim
E vivesse na escuridão
Se eu não te amasse tanto assim
Talvez não visse flores
Por onde eu vi
Dentro do meu coração...",pt
/ivete-sangalo/,Céu da Boca,/ivete-sangalo/chupa-toda.html,"É de babaixá!
É de balacubaca!
É de babaixá!
É de balacubaca!
tetetetere tere tete tere tetere

Eu quero beijar a sua boca louca
Eu quero beijar a sua boca louca
Eu vou enfiar uva no céu da sua boca
Eu vou enfiar uva no céu da sua boca

E aí?
Chupa toda, disse toda
E aí?
Chupa toda, disse toda

É de babaixá!
É de balacubaca!
É de babaixá!
É de balacubaca!
tetetetere tere tete tere tetere

Eu quero beijar a sua boca louca
Eu quero beijar a sua boca louca
Eu vou enfiar uva no céu da sua boca
Eu vou enfiar uva no céu da sua boca

E aí?
Chupa toda, disse toda
E aí?
Chupa toda, disse toda

",pt
/ivete-sangalo/,Quando A Chuva Passar,/ivete-sangalo/quando-a-chuva-passar.html,"Quando a chuva passar

Pra quê falar
Se você não quer me ouvir?
Fugir agora não resolve nada

Mas não vou chorar
Se você quiser partir
Às vezes a distância ajuda

E essa tempestade um dia vai acabar
Só quero te lembrar
De quando a gente andava nas estrelas
Nas horas lindas que passamos juntos
A gente só queria amar e amar e hoje eu tenho certeza

A nossa história não termina agora
Porque essa tempestade um dia vai acabar

(Refrão)
Quando a chuva passar
Quando o tempo abrir
Abra a janela e veja eu sou o sol
Eu sou céu e mar
Eu sou seu e fim
E o meu amor é imensidão

Só quero te lembrar
De quando a gente andava nas estrelas
Nas horas lindas que passamos juntos
A gente só queria amar e amar
E hoje eu tenho certeza
A nossa história não termina agora
Porque essa tempestade um dia vai acabar

(Refrão 2x)",pt
/ivete-sangalo/,Sorte Grande,/ivete-sangalo/sorte-grande.html,"A minha sorte grande foi você cair do céu
Minha paixão verdadeira...

Viver a emoção, ganhar teu coração
Pra ser feliz a vida inteira

Mas é lindo teu sorriso, o brilho dos teus olhos
Meu anjo querubim

Doces dos meus beijos, calor dos meus braços
Perfume de jasmim

Chegou no meu espaço mandando no pedaço
O amor que não é brincadeira
Pegou me deu um laço,
Dançou bem no compasso,
De prazer levantou poeira

Poeira, poeira, poeira
Levantou poeira

A minha sorte grande foi você cair do céu
Minha paixão verdadeira...

Viver a emoção, ganhar teu coração
Pra ser feliz a vida inteira

Mas é lindo teu sorriso, o brilho dos teus olhos
Meu anjo querubim

Doces dos meus beijos, calor dos meus braços
Perfume de jasmim

Chegou no meu espaço mandando no pedaço
O amor que não é brincadeira
Pegou me deu um laço,
Dançou bem no compasso,
De prazer levantou poeira

Poeira, poeira, poeira
Levantou poeira

Chegou no meu espaço mandando no pedaço
O amor que não é brincadeira
Pegou me deu um laço,
Dançou bem no compasso,
De prazer levantou..........Levantou poeira

Poeira, poeira, poeira
Levantou poeira",pt
/ivete-sangalo/,A Lua Q Eu T Dei,/ivete-sangalo/a-lua-q-eu-t-dei.html,"Posso te falar dos sonhos, das flores...
de como a cidade mudou...
Posso te falar do medo, do meu desejo...
do meu amor...
Posso falar da tarde que cai
E aos poucos deixa ver no céu a Lua
Que um dia eu te dei

Gosto de fechar os olhos
Fugir do tempo, de me perder
Posso até perder a hora
Mas sei que já passou das seis
Sei que não há no mundo
Quem possa te dizer
Que não é tua a Lua que eu te dei
Pra brilhar por onde você for
Me queira bem
Durma bem
Meu Amor

(lalaralarara....Ohhhhhhh)

Eu posso falar da tarde que cai
E aos poucos deixa ver no céu a Lua
Que um dia eu te dei
Pra brilhar
Por onde você for
Me queira bem
Durma bem
Meu amor
Durma bem
Me queira bem
Meu Amor

A lua que eu te dei...
A lua que eu te dei...",pt
/ivete-sangalo/,Mulheres Não Têm Que Chorar (com Emicida),/ivete-sangalo/mulheres-nao-tem-que-chorar-com-emicida.html,"Hey, girl
Levanta da cama
O que foi que te aconteceu?
Desencana
Hey, girl
O mundo te chama
Só você não percebeu

Que até o Cristo Redentor abriu os braços pra você
Sol nasceu mais cedo na certeza de te ver
Ah, sei lá, só basta respirar
Pra ver que o amor é claro como o dia
Sai do edredom
Põe aquele batom
Coloca o nosso som e veja como é bom dançar
Sem preocupar

Mulheres não têm que chorar
Mulheres não têm que chorar
Mulheres não têm que chorar
AAh, aah
Mulheres não têm que chorar
Mulheres não têm que chorar
Mulheres não têm que chorar
AAh, aah

E ela se viu só nessa trilha, como uma guerrilha
Na responsa pela da família
Pensamento veloz, talento feroz
O Sol no peito, na boca um gloss
E tudo em nós brilha
No mundo masculino, pobre do menino
Que nas pedras vê sua essência bem refletida
Não confunda força com violência
Respeite a água pois ela molda toda vida
Ciclos lunares e das marés, nos lares de todas as fés
As fêmeas guardam o sagrado sem cobra, sem fraqueza, sem pecado
Na dúvida, rosas têm mil espinhos pra cada desavisado
Saiba

Que até o Cristo Redentor abriu os braços pra você
O Sol nasceu mais cedo na certeza de te ver
Ah, sei lá, só basta respirar
Pra ver que o amor é claro como o dia
Sai do edredom
Põe aquele batom
Coloca o nosso som e veja como é bom dançar (e veja como é bom dançar, yeah)
Sem preocupar

Mulheres não têm que chorar
Mulheres não têm que chorar
Mulheres não têm que chorar
AAh, aah
Mulheres não têm que chorar
Mulheres não têm que chorar
Mulheres não têm que chorar
AAh, aah

Deixa chover
Não importa o que aconteça, pode crer, sou mais você
Quantos leões por dia nós combater
Com a certeza de vencer, vencer
Deixa chover
Não importa o que aconteça, pode crer, sou mais você
Quantos leões por dia nós combater
Com a certeza de vencer
Sempre lembrando que
Até mesmo depois da noite mais escura
O Sol sempre volta
Lembre-se disso
O Sol sempre vem

Mulheres não têm que chorar
Mulheres não têm que chorar
Mulheres não têm que chorar
AAh, aah
Mulheres não têm que chorar
Mulheres não têm que chorar
Mulheres não têm que chorar
AAh, aah",pt
/ivete-sangalo/,Eva / Alô Paixão / Beleza Rara,/ivete-sangalo/eva-alo-paixao-beleza-rara.html,"""EVA""
(Giancarlo Bigazzi/Umberto Tozzi)

Meu amor
Olha só
Hoje o sol não apareceu
É o fim
Da aventura humana na Terra
Meu planeta Adeus
Fugiremos nós dois na arca de Noé

Olha bem, meu amor
é o final da odisséia terrestre
Sou Adão e você será

Minha pequena Eva
Eva
O nosso amor na última astronave
Eva
Além do infinito eu vou voar
sozinho com você

E voando bem alto
Eva
Me abraça pelo espaço de um instante
Eva
Me envolve com teu corpo e me dá
A força pra viver

Pelo espaço de um instante
Afinal não há nada mais
Que o céu azul
Pra a gente voar

Sobre o Rio
Beirute
ou Madagascar
Toda a terra
Reduzida a nada
Nada mais

Minha vida é um flash
De controles
Botões anti-atômicos
Olha bem meu amor
No final da odisséia terrestre
Sou Adão e você será

---------------------------------------------

""ALÔ PAIXÃO""
(Jorge Xaréu)

Eu não vou perder você
Faz parte dessa história
Revelo o segredo
Existente na memória

Vou aqui andando
Caminhando pela vida
Quero te encontrar, sonhando
Sempre em cada esquina

Vivo a me embalar e dançar
Em plena multidão
De amor explode a paixão
Meu coração

Não vou deixar
Vou me revelar pra esse amor
Alô paixão, Alô doçura
Doce ilusão
De um coração

---------------------------------------------

""BELEZA RARA""
(Ed Grandão/Nego John)

Eu não posso deixar que o tempo
Te leve jamais para longe de mim
Pois nosso romance,
Minha vida, é tão lindo

És quem manda e desmanda
Nesse coração
Que só bate em razão de te amar
Daria o mundo a você, se preciso

Você tem o aroma da rosas
Me envolve em teu cheiro
E assim faz minar
A imensa vontade de
Estar ao seu lado

Nem o mar tem o brilho encantante
Como dos teus olhos, minha pedra rara
Eu não vou negar
Sem você meu mundo pára

Mil voltas, e voltas que dei
Querendo de uma vez encontrar
Alguém que levasse a sério amar

Mil voltas, ô voltas que dei
Querendo de uma vez encontrar
Alguém igual a você, beleza rara

Hoje sou e feliz e canto
Só por causa de você

Hoje sou feliz e canto
Só porque amo, amor, você",pt
/ivete-sangalo/,Flor do Reggae,/ivete-sangalo/flor-do-reggae.html,"Um brilho de amor chegou na ilha inteira
E a Lua que traz o amor é Lua cheia
Um grito de dor que vem do peito de quem amou alguém
O reggae me traz saudades de quem me beijou
E agora tá tão distante em outra ilha
O amor me chamou de flor
E disse que eu era alguém pra vida inteira

Como se eu fosse flor, você me cheira
Como se eu fosse flor, você me rega
E nesse reggae eu vou a noite inteira
Porque morrer de amor é brincadeira

Um brilho de amor chegou na ilha inteira
E a Lua que traz o amor é Lua cheia
Um grito de dor que vem do peito de quem amou alguém
O reggae me traz saudades de quem me beijou
E agora tá tão distante em outra ilha
O amor me chamou de flor
E disse que eu era alguém pra vida inteira

Refrão: 3 vezes
Como se eu fosse flor, você me cheira
Como se eu fosse flor, você me rega
E nesse reggae eu vou a noite inteira
Porque morrer de amor é brincadeira",pt
/ivete-sangalo/,Carro Velho,/ivete-sangalo/carro-velho.html,"Cheiro de pneu queimado, carburador furado, coração dilacerado!
Quero meu negão do lado, cabelo penteado no meu carro envenenado

Eu vou Eu vou
Então venha!
Pois eu sei que amar a pé amor, é lenha!
Eu vou Eu vou
Então venha!
Pois eu sei que amar a pé amor, é lenha!
Eu vou pra lá dançar, seja noite ou seja dia, se eu beber algum amor, me guia!
Eu vou pra lá dançar, seja noite ou seja dia, se eu beber algum amor, ohohoho me guia!

Quer andar de carro velho amor, que venha, pois eu sei que amar a pé amor, é lenha!
Quer andar de carro velho amor, que venha, pois eu sei que amar a pé amor, é lenha!

Cheiro de pneu queimado, carburador furado, coração dilacerado!
Quero meu negão do lado, cabelo penteado no meu carro envenenado

Eu vou Eu vou
Então venha!
Pois eu sei que amar a pé amor, é lenha!
Eu vou Eu vou
Então venha!
Pois eu sei que amar a pé amor, é lenha!
Eu vou pra lá dançar, seja noite ou seja dia, se eu beber algum amor, me guia!
Eu vou pra lá dançar, seja noite ou seja dia, se eu beber algum amor, ohohoho me guiar!
Quer andar de carro velho amor, que venha, pois eu sei que amar a pé amor, é lenha!
Quer andar de carro velho amor, que venha, pois eu sei que amar a pé amor, é lenha!",pt
/ivete-sangalo/,Muito Obrigado Axé,/ivete-sangalo/muito-obrigado-axe.html,"Odô, axé odô, axé odô, axé odô
Odô, axé odô, axé odô, axé odô

Isso é pra te levar no ilê
Pra te lembrar do badauê
Pra te lembrar de lá

Isso é pra te levar no meu terreiro
Pra te levar no candomblé
Pra te levar no altar

Isso é pra te levar na fé
Deus é brasileiro
Muito obrigado axé

Ilumina o mirin orumilá
Na estrada que vem a cota
É um malê é um maleme
Quem tem santo é quem entende

Quanto mais pra quem tem ogum
Missão e paz
Quanto mais pra quem tem ideais e
Os orixás

Joga as armas prá lá
Joga, joga as armas pra lá
Joga as armas pra lá
Faz a festa

Joga as armas prá lá
Joga, joga as armas pra lá
Joga as armas pra lá
Faz um samba

Joga as armas prá lá
Joga, joga as armas pra lá
Joga as armas pra lá
Traz a orquestra

Joga as armas prá lá
Joga, joga as armas pra lá
Joga as armas pra lá
Faz a festa",pt
/ivete-sangalo/,Não Precisa Mudar,/ivete-sangalo/nao-precisa-mudar.html,"Não precisa mudar
Vou me adaptar ao seu jeito
Seus costumes, seus defeitos
Seus ciúmes, suas caras
Pra que mudá-las?

Não precisa mudar
Vou saber fazer o seu jogo
Saber tudo do seu gosto
Sem deixar nenhuma mágoa
Sem cobrar nada

Se eu sei que no final fica tudo bem
A gente se ajeita numa cama pequena
Te faço um poema e te cubro de amor

Então você adormece
Meu coração enobrece
E a gente sempre se esquece
De tudo o que passou (2x)",pt
/ivete-sangalo/,Nada Vai Nos Separar,/ivete-sangalo/nada-vai-nos-separar.html,"Toda vez que eu pintar em seu pensamento
Se lembre que eu te amo
mais do que qualquer coisa nesse mundo
E nada vai nos separar
E a lembrança do teu beijo é a razão do meu sorriso
Mesmo que ele vá embora toda vez que eu desligo
E a distância se transforma em combustível da saudade

Mais uma noite que eu terei trabalho pra dormir

Se você vier eu te faço um café
Fico acordada a noite inteira
Me apaixonando de novo por você
E se você vier, eu juro se você vier
Num demorado beijo eu te conquisto outra vez",pt
/ivete-sangalo/,Tempo de Alegria,/ivete-sangalo/tempo-de-alegria.html,"É amor
É tanto amor que eu sinto esse momento
É tão bonito esse mar de mãos
Ver todo mundo assim cantando junto
É maravilhoso

É amor
Felicidade transbordando em mim
Tem tanto tempo nossa união
Chegou o dia que o meu coração
Tá daquele jeito

Dá pra ver, vai ferver
Bateu a sintonia
É tempo de alegria
Tão bom dividir com você

ÔÔ, ôô, ôô
Alegria, alegria",pt
/ivete-sangalo/,Agora Já Sei,/ivete-sangalo/agora-ja-sei.html,"Duvidava, não entendia
Quando alguém me falou
Suspirava de agonia
Pra sentir esse amor

Tempo mestre de todas
Horas e dias
Passou sem ver
Te amar de verdade
Sentir saudade
Mas só de você, Só de você

Agora eu já sei
Quando falta a respiração
É a prova que um coração
Já não sabe mais
Viver sem você

Agora eu já sei
Que me falta sempre a razão
Traduzir melhor a emoção
Do que trago aqui
Bem dentro de mim

Eu que duvidava e não sabia
Desse verdadeiro amor
Chegou
Verdadeiro amor chegou
Verdadeiro amor",pt
/ivete-sangalo/,Deixo,/ivete-sangalo/deixo.html,"Eu me lembro sempre onde quer que eu vá
Só um pensamento em qualquer lugar
Só penso em você
Em querer te encontrar
Só penso em você
Em querer te encontrar

Lembro daquele beijo que você me deu
E que até hoje está gravado em mim
E quando a noite vem
Fico louca pra dormir
Só pra ter você nos meus sonhos
Me falando coisas de amor

Sinto que me perco no tempo
Debaixo do meu cobertor

Eu faria tudo pra não te perder
Assim
Mas o dia vem e deixo você ir

Deixo você ir
Deixo você ir
Deixo você ir
Deixo você ir",pt
/ivete-sangalo/,Não Me Conte Seus Problemas,/ivete-sangalo/nao-me-conte-seus-problemas.html,"Ivete Sangalooooo!

Então não me conte seus problemas
Que hoje eu quero paz,
Eu quero amor
Então não me conte os seus problemas
Nada de tristeza nem de dor

Esse sol tão lindo gostoso de se ver
Essa vida boa, correndo pelas mãos
Esse povo todo cantando para valer
Solte essa cabeça, acelere o coração
Hoje eu to querendo falar de coisa boa
Hoje eu to querendo gostar mais de você
O povo balançando, dando risada atoa
Hoje só não dança quem gosta de sofrer!

Então não me conte seus problemas
Que hoje eu quero paz, eu quero amor
Então não me conte seus problemas
Nada de tristeza nem de dor
Então não me conte seus problemas
Não quero saber!
Hoje eu quero paz, eu quero amor
Então não me conte seus problemas
Nada de tristeza nem de dor!

Veja bem tá tudo certo
Nós dois na avenida dançando de coração aberto
Veja bem Deus não perdoa
Vamos pensar positivo que essa vida é muito boa

Então não me conte seus problemas
que hoje eu quero paz, eu quero amor
Então não me conte seus problemas
Nada de tristeza nem de dor!

Veja bem tá tudo certo
Nós dois na avenida dançando de coração aberto
Veja bem Deus não perdoa
Vamos pensar positivo que essa vida é muito boa!

Então não me conte seus problemas
que hoje eu quero paz, eu quero amor
Então não me conte seus problemas
Nada de tristeza nem de dor!",pt
/ivete-sangalo/,País Tropical / Arerê / Taj Mahal,/ivete-sangalo/pais-tropical-arere-taj-mahal.html,"Moro...
Num país tropical,
Abençoado por Deus
E bonito por natureza (Mas que beleza!)

Em fevereiro (Em fevereiro)
Tem carnaval (Tem carnaval)
Eu tenho um fusca e um violão,
Sou Flamengo e tenho uma nêga chamada Tereza

""Sambaby"", ""Sambaby""
Eu posso não ser um Band Leader (Pois é)
Mas assim mesmo, lá em casa todos meus amigos, meus camaradinhas me respeitam (Pois é)
Essa é a razão da simpatia, do poder do algo mais e da alegria...

Sou flá,flá ela eh me me


Tudo o que eu quero nessa vida
É amar você
Amar você
O seu amor é como uma chama acesa
que me queima de prazer
De prazer (2x)

Eu já falei com Deus que não vou te deixar
Vou te levar pra onde
Pra qualquer lugar
Já fiz de tudo pra não te perder

Arerê,
Um lobby, um hobby, um love com você
Arerê,
um lobby, um hobby, um love com você

Cai, cai, cai, cai, cai pra cá
Hey, hey, hey
Tudo, tudo,tudo, vai rolar

Arerê,
Um lobby, um hobby, um love com você
Arerê,
um lobby, um hobby, um love com você",pt
/ivete-sangalo/,Na Bahia,/ivete-sangalo/na-bahia.html,"Na Bahia ia ia ia
Na Bahia ia ia ia
Na Bahia...
Todo mundo na Bahia (2x)

Falar o quê?
Quando pisa nessa terra
Alegria toma conta de você

Falar de quem
Dessa música olodum, da timbalada
Ilê ayê e vai quem vem

Pra começar
Terra de todos os santos
Esperando por você que vai chegar

Se sinta bem
A Bahia também quer saber o que é que você tem

Na Bahia, ia, ia
Na Bahia, ia, ia
Na Bahia...
Todo mundo na Bahia (2x)

Se seu coração está pedindo pra ficar
Fique, cante, dance até cansar
Caia na folia e viva a música
Deixe o corpo te levar na boa",pt
/ivete-sangalo/,Completo,/ivete-sangalo/completo.html,"É tão bom ter alguém por perto
Pra você se sentir completo
Ter a mão que te leva pro futuro
Vislumbrando horizontes seguros...

É tão bom viajarmos juntos
E viver aproveitando tudo
Amanhã vai ser melhor que hoje
Novos sonhos ao amanhecer...

Imagino milhões de sorrisos
Cada um com seu jeito de ser
Mas ligados no mesmo destino
Um amor feito eu e você...

Refrão:
O céu e o mar
A lua e a estrela
O branco e o preto
Tudo se completa de algum jeito.

Homem e mulher
A faca e o queijo
O incerto e o perfeito
Tudo se completa de algum jeito.

O céu e o mar
A lua e a estrela
O branco e o preto
Tudo se completa de algum jeito.

Homem e mulher,
A faca e o queijo
O incerto e o perfeito
Tudo se completa de algum jeito.",pt
/ivete-sangalo/,O Mundo Vai,/ivete-sangalo/o-mundo-vai.html,"Traga todo mundo
Chama o povo de casa
As amigas mais louca
Chama a rapaziada
Todo mundo na rua
De cabeça virada
De roupa colorida
Com a alma lavada

Bota lá no grupo que o couro tá comendo
Que quando ela passa todo mundo vai atrás
Todo mundo mundo vai
Todo mundo mundo vai
Todo mundo mundo vai

Desce uma dose de beijo
Deixa minha boca molhada
O amor tá fazendo pizeiro
Ferve no meu fevereiro
Dona do meu coração
Essa é pra trincar o concreto do chão

Desce uma dose de beijo
Deixa minha boca molhada
O amor tá fazendo pizeiro
Ferve no meu fevereiro
Dona do meu coração
Essa é pra trincar o concreto do chão

Aê, aê, aê, aê
Venha ver, venha ver
Aê, aê

Aê, aê, aê, aê
Venha ver, venha ver
Aê, aê",pt
/ivete-sangalo/,Salve Baby (part. Iza),/ivete-sangalo/salve-baby-part-iza.html,"Salve, baby!
Tô fingindo naturalidade, baby
Mas eu morro e vivo de saudade, baby
Baby, você mora em mim

Salve, baby!
Tô fingindo naturalidade, baby
Mas eu morro e vivo de saudade, baby
Baby, você mora em mim

Não tá vendo, baby
Que a ideia tem sinceridade, baby
Tá rolando choro em toda frase, baby
Eu não quero mais ninguém

Baby, esse nosso love é brasa acesa
Porque a nossa força vem da natureza
Vamos fugir pra onde você quiser

Eu te amo, baby, bote fé!

Baby, pra você eu só direi sim
Quero ter você pra sempre
Volta pra cuidar da gente
Que o nosso amor é diferente

Baby, pra você eu só direi sim
Quero ter você pra sempre
Volta pra cuidar da gente
Que o nosso amor é diferente",pt
/ivete-sangalo/,Pererê,/ivete-sangalo/perere.html,"Vai pêrêrê, Vai pêrêrê, Vai pêrêrê pêrêrê pêrêrê
Vai pêrêrê, Vai pêrêrê, Vai pêrêrê pêrêrê pêrêrê
DERRUBA!...

Pê pê rê rê rê rê pê pê
Pê pê pê rê pê rê rê rê
Pê pê pê pê pê rê pê pê
Pê pê rê pê pê rê rê pê

Perere saiu na capa do jornal
fumando cachimbo em pleno carnaval
Perere não gosta de sorvete quente
Perere só pula carnaval com a gente

Pê pê rê rê rê rê pê pê
Pê pê pê rê pê rê rê rê
Pê pê pê pê pê rê pê pê
Pê pê rê pê pê rê rê pê

Perere não gosta de fumar cigarro
Perere não bebe quando sai de carro
Perere não faz amor sem camisinha
Perere não come nada sem farinha

Pê pê rê rê rê rê pê pê
Pê pê pê rê pê rê rê rê
Pê pê pê pê pê rê pê pê
Pê pê rê pê pê rê rê pê

Quando vira índio
Ele fica nú
Na salada dele
tem tomate crú
Perere é o mais querido do brasil
Perere só quer pular atras do trio

Vai pêrêrê, Vai pêrêrê, Vai pêrêrê pêrêrê pêrêrê
Vai pêrêrê, Vai pêrêrê, Vai pêrêrê pêrêrê pêrêrê

Perere saiu na capa do jornal
fumando cachimbo em pleno carnaval
Perere não gosta de sorvete quente
Perere só pula carnaval com a gente

Pê pê rê rê rê rê pê pê
Pê pê pê rê pê rê rê rê
Pê pê pê pê pê rê pê pê
Pê pê rê pê pê rê rê pê

Perere não gosta de fumar cigarro
Perere não bebe quando sai de carro
Perere não faz amor sem camisinha


Pê pê rê rê rê rê pê pê
Pê pê pê rê pê rê rê rê
Pê pê pê pê pê rê pê pê
Pê pê rê pê pê rê rê pê

(Mas)Quando vira índio
Ele fica nú
Na salada dele
tem tomate crú
Perere é o mais querido do brasil
Perere só quer pular atras do trio

Vai pêrêrê, Vai pêrêrê, Vai pêrêrê pêrêrê pêrêrê
Vai pêrêrê, Vai pêrêrê, Vai pêrêrê pêrêrê pêrêrê",pt
/ivete-sangalo/,Abalou,/ivete-sangalo/abalou.html,"Você comigo é par
É mais do que sonhar
Amor tão raro de se viver
E eu quero aproveitar esse momento pra te dizer

Você comigo é bis
Me deixa tão afim
Meu pensamento me leva além
Bastou você entrar
Na vida pra ficar tudo bem

Não quero desgrudar de você
É bom parar o tempo
Tem tudo pra dar certo nós dois
Já sei que não tem jeito
Tá feito
Você me ganhou

Refrão 2x
Abalou, abalou
Sacudiu, balançou
Coração é só felicidade
Abalou, abalou
Isso sim
É amor de verdade

Você comigo é bis
Me deixa tão afim
Meu pensamento me leva além
Bastou você entrar
Na vida pra ficar tudo bem

Não quero desgrudar de você
É bom parar o tempo
Tem tudo pra dar certo nós dois
Já sei que não tem jeito
Tá feito
Você me ganhou

Abalou, abalou
Sacudiu, balançou
Coração é só felicidade
Abalou, abalou
Isso sim
É amor de verdade

Não quero desgrudar de você
É bom parar o tempo
Tem tudo pra dar certo nós dois
Já sei que não tem jeito
Feito você...

Abalou, abalou
Sacudiu, balançou
Coração é só felicidade
Abalou, abalou
Isso sim
É amor de verdade",pt
/ivete-sangalo/,Levada Louca,/ivete-sangalo/levada-louca.html,"Chegue, chegue, chegue
Chegue, chegue, chegue
Chegue, chegue, chegue

Tem festa no candeal
Batuque no canjerê
Eu vou levar meu timbal
Tocar samba pra você

Tem festa no candeal
Batuque no canjerê
Eu vou lavar meu timbal
Tocar samba pra você

Não fico quieto quando vejo num boteco
Tamborim com reco-reco, xequerê a chacoalhar

Bate, bate, bate
Esquenta a mão nesse couro
Cante, cante, cante
Acorda que o dia nasceu
Bate, bate, bate
Esquenta a mão nesse couro

Cante, cante, cante
Cante, cante, cante
Cante, cante, cante

Acorda que o dia nasceu

Levada louca, levada louca,
Levada louca para dançar
Levada louca, levada louca,
Levada louca para dançar",pt
/ivete-sangalo/,A Casa Amarela,/ivete-sangalo/a-casa-amarela.html,"Papai pintou
A casa de amarelo
A frente toda
Parecia um castelo
Lá no jardim
anão e cogumelo
Mamãe achou legal
E até discreto

Ah, foi um sonho
Hum, que sonhei
Ah, foi um sonho
Me tratavam
Como um rei

Lá do meu quarto
Dá pra ver
Os girassóis
Lá da varanda
Grandes portas
De cristais

Mamãe vestida
De rainha
E de condão
Papai valente
Enfrentando
um dragão",pt
/ivete-sangalo/,A Galera,/ivete-sangalo/a-galera.html,"Fevereiro
Alegria
Muita festa
Todo dia
Quem pode, pode
Quem não pode se sacode
Quando a banda passa
E o som da banda empurrando todo mundo
Num swing massa
E a galera, ô, ô
A galera tá no clima
Mão embaixo
Mão em cima
Quem pode, pode
Quem não pode se sacode
Quando a banda passa
E o som da banda empurrando todo mundo
Num swing massa
E a galera, ô, ô
Desce, desce
Bem juntinho
Sobe, sobe
Bonitinho
E essa dança todo mundo tá jogando no meio da praça
O som da banda empurrando todo mundo
Num swing massa
E a galera, ô, ô",pt
/ivete-sangalo/,A Girafa,/ivete-sangalo/a-girafa.html,"Vambora bicharada
Vou contar uma coisa pra vocês
Daqui de cima tudo é muito mais bonito
Tô bem na fita, hein!
A mais elegante a poderosa eu a girafa

Olho por cima do muro tenho muito orgulho porque sou
girafa
Dos bichos sou a mais comprida pintas na barriga
porque sou girafa
Meu pescoço interessante é o mais elegante porque sou
girafa
Quem quiser me acompanhar vai ter que suar porque sou
girafa

Gira gira girafa fa fa fa
Gira gira girafa fa fa fa
Gira gira girafa fa fa gi girafa

Atenção eu e as minhas pintas na barriga
Esse pescoço elegante cabe muitos colares, de
brilhante.
O macaco ta louco por mim
O leão quer casar comigo, mas eu não tô nem aí, pra
ninguém.
Autógrafos depois porque agora eu vou cantar, com
licença.",pt
/ivete-sangalo/,A Novidade,/ivete-sangalo/a-novidade.html,"Uh! Heiê! Oh!
Ô Ô Ô Ô Ô Ô Ô!
Ah! AAh!
Ô Ô Ô Ô Ô Ô Ô!
Ah! AAh!
Ô Ô Ô Ô Ô Ô Ô!
Ah! AAh! Heiê! Heiê!
Ô Ô Ô Ô Ô Ô Ô!
Ah! AAh!

A novidade veio dar à praia
Na qualidade rara de sereia
Metade o busto
D'uma deusa Maia
Metade um grande
Rabo de baleia

A novidade era o máximo
Do paradoxo
Estendido na areia
Alguns a desejar
Seus beijos de deusa
Outros a desejar
Seu rabo prá ceia

Oh! Mundo tão desigual
Tudo é tão desigual
Ô Ô Ô Ô Ô Ô Ô!
Oh! De um lado esse carnaval
De outro a fome total
Ô Ô Ô Ô Ô Ô Ô Ô!

Ô Ô Ô Ô Ô Ô Ô!
Ah! AAh!
Ô Ô Ô Ô Ô Ô Ô!
Ah! AAh!

E a novidade que seria um sonho
O milagre risonho da sereia
Virava um pesadelo tão medonho
Ali naquela praia
Ali na areia

A novidade era a guerra
Entre o feliz poeta
E o esfomeado
Estraçalhando
Uma sereia bonita
Despedaçando o sonho
Prá cada lado

Oh! Mundo tão desigual
Tudo é tão desigual
Ô Ô Ô Ô Ô Ô Ô!
Oh! De um lado esse carnaval
De outro a fome total
Ô Ô Ô Ô Ô Ô Ô!

Ô Ô Ô Ô Ô Ô Ô!
Ah! AAh!
Ô Ô Ô Ô Ô Ô Ô!
Ah! AAh! Ah! AAh!
Ah! AAh! Ah! AAh!
Ah! AAh! Ah! AAh!",pt
/ivete-sangalo/,À Vontade (part. Wesley Safadão),/ivete-sangalo/a-vontade-part-wesley-safadao.html,"Vai começar
A banda dando acordes de uma canção
Casais preparam pra entrar no salão
Anunciando que não dá pra parar
Oh não para..
Do lado daqui
Meu coração dispara só de te ver
E eu fingindo que você não está lá
Mas o balanço já começa envolver
Oh não para

Acenou de lá, dei um tchau daqui
Sugerimos um bate papo
Vou me apaixonar, estou ficando afim
Só Deus sabe onde a noite vai dar

A gente fica à vontade
Se embala e começa a dançar
A dançar ê, ê
Nessa onda a gente se envolve
E começa a dançar
A dançar ê, ê

Muito prazer
Eu quero ver você mexer sem parar
Me aperte, vem colar seu rosto no meu
Segure firme, então comece a girar
E não para
Mais uma vez me envolva nos seus braços
Quero sentir
O seu calor numa dança bem sensual
E se prepare eu vou querer outra vez
Oh não para

Vem colar em mim, se perder no som
Eu já vi que essa noite é nossa
Tudo é bom assim, quando é natural
Quando a gente se atrai no salão",pt
/ivete-sangalo/,Abadá,/ivete-sangalo/abada.html,"Capoeira me levou
Carnaval em Salvador
Vou mudar a minha fantasia

Tô querendo é te ver
Só pra estar com você
Pelas ruas lindas da Bahia

Na avenida sou o céu
O seu beijo doce mel
Na cidade do meu coração
A poeira vai subir
E o EVA vai levar
Toda gente linda do verão

Eu vou sair de abadá
Eu vou sair de abadá
Eu vou sair de abadá
Meu amor, me leva",pt
/ivete-sangalo/,Acalme Sua Alma,/ivete-sangalo/acalme-sua-alma.html,"Acalme sua alma
Aprender é pra sempre
O corpo sente o que passa na mente
Respeite o seu tempo
Entenda você
Agradeça por poder viver
Agradeça por poder viver

E se chorar fizer bem
Pode chorar, o que é que tem?
A lágrima salga e salva a alma
Deus te quer bem
Amém

Voar além
Do que se vê
Pousar em si
Morar em si

Poder sentir
O dom de ser
Se descobrir
Viver

Voar além
Do que se vê
Pousar em si
Morar em si

Poder sentir
O dom de ser
Se descobrir
Viver você",pt
/ivete-sangalo/,Acelera Aê (Noite do Bem),/ivete-sangalo/acelera-ae-noite-do-bem.html,"Nesse lance, vou nesse ritmo, tudo pode rolar
Já sei onde vou nessa onda, tô doido afim de dançar
Solta o som pra animar a noite Dj
Todo mundo ligado na noite do bem

(Refrão 2x)
Aceleraê, o coração
Que hoje é dia de Ivete
Aceleraê, o coração
Que hoje é dia de Ivete
Aaaah

Mão com mão, Eu você curtição, o hit é bom
Pense bem, mente sã, corpo são
Eu tô feliz, eu tô afim, eu tô legal
E nesse astral
Vou ficar até amanhecer

(Refrão 2x)
Aceleraê, o coração
Que hoje é dia de Ivete
Aceleraê, o coração
Que hoje é dia de Ivete
Aaaah",pt
/ivete-sangalo/,Acelera Aê (Noite do Bem) / Festa / Sorte Grande,/ivete-sangalo/acelera-ae-noite-do-bem-festa-sorte-grande.html,"Nesse lance bom
Nesse ritmo
Tudo pode rolar
Já sei onde vou
Nessa onda
Tô doido afim de dançar
Solte o som pra animar a noite, dj
Todo mundo ligado
Noite do bem

Aceleraê
O coração
Hoje é dia de Ivete
Aceleraê
O coração
AAh

Mão com mão
Eu, você, curtição
O bit é bom
Pense bem, mente sã, corpo são
Tô feliz, tô afim, tô legal
E nesse astral
Vou ficar até amanhecer

Aceleraê
O coração
Hoje é dia de ivete
Aceleraê
O coração
AAh


Festa no gueto
Pode vir, pode chegar
Misturando o mundo inteiro
Vamo vê no que é que dá

Hoje tem
Festa no gueto
Pode vir, pode chegar
Misturando o mundo inteiro
Vamo vê no que é que dá

Tem gente de toda cor
Tem raça de toda fé
Guitarras de rock'n roll
Batuque de candomblé
Vai lá, prá ver

A tribo se balançar
E o chão da terra tremer
Mãe Preta de lá mandou chamar
Avisou! Avisou! Avisou! Avisou!

Que vai rolar a festa
Vai rolar!
O povo do gueto
Mandou avisar


A minha sorte grande
Foi você cair do céu
Minha paixão verdadeira
Viver a emoção
Ganhar teu coração
Pra ser feliz a vida inteira

É lindo o teu sorriso
O brilho dos teus olhos
Meu anjo querubim
Doce dos teus beijos
Calor dos teus braços
Perfume de jasmim

Chegou no meu espaço
Mandando no pedaço
Com o amor que não é brincadeira

Pegou me deu um laço
Dançou bem no compasso
De prazer levantou poeira
Poeira
Poeira
Poeira
Levantou poeira!
Poeira
Poeira
Poeira
Levantou poeira!",pt
/ivete-sangalo/,Adeus Bye Bye,/ivete-sangalo/adeus-bye-bye.html,"Quer ir embora, vai, adeus, bye, bye
Quando você me quiser Estarei no Ilê, já não te quero mais

Quer ir embora, vai, adeus, bye, bye
Quando você me quiser
Estarei no Ilê, já não te quero mais

Até chorar chorei, não pude suportar
Ao ver se acabar todo amor que eu te dei
E pra curar, então, meu pobre coração

Eu vou sair no Ilê
Vou me esquecer de você no meio da multidão
Eu vou com o negro mais lindo
Desfilar na avenida e te matar de paixão

Eu vou sair no Ilê
Vou me esquecer de você no meio da multidão
Eu vou com o negro mais lindo
Desfilar na avenida e te matar de paixão

Quer ir embora, vai, adeus, bye, bye

Ilê!",pt
/ivete-sangalo/,Ahora Ya Sé (agora Eu Já Sei),/ivete-sangalo/ahora-ya-se-agora-eu-ja-sei.html,"Duvidava, não entendia
Quando alguém me falou
Suspirava, que agonia
Pra sentir esse amor

Tiempo señor de todas las horas y dias
Pasó sin ver
Amarte de verdad
Sentir la nostalgia
Pero solo de ti, solo de ti

Agora eu já sei
Quando falta a respiração
É a prova que um coração
Já não sabe mais viver sem você
Ahora ya sé
Que me falta siempre la razón
Compreendi mejor en la emoción
Lo que traigo aqui, muy dentro de mi
Dentro de mi

Yo dudaba, no entendia
Cuando alguien me avisó
Suspiraba, todo el dia
Para sentir ese amor

El tiempo, señor de todas las horas y dias
Pasó sin ver
Amarte de verdad
Sentir la nostalgia
Pero solo de ti, solo de ti

Ahora ya sé
Cuando falta la respiración
Es la prueba que un corazón
Ya no sabe más, vivir sin ti
Ahora ya sé
Que me falta siempre la razón
Compreendi mejor en la emoción
Lo que traigo aqui, muy dentro de mi

Ahora ya sé
Cuando falta la respiración
Es la prueba que un corazón
Ya no sabe más, vivir sin ti
Ahora ya sé
Que me falta siempre la razón
Compreendi mejor en la emoción
Lo que traigo aqui, muy dentro de mi
Dentro de mi

Yo que dudaba, y no sabia
Desse verdadeiro amor
Nuestro amor, Llego!
Yo dudaba, no entendia
Yo dudaba, todo el dia, sí!
Nuestro amor
Verdadero amor



By @rafaelolipa",es
/ivete-sangalo/,Além do Horizonte,/ivete-sangalo/alem-do-horizonte.html,"Além do horizonte existe um lugar
Bonito e tranqüilo
Pra gente se amar

Além do horizonte deve ter
Algum lugar bonito pra viver em paz
Onde eu possa encontrar a natureza
Alegria e felicidade com certeza

Lá nesse lugar o amanhecer é lindo
Com flores festejando mais um dia que vem vindo
Onde a gente pode se deitar no campo
Se amar na relva escutando o canto dos pássaros

Aproveitar a tarde sem pensar na vida
Andar despreocupado sem saber a hora de voltar
Bronzear o corpo todo sem censura
Gozar a liberdade de uma vida sem frescura

Se você não vem comigo nada disso tem valor
De que vale o paraíso sem o amor
Se você não vem comigo tudo isso vai ficar
No horizonte esperando por nós dois

Além do horizonte existe um lugar
Bonito e tranqüilo
Pra gente se amar

Se você não vem comigo nada disso tem valor
De que vale o paraíso sem amor
Se você não vem comigo tudo isso vai ficar
No horizonte esperando por nós dois

Além do horizonte existe um lugar
Bonito e tranqüilo
Pra gente se amar",pt
/ivete-sangalo/,Amor em Paz,/ivete-sangalo/amor-em-paz.html,"Eu amei
E amei ai de mim muito mais
Do que devia amar
E chorei
Ao sentir que iria sofrer
E me desesperar

Foi então
Que da minha infinita tristeza
Aconteceu você
Encontrei em você
A razão de viver
E de amar em paz

E não sofrer mais
Nunca mais
Porque o amor
É a coisa mais triste
Quando se desfaz

Porque o amor é a coisa mais triste
Quando se desfaz",pt
/ivete-sangalo/,Amor Que Fica (Com Zezé di Camargo e Luciano),/ivete-sangalo/amor-que-fica-com-zeze-di-camargo-e-luciano.html,"Tá com medo
De olhar nos teus olhos
Porque sabe que não vai segurar
Coco que balança cai
Se tem fumaça tem fogo
Amor que fica não sai

Tenho medo
De olhar nos seus olhos
Porque sei que posso
Não resistir
Não quero pagar pra ver
Prá ter que sair daqui
Grudadinha com você

Sou abelha do seu mel
(Sim)
Tô na onda do seu mar
(Tô lhe vendo)
Sou a lua do seu céu
Sua estrela a brilhar
Sou sua outra metade
Quero entrar na sua história
Me carregue com você
Não me deixe do lado de fora

Um amor assim fogoso
Não é fácil encontrar
Todo esse seu chamego
É só prá me conquistar
Sei das suas artimanhas
Do que você tá a fim
Toma seu jeito garoto
Que eu não quero encrenca
Pra mim Ah",pt
/ivete-sangalo/,Amor Que Não Sai,/ivete-sangalo/amor-que-nao-sai.html,"Quando acordo de manhã
Beija-flor no meu jardim
E sinto o sol dourar a minha pele
E é tão bom

Sempre acordo de manhã
Beija-flor no meu jardim
Que bom ficar na sombra das mangueiras
Lembro muito bem de um tempo feliz
O mundo pertencia a gente
E era tudo demais

Sem você aqui, fica tudo assim
Tão diferente a solidão, vem
Leva meu sossego e minha paz
Esse amor que não sai
Esse amor que não vem
Que saudade louca de você, meu bem
Esse amor que não sai
Esse amor que não vem
Que saudade louca de você, meu bem

Leva meu sossego e minha paz
Esse amor que não sai
Esse amor que não vem
Que saudade louca de você, meu bem
Esse amor que não sai
Esse amor que não vem
Que saudade louca de você, meu bem",pt
/ivete-sangalo/,Aonde Você Mora,/ivete-sangalo/aonde-voce-mora.html,"Amor igual ao teu
Eu nunca mais terei
Amor que eu nunca vi igual
Que eu nunca mais verei

Amor que não se pede
Amor que não se mede
Que não se repete... Uuuuu

Amor que não se pede
Amor que não se mede
Que não se repete

Você vai chegar em casa
Eu quero abrir a porta
Aonde você mora?
Aonde você foi morar?
Aonde foi?

Não quero estar de fora
Aonde está você?
Eu tive que ir embora
Mesmo querendo ficar
Agora eu sei

Eu sei que fui embora
Agora eu quero você
De volta pra mim",pt
/ivete-sangalo/,Aqui Vai Rolar,/ivete-sangalo/aqui-vai-rolar.html,"Aqui vai rolar
Venha aqui
Vai rolar aqui
Óia

Prepare seu corpo e sua cabeça
Suingue do bom para quem mereça
Água de coco rolou
Deu bronze

Suingou, suingou, suingou
Moreno que vem de longe
Onde rolar carnaval, agite
Agora, decore o refrão

Se prepare e grite
Tinha Zé, tinha João
Combinando comigo
Sorriso no rosto

Pro peito faz bem
Bate na palma da mão
Quem quer alegria
Agora, decore o refrão

Que vem da Bahia
Beijinho na boca
Vai rolar, vai rolar
Carinho de pé

Vai rolar, vai rolar
Todo mundo dançando
Vai rolar, vai rolar
Alegria na rua",pt
/ivete-sangalo/,Areré (espanhol),/ivete-sangalo/arere-espanhol.html,"Yo lo que quero en esta vida
Estar toda la vida amándote
Es tu amor como una llama encendida
Quema de placer

Yo lo que quero en esta vida
Estar toda la vida amándote
Es tu amor como una llama encendida
Quema de placer

Yo ya le dije a Dios que no voy a dejar
Voy a llevarte lejos a cualquier lugar
Hago todo para no perderte

Areré, un lobby, un hobby, un love con usted
Areré, un lobby, un hobby, un love con usted

Y cae, cae, cae, cae, cae, cae, cae para acá
Todo, todo vas a lograr

Areré, un lobby, un hobby, un love con usted
Areré, un lobby, un hobby, un love con usted",es
/ivete-sangalo/,Assimétrica,/ivete-sangalo/assimetrica.html,"Não quero mais ser feliz
Ser feliz, quer dizer, sem você
Prefiro assim, assimetricamente
Viver com você

""Assimetricamantes"" nós dois
Assim como um mais um são três
Algo não se encaixa,
mas quem acha que dá certo
Somos nós

Nós e nós e nós e nós e nós
Todos desatados de uma vez
Quando nos atamos e amamos
Debaixo dos nossos lençóis

Muitos torcem , rezam, fazem ebó
Só pra ver você longe de mim (far away from me)
Só porque cismaram e inventaram
Que assim seria bem melhor
Só porque preferem me ver só
Só pra que só eles possam, enfim
Ver-me, ter-me, beber-me, comer-me
Tomar-me pra eles
E só pra eles, só",pt
/ivete-sangalo/,Astral,/ivete-sangalo/astral.html,"Astral pra cima, pra entrar no clima
Nem imagina como vai ficar
Quem tomou um banho frio em casa
Em pouco tempo vai se esquentar

Jogando seu corpo
Pro lado e pro outro
Deixando a música lhe movimentar
Todo o seu suingue no balanço da banda

Vem nessa alegria nos acompanhar
Agora, eu quero ver
A galera batendo a mão
Todo mundo saindo do chão

Com a mãozinha pra lá e pra cá
Subir, subir, subir, subir, subir, subir
Subir o astral
Subir, subir, subir, subir, subir, subir
Vai dar pra todo mundo",pt
/ivete-sangalo/,Atrás da Porta,/ivete-sangalo/atras-da-porta.html,"Quando olhaste bem nos olhos meus
E o teu olhar era de adeus, juro que não acreditei
Eu te estranhei, me debrucei
Sobre o teu corpo e duvidei
E me arrastei, e te arranhei

E me agarrei nos teus cabelos
Nos teus pelos, teu pijama
Nos teus pés, ao pé da cama
Sem carinho, sem coberta
No tapete atrás da porta
Reclamei baixinho

Dei pra maldizer o nosso lar
Pra sujar teu nome, te humilhar
E me vingar a qualquer preço
Te adorando pelo avesso
Pra mostrar que ainda sou tua
Até provar que ainda sou tua",pt
/ivete-sangalo/,Azul da Moda,/ivete-sangalo/azul-da-moda.html,"Tô vivendo no compasso
dessa vida que não pára nunca
Não pára nunca
Dessa vida que não pára nunca

Balançando nessa vida
Que não pára nunca
Não pára nunca
Que não pára nunca

Pirei no seu colar
Azul da moda
Seu pé de areia e sal
Na cor, dengosa

Brilhou no teu olhar
O amor me beija
Aonde você for
Seu calor me leva

Esquecer da dor
Pra quê chorar
Foi brincar de amor
Simbora

Pintou novo amor
Já tava na hora
E se demorou
Deixa pra lá

Esquecer da dor
Pra quê chorar
Foi brincar de amor
Simbora

Pintou novo amor
É que já tava na hora
E se demorou
Simbora",pt
/ivete-sangalo/,Back At One,/ivete-sangalo/back-at-one.html,"It's undeniable.. that we should be together
It's unbelievable, how I used to say that I fall never
The basis you need to know
If you don't know just how I feel
Then let me show you now that I'm for real
If all the things in time, time will reveal
(Yeah-ah...)

One, you're like a dream come true
Two, just wanna be with you
Three, girl it's plain to see
That you're the only one for me
And four, repeat steps one through three
Five, make you fall in love with me
If ever I believe my work is done
Then I'll start back at one
(Yeah-ah...)

É impossível fingir que posso controlar
O que estou sentindo, é muito forte pra negar
Pra que resistir, se eu sei que você também quer
Sabe que eu não vou seguir sozinha
Você tem as chaves do meu coração

One, você é meu sonho bom
Two, eu quero ter você pra mim
Three, por muito tempo esperei, preciso ouvir você dizer sim
Four, se quer eu posso repetir
Five, o que eu te disse até aqui
A qualquer preço eu quero o seu amor
Só serei feliz assim

Say farewell to the dark night
I see the coming of the sun
Eu quero estar ao seu lado baby, pra recomeçar
You came and bring the life into this lonely heart of mine
Eu vou seguir feliz
Just in the nick of time

One, meu sonho bom
Two, just wanna be with you
Three, por muito tempo esperei, preciso ouvir você dizer sim
And four, repeat steps one through three
Five, make you fall in love with me
If ever I believe my work is done
Then I'll start back at one

By Andreia",pt
/ivete-sangalo/,Baianidade Nagô,/ivete-sangalo/baianidade-nago.html,"Já pintou verão
Calor no coração
A festa vai começar
Salvador se agita
Numa só alegria
Eternos Dodô e Osmar

Na avenida sete
Na paz eu sou tiete
Na barra o farol a brilhar
Carnaval da bahia
Oitava maravilha
Eu nunca irei te deixar, meu amor

Eu vou
Atrás do trio elétrico vou
Dançar ao negro toque do agogô
Curtindo minha baianidade nagô ô ô ô ô

Eu queria
Que essa fantasia fosse eterna
Quem sabe um dia a paz vence a guerra
E viver será só festejar, eô, eô",pt
/ivete-sangalo/,Balakbak,/ivete-sangalo/balakbak.html,"Todo dia, toda hora
Quando eu pego na viola
Um balanço, um swing gostoso
Por favor não vá embora(x2)

Deixa eu tocar uma canção pra você
Som do tambor faz a terra tremer
Toco o timbal chacoalho o xequeré
Eu vou mostrar pra você como é(x2)

Balakbak baê, balakbak baê
Toque no compasso que a canção é pra você
Balakbak baê, balakbak baê
Dance no compasso que esse xote é pra você(x2)

digui, digui no, no
na, na, na, na, na(x2)

Todo dia, toda hora
Quando eu pego na viola
Um balanço, um swing gostoso
Por favor não vá embora(x2)

Deixa eu tocar uma canção pra você
Som do tambor faz a terra tremer
Toco o timbal chacoalho o xequeré
Eu vou mostrar pra você como é(x2)

Balakbak baê, balakbak baê
Toque no compasso que esse som é pra você
Balakbak baê, balakbak baê
Dance no compasso que esse xote é pra você(x2)

digui, digui no, no
na, na, na, na, na(x2)",pt
/ivete-sangalo/,Balançando Diferente,/ivete-sangalo/balancando-diferente.html,"Tá rolando um samba rock
Pra dançar você e eu
Temperei com samba reggae
Olha só no que que deu
Lancei num alto falante
Todo mundo se buliu

E o que foi de gente
Balançando atrás do trio
E o que foi de gente
Balançando a mais de mil

É Bala, é bala, é balançando diferente
Que a gente chega lá
Hoje o povo tá contente
No lê,lê,lê no lá,lá,lá
E eu vou levando
o samba rock sem parar
E quem tá de fora não demora para entrar
ah, ah, ah, ah, ah, ah

Ei, ei, ei
Vem cá, vem cá, vem cá, vem cá
O chão tremeu
e a geral vai balançar
Oba, Oba babá

Ei, ei, ei
Vem cá, vem cá, vem cá, vem cá
O chão tremeu
e a geral vai balançar

Tá rolando um samba rock
Pra dançar você e eu
Temperei com samba reggae
Olha só no que que deu

Lancei no alto falante
Todo mundo se buliu
E o que foi de gente balançando atrás do trio
E o que foi de gente balançando a mais de mil

É Bala, é bala, é balançando diferente
Que a gente chega lá
Hoje o povo tá contente
No lê,lê,lê no lá,lá,lá

E eu vou levando o samba rock sem parar
E quem tá de fora não demora para entrar
ah, ah, ah, ah, ah, ah

Ei, ei, ei
Vem cá, vem cá, vem cá, vem cá
O chão tremeu
e a geral vai balançar
Oba, Oba, babá

Ei, ei, ei
Vem cá, vem cá, vem cá, vem cá
O chão tremeu
e a geral vai balançar,
ah, ah

E eu vou levando o samba rock sem parar
E quem tá de fora não demora pra entrar

Ei, ei, ei
Vem cá, vem cá, vem cá, vem cá
O chão tremeu
e a geral vai balançar
Oba, Oba babá (3X)

Ei, ei, ei
Vem cá, vem cá, vem cá, vem cá
O chão tremeu
e a geral vai balançar
ah, ah",pt
/ivete-sangalo/,Balanço Black,/ivete-sangalo/balanco-black.html,"Aquele beijo que você mandou
Anda dizendo que não vai voltar
Minha cidade Deus abençoou
Salvador, Bahia é festa, é carnaval

O vento traz melodia que diz
O meu balanço te deixou mais feliz
Eu to com saudade
Me dá um beijo
Que eu te dou felicidade

Então balança, então balança
Nosso swingue já chegou aqui
Então balança, então balança
Pra ser feliz

Eu não desejo ver você mais chorar
Se liberte, vem pro lado de cá
Dono da beleza
Sou sua guerreira
Na batalha com a tristeza

Quando eu tô na minha cidade
O meu peito bate de felicidade
Sinto saudade da minha terra
Do jeito dengoso da minha galera",pt
/ivete-sangalo/,Beat Beleza,/ivete-sangalo/beat-beleza.html,"Etâ, bit beleza
Não me sai da cabeça
E te faz dançar

Faça tipo, meu nego
Chame sua nega
E venha dançar

Ficar de fora não é bom, não Vem pra cá
Ficar de fora não é bom, não Vamos dançar
Ficar de fora não é bom, não Vem pra cá
Ficar de fora não é bom, não
Vamos dançar

Eu, você, no meio da rua
Jogando o corpo, cantando pra lua
Eu e você, no meio da rua
Jogando o corpo...

Vem me dar amor
Venha me abraçar
Vem pra cá amar, amar",pt
/ivete-sangalo/,Beijinho Doce,/ivete-sangalo/beijinho-doce.html,"Que beijinho doce
Que ela tem
Depois que beijei ela
Nunca mais amei ninguém

Que beijinho doce
Foi ela quem trouxe
De longe pra mim
Dum Abraço apertado
Suspiro dobrado
De amor sem fim

Que beijinho doce
Que ele tem
Depois que beijei ele
Nunca mais amei ninguém

Que beijinho doce
Foi ele quem trouxe
De longe pra mim
Abraço apertado
Suspiro dobrado
De amor sem fim

Coração quem manda
Quando a gente ama
Se eu estou junto dela
Sem dar um beijinho
Coração reclama

Que beijinho doce
Foi ele quem trouxe
De longe pra mim
Abraço apertado
Suspiro dobrado
De amor sem fim

Que beijinho doce
Foi ela quem trouxe
De longe pra mim
Abraço apertado
Suspiro dobrado
De amor sem fim",pt
/ivete-sangalo/,Beijo de Hortelã,/ivete-sangalo/beijo-de-hortela.html,"Quanto mais eu me vejo, em você
Mais eu guardo um segredo
A vontade de dizer, que é maior
O que há em meu coração

Quanto mais eu conheço, o seu olhar
Mais eu me reconheço
E não posso evitar
Me entregar, é seu o meu coração
Que navega em sonhos pra te encontrar
E desperta um beijo, um desejo

Te roubar na luz do luar
Beijos de hortelã
Mordiscar teu sono, te amar, na luz da manhã

Vem pra mim

Quanto mais eu conheço, o seu olhar
Mais eu me reconheço
E não posso evitar
Me entregar, é seu o meu coração
Que navega em sonhos pra te encontrar
E desperta um beijo, os desejos

Te roubar na luz do luar
Beijos de hortelã
Mordiscar teu sono, te amar, na luz da manhã

Vem pra mim",pt
/ivete-sangalo/,"Beleza Rara / Tum, Tum, Goiaba / Pra Sempre Ter Você / Fã / Miragem / Eva (Eva)",/ivete-sangalo/beleza-rara-tum-tum-goiaba-pra-sempre-ter-voce-fa-miragem-eva-eva.html,"Eu não posso deixar que o tempo te leve, jamais
Para longe de mim, pois o nosso romance
Minha vida, é tão lindo

És quem manda e desmanda nesse coração
Que só bate em razão de te amar
Daria o mundo a você
Se preciso

Você tem o aroma das rosas
Me envolve em teu cheiro
E assim faz minar
A imensa vontade de estar ao seu lado

Nem o mar tem o brilho encantante
Como o dos seus olhos, minha pedra rara
Eu não vou negar, sem você meu mundo para

Mil voltas e voltas que dei, querendo de uma vez encontrar
Alguém que levasse a sério amar, mil voltas e voltas que dei
Querendo de uma vez encontrar, alguém igual a você, beleza rara

Hoje sou feliz e canto só por causa de você
Hoje sou feliz, feliz, e canto
Só porque eu amo, amor, você!
Fruta doce, fruto dos meus sonhos
Cheira tão madura
Flor de todo encanto
Bago de jaca, manga, pinha
Vou te dar na boca
Bago de jaca, manga, pinha
Vou te dar na boquinha

Tum, tum, goiaba

Bola de cristal
Me diga como eu vou ficar
Sem saber se ter você
É tudo que eu posso fazer
Tanto eu tenho pra falar
Mas você foge sem querer
Fica assim a se perder de mim
E isso é tão natural

Vem cá
Me mostra toda a sua perfeição
Que eu encontrei quando te vi
Assim, eu juro, nunca mais te magoar

Eu quero seu sorriso pra mim
(Canta, meus amores)
Sempre, sempre
Eu quero o seu olhar só pra mim
Quero dormir e acordar com você
Sempre ter você

Faço qualquer negócio pra te ver na avenida ou no show
Grudo no pé, dou bandeira, fico de bobeira, só pra te ver passar
Seu olhar iluminado, meu coração disparado
Se seu olhar de repente cruzar com o meu olhar envergonhado

Olá, eu sou sua fã
A número 1, sou sua fã
Não durmo direito, não como, não bebo
Só vivo de te ver passar
Você realiza o meu sonho, é a minha razão de sonhar

Verdadeira miragem do meu dia a dia
Naufraguei nesse mar
Me salvei no seu coração
Uma estrela me guia pra ter alegria
Na rota desse amor
Navego essa paixão

No vai-e-vem, eu vou, felicidade, amor
Vem me dar calor
Amanhecer a te amar
Beija-me como nunca fui beijada por ninguém
Toca-me como a pedra preciosa de cristal
Ama-me com a força desse amor total
Diz que sou sua menina
Diz que sou seu carnaval

Junto a sua vida com o meu amor
Não tenho saída, sou sua, sou
Só quero estar contigo e ter
Vocês aqui
Meu amor
Olha só, hoje o sol não apareceu
É o fim da aventura humana na Terra
Meu planeta, adeus
Fugiremos nós dois na Arca de Noé
Olha bem, meu amor, é o final da odisseia terrestre
Sou Adão e você será

Minha pequena Eva (Eva)
O nosso amor na última astronave (Eva)
Além do infinito eu vou voar (eu vou voar)
Sozinho com você
E voando bem alto (Eva)
Me abraça pelo espaço
De um instante (Eva)
Me cobre com teu corpo e me dá
A força pra viver
Minha pequena Eva",pt
/ivete-sangalo/,Berimbau Metalizado,/ivete-sangalo/berimbau-metalizado.html,"Que som é esse mano que o povo tá dançando
Que vem de lá pra cá?
É um som diferente
Que alucina a gente, faz dançar

É uma mistura de tambor, violino e agogô que não deixa ninguém parado
Lá no fundo tá rolando o som que vem empurrando é o berimbau metalizado (2x)

Tá tá tá,tá arrastando toda a massa
Tá tá tá,tá balançando o chão da praça
Tá tá tá, tá todo mundo arrepiado
Curtindo o som do berimbau metalizado (2x)

Que som é esse mano que o povo tá dançando
Que vem de lá pra cá?
É um som diferente
Que alucina a gente e faz dançar

É uma mistura de tambor, violino e agogô que não deixa ninguém parado
Lá no fundo tá rolando o som que vem empurrando é o berimbau metalizado (2x)

Tá tá tá,tá arrastando toda a massa
Tá tá tá,tá balançando o chão da praça
Tá tá tá, tá todo mundo arrepiado
Curtindo o som do berimbau metalizado (2x)

Que som é esse mano que o povo tá dançando
Que vem de lá pra cá?
Som diferente
Que alucina a gente, faz dançar

É uma mistura de tambor, violino e agogô que não deixa ninguém parado
Lá no fundo tá rolando o som que vem empurrando é o berimbau

Tá tá tá,tá arrastando toda a massa
Tá tá tá,tá balançando o chão da praça
Tá tá tá, tá todo mundo arrepiado
Curtindo o som do berimbau metalizado (4x)",pt
/ivete-sangalo/,Bicho,/ivete-sangalo/bicho.html,"E aí
Meu amigo bicho?
Beleza?
Como andam as coisas?
A centopéia
Que o diga

Queria ser leão
Pra ter aquela juba
Queria ser baleia
Daquelas barrigudas
Queria ser formiga
Minhoca, besouro
Quem sabe
Uma lagartixa?

Queria
(Pensei em)
Ser um urso
Dormir o dia inteiro
Queria ser macaco
Pulando bem ligeiro

Queria ser
Golfinho, peixinho
Cavalo marinho
Quem sabe um tubarão
Nadar lá no fundão?

Só pra ser mais leve
Pensei num passarinho
Só pra ser mais leve
Pensando bem
Cágado anda devagarinho

Imagine a borboleta
De asinhas coloridas
Pensei em ser cachorro
De orelhas bem compridas

Queria ser uma gata
Um sapo, um rato
Quem sabe um dragão?",pt
/ivete-sangalo/,Bota Pra Ferver,/ivete-sangalo/bota-pra-ferver.html,"No céu azul, destino das estrelas,
onde o vento sentiu a cor.
A vida, bota pra ferver.

Sabor de mel, tempero de perfume,
Sou louco por você, mas a vida,
Bota pra ferver.

Nessa constelação de luz neon
Herança de um batom cor de maçã
Gritei pro céu, iô iô iô iô iô.

Agora a nave-mãe vai decolar,
e eu já não posso mais te dar a mão.
Fiquei pinel, iô iô iô iô iô.

Eu disse, bota pra ferver no caldeirão do amor
Bota pra ferver a ilusão e a dor
Bota pra ferver um rio de lágrimas.",pt
/ivete-sangalo/,Brasileiro,/ivete-sangalo/brasileiro.html,"Fim de semana, todo brasileiro gosta de fazer um som
Uma cerveja bem gelada
Violão de madrugada, samba e futebol
Eu trabalho o ano inteiro
De janeiro a janeiro e não me canso de plantar
Ô ô ô ô
Passa boi, passa boiada
Debruçada na janela, que vontade de cantar

Refrão:
Eu sou brasileiro
Índio, mulato, branco e preto
Eu vou vivendo assim
Eu sou batuqueiro (Cafuzo)
(2x)

Ando de buzu precário, tão pequeno o meu salário
Na vitrine é tudo caro e assim mesmo quer sorrir
Reza pra todos os santos
São Vicente, São Jerônimo
Vai atrás de um pai-de-santo pro barraco construir

No domingo tem preguiça
Vou com fé, eu vou à missa
E na segunda ao candomblé
Ó, que linda criatura
Não entendo essa mistura, com esse tal de silicone
Ninguém sabe se é homem ou se é mulher

Refrão

Doze meses de agonia
Chego na periferia com o presente de Natal (legal)
Dou comida à molecada
Mando brincar na calçada
Tá na hora do jornal

Falta rango, falta escola
Falta tudo a toda hora
Tá na hora de mudar (oh oh oh oh)
Vivo com essa vida dura
São milhões de criaturas
Brasileiro sempre acha algum motivo pra comemorar.

Refrão",pt
/ivete-sangalo/,Brumário (Part. Lulu Santos),/ivete-sangalo/brumario.html,"No dia 19 brumário
Será virgem, será 20
Que a estrela nasceu
No dia 19 brumário
Tel aviv, hein; c'est lavie, bem
Que a hiena gemeu
E gemeu de um jeito
Assim dessemelhante
Meio diferente de hoje em dia
E nasceu carregada
Voando pro alto
Ligando energia
Sem covardia, sem covardia",pt
/ivete-sangalo/,Bug Bug Bye Bye,/ivete-sangalo/bug-bug-bye-bye.html,"Não quero mais esse amor
No peito uma dor
Machuca, não para de doer
É um tormento esse amor
Traz pranto, não sou Santo
Prefiro não sofrer

É chato amar sem ser amado
Talvez tenha que mudar,
Talvez tenha
Talvez tenha que mexer,
Talvez tenha
Talvez tenha que mudar,
Talvez tenha

Bug, bug, bye, bye, bug, bug, bye

Vou me insinuar pra você que está sozinho
Vou chegar de mansinho, bem de mansinho
vou te conquistar com uma dose de carinho
vou chegar de mansinho, bem de mansinho",pt
/ivete-sangalo/,Cachaça,/ivete-sangalo/cachaca.html,"Vamos invadir a la boate!
Vamos invadir a la boate!
Vamos invadir a la boate!
Invadir a la boate!
Invadir a la boate!

Cachaça!

O amor me pegou
Puro e verdadeiro
Pra durar, vai durar
Pra lá de fevereiro
Para quando chegar
A festa junina
Você vai se lembrar
Da gente na Ondina
Cachaça!

Botou açúcar
Chupou limão
Balanço no badalo
Da negona e do negão
Passou a língua
Tem que provar
Na língua ajoelhou
Ajoelhou tem que rezar

Não me pergunte como toca
Como dança essa levada
Eu vou descer, eu vou descer
Eu vou subir de Timbalada!

Vamos invadir a la boate!
Vamos invadir a la boate!
Vamos invadir a la boate!
Invadir a la boate!
Invadir a la boate!

Então vai miserável
Vai miserável!
Vai miserável!
Vai miserável!
Vai miserável!
Vai miserável!
Vai miserável!
Vai miserável!
Cachaça!

O amor me pegou
Puro e verdadeiro
Prá durar, vai durar
Prá lá de fevereiro
Para quando chegar
A festa junina
Você vai se lembrar
Da gente na Ondina
Cachaça!

Botou açúcar
Chupou limão
Balanço no badalo
Da negona e do negão
Passou a língua
Tem que provar
Na língua ajoelhou
Ajoelhou tem que rezar

Não me pergunte como toca
Como dança essa levada
Eu vou descer, eu vou descer
Eu vou subir de Timbalada!

Vamos invadir a la boate!
Vamos invadir a la boate!
Vamos invadir a la boate!
Invadir a la boate!
Invadir a la boate!

Então vai miserável
Vai miserável!
Vai miserável!
Vai miserável!
Vai miserável!
Vai miserável!
Vai miserável!
Vai miserável!
Vai! Vai!
Cachaça!

O amor me pegou
Puro e verdadeiro
Prá durar, vai durar
Prá lá de fevereiro
Para quando chegar
A festa junina
Você vai se lembrar
Da gente na Ondina
Cachaça!",pt
/ivete-sangalo/,Cadê Dalila / Música Pra Pular Brasileira / Citação Instrumental: Índio Quer Apito,/ivete-sangalo/cade-dalila-musica-pra-pular-brasileira-citacao-instrumental-indio-quer-apito.html,"Eu vi (vai levando) esse povo é vip (vai levando)
Ninguém é triste (vai levando)
O futuro existe (vai levando)
Eu vi (vai levando) , o trio não para dodó (vai levando)
Batuqueiro não para io io (vai levando)
O amor não para (vai levando)

Rêen rêen rêen ô
Rêen rêen rêen ô
Rêen rêen rêen ô
Rêen rêen rêen ô

Eu vi (vai levando) tá tudo preparado (vai levando)
Vai chegar lá em cima (vai levando)
Quem quiser vem comigo (vai levando)
Eu vi (vai levando) , motorista não para (vai levando)
Operário não pára (vai levando) O amor não pamra

Rêen rêen rêen ô
Rêen rêen rêen ô
Rêen rêen rêen ô
Rêen rêen rêen ô

Lá vai, lá vai, lá vai
Lá vai o trio o povo
Levanta coração
Sujeito carinhoso
Lá vai, lá vai, lá vai
Lá vai o trio o povo
Levanta coração
Sujeito carinhoso

Vai buscar Dalila
Vai buscar Dalila, ligeiro
Vai buscar Dalila
Vai buscar Dalila, ligeiro
Ligeiro, ligeiro, ligeiro

Rêen rêen rêen ô

***

É música pra pular brasileira, brasileira
O coro come na rua, é madeirada, madeira
É música pra pular brasileira, brasileira
O coro come na rua, é madeirada, madeira

Não dá pra ficar parado, mil volts de alegria
Vou correndo atrás do trio, sou gerador da folia

Em cada canto que eu for
Tem carnaval meu amor
Essa folia de rei
Pelo Brasil espalhei, trouxe lá de Salvador

Em cada canto que eu for
Tem carnaval meu amor
Essa folia de rei
Pelo Brasil espalhei, trouxe lá de Salvador

Balança aqui, balança lá
Que é música pra pular
Vem cair na brincadeira
Até o dia raiar

Balança aqui, balança lá

ÔÔ
Balança aqui, balança lá",pt
/ivete-sangalo/,Cadê Dalila?,/ivete-sangalo/cade-dalila.html,"Vai buscar Dalila... vai buscar Dalila ligeiro
Vai buscar Dalila... vai buscar Dalila ligeiro
ligeiro, ligeiro, ligeiro....

Hem hem hem hem heo
Hem hem hem hem heo

Eu vi (vai levando)
Esse povo é VIP (vai levando)
Ninguém é triste (vai levando)
O futuro existe (vai levando)
Eu vi (vai levando)
O trio não para Dodô (vai levando)
Batuqueiro não para (vai levando)
O amor não para

Hem hem hem hem heo
Hem hem hem hem heo

Eu vi (vai levando)
tá tudo preparado (vai levando)
Pra chegar la em cima (vai levando)
Quem quiser vem comigo (vai levando)
Eu vi (vai levando)
Motorista não para (vai levando)
Operario não para (vai levando)
A cidade não para

Hem hem hem hem heo
Hem hem hem hem heo

Lá vai lá vai lá vai
Lá vai o trio e o povo
Levanta coração, sujeito carinhoso (2x)

Vai buscar Dalila... vai buscar Dalila ligeiro
Vai buscar Dalila... vai buscar Dalila ligeiro",pt
/ivete-sangalo/,Cadê Você,/ivete-sangalo/cade-voce.html,"Você se foi e nem sequer me deu alô
Agora já não sei o que fazer
Eu sei que um erro pode ter sido meu
Fugindo é que não dá pra resolver
Aonde posso te encontrar pra te falar
Te juro, meu amor é só seu
Confesso ja estou
Sentindo falta do seu olhar
Que me enlouquece de prazer
Vem
Não faz assim
Não maltrate o seu coração
Dá ele pra mim
Deixa que o amor se encarrega
De te dar o meu coração
Pra gente ser feliz
Cadê você, mãe?
Cadê você?
Cadê você, mãe?
Cadê você?
Cadê você, mãe?
Cadê você?
Cadê você, mãe?
Cadê você?",pt
/ivete-sangalo/,Candura,/ivete-sangalo/candura.html,"Desculpa se alguma vez
Foi estupides, insensatez
Ou falta de atenção
Nem sempre o que a gente diz
É exatamente o que se quer dizer
Um coração sincero sabe bem
De onde vem cada dor
E cada dissabor
Eu sei de cor que o amor
Que eu tenho por você
É o que eu tenho de melhor

A vida é dura mas ela só
Faz melhorar (ela só faz melhorar)
A vida é dura mas ela só
Faz melhorar (ela só faz melhorar)

Esse meu navegar
Tudo é impreciso, incerto
E tem juros altos demais
Assim eu posso dizer
Que a cada minuto longe de você
Eu tenho prejuízo
Ninguém nunca vai
Nem pode entender
E é difícil até fazer
Uma canção pra dizer
uma cancão que a gente junto
A nossa vida
É o que a gente tem de melhor

A vida é dura mas ela só
Faz melhorar (ela só faz melhorar)
A vida é dura mas ela só
Faz melhorar (ela só faz melhorar)

A vida é dura mas ela só
Faz melhorar
A vida é dura mas ela só
Faz melhorar

A vida é dura mas ela só
Faz melhorar (ela só faz melhorar)
A vida é dura mas ela só
Faz melhorar (ela só faz melhorar)

A vida é dura mas ela só
Faz melhorar (ela só faz melhorar)
A vida é dura mas ela só
Faz melhorar (ela só faz melhorar)",pt
/ivete-sangalo/,Canibal,/ivete-sangalo/canibal.html,"Morava numa ilha perdida e deserta
deserta, ilha deserta da dor,sonhava com um índio
que me desse alegria,e esse índio era você amor
Com um penacho na cabeça,de uma tribo de paz
Tocava tambor,eu quero mais, eu quero mais
Com um penacho na cabeça,de uma tribo de paz
Tocava tambor,eu quero mais, eu quero mais
O seu amor é canibal
Comeu meu coração
Mas agora eu sou feliz
O seu amor é canibal
Meu coração agora é todo carnaval",pt
/ivete-sangalo/,Cara do Prazer,/ivete-sangalo/cara-do-prazer.html,"Já te dei o ar de minha graça
O meu sorriso, luar na ilha
Balancei o chão da tua praça
Senti teu lume, farol de milha

Emanei uma energia
No seu jardim em flor
Vou me perder de amor
Vou me perder de amor

Derramei minha alegria
Pra todo mundo ver
A cara do prazer, a cara do prazer
Já te dei o mel da minha casca
O meu abrigo, a minha fama
Balancei o ar nas minhas asas
Segui seu rumo, atua chama

Te vi solta no ar
Te vi solta no ar
Te vi solta no ar sem parar",pt
/ivete-sangalo/,Careless Whisper,/ivete-sangalo/careless-whisper.html,"I feel so unsure
As I take your hand and lead you to the dance floor
As the music dies, something in your eyes
Calls to mind a silver screen
And all those sad goodbyes

I'm never gonna dance again
Guilty feet have got no rhythm
Though it's easy to pretend
I know you're not a fool

Should've known better than to cheat a friend
And waste the chance that I've been given
So I'm never gonna dance again
The way I danced with you

Time can never mend
The careless whispers of a good friend
To the heart and mind
Ignorance is kind
There's no comfort in the truth
Pain is all you'll find

I'm never gonna dance again
Guilty feet have got no rhythm
Though it's easy to pretend
I know you're not a fool

Should've known better than to cheat a friend
And waste this chance that I've been given
So I'm never gonna dance again
The way I danced with you

Never without your love

Tonight the music seems so loud
I wish that we could lose this crowd
Maybe it's better this way
We'd hurt each other with the things we'd want to say

We could have been so good together
We could have lived this dance forever
But now who's gonna dance with me?
Please stay

And I'm never gonna dance again
Guilty feet have got no rhythm
Though it's easy to pretend
I know you're not a fool

Should've known better than to cheat a friend
And waste the chance that I've been given
So I'm never gonna dance again
The way I danced with you

(Now that you're gone) Now that you're gone
(Now that you're gone) What I did's so wrong, so wrong
That you had to leave me alone?",en
/ivete-sangalo/,Cena de Amor,/ivete-sangalo/cena-de-amor.html,"Ah ah ah
Ê tum tum tum tum
Ah ah ah
Ê tum tum tum tum
Ah ah ah

Tô com você na boa
Tô com você na moda
Tô com você na onda
Isso é o que mais importa
Vamos dançar a vida
Fazer samba toda hora
Vai ter samba no agito
Samba rock tudo rola
Vá que tá tudo certo
Vamos comemorar
Um caminhão de amor
Eu tenho pra te dar
Já sei que a nossa historia
Vai ter final feliz
Linda cena de amor
que a gente pede bis

Ah ah ah
Ê tum tum tum tum
Ah ah ah
Ê tum tum tum tum
Ah ah ah

Tô com você na boa
Tô com você na moda
Tô com você na onda
Isso é o que mais me importa
Vamos gozar a vida
Fazer samba toda hora
Vai ter samba no agito
Punk reggae tudo rola
Já que tá tudo certo
Vamos comemorar
Um caminhão de amor
Eu tenho pra te dar
Já sei que a nossa historia
Vai ter final feliz
Linda cena de amor
que a gente pede bis

Ah ah ah
Ê tum tum tum tum
Ah ah ah
Ê tum tum tum tum
Ah ah ah",pt
/ivete-sangalo/,Cervejão (Nova Schin),/ivete-sangalo/cervejao-nova-schin.html,"""Aí! Cervejinha não!""

Quando eu peço um beijo,
eu quero um beijão.
Se eu quero abraço,
eu peço abração.
Eu não quero festinha,
e eu não quero baladinha
Eu quero ver tremer o chão.

Pra ter jogo,
tem que bater um bolão.
Pra dar samba,
tem que fazer um sambão.
Então, não vem pra cá
trazendo cervejinha.
Cervejinha? Pode trazendo Cervejão.

Venha com a Nova Schin na mão.
Pode trazendo Cervejão.
Venha com a Nova Schin na mão.

É carnaval, não quero baladinha.
Eu quero ver tremer o chão.
Pode trazendo Cervejão.
Pode trazendo Cervejão.

""Nova Schin, um Cervejão.""
""BEBA COM MODERAÇÃO""
""ÃO!""",pt
/ivete-sangalo/,Chão da Praça,/ivete-sangalo/chao-da-praca.html,"Meu amor, quem ficou
Nesta dança, meu amor
Tem fé na dança.
Nossa dor, meu amor
É quem balança, nossa dor
O chão da praça
Sei que já detonou o som na praça
Sei que já todo pranto rolou
Olhos negros, cruéis tentadores.
Das multidões sem cantor
Olhos negros, cruéis tentadores.
Das multidões sem cantor
Eu era menino, menino
Um beduíno com ouvido de mercador.
Lá no oriente tem gente com olhar de lança na dança do meu amor.
Tem que dançar a dança, que a nossa dor balança o chão da praça
Balança o chão da praça",pt
/ivete-sangalo/,Cheguei Pra Te Amar (Part. Mc Livinho),/ivete-sangalo/cheguei-pra-te-amar-part-mc-livinho.html,"Chega de saudade
Quero sentir seu perfume
Tô de malas prontas pra felicidade
Correndo pra te ver
Pra ficar com você

Amor de verdade
Não acaba não
Mesmo que a distância às vezes atrapalhe

Quando o dia amanhecer
E o sol vier me aquecer
Meu coração de barco a vela
Vai navegando no seu mar

O seu colo, meu destino
Seu olhar, meu paraíso
Seu sorriso me enche de vida

Me faz sonhar, me faz voar
Vou te encontrar, vou te beijar

Cheguei pra te amar
Trouxe estrelas pra plantar
No nosso céu particular

Cheguei pra te amar
Nós dois na constelação
Um universo de paixão

Cheguei pra te amar
Pra te amar (cheguei pra te amar)
Pra te amar (Pra te amar)
Cheguei pra te amar

(Livinho)
Amor de verdade
Não acaba não
Mesmo que a distância às vezes atrapalhe

O seu colo, meu destino
Seu olhar, meu paraíso
Seu sorriso me enche de vida
Vou te beijar

Cheguei pra te amar
Trouxe estrelas pra plantar
No nosso céu particular

Cheguei pra te amar
Nós dois na constelação
Um universo de paixão

Cheguei pra te amar
Pra te amar
Me faz voar, me faz cantar
Vou te encontrar, vou te beijar

Te amar
(vou te amar) Te amar
(vou te amar) Te amar
(vou te amar) Te amar


Cheguei pra te amar",pt
/ivete-sangalo/,Cheguei Pra Te Amar (Part. Sebastain Yatra),/ivete-sangalo/cheguei-pra-te-amar-part-sebastain-yatra.html,"Chega de saudade
Quero sentir seu perfume
Tô de malas prontas pra felicidade
Correndo pra te ver
Pra ficar com você

Amor de verdade
Não acaba não
Mesmo que a distância às vezes atrapalhe

Quando o dia amanhecer
E o sol vier me aquecer
Meu coração de barco a vela
Vai navegar no seu mar

O seu colo, meu destino
Seu olhar, meu paraíso
Seu sorriso me enche de vida

Me faz sonhar, me faz voar
Vou te encontrar

Cheguei pra te amar
Trouxe estrelas pra plantar
No nosso céu particular

Cheguei pra te amar
Nós dois na constelação
Um universo de paixão

Cheguei pra te amar
Pra te amar
Pra te amar

Ya sé una noche hace así
Y ahora vivo pensando en ti
No sé lo que me dices
No sé lo que me pasa
Pero juro que no soy así

Y en tu vuelo yo me perdí
Y al final yo ya entendí
Mis ojos son tuyos, yo sé que te vi
Yo quiero más
Quiero la magia dentro de tu boca
Quiero más
Y ya no sé que hacer si te vas

Cheguei pra te amar
Trouxe estrelas pra plantar
No nosso céu particular

Cheguei pra te amar
Nós dois na constelação
Um universo de paixão

Cheguei pra te amar
Pra te amar
Me faz voar, me faz sonhar
Vou te encontrar, vou te beijar

Te amar
(vou te amar) Te amar
(vou te amar) Te amar
(vou te amar) Te amar


Cheguei pra te amar",pt
/ivete-sangalo/,Chica Chica Boom Chic,/ivete-sangalo/chica-chica-boom-chic.html,"Chica Chica Boom Chic

Meu coração faz chica chica boom chic
Com emoção, que é ""Chica Chica Boom Chic""
O meu ganzá faz ""Chica Chica Boom Chic""
Uma canção que é chica chica boom chic

E vem a saudade da Bahia
onde o samba tem, canjerê também
numa batucada
Chic chic boom chic chic chic boom

É brasileiro o chica chica boom chic
Uma canção faz chica boom chic
O meu ganzá faz ""Chica Chica Boom Chic""
Meu coração faz chica chica boom chic


E vem a saudade da Bahia
onde o samba tem, canjerê também
numa batucada
Chic chic boom chic chic chic boom",pt
/ivete-sangalo/,Chorando e Cantando,/ivete-sangalo/chorando-e-cantando.html,"Quando Fevereiro chegar
Saudade já não mata a gente
A chama continua no ar
O fogo vai deixar semente
A gente ri, a gente chora
Ai ai, ai ai, a gente chora

Fazendo a noite parecer um dia
Faz mais
Depois faz acordar cantando
Pra fazer e acontecer
Verdades e mentiras

Faz crer
Faz desacreditar de tudo
E depois
Depois amor, amor

Ninguém, ninguém
Verá o que eu sonhei
Só você, meu amor
Ninguém verá o sonho
Que eu sonhei

Um sorriso quando acordar
Pintado pelo sol nascente
Eu vou te procurar na luz
De cada olhar mais diferente
Tua chama me ilumina
Me faz
Virar um astro incandescente
O teu amor faz cometer loucuras
Faz mais
Depois faz acordar chorando
Pra fazer acontecer
Verdades e mentiras
Faz crer
Faz desacreditar de tudo
E depois
Depois do amor, amor, amor

Ninguém, ninguém
Verá o que eu sonhei
Só você, meu amor
Ninguém verá o sonho
Que eu sonhei

Ninguém, ninguém
Verá o que eu sonhei
Só você, meu amor
Ninguém verá o sonho
Que eu sonhei",pt
/ivete-sangalo/,Chorando Se Foi,/ivete-sangalo/chorando-se-foi.html,"Chorando se foi
Quem um dia só me fez chorar
Chorando se foi
Quem um dia só me fez chorar

Chorando estará
Ao lembrar de um amor
Que um dia não soube cuidar
Chorando estará
Ao lembrar de um amor
Que um dia não soube cuidar

A recordação
Vai estar com ele aonde for
A recordação
Vai estar com ele aonde for

Chorando estará
Ao lembrar de um amor
Que um dia não soube cuidar
Chorando estará
Ao lembrar de um amor
Que um dia não soube cuidar

Chorando se foi
Quem um dia só me fez chorar
Chorando se foi
Quem um dia só me fez chorar

Chorando estará
Ao lembrar de um amor
Que um dia não soube cuidar
Chorando estará
Ao lembrar de um amor
Que um dia não soube cuidar

A recordação
Vai estar com ele aonde for
A recordação
Vai estar pra sempre aonde eu for

Chorando estará
Ao lembrar de um amor
Que um dia não soube cuidar",pt
/ivete-sangalo/,Chuva de Flor,/ivete-sangalo/chuva-de-flor.html,"Me bata com barra de chocolate
Vitamina de abacate
Num copinho de yoplat, amor

Pirraça, que hoje eu topo essa doideira
Tô debaixo da goteira
Hoje eu tô de boca seca

Me mate, que é massa morrer de amor
De amor, ô, ô, ô, ô
Me beije, que eu chego a mudar de cor
De cor, ô, ô

Me plante no teu coração e regue
Me plante no teu coração e regue
Que o reggae pra sua flor
É o banho do regador

Deixe, deixe, deixe, deixe
Deixe que a vida é pouca
E hoje, hoje, hoje eu vou
Beber no mar do amor

Ame, ame, ame, ame
Pois essa vida é louca
Vai chover, chuva de flor",pt
/ivete-sangalo/,Citação: É Difícil / Chorando Se Foi / Preta,/ivete-sangalo/citacao-e-dificil-chorando-se-foi-preta.html,"Refrão (2x)
Me dê a sua mão
E o seu amor, e o seu amor
Me dê a sua mão
E o seu amor

Chorando se foi
Quem um dia só me fez chorar
Chorando se foi
Quem um dia só me fez chorar

Chorando estará
Ao lembrar de um amor
Que um dia não soube cuidar
Chorando estará
Ao lembrar de um amor
Que um dia não soube cuidar

A recordação
Vai estar com ele aonde for
A recordação
Vai estar com ele aonde for

Chorando estará
Ao lembrar de um amor
Que um dia não soube cuidar
Chorando estará
Ao lembrar de um amor
Que um dia não soube cuidar

Chorando se foi
Quem um dia só me fez chorar
Chorando se foi
Quem um dia só me fez chorar

Chorando estará
Ao lembrar de um amor
Que um dia não soube cuidar
Chorando estará
Ao lembrar de um amor
Que um dia não soube cuidar

A recordação
Vai estar com ele aonde for
A recordação
Vai estar pra sempre aonde eu for

Chorando estará
Ao lembrar de um amor
Que um dia não soube cuidar

Preta, fala pra mim
Fala o que você sente por mim
Preta, fala pra mim
Fala o que você sente por mim

Será que vo, será que você me quer
Será que você vai ser a minha mulher
Será que vo, será que você me quer
Será que você vai ser a minha mulher
Oh Preta!

Preta, fala pra mim
Fala o que você sente por mim
Diga o que será
Quando o seu corpo no meu se encontrar

Bateu legal, bateu forte a capoeira
Pintou, virou, varreu minha cabeça
Bateu legal, bateu forte a capoeira
Pintou, virou, varreu minha cabeça
Oh Preta!

Preta, fala pra mim
Fala o que você sente por mim
Preta, fala pra mim
Fala o que você sente por mim

Será que vo..., será que você me quer
Será que você vai ser a minha mulher
Será que vo..., será que você me quer
será que você vai ser a minha mulher
Oh Preta!

Preta, fala pra mim
Fala o que você sente por mim
Diga o que será
Quando o seu corpo no meu se encontrar

Bateu legal, bateu forte a capoeira
Pintou, virou, varreu minha cabeça
Bateu legal, bateu forte a capoeira
Pintou, virou, varreu minha cabeça
Oh Preta!

Preta, fala pra mim
Fala o que você sente por mim
Preta, fala pra mim
Fala o que você sente por mim
Diga o que será
Quando o seu corpo no meu se encontra",pt
/ivete-sangalo/,Coisa Linda (Part. Whindersson Nunes),/ivete-sangalo/coisa-linda-part-whindersson-nunes.html,"Coisa linda, minha vida é você
E é bom, é bom
Coisa linda ah
Só liguei pra dizer
Que é bom, e é bom
Tanta gente por aí sem amor
E a gente tem pra dar e vender
Tô contando as horas
Vez quando a saudade vem
Diz que me ama que fica tudo bem
Seu beijo é guarda-chuva numa chuva de saudade
O seu abraço tem um laço de felicidade
Agora tô na mira desse teu olhar que invade o meu coração
Que coisa essa loucura dessa nossa correria
Curtir o seu sorriso é a melhor parte do dia
Você não faz ideia do bem que você me faz, faz, faz, faz

Coisa linda, minha vida é você
E é bom, é bom
Coisa linda
Só liguei pra dizer
Que é bom, e é bom
Tanta gente por aí sem amor
E a gente tem pra dar e vender
Tô contando as horas
Vez quando a saudade vem
Diz que me ama e fica tudo bem
Teu beijo é guarda-chuva numa chuva de saudade
O teu abraço é um laço de felicidade
Agora está na mira desse seu olhar que invade o meu coração
Que coisa essa loucura dessa nossa correria
Curtir o seu sorriso é a melhor parte do dia
Você não tem ideia do bem que você me faz

Tanta gente por aí sem amor
E a gente tem pra dar e vender
Tô contando as horas
Vez quando a saudade vem
Diz que me ama e fica tudo bem
Teu beijo é guarda-chuva numa chuva de saudade
O seu abraço é um laço de felicidade
Agora está na mira desse seu olhar que invade o meu coração
Que coisa essa loucura dessa nossa correria
Curtir o seu sorriso é a melhor parte do dia
Você não tem ideia do bem que você me faz

Te amo mais
O nosso amor é paz",pt
/ivete-sangalo/,Coisas Maravilhosas,/ivete-sangalo/coisas-maravilhosas.html,"Faça a diferença no seu modo,
De pensar
Veja a vida sempre com um toque,
De emoção
Diga que vai gostar de transmitir
Só o que é bom
Nada vai destruir o que há dentro
De você

Força que há esperança em toda
Parte
Paz,tranqüilidade e bem viver
Faça seu coração ser grande e
Forte
Então verás mais chegar a muito
Mais

Refrão:
Que tal amar o mundo,deixar
Bater bem fundo
Sentir agradecer
A vida é tão gostosa,
Coisas maravilhosas vão te acontecer",pt
/ivete-sangalo/,Coleção,/ivete-sangalo/colecao.html,"Sei que você gosta de brincar, de amores
mas ó, comigo não... Comigo não!
Sei também que você eu não sei... mais nada
Um dia você vai ouvir, de alguém
O que ouvi de ti
Então irá, pensar, como eu sonhei em vão
Não vá, ou vá, você é quem quer..
Saber, eu amo você!

Sei que você gosta de brincar, de amores
mas ó, comigo não... Comigo não!
Sei também que você eu não sei... mais nada
Um dia você vai ouvir, de alguém
O que ouvi de ti
Então irá, pensar, como eu sonhei em vão
Não vá, ou vá, você é quem quer..
Quer saber, eu amo...
Quer saber, eu amo...
Quer saber, eu amo...
Você!",pt
/ivete-sangalo/,Como Tu,/ivete-sangalo/como-tu.html,"Nada existe parecido com as estrelas assim como tu
Que não sabe o quanto eu quero dividir a vida eu e tu
Se soubesses que eu gosto até os ossos de gostar de tu
Eu queria que os filhos que eu tivesse fossem como tu

Viver contigo a primavera
Ter contigo a vez primeira
Não há nada que eu queira
Como tu a vida inteira
Tu, tu, tu, a vida inteira
Tu, tu, tu, a vida inteira

Me perdoa se insisto que eu queira a vida eu e tu
Que de todas as estrelas, a mais vista, a mais linda é tu
Que as sete maravilhas reunidas não são como tu
Que eu queria que os sonhos que eu sonhasse fossem como tu

Se as notícias fossem como tu
E as cidades fossem como tu
E se as ruas fossem como tu
E se o meu chefe fosse como tu
Margareth, ah se eu fosse como tu
Ivete, se as pessoas fossem como tu
Se a guerra fosse como tu
Se os deuses fossem como tu

se as notícias fossem como tu
Se as cidades fossem como tu
Se as pessoas fossem como tu
Se os deuses fossem como tu",pt
/ivete-sangalo/,Coração Sem Freio (Teleguiado),/ivete-sangalo/coracao-sem-freio-teleguiado.html,"Vai passar
Tá passando
Já passou
Não existe gasolina
O combustível é o nosso amor

Vai passar
Tá passando
Já passou
Quem corre lá em cima
Vai no pique do motor

No corredor
Tem euforia
Beijar, beijou
No calor, no calor
Que a vida tem sabor

Eu tô no bolo, bolo
Eu tô no meio
Meu coração acelerou
Ficou sem freio
Eu tô no bolo, bolo
Eu tô a mil
Teleguiado pelo som do trio

No corredor
Tem euforia
Beijar, beijou
No calor, no calor
Que a vida tem sabor

Eu tô no bolo, bolo
Eu tô no meio
Meu coração acelerou
Ficou sem freio
Eu tô no bolo, bolo
Eu tô a mil
Teleguiado pelo som do trio",pt
/ivete-sangalo/,Corazón Partio,/ivete-sangalo/corazon-partio.html,"Tiritas pa este corazón partío.
Tiritas pa este corazón partío,

Ya lo ves, que no hay dos sin tres,
que la vida va y viene y que no se detiene...
Y, qué sé yo,
pero miénteme aunque sea, dime que algo queda
entre nosotros dos, que en tu habitación
nunca sale el sol, ni existe el tiempo,
ni el dolor.

Llévame si quieres a perder,
a ningún destino, sin ningún por qué.

Ya lo sé, que corazón que no ve
es corazón que no siente,
o corazón que te miente amor.
Pero, sabes que en lo más profundo de mi alma
sigue aquel dolor por creer en ti
¿qué fue de la ilusión y de lo bello que es vivir?

¿Para qué me curaste cuando estaba herío
si hoy me dejas de nuevo con el corazón partío?

¿Quién me va a entregar sus emociones?
¿Quién me va a pedir que nunca le abandone?
¿Quién me tapará esta noche si hace frío?
¿Quién me va a curar el corazón partío?
¿Quién llenará de primaveras este enero,
y bajará la luna para que juguemos?
Dime, si tú te vas, dime cariño mío,
¿quién me va a curar el corazón partío?

Tiritas pa este corazón partío.
Tiritas pa este corazón partío.

Dar solamente aquello que te sobra
nunca fue compartir, sino dar limosna, amor.
Si no lo sabes tú, te lo digo yo.
Después de la tormenta siempre llega la calma.
pero, sé que después de ti,
después de ti no hay nada.

¿Para qué me curaste cuando estaba herío
Si hoy me dejas de nuevo con el corazón partío?

¿Quién me va a entregar sus emociones?
¿Quién me va a pedir que nunca le abandone?
¿Quién me tapará esta noche si hace frío?
¿Quién me va a curar el corazón partío?
¿Quién llenará de primaveras este enero,
y bajará la luna para que juguemos?
Dime, si tú te vas, dime cariño mío,
¿quién me va a curar el corazón partío?

¿Quién me va a entregar ...",es
/ivete-sangalo/,Could You Be Loved / Citação Musical do Rap: Se Ligue,/ivete-sangalo/could-you-be-loved-citacao-musical-do-rap-se-ligue.html,"Don't let them fool, ya
Or even try to school, ya! Oh, no!
We've got a mind of our own
So go to hell if what you? re thinking is not right!
Love would never leave us alone
A-yin the darkness there must come out to light

Could you be loved and be loved?
Could you be loved and be loved?

Don't let them change ya, oh!
Or even rearrange ya! Oh, no!
We've got a life to live
They say: only, only
Only the fittest of the fittest shall survive
Stay alive! Oh!

Could you be loved and be loved?
Could you be loved, wo now! And be loved?

Could you be
Could you be
Could you be loved?

Say something!

Se ligue na ternura
Se ligue no amor
Se ligue na ternura
Se ligue na cor
Se ligue na alegria
Se ligue no prazer
Se ligue, fique atento, se ligue, fique astral

Could you be loved and be loved?",en
/ivete-sangalo/,Cristo Amigo,/ivete-sangalo/cristo-amigo.html,"Cristo amigo tú és minha vida
És a força e a razão do meu ser
Já me anima a doce esperança
De um dia na glória viver

Já me anima a doce esperança
De um dia na glória viver

Cristo amigo tú és a vida
És a força e a razão do meu ser
Já me anima a doce esperança
De um dia na glória viver

Já me anima a doce esperança
De um dia na glória viver

Já me anima a doce esperança
De um dia na glória viver",pt
/ivete-sangalo/,Cruisin' (Part. Saulo),/ivete-sangalo/cruisin-part-saulo.html,"Baby, let's cruise, away from here
Don't be confused, the way is clear
And if you want it you got it forever
This is not a one night stand, baby

Let the music take your mind
Just release & you will find
You're gonna fly away
Glad you're goin' my way
I love it when we're cruisin' together
Music is played for love
Cruisin' is made for love
I love it when we're cruisin' together

Baby, tonight belongs to us
Everything's right, do what you must
And inch by inch we get closer & closer

To every little part of each other, ooh, baby, yeah, so

Let the music take your mind
Just release & you will find
You're gonna fly away
Glad you're going my way
I love it when we're cruisin' together
Music is played for love
Cruisin' is made for love
I love it when we're cruisin' together

You're gonna fly away

Cruise with me, baby",en
/ivete-sangalo/,Cupido Vadio,/ivete-sangalo/cupido-vadio.html,"Eu já descobri
Que a minha vida
E a sua vida é uma só
Sou seu ursinho
Sua gatinha
Seu xodó
Só durmo agarradinha com você

É meu cobertor
Nas noites de frio
E nas de calor
Também sinto frio
Me leva que eu vou
Apaixonada
Fissurada nesse amor

Quem me flechou
Foi um cupido vadio
E ele acertou
Meu coração de jeitinho
Me leva que eu vou
Apaixonada
Fissurada nesse amor

Mas eu só quero te amar
Não deixe essa canoa virar
Eu vou remar
Nas águas cristalinas do mar
Vou navegar
E te entregar de vez
Meu coração

Ô, ô, ô, ô, xá, lá, lá, lá, lá, lá
Ô, ô, ô, ô, xá, lá, lá, lá, lá, lá, lá, lá",pt
/ivete-sangalo/,Dançando (part. Shakira),/ivete-sangalo/dancando-part-shakira.html,"Mamãe vai fazer
Papai vai fazer
Mamãe vai fazer
Só falta você
Mamãe vai fazer
Papai vai fazer
Mamãe vai fazer
Só falta você

Dançando, dançando, dançando
Dan dan dan dan, dan
Dançando, dançando, dançando
Dan dan dan dan,dan
Dançando, dançando, dançando
Dan dan dan dan, dan
Dançando, dançando, dançando
Dance comigo
(vai, vai, vai)

A mão na cabeça (cabecinha)
A mão na cintura (cinturinha)
A mão na cabeça (cabecinha)
A mão na cintura (cinturinha)
A mão na cabeça (cabecinha)
A mão na cintura (cinturinha)
A mão na cabeça (cabecinha)
A mão na cintura (vai)

Dançando, dançando, dançando
Dan dan dan dan,dan
Dançando, dançando, dançando
Dan dan dan dan,dan
Dançando, dançando, dançando
Dan dan dan dan, dan
Dançando, dançando, dançando
Dan dan dan dan, dan
Dançando

Como se fosse o mar
Eu deixo me levar
O ritmo me consome
Vive em meu abdômen
Não pare de bailar
Sinta essa vibração
Sinta a sensualidade
Na batida da canção

Dançando, dançando, dançando
Dan dan dan dan dan
Dançando, dançando, dançando
Dan dan dan dan dan
Dançando, dançando, dançando
Dan dan dan dan dan
Dançando, dançando, dançando
Dan dan dan dan dan
Dançando

Mamãe vai fazer
Papai vai fazer
Mamãe vai fazer
Só falta você
Mamãe vai fazer
Papai vai fazer
Mamãe vai fazer
Só falta você

Dançando, dançando, dançando
Dan dan dan dan dan
Dançando, dançando, dançando
Dan dan dan dan dan
Dançando, dançando, dançando
Dan dan dan dan dan
Dançando, dançando, dançando

A mão na cabeça (cabecinha)
A mão na cintura (cinturinha)
A mão na cabeça (cabecinha)
A mão na cintura (cinturinha)
A mão na cabeça (cabecinha)
A mão na cintura (cinturinha)
A mão na cabeça (cabecinha)
(vai)

Como se fosse o mar
Eu deixo me levar
O ritmo me consome
Vive em meu abdômen
Não pare de bailar
Sinta essa vibração
Use a sensualidade
Na batida da canção

Dançando, dançando, dançando
Dan dan dan dan dan
Dançando, dançando, dançando
Dan dan dan dan dan
Dançando, dançando, dançando
Shakira vai, vai
Dançando, dançando, dançando
Dan dan dan dan dan

Dançando, dançando, dançando
Dan dan dan dan dan
Dançando, dançando, dançando
Dan dan dan dan dan
Dançando, dançando, dançando",pt
/ivete-sangalo/,Darte,/ivete-sangalo/darte.html,"[Ivete Sangalo]
Olhei o dia inteiro para o mar
Não vejo a hora de você chegar
Pra ver seu sorriso bonito
Sentir seu amor me abraçar

[Ivete Sangalo & Juanes]
Ô, ô, ô, ô
Mira como yo te quiero
Ô, ô, ô, Ô
Quiero darte mí amor
Ô, ô, ô, ô
Mira como yo te quiero
Ô, ô, ô, ô
Quiero darte mí amor

[Juanes]
Pedi a lua para namorar
Essa menina que me faz sonhar
Pedi ao vento para me trazer
Seu cheiro

[Ivete Sangalo]
Te dou um beijo pra você ficar
Te dou um mundo pra você me amar
Eu quero tudo, tudo com você
Meu nego

[Juanes & Ivete Sangalo]
Eu te quero comigo pra sempre
Yo solo quiero tu amor para siempre
Eu não consigo mais me concentrar
Em outra coisa que não seja amar, amar, amar, amar, amar

Te quiero

[Ivete Sangalo & Juanes]
Ô, ô, ô, ô
Mira como yo te quiero
Ô, ô, ô, ô
Quiero darte mí amor
Ô, ô, ô, ô
Mira como yo te quiero
Ô, ô, ô, ô
Quiero darte mí amor

- Tell me something baby

[Ivete Sangalo & Juanes]
Want you tell me all that you are saving
I wanna tell you more than you are waiting
Can you guess how long I've been waiting?
Can you guess how much I love you, love you, love you?

[Juanes & Ivete Sangalo]
Mas eu te quero comigo pra sempre
Yo solo quiero tu amor para siempre
Eu não consigo mais me concentrar
Em outra coisa que não seja amar, amar, amar, amar, amar

Te quiero

- Bora Juanes, Colombia

[Ivete Sangalo & Juanes]
Ô, ô, ô, ô
Mira como yo te quiero
Ô, ô, ô, ô
Quiero darte mí amor
Ô, ô, ô, ô
Mira como yo te quiero
Ô, ô, ô, ô
Quiero darte mí amor
Ô, ô, ô, ô
Mira como yo te quiero
Ô, ô, ô, ô
Quiero darte mí amor

[Ivete Sangalo]
Ôohhh...
Te quiero
Yeahhh...
Andar y para en ti amor

[Juanes]
Te, te, te, te, te quiero

[Ivete Sangalo]
Te quiero Juanes, te quiero Colombia

[Ivete Sangalo & Juanes]
Ô, ô, ô, ô
Darte

[Ivete Sangalo]
Ladies and gentleman Juanes

[Juanes]
Muichissimas gracias y adios",es
/ivete-sangalo/,De Ladinho,/ivete-sangalo/de-ladinho.html,"Não vou ficar sozinha
É de ladinho que eu lhe acho
Não vou ficar sozinha
É de ladinho que lhe acho
Vou invadir o seu mundo
Vou beber da tua água
Seu gostinho no copinho
Me deixa apaixonada
Vou invadir o seu mundo
Vou beber da tua água
Seu gostinho no copinho
Me deixa apaixonada
O teu cheiro vem
Invadindo a praça
Sem convites vem
E não fecha as portas
O teu cheiro vem
Invadindo a praça
Sem convites vem
E não fecha as portas
Não vou ficar sozinha
É de ladinho que eu lhe acho
Não vou ficar sozinha
É de ladinho que lhe acho
Vou invadir o seu mundo
Vou beber da tua água
Seu gostinho no copinho
Me deixa apaixonada
Vou invadir o seu mundo
Vou beber da tua água
Seu gostinho no copinho
Me deixa apaixonada
O teu cheiro vem
Invadindo a praça
Sem convites vem
E não fecha as portas
O teu cheiro vem
Invadindo a praça
Sem convites vem
E não fecha as portas",pt
/ivete-sangalo/,De Volta Pro Meu Aconchego,/ivete-sangalo/de-volta-pro-meu-aconchego.html,"Estou de volta pro meu aconchego
Trazendo na mala bastante saudade
Querendo um sorriso sincero
Um abraço para aliviar meu cansaço
E toda essa minha vontade

Que bom poder estar contigo de novo
Roçando teu corpo e beijando você

Pra mim tu és a estrela mais linda
Teus olhos me prendem, fascinam
A paz que eu gosto de ter.",pt
/ivete-sangalo/,Deixe A Menina,/ivete-sangalo/deixe-a-menina.html,"Não é por estar na sua presença
Meu prezado rapaz
Mas você vai mal
Mas vai mal demais
São dez horas, o samba tá quente
Deixe a morena contente
Deixe a menina sambar em paz

Eu não queria jogar confete
Mas tenho que dizer
Cê tá de lascar
Cê tá de doer
E se vai continuar enrustido
Com essa cara de marido
A moça é capaz de se aborrecer

Por trás de um homem triste
Há sempre uma mulher feliz
E atrás dessa mulher
Mil homens, sempre tão gentis
Por isso, para o seu bem
Ou tire ela da cabeça
Ou mereça a moça que você tem

Não sei se é pra ficar exultante
Meu querido rapaz
Mas aqui ninguém
O agüenta mais
São três horas, o samba tá quente
Deixe a morena contente
Deixe a menina sambar em paz

Não é por estar na sua presença
Meu prezado rapaz
Mas você vai mal
Mas vai mal demais
São seis horas, o samba tá quente
Deixe a morena com a gente
Deixe a menina sambar em paz",pt
/ivete-sangalo/,Delira na Guajira,/ivete-sangalo/delira-na-guajira.html,"Todas as ondas do mar
O brilho do sol
Todo perfume no ar
A lua já sabe

Que a gente é um
Casal perfeito
Carnavalesco
Não perde um
Cha cha-cha

Que a gente tá com
A corda toda
Tá na fissura
A fim de aproveitar

Podem vir as congas
Os timbales e os trompetes

Delira na guajira
Delira, delira na guajira
Delira, delira na guajira
Delira, delira na guajira
Delira, delira na guajira

Me dê carinho que
Te dou paixão
Quem quer amar não
Deixa pra depois
Ouvir você dizer:
""Meu bem, te amo""
é a melhor coisa de
Uma vida a dois",pt
/ivete-sangalo/,Dengo de Amor,/ivete-sangalo/dengo-de-amor.html,"Encontrar você que coisa boa
Tão gostoso esse prazer
Viajo na sua boca
É só eu te ver
Que tudo clareia
Nos seus olhos posso ver
Nossa lua cheia
Não me deixe chorar não
Quero você pertinho
Eu te dou a minha mão
Te dou meu carinho
Pra ficar feliz juntinho
Pra ficar feliz
Pra te dar felicidade
Ô ô ô, tô sentindo um dengo de amor,
ô ô ôÔ ô ô, coisa boa é ver você chegar, á á á
Ô ô ô, tô sentindo um dengo de amor,
ô ô ôÔ ô ô, coisa boa é ver você chegar
Ver você dançar, ver você cantar
Ver você se apaixonar por mim",pt
/ivete-sangalo/,Desejo de Amar,/ivete-sangalo/desejo-de-amar.html,"Nosso amor tá dando certo
Nosso amor tá dando certo
Tomara que seja pra sempre
Tá quente, dengoso, gostoso, tá pegando fogo
Tá quente, dengoso, gostoso, tá maravilhoso

É café na cama
Carinho na varanda
Beijinho na cozinha
Namoro no mar
Café na cama
Carinho na varanda
Beijinho na cozinha
Desejo de amar
HÁ HÁ desejo de amar (4x)

Vivemos um pro outro
Nos damos muito bem
A sorte tá do nosso lado
E a felicidade também

Há Há desejo de amar (4x)

Com a gente é assim
Com a gente é assim
Eu sou louca por ele e ele louco por mim (2x)

Há há desejo de amar (4x)",pt
/ivete-sangalo/,Desperdiçou,/ivete-sangalo/desperdicou.html,"Você desperdiçou o amor
partiu e nunca mais ligou
Você me complicou, usou
Fugiu com a minha paz

É assim, só ilusão
A sina de quem ama
E se entrega à paixão
Destinos que se atraem
Pra desencontrar
Segredos que se escondem
Pra tudo acabar

Você desperdiçou o amor
partiu e nunca mais ligou
Você me complicou, usou
Fugiu com a minha paz

""Você desperdiçou
A sua indiferença calou a paixão
Você vai me procurar
Mas eu ah meu amor eu não vou
Voltar não


Foi assim, desilusão
A tua indiferença
Calou a paixão
Meus sonhos se perderam
Não pude evitar
Desejos se renderam
Pra nunca te amar

Você desperdiçou o amor
Partiu e nunca mais ligou
Você me complicou, usou
Fugiu com a minha paz

Eu vou desafiar
Seu coração
Você vai me procurar
Não volto não, não
Vou te desafiar
Provocação
Não quero mais te amar

Você desperdiçou o amor
Partiu e nunca mais ligou
Você me complicou, usou
Fugiu com a minha paz

Você desperdiçou...
Partiu e nunca mais ligou
Você me complicou, usou
Fugiu com a minha paz

Eu vou desafiar
Seu coração
Você vai me procurar
Não volto não",pt
/ivete-sangalo/,Destino,/ivete-sangalo/destino.html,"Eu , você, um só destino, do passado ao presente amor de menino
Alimentando a fome a sede de paixão
Nos seu olhos seus
É como a lua prateada nesse céu sereno
O nosso amor de brilho, luz e cor
Que atiça o desejo e dar calor
Me devora com os olhos teus
Te devoro com os olhos meus
Acende essa chama, chora, diz que me ama, amor",pt
/ivete-sangalo/,Deus da Minha Vida,/ivete-sangalo/deus-da-minha-vida.html,"Deus meu
Pai meu
Amor meu
Tudo, razão de tudo

Deus meu
Ar meu
Farol, o farol que eu
Preciso, como eu preciso

Eu preciso Te sentir todo dia
E olhar pra Tua luz pra não me perder
Meu Senhor, Tu és a minha alegria
Que eu preciso

Deus da minha vida
Fica comigo
Sou a Sua casa
Mora em mim
Deixa eu Te dizer o que eu preciso, Pai
Eu preciso do Senhor",pt
/ivete-sangalo/,Deusas do Amor (Part. Claudia Leitte),/ivete-sangalo/deusas-do-amor-part-claudia-leitte.html,"Tô de pernas pro ar

Cheguei com tudo pra te ver
De pernas de fora e agora é alegria
Extravasando com você
Vem me abraçar, alisar que eu sou de vênus

Deusa do amor
Tô poderosa, linda e sensual
Vem com calor que ao meu lado
Tudo é carnaval

Eu tô, eu tô, eu tô maravilhosa
Tô poderosa

Eu tô, eu tô
Mulheres são de vênus
Pra brilhar, fazer a festa

Na na na na na na na na
Tô de pernas pro ar
Na na na na na na na na
Extravasa faz a festa",pt
/ivete-sangalo/,Devagar E Sempre,/ivete-sangalo/devagar-e-sempre.html,"Um amor pra dar de colher
Em doses homeopáticas
Como quem reza um terço
Devagar e sempre
Tenho o que mereço

Um amor pra me fazer mulher
Num hotel em Havana
Como quem tira o lenço
Devagar e sempre
Tenho o que mereço

Reunindo os trocados
Atravesso o oceano
O deserto sem medo
Pra te dar de beber um ponche
Devagar e sempre
Bem longe",pt
/ivete-sangalo/,Doces Lábios,/ivete-sangalo/doces-labios.html,"Te quero
E te espero
Por toda minha vida
Se assim for preciso
Mas não demore pra me dar
Um beijo molhado e em seus doces lábios
Quero me perder, também quero viajar

De amores tô cego
Confesso e não nego
Que sempre te quis desde o primeiro dia
Você é quem vai me salvar, meu bem
Do triste fim da solidão

Vem cá
Me ensinar a bailar
Vem cá
E beija a minha boca

Vem cá
Eu quero te amar
Te amar
A minha vida toda

Te quero
E te espero
Por toda minha vida
Se assim for preciso
Mas não demore pra me dar
Um beijo molhado e em seus doces lábios
Quero me perder, também quero viajar

De amores tô cego
Confesso e não nego
Que sempre te quis desde o primeiro dia
Você é quem vai me salvar, meu bem
Do triste fim da solidão

Vem cá
Me ensinar a bailar
Vem cá
E beija a minha boca

Vem cá
Eu quero te amar
Te amar
A minha vida toda

Vem cá
Me ensinar a bailar
Vem cá
E beija a minha boca

Vem cá
Eu quero te amar
Te amar
A minha vida toda",pt
/ivete-sangalo/,Dona da Minha Cabeça,/ivete-sangalo/dona-da-minha-cabeca.html,"Dona da minha cabeça
Ela vem como um carnaval
E toda paixão recomeça
Ela é bonita, é demais
Não há um porto seguro
Futuro também não há
Mas faz tanta diferença
Quando ela dança, dança

Eu digo e ela não acredita, ela é bonita demais
Eu digo e ela não acredita, ela é bonita demais
Eu digo e ela não acredita, ela é bonita demais
Eu digo e ela não acredita, ela é bonita, é bonita

Dona da minha cabeça
Quero tanto lhe ver chegar
Quero saciar minha sede milhões de vezes
Milhões de vezes
Na força dessa beleza
É que eu sinto firmeza e paz
Por isso nunca desapareça
Nunca me esqueça, eu não te esqueço jamais

Eu digo e ela não acredita, ela é bonita demais
Eu digo e ela não acredita, ela é bonita, bonita
Eu digo e ela não acredita, ela é bonita demais
Eu digo e ela não acredita, ela é bonita, bonita

Dona da minha cabeça
Ela vem como um carnaval
E toda paixão recomeça
Ela é bonita, é demais
Não há um porto seguro
Futuro também não há
Mas faz tanta diferença
Quando ela dança, dança

Eu digo e ela não acredita, ela é bonita demais
Eu digo e ela não acredita, ela é bonita, bonita
Eu digo e ela não acredita, ela é bonita demais
Eu digo e ela não acredita, ela é bonita, é bonita",pt
/ivete-sangalo/,Drão,/ivete-sangalo/drao.html,"Drão o amor da gente é como um grão
Uma semente de ilusão
Tem que morrer pra germinar plantar nalgum lugar
Ressuscitar no chão nossa semeadura
Quem poderá fazer aquele amor morrer!
Nossa caminhadura
Dura caminhada pela estrada escura
Drão não pense na separação

Não despedace o coração
O verdadeiro amor é vão, estende-se, infinito
Imenso monolito, nossa arquitetura
Quem poderá fazer aquele amor morrer!
Nossa caminha dura
Cama de tatame pela vida afora

Drão os meninos são todos sãos
Os pecados são todos meus
Deus sabe a minha confissão, não há o que perdoar
Por isso mesmo é que há de haver mais compaixão
Quem poderá fazer aquele amor morrer
Se o amor é como um grão!
Morre, nasce, trigo, vive morre, pão
Drão",pt
/ivete-sangalo/,Dunas,/ivete-sangalo/dunas.html,"Mês de março em Salvador
O verão está no fim.
Todo o mato está em flor
E eu me sinto num jardim.

Quem sair do Abaeté
Rumo às praias do Flamengo
Não de carro mas a pé,
Pelas dunas, mato a dentro

Há de ver belezas tais
Que mal dá pra descrever:
Tem orquídeas, gravatás,
Água limpa de beber

Cavalinhas e teiús,
Borboletas e besouros,
Tem lagartos verdazuis
E raposas cor de ouro

Sem falar nos passarinhos,
Centopéias e lacraus,
Nas jibóias e nos ninhos
De urubus e bacuraus

Vejo orquídeas cor de rosas
Entre flores amarelas
Dançam cores vão-se as horas
Entre manchas de aquarela

Desce a tarde vem na brisa
Um cheirinho de alecrim
Canta um grilo. Sinto a vida:
Tudo está dentro de mim.

Mês de março em Salvador
O verão está no fim.
Todo o mato está em flor
E eu me sinto num jardim",pt
/ivete-sangalo/,Dura na Queda,/ivete-sangalo/dura-na-queda.html,"Aparece do nada e mudou tudo
E o arerê la em casa, no quarto escuro
Duvido você não lembrar, do vidro embaçar, adoro derrapar, na suas curvas
Razão numa direção, eu indo na contramão, coloco o mundo no mudo no modo avião
E vem voar se quiser ficar, avisa
cê pode ficar, a vida toda

e olha que eu sou dura na queda, você chegou de paraquedas e me pegou de jeito
E me deixou sem jeito

Confessa, Vem pra cá, encaixa e chega de conversa

Aparece do nada e mudou tudo
E o arerê la em casa, no quarto escuro
Duvido você não lembrar, do vidro embaçar, adoro derrapar, na suas curvas
Razão numa direção, eu indo na contramão, coloco o mundo no mudo no modo avião
E vem voar se quiser ficar, avisa
cê pode ficar, a vida toda

e olha que eu sou dura na queda, você chegou de paraquedas e me pegou de jeito
E me deixou sem jeito

Confessa, Vem pra cá, encaixa e deixa de conversa

Olha que eu sou dura na queda, você chegou de paraquedas e me pegou de jeito
E me deixou sem jeito

Confessa, Vem pra cá, encaixa e chega de conversa

Lalaiê laia
Lalaiê laia
Lalaiê laia
Lalaiê laia",pt
/ivete-sangalo/,E Agora Nós,/ivete-sangalo/e-agora-nos.html,"Quando você diz que vai embora,
só pra chamar minha atenção,
sabe meu coração,tá perto de você
Quando digo que eu tô em crise,
Que já não tem mais nada a ver,
sabe meu coração,
Tá longe de te esquecer

Pare e pense um pouco
Que pra gente, a chama ainda está acesa,
o jogo não acabou e de repente,
as cartas continuam sobre a mesa

Mas o tempo tá querendo tempo,
Pra arrumar as coisas do seu jeito,
A gente so precisa de bom senso,
E tirar a mágoa aqui dentro do peito

Meu coração pergunta o que é que eu fiz
Eu já não sei ficar tão infeliz
Qual é o amor que vive por um triz?
Se eu errei, não foi porque eu quis.

Meu coração só quer ouvir tua voz,
Mesmo que seja pra brigar, gritar e reclamar
Só me responde de uma vez:
E agora nós?

Só não me diz (só não me diz)
Que já não tem mais solução,
E não quer mais meu coração

Pare e pense um pouco
Que pra gente, a chama ainda está acesa,
o jogo não acabou e de repente,
as cartas continuam sobre a mesa

Mas o tempo tá querendo tempo,
Pra arrumar as coisas do seu jeito,
A gente so precisa de bom senso,
E tirar a mágoa aqui dentro do peito

Meu coração pergunta o que é que eu fiz
Eu já não sei ficar tão infeliz
Qual é o amor que vive por um triz?
Se eu errei, não foi porque eu quis

Meu coração só quer ouvir tua voz,
Mesmo que seja pra gritar, brigar e reclamar
Só me responde de uma vez:
E agora nós?

Só não me diz (só não me diz)
Que já não tem mais solução,
E não quer mais meu coração

Meu coração",pt
/ivete-sangalo/,É Por Isso Que a Gente Combina,/ivete-sangalo/e-por-isso-que-a-gente-combina.html,"Tô lendo a sua mensagem
você perguntando qual é meu segredo
Achei engraçado dizer que eu boto açúcar mascavo no beijo
Porque meu chamego vicia e deixa um gosto de querer de novo
Que meu trem é gostoso

Mas que pergunta boba
Acho que é você que tem mel de abelha dentro dessa boca
E o fogo de lenha queimando debaixo dessa sua roupa, ah

É por isso que a gente combina
É por isso que a gente combina
É química na pele e suor na melanina
É por isso que a gente combina
É por isso que a gente combina
É o mix de desejo, de tesão e adrenalina

Tô lendo a sua mensagem
você perguntando qual é meu segredo
Achei engraçado dizer que eu boto açúcar mascavo no beijo
Porque meu chamego vicia
e deixa um gosto de querer de novo
Que meu trem é gostoso

Mas que pergunta boba
Acho que é você que tem mel de abelha dentro dessa boca
E o fogo de lenha queimando debaixo dessa sua roupa, ah

É por isso que a gente combina
É por isso que a gente combina
É química na pele e suor na melanina
É por isso que a gente combina
É por isso que a gente combina
É o mix de desejo, de tesão e adrenalina

Mas que pergunta boba
Acho que é você que tem mel de abelha dentro dessa boca
E o fogo de lenha queimando debaixo dessa sua roupa, ah

É por isso que a gente combina
É por isso que a gente combina
É química na pele e suor na melanina
É por isso que a gente combina
É por isso que a gente combina
É o mix de desejo, de tesão e adrenalina
É por isso que a gente combina
É por isso que a gente combina
É química na pele e suor na melanina
É por isso que a gente combina
É por isso que a gente combina
É o mix de desejo com tesão e adrenalina",pt
/ivete-sangalo/,E Tudo Mais,/ivete-sangalo/e-tudo-mais.html,"Por mais que animais
Assim que somos gente
Muitos comuns, poucos raros
Normais alguns mortais
outros tão diferentes

O mundo assim é formado
Como eu te encontrei
Se estava dentro de mim?
Meu amor, o meu amor
e tudo mais

Eu quero viver
Eu quero te ver
Eu não quero sofrer
Eu não quero morrer

Eu espero poder
Eu espero você
E tudo mais
Que sorte a nossa
No mundo há tanta gente
E a vida me pôs ao seu lado
Será que a sorte é só nossa
Ou vem pra toda gente?
Do mundo ficar ao seu lado
Quando eu te beijei

O mundo se fez necessário
Meu amor, o teu amor
E tudo mais

Por isso eu quero dizer
Que eu quero te ver
Eu não quero viver
Pra morrer de saudade

Eu espero você
Eu espero poder
E tudo mais",pt
/ivete-sangalo/,Easy,/ivete-sangalo/easy.html,"Know it sounds funny
But, I just can't stand the pain
Girl, I'm leaving you tomorrow
Seems to me girl
You know I've done all I can
You see I begged, stole and I borrowed! (yeah)

Ooh, that's why I'm easy
I'm easy like Sunday morning
That's why I'm easy
I'm easy like Sunday morning

Why in the world would anybody put chains on me?
I've paid my dues to make it
Everybody wants me to be
What they want me to be
I'm not happy when I try to fake it! no!

Ooh, that's why I'm easy
I'm easy like Sunday morning, yeah
That's why I'm easy
I'm easy like Sunday morning

I wanna be high, so high
I wanna be free to know the things I do are right
I wanna be free
Just me! Whoa, oh! Babe!

That's why I'm easy
I'm easy like Sunday morning, yeah
That's why I'm easy
I'm easy like Sunday morning, whoa
'Cause I'm easy
Easy like Sunday morning, yeah
'Cause I'm easy
Easy like Sunday morning",en
/ivete-sangalo/,Eh! Maravilha,/ivete-sangalo/eh-maravilha.html,"Carnaval é um mar de alegria
Onde a gente navega.
Ah que bom ter sua companhia
Nessa clima de verão
Hoje eu sou mais um nessa folia
Me abraçe e me beija
Nessa festa só colhe magia
Quem tem paz no coração

Tô curtindo todas
Tô de água na boca
Tô maluco por você
Eu trouxe amor
Pra você ver

(refrão)
Que felicidade (Que felicidade)
Você na minha (Você na minha)
Curtindo a vontade (Curtindo a vontade)
Eh! Maravilha (Eh! Maravilha)",pt
/ivete-sangalo/,"Em Mim, Em Você",/ivete-sangalo/em-mim-em-voce.html,"
Eu vou embora de avião
Eu vou pra longe de você
Quero encontrar o meu caminho, agora

Vou sentir saudades de alguém
Sei que vou chorar, eu sei

Mas, daqui pra frente eu vou seguir sozinha
Agora

Quem sabe o que vai ser
Embora eu soubesse bem o que fazer
Talvez fugir não foi melhor pra nós
Tentar ficar um pouco mais a sós

Pra ver se o amor ainda mora
Em mim e em você

",pt
/ivete-sangalo/,Embaraça no Beijo,/ivete-sangalo/embaraca-no-beijo.html,"Me embaraça no beijo
Me embaraça no beijo
Me embaraça no beijo
Me embaraça
Me embaraça no beijo
Me embaraça no beijo
Me embaraça no beijo

Eu tenho um beijo guardado
Molhado e apaixonado
Querendo teus lábios de mel

Deixa o bom senso de lado
Peito carnavalizado
Vem que eu te ensino a viver

Vale a pena se envolver
Nada pode atrapalhar nós dois, então vem
Tudo é permitido
Nessa festa tudo é colorido
Nosso amor girando nesse louco carrossel

Vem, me pega bonito
Me embala no jeito do laço de um beijo, amor
Me embaraça no beijo, amor

Vem, me pega bonito
Me embala no jeito do laço de um beijo, amor
Me embaraça no beijo, amor

Me embaraça no beijo
Me embaraça no beijo
Me embaraça no beijo
Me embaraça
Me embaraça no beijo
Me embaraça no beijo
Me embaraça no beijo
(Me embaraça)",pt
/ivete-sangalo/,"Empurra, Empurra / Arerê",/ivete-sangalo/empurra-empurra-arere.html,"E tá um empurra-empurra aqui
Mas tá gostoso
Tá um empurra-empurra aqui
Mas tá gostoso
Melhor ainda
É pular no meio do povo
Melhor ainda
É pular no meio do povo

Tá um empurra-empurra aqui
Mas tá gostoso
Tá um empurra-empurra aqui
Mas tá gostoso
Melhor ainda
É pular no meio do povo
Melhor ainda
É pular no meio do povo

Aqui se dança valsa
Aqui se dança twist
Cada um dança de um jeito
Só não vale ficar triste

Ôi! Ôi! Ôi!
Deram um pisão no meu pé
Nem quero saber quem foi

***

Eu já falei com Deus que não vou te deixar
Vou te levar pra onde
Pra qualquer lugar
Já fiz de tudo pra não te perder

Arerê!
Um lobby, um hobby, um? love? com você
Arerê!
Um lobby, um hobby, um? love? com você
Arerê!
Um lobby, um hobby, um? love? com você

Arerê!
Um lobby, um hobby, um? love? com você

Cai, cai, cai, cai, cai, pra cá
Hey, hey, hey
Tudo, tudo, vai rolar

Arerê!",pt
/ivete-sangalo/,Empurra-empurra,/ivete-sangalo/empurro-empurra.html,"Tá um empurra, empurra aqui
Mas tá gostoso
Tá um empurra, empurra aqui
Mas tá gostoso
Melhor ainda é pular no meio do povo
Melhor ainda é pular no meio do povo
(2x)

Aqui se dança valsa
Aqui se dança twist
Cada um dança de um jeito
Só não vale ficar triste
(2x)

oi,oi,oi
Deram um pisão no meu pé
Não quero saber quem foi
oi,oi,oi
Deram um pisão no meu pé
Não quero saber quem foi

Embalou, embala
embalou
Não para, não para
Não para
(2x)",pt
/ivete-sangalo/,Escrito Nas Estrelas,/ivete-sangalo/escrito-nas-estrelas.html,"Você pra mim foi o sol
De uma noite sem fim
Que acendeu o que sou
E renasceu tudo em mim

Agora eu sei muito bem
Que eu nasci só pra ser
Sua parceira, seu bem
E só morrer de prazer

Caso do acaso
Bem marcado em cartas de tarô
Meu amor, esse amor
De cartas claras sobre a mesa
É assim
Signo do destino
Que surpresa ele nos preparou
Meu amor, nosso amor
Estava escrito nas estrelas
Tava, sim

Você me deu atenção
E tomou conta de mim
Por isso minha intenção
É prosseguir sempre assim

Pois sem você, meu tesão
Não sei o que eu vou ser
Agora preste atenção
Quero casar com você",pt
/ivete-sangalo/,Esperando na Janela,/ivete-sangalo/esperando-na-janela.html,"Ainda me lembro do seu caminhar
Seu jeito de olhar eu me lembro bem
Fico querendo sentir o seu cheiro
Que é daquele jeito que ela tem
O tempo todo eu fico feito tonto
Sempre procurando, mas ela não vem
E esse aperto no fundo do peito
Desses que o sujeito não pode aguentar, ai
Esse aperto aumenta o meu desejo
E eu não vejo a hora de poder lhe falar

Por isso eu vou na casa dela, ai, ai
Falar do meu amor pra ela, vai
'Tá me esperando na janela, ai, ai
Não sei se vou me segurar
Por isso eu vou na casa dela, ai, ai
Falar do meu amor pra ela, vai
'Tá me esperando na janela, ai, ai
Não sei se vou me segurar

Ainda me lembro do seu caminhar
Seu jeito de olhar eu me lembro bem
Fico querendo sentir o seu cheiro
Que é daquele jeito que ela tem
O tempo todo eu fico feito tonto
Sempre procurando, mas ela não vem
E esse aperto no fundo do peito
Desses que o sujeito não pode aguentar, ai
Esse aperto aumenta o meu desejo
E eu não vejo a hora de poder lhe falar

Por isso eu vou na casa dela, ai, ai
Falar do meu amor pra ela, vai
'Tá me esperando na janela, ai, ai
Não sei se vou me segurar
Por isso eu vou na casa dela, ai, ai
Falar do meu amor pra ela, vai
'Tá me esperando na janela, ai, ai
Não sei se vou me segurar

Por isso eu vou, eu vou lá
Falar do meu amor pra ela
'Tá me esperando na janela, ai, ai
Ai, não sei se vou me segurar
Por isso eu vou na casa dela, ai, ai (Eu vou lá, sim)
Falar do meu amor pra ela vai (Vou falar, sim)
'Tá me esperando na janela, ai, ai
Não sei se vou me segurar

Ei, mestre, que sanfona boa!
É assim que eu gosto!
Dois pra lá e dois pra cá
E no chamego só
E viva São João, minha gente",pt
/ivete-sangalo/,Essa Distância,/ivete-sangalo/essa-distancia.html,"Quando bate a saudade
E vem esse desejo de te ver
Não preciso de avião pra te encontrar
É só fechar os olhos

Quando bate a vontade
De ter você pertinho do coração
Vêm versos de amor que guardo
Pra falar na hora certa

Mas essa distância já não cabe entre nós
Tá vindo uma lua tão linda
Tão sua, tão minha
Eu quero ficar com você

Eu tiro os pés do chão
Toda vez que eu te beijo
Eu tiro os pés do chão
Quando ganho um beijo seu
Eu me entrego, eu me rendo

Eu tiro os pés do chão
Toda vez que eu te beijo
Eu tiro os pés do chão
Quando ganho um beijo teu",pt
/ivete-sangalo/,Estar Com Você (Part. Helinho),/ivete-sangalo/estar-com-voce-part-helinho.html,"Acordo mais um dia a seu lado
Agradecendo sempre ao Senhor
A felicidade está em coisas simples
Como em seus gestos de amor
Mesmo nesse mundo de ilusões

Eu não vou me render as tentações
Porque eu quero acordar com você
Quero sorrir com você
Quero estar com você, amor
Quero viver com você

Quem me dera saber...
Todos os mistérios de uma mulher
Para poder ser
O que de mim você quiser

Envolvidos nesse sentimento
O bem que me faz sentir a cada momento
Porque eu quero acordar com você
Quero sorrir com você
Quero estar com você, amor
Quero viver com você

E toda vez que eu parto
Te levo sempre ao meu lado
Lembro de nós no nosso quarto
E meu coração fica todinho apertado

Conto os dias de voltar
E poder te reencontrar
Porque eu quero acordar com você
Quero sorrir com você
Quero estar com você, menina, menina
Quero viver com você",pt
/ivete-sangalo/,Eternamente,/ivete-sangalo/eternamente.html,"Eternamente eu vou te amar
Eterna essa paixão
Que explode em emoção
Mas quem ficou
Na mira do seu coração eu vou
Na vida tenho a intenção
Que é amar
(repete)

Se é o avesso da dor
Já não corro perigo
Me fez juras de amor
Mas só quer ser meu amigo
(repete)

E se depender de mim faço tudo
Os anéis de Saturno vou roubar para você
Se depender de mim eu viro o mundo
Por esse amor sincero que é tudo o que eu mais quero
Vem pra mim

Eu vou pegar meu bem o trem do amor
A minha vida sem você já não tem graça
Eu vou levar você também eu vou
Não tem saída desse amor você não escapa
(repete)

Êo, êo, êo
Só quero seu calor
Êo, êêo, êo
Só quero seu calor


Eternamente eu vou te amar
Eterna essa paixão
Que explode em emoção
Mas quem ficou
Na mira do seu coração eu vou
Na vida tenho a intenção
Que é amar
Se depender de mim faço tudo
Os anéis de Saturno vou roubar para você
Se depender de mim eu viro o mundo
Por esse amor sincero que é tudo o que eu mais quero
Vem pra mim

Eu vou pegar meu bem o trem do amor
A minha vida sem você já não tem graça
Eu vou levar você também eu vou
Não tem saída desse amor você não escapa

Êo, êo, êo
Só quero seu calor
Êo, êêo, êo
Só quero seu calor
Êo, êêo, êo
Só quero seu calor
Êo, êêo, êo
Só quero seu calor",pt
/ivete-sangalo/,Eu Nasci Há Dez Mil Anos Atrás,/ivete-sangalo/eu-nasci-ha-dez-mil-anos-atras.html,"Eu nasci há dez mil anos atrás
E não tem nada nesse mundo
que eu não saiba de mais
Eu nasci há dez mil anos atrás
E não tem nada nesse mundo
que eu não saiba de mais

Eu vi Cristo ser crucificado
O amor nascer e ser assassinado
Eu vi as bruxas pegando fogo para pagarem seus pecados
eu vi

Eu vi Moisés cruzar o mar vermelho
Vi Maomé cair na terra de joelhos
Eu vi Pedro negar Cristo por três vezes
diante do espelho, eu vi

Eu nasci
Há dez mil anos atrás
E não tem nada nesse mundo que eu não saiba de mais

Eu nasci há dez mil anos atrás
E não tem nada nesse mundo que eu não saiba de mais

Eu vi as velas se acenderem para o Papa
Vi Babilônia ser riscada lá do mapa
Vi conde Drácula sugando o sangue novo
E se escondendo atrás da capa, eu vi

Eu vi a arca de Noé cruzar os mares
Vi Salomão cantar seus salmos pelos ares
Eu vi Zumbi fugir com os negros para floresta
Pro quilombo dos palmares, eu vi

Eu nasci
Há dez mil anos atrás
E não tem nada nesse mundo que eu não saiba demais

Eu nasci há dez mil anos atrás
E não tem nada nesse mundo que eu não saiba de mais

Eu vi o sangue que corria da montanha
Quando Hitler chamou toda a Alemanha
Vi o soldado que sonhava com a amada
numa cama de campanha
Eu li
Eu li os símbolos sagrados de Umbanda
Eu fui criança para poder dançar ciranda
E quando todos praguejavam contra o frio
Fiz a cama na varanda
Eu nasci

Eu nasci
(eu nasci)
Há dez mil anos atrás
(Eu nasci há dez mil anos)
E não tem nada nesse mundo que eu não saiba demais

Eu tava junto com os macacos na caverna
Eu bebi vinho com as mulheres na taverna
E quando a pedra despencou da ribanceira
Eu também quebrei a perna
Eu também
Fui testemunha do amor de Rapunzel
Eu vi a estrela de Davi brilhar no céu
E para aquele que provar que eu tô mentindo
Eu tiro o meu chapéu
Eu nasci

Eu nasci
Há dez mil anos atrás
E não tem nada nesse mundo que eu não saiba demais

Eu nasci há dez mil anos atrás
E não tem nada nesse mundo que eu não saiba de mais",pt
/ivete-sangalo/,Eu Nunca Amei Alguém Como Eu Te Amei,/ivete-sangalo/eu-nunca-amei-alguem-como-eu-te-amei.html,"Eu nunca amei alguém como eu te amei
Por isso não consigo te esquecer
Esqueça aquilo tudo que eu falei
Mas guarde na lembrança que eu te amo

Há coisas que o tempo não desfaz
Há coisas que a vida pede mais
Se ainda estou tentando me afastar
Meu coração só pensa em voltar

Sorrisos e palavras são tão fáceis
Escondem a saudade que ficou
Mas acho que cansei dos meus disfarces
Quem olha nos meus olhos

Vê que nada terminou
Amor, por tudo isso que hoje eu sei
Não posso nem pensar em te perder
Queria te encontrar pra te dizer
Que eu nunca amei alguém como eu te amei.",pt
/ivete-sangalo/,Eu Sei Que Vou Te Amar,/ivete-sangalo/eu-sei-que-vou-te-amar.html,"Eu sei que vou te amar
Por toda minha vida, eu vou te amar
A cada despedida, eu vou te amar
Desesperadamente, eu sei que vou te amar

E cada verso meu será pra te dizer
Que eu sei que vou te amar
Por toda minha vida
Eu sei que vou chorar

A cada ausência tua, eu vou chorar
Mas cada volta tua há de apagar
O que essa ausência tua me causou

Eu sei que vou sofrer
A eterna desventura de viver
A espera de viver ao lado teu
Por toda minha vida",pt
/ivete-sangalo/,Eu Só Quero Um Xodó,/ivete-sangalo/eu-so-quero-um-xodo.html,"Que falta eu sinto de um bem
Que falta me faz um xodó
Mas como eu não tenho ninguém
Eu levo a vida assim tão só

Eu só quero um amor
Que acabe o meu sofrer
Um xodó pra mim do meu jeito assim
Que alegre o meu viver

Eu só quero um amor
Que acabe o meu sofrer
Um xodó pra mim do meu jeito assim
Que alegre o meu viver",pt
/ivete-sangalo/,Eu Tô Vendo,/ivete-sangalo/eu-to-vendo.html,"Eu tô vendo
Você tá balançando
Tô sentindo
Tá todo mundo gostando
(Eu to vendo daqui)

Mas tem que ser assim
Eu cantando daqui
Você swinga de lá
O seu corpo gostoso
Nesse movimento
A banda do bem
Já não quer mais parar

Mas tem que ser assim
Eu balanço daqui
Você suinga de lá
O seu corpo gostoso
Nesse movimento
A banda do bem
Já não quer mais parar

Agora escute o cantor [Refrão]
Faça o que ele mandar
Se ele disser bata palma
Na palma,
Na palma o povo vai ficar
Agora escute o cantor
Faça o que ele mandar
Jogue os braços pra cima,
Pra cima, pra cima,
Pra lá e pra cá",pt
/ivete-sangalo/,Eu Vou de Amor,/ivete-sangalo/eu-vou-de-amor.html,"Olha quem chegou
Nesse calor eu sei que vou
Te enlouquecer
Te enlouquecer de amor
Olha quem eu sou
Capaz de te hipnotizar com esse som
Fazer você dançar só pra mim

Vem, vem, vem que tem
Tudo tem mais sabor
Nesse carnaval eu tô que tô
Vem, vem, vem que tem
Tudo tem mais sabor
Nesse carnaval eu vou de amor

Lá lá iá lá iá
Lá lá iá
Ôoo
Nesse carnaval eu tô que tô
Lá lá iá lá iá
Lá lá iá
Ôoo
Nesse carnaval eu tô que tô",pt
/ivete-sangalo/,Eva,/ivete-sangalo/eva.html,"Meu amor olha só hoje o sol não apareceu
É o fim da aventura humana na Terra
Meu planeta Deus fugiremos nós dois na arca de Noé
Mas olha bem, meu amor é o final da odisséia terrestre
Sou Adão e você será...


Minha pequena Eva,(eva) o nosso amor na última astronave,(eva)
Além do infinito eu vou voar
Sozinho com você
E voando bem alto,(eva) me abraça pelo espaço de um
instante,(eva)
Me cobre com teu corpo e me dá
A força pra viver...

Meu amor olha só hoje o sol não apareceu
É o fim da aventura humana na Terra
Meu planeta Deus fugiremos nós dois na arca de Noé
Agora vem, meu amor é o final da odisséia terrestre
Sou Adão e você será...

Minha pequena Eva,(eva) o nosso amor na última astronave,(eva)
Além do infinito eu vou voar
Sozinho com você
E voando bem alto,(eva) me abraça pelo espaço de um
instante,(eva)
Me cobre com teu corpo e me dá
A força pra viver...

E pelo espaço de um instante afinal, não há nada mais
Que o céu azul pra gente voar.
Sobre o Rio, Beirute ou Madagascar
Toda a terra reduzida a nada a nada mais
Minha vida é um flash de controles, botões
anti-atômicos
Mas olha, olha bem meu amor no final da odisséia
terrestre
Eu sou Adão e você... diz pra mim o que você será...

Minha pequena Eva,(eva) o nosso amor na última astronave,(eva)
Além do infinito eu vou voar
Sozinho com você
E voando bem alto,(eva) me abraça pelo espaço de um
instante, (eva)
Me cobre com teu corpo e me dá
A força pra viver... (x2)",pt
/ivete-sangalo/,Fã,/ivete-sangalo/fa.html,"Faço qualquer negócio pra te ver na avenida ou no show
Grudo no pé, dou bandeira, fico de bobeira só pra te ver passar
Teu olhar iluminado, meu coração disparado...
Se o teu olhar de repente cruzar com o meu olhar envergonhado...
Olá, eu sou sua fã
A número 1, sou sua fã
Não durmo direito, não como, não bebo... só vivo de te ver passar
Você realiza o meu sonho, é a minha razão de sonhar!!!
Olá, eu sou sua fã
A número 1, sou sua fã
Não durmo direito, não como, não bebo... só vivo de te ver passar
Você realiza o meu sonho, é a minha razão de sonhar!!!
Mando carta perfumada, fico na torcida pra você me responder
Quero contar meus segredos e ganhar um beijo, um sorriso, um retrato, um alô...
Não me canso de dizer o que sinto por você...
Você é tão maravilhosa... que Deus ilumine a estrela que és!!!
Olá, eu sou sua fã
A número 1, sou sua fã
Não durmo direito, não como, não bebo... só vivo de te ver passar
Você realiza o meu sonho, é a minha razão de sonhar!!! Olá, eu sou sua fã
A número 1, sou sua fã
Não durmo direito, não como, não bebo... só vivo de te ver passar
Você realiza o meu sonho, é a minha razão de sonhar!!!",pt
/ivete-sangalo/,Fantasia,/ivete-sangalo/fantasia.html,"Se eu pudesse
Eu me vestia todo dia
Cada dia
Uma fantasia diferente
Ser um super-homem
Ou um lobisomem
Mas também
Eu me transformava
Num robô

Se eu pudesse
Eu tinha uma teia
De homem-aranha
Mas daquela
Que funciona
De verdade
E no arranha-céu
Ser avião de papel
E num vôo
Me transformo
Num desenho japonês

Mas na hora de dormir
Realizo meu desejo
Fecho os olhos
E ainda posso ser
Eu mesmo",pt
/ivete-sangalo/,Faraó Divindade do Egito / Ladeira do Pelô / Doce Obsessão,/ivete-sangalo/farao-divindade-do-egito-ladeira-do-pelo-doce-obsessao.html,"Eu falei faraó!

Deuses, divindade infinita do universo
Predominante esquema mitológico
A ênfase do espírito original Shu!
Transformará o Éden em ouro cósmico

A emersão, nem Osíris sabe como aconteceu
(eu disse a emersão) A emersão, nem Osíris sabe como aconteceu
A ordem ou submissão do olho seu
Transformou-se na verdadeira humanidade

Epopéia! O código de Gerbi
O código de Gerbi (código de Gerbi)
E Nuti! Gerou as estrelas

Osiris, proclamou matrimônio com iris
E o mal Seth, Hiradu assassinou, impera-ar
Horus levando avante a vingança do pai
Derrotando o império do mal Seth
Ao grito da vitória que nos satisfaz

Cadê Tutacamom
Hei Gizé! Akhaenaton
Hei Gizé! Tutacamom
Hei Gizé! Akhaenaton

Eu falei faraó, êeeh faraó!
Clama Olodum Pelôurinho
Êeeh faraó! Salvador, Egito
Êeeh faraó!
Clama Olodum Pelourinho
Êeeh faraó!

Ô, que mara mara maravilha êh!
Egito, Egito êh!
Ô, que mara mara maravilha êh!

Faraó ó ó ó!
Olodum Salvador minha Bahia capital
Grande rei Olodum
Olodum
Salvador minha Bahia capital
E eu vou, e eu vou

E eu vou, na terça-feira eu vou
Vou subindo a ladeira do Pelô
E eu vou, e eu vou
E, eu vou, na sexta-feira eu vou
Vou subindo a ladeira do Pelô

Balançando a banda pra lá
Oi balança, vai, a banda pra cá
Balançando ê a banda pra lá
E balança, vai, a banda pra cá
Balançando a banda pra lá
Você chegou
Me encontrou tão amarga e vazia
Entregou seu amor com carinho
Acabou com a minha solidão

O seu amor
É uma lua-de-mel, meu amado
Que ilumina o meu céu estrelado
Minha doce obsessão

Confesso que eu não estava assim tão preparada
Pra ver todo esse amor me conquistar
Te peço que você não me abandone
Não deixe nossa chama se apagar

Eu quero te beijar
Te abraçar
Preciso desse amor
E quando anoitecer
Confessar
Que eu amo você

Eu quero te beijar",pt
/ivete-sangalo/,Favo de Mel,/ivete-sangalo/favo-de-mel.html,"Deixa eu te falar meu favo de mel
Não tem coisa melhor nessa vida
Do que te amar meu favo de mel
Minha pérola linda meu amor (2v).

Eu deito no teu colo
Você me faz cafuné
Me acaricia todinha do fio
Do cabelo à ponta do pé (2v).

Xodó deguinho xodó
Xodó denguinho meu xodó
Xodó denguinho xodó",pt
/ivete-sangalo/,Faz Tempo,/ivete-sangalo/faz-tempo.html,"Já não se sabe o momento exato de partir
Não quero me entregar tão cedo
Aquele amor que eu senti quando eu te conheci
Não tá rolando mais, faz tempo

Não vejo mais o brilho
dos seus olhos pra mim
Nem sei se ainda
posso mesmo te fazer feliz

Cada momento
Que passamos
Juro, foi bom
Mas tudo que acende, apaga
E o que era doce se acabou

E quando eu penso em ir embora
Você não quer me dar razão
Me diz que eu tô jogando fora
O amor que tem no coração
E eu fico disfarçando
Finjo que não sei
Que em pouco tempo rola
Tudo outra vez",pt
/ivete-sangalo/,Faz Tempo / Deixo,/ivete-sangalo/faz-tempo-deixo.html,"Já não se sabe o momento exato de partir
Não quero me entregar tão cedo
Aquele amor que eu senti quando eu te conheci
Não tá rolando mais, faz tempo

Não vejo mais o brilho
Dos seus olhos pra mim
Nem sei se ainda
Posso mesmo te fazer feliz

Cada momento
Que passamos
Juro, foi bom
Mas tudo que acende, apaga
E o que era doce se acabou

E quando eu penso em ir embora
Você não quer me dar razão
Me diz que eu tô jogando fora
O amor que tem no coração
E eu fico disfarçando
Finjo que não sei
Que em pouco tempo rola
Tudo outra vez

***

Eu me lembro sempre onde quer que eu vá
Só um pensamento em qualquer lugar
Só penso em você
Em querer te encontrar
Só penso em você
Em querer te encontrar

Lembro daquele beijo que você me deu
E que até hoje está gravado em mim
E quando a noite vem
Fico louca pra dormir
Só pra ter você nos meus sonhos
Me falando coisas de amor

Sinto que me perco no tempo
Debaixo do meu cobertor

Eu faria tudo pra não te perder
Assim
Mas o dia vem e deixo você ir

Deixo você ir
Deixo você ir
Deixo você ir
Deixo você ir",pt
/ivete-sangalo/,Festa,/ivete-sangalo/festa.html,"Festa no gueto,
Pode vir, pode chegar
Misturando o mundo inteiro
Vamos ver no que é que dá

Hoje tem festa no gueto
Pode vir, pode chegar
Misturando o mundo inteiro
Vamos ver no que é que dá

Tem gente de toda cor
Tem raça de toda fé
Guitarras de rock'n roll
Batuque de candomblé
Vai lá

Pra ver
A tribo se balançar
O chão da terra tremer
Mãe preta de lá mandou chamar
Avisou, Avisou, Avisou , Avisou

Que vai rolar a festa
Vai rolar
O povo no gueto
Mandou avisar",pt
/ivete-sangalo/,Fiesta (Festa),/ivete-sangalo/fiesta-festa.html,"Fiesta en el gueto
Tú te puedes acercar
A mezclarte con mi mundo
Tú te tienes que quedar

Hay una fiesta en el gueto
Tú te puedes acercar
A mezclarte con mi mundo
Tú me tienes que cantar

Gente de todo color
Y razas de toda fe
Guitarra de rock & roll
Batuca de candombé
A bailar
Pra ver como la tribu se va
Mira como el suelo tiembla
Madre negra nos mandó llamar

Avisó, avisó, avisó, avisó
Que va a haber una fiesta
Va haber
Porque todo el gueto mandó avisar
Que va a haber una fiesta
Va haber
Porque todo el gueto mandó avisar",es
/ivete-sangalo/,Flor do Reggae / Mega Beijo,/ivete-sangalo/flor-do-reggae-mega-beijo.html,"Um brilho de amor chegou na ilha inteira
E a lua que traz o amor é lua cheia
Um grito de dor que vem do peito
De quem amou alguém
O reggae me traz saudades de quem me beijou
E agora tá tão distante em outra ilha
O amor me chamou de flor
E disse que eu era alguém pra vida inteira

Como se eu fosse flor, você me cheira
Como se eu fosse flor, você me rega
E nesse reggae eu vou a noite inteira
Porque morrer de amor é brincadeira

Como se eu fosse flor, você me cheira
Livre como um passarinho
Pelo céu vou voar
Querendo ter você
Com muito amor pra dar
Vou encontrar no meu caminho
Posso sentir no ar, vontade de viver
E me apaixonar

Sol bem quente de verão
Espelho azul do mar
Refletindo um dia tão lindo
Pra quem ganhar meu coração
Vai logo logo perceber
Que vai viver e amar no paraíso
Vai viver e amar no paraíso

Se nessa que eu tô
Você me pega amor
Me leva pro céu que eu vou
No mega beijo, no beijo mega
Adoça minha vida, amor

Se nessa que eu tô",pt
/ivete-sangalo/,Flor do Reggae / Mega Beijo (Medley),/ivete-sangalo/flor-do-reggae-mega-beijo-medley.html,"Um brilho de amor chegou na ilha inteira
E a lua que traz o amor é lua cheia
Um grito de dor que vem do peito de quem amou alguém

O reggae me traz saudades de quem me beijou
E agora tá tão distante em outra ilha
O amor me chamou de flor
E disse que eu era alguém pra vida inteira

Como se eu fosse flor, você me cheira
Como se eu fosse flor, você me rega
E nesse reggae eu vou a noite inteira
Porque morrer de amor é brincadeira

Como se eu fosse flor, você me cheira
Como se eu fosse flor, você me rega
E nesse reggae eu vou a noite inteira
Porque morrer de amor é brincadeira

Livre como um passarinho
Pelo céu vou voar
Querendo ter você
Com muito amor pra dar

Vou encontrar no meu caminho
Posso sentir o ar
Vontade de viver
E me apaixonar

Sol bem quente de verão
Espelho azul do mar
Refletindo um dia tão lindo
Pra quem ganhar meu coração
Vai logo, logo perceber
E vai viver e amar no paraíso
Vai viver e amar no paraíso

Se nessa que eu tô
Você me pega, amor
Me leva pro céu que eu vou
No mega beijo, no beijo mega
Adoça minha vida, amor

Se nessa que eu tô
Você me pega, amor
Me leva pro céu que eu vou
No mega beijo, no beijo mega
Adoça minha vida, amor

Se nessa que eu tô
Você me pega, amor
Me leva pro céu que eu vou
No mega beijo, no beijo mega
Adoça minha vida, amor",pt
/ivete-sangalo/,Flores (Sonho Épico),/ivete-sangalo/flores-sonho-epico.html,"Já me feri no espinho daquela flor
Já lhe dei beijos que marcaram nosso amor
Queria ser Romeu e Julieta no passado
Um sonho épico que eleva o ser amado meu bem

Lhe dei amores, venci rumores
Dessa moçada careta
Que não quer saber de amar, porém

Lhe dei amores, venci rumores
Dessa moçada careta
Que não quer saber de amar, porém

Nunca amei ninguém, mas você é quem?
Eu que ando criando em meus sonhos
Castelos de areia

Nunca amei ninguém, mas você é quem?
Me afogava num mar de ilusão
Sou sua sereia

Já lhe dei flores, flores, flores que brotaram em meu jardim
Você brincou de bem-me-quer e mal quer saber de mim (5x)",pt
/ivete-sangalo/,For Your Babies (The Voice cover),/ivete-sangalo/for-your-babies-the-voice-cover.html,"You've got that look again
The one I hoped I had when I was a lad
Your face is just beaming
Your smile got me boasting
My pulse roller-coastering

Anyway the four winds that blow
They're gonna send me sailing home to you
Or I'll fly with the force of a rainbow
The dream of gold will be waiting in your eyes

You know I'd do most anything you want
Hey, I, I try to give you everything you need
I can see that it gets to you

I don't believe in many things
But in you, I do

Her faith is amazing
The pain that she goes through
Contained in the hope for you
Your whole world has changed
The years spent before
Seem more cloudy than blue

In many ways your baby's controlling
When you haven't laid down for days
For the poor no time to be thinking
They're too busy finding ways

And I
You know I'd do most anything you want
Hey, I, I try to give you everything you need
I see that it gets to you

I don't believe in many things
But in you

I don't believe in many things
But in you

Oh, I don't believe
I don't believe in many things
But in you, I do",en
/ivete-sangalo/,Frisson,/ivete-sangalo/frisson.html,"Meu coração pulou
Você chegou, me deixou assim
Com os pés fora do chão
Pensei: que bom

Parece, enfim, acordei
Pra renovar meu ser
Faltava mesmo chegar você
Assim, sem me avisar

E acelerar
Um coração que já bate pouco
De tanto procurar por outro
Anda cansado

Mas quando você está do lado
Fica louco de satisfação
Solidão nunca mais

Você caiu do céu
Um anjo lindo que apareceu
Com olhos de cristal
Me enfeitiçou

Eu nunca vi nada igual
De repente
Você surgiu na minha frente
Luz tão brilhante

Cometa em forma de gente
Invasor do planeta amor
Você me conquistou

Me olha, me toca
Me faz sentir
Que é hora, agora
Da gente ir

El cielo te envió
Un ángel bueno, una tentación
Mirada criminal
Que me embrujó

Jamás senti nada igual
De repente
Te vi parada justo en frente
Luz tan brilhante

Estrella trasformada en gente
La invasora del planeta amor
Robo mí corazón

Mi ángel, mi alma
Me haces sentir
Que es hora, ahora
De ser feliz",pt
/ivete-sangalo/,Fullgás,/ivete-sangalo/fullgas.html,"Meu mundo você é quem faz
Música letra e dança
Tudo em você é fullgás
Tudo você é quem lança, lança mais e mais

Só vou te contar um segredo
Nada de mau nos alcança
Pois tendo você meu brinquedo
Nada machuca nem cansa

Então venha me dizer o que será da minha vida
Oh! sem você noites de frio, dia não há
E um mundo estranho pra me segurar
Então onde quer que você vá, é lá que eu vou estar

Amor esperto tão bom te amar
E tudo de lindo que eu faço
É ver com você bem feliz
Você me abre seus braços

E a gente faz um país
Você me abre seus braços
E a gente faz um país
A gente faz um país, um país

A gente faz um país
A gente faz um país a gente faz o Brasil
Ooooo Ooooo O ooo Oooo Ooo Oooo O ooo (6x)",pt
/ivete-sangalo/,Funk do Xixi,/ivete-sangalo/funk-do-xixi.html,"Eu faço xixi na cama
É difícil segurar
Sonho que tô no vasinho
e ele vem devagarinho.

É quentinho, é quentinho,
é quentinho, é bem quentinho (bis)

Quando acordo na preguiça
minha cama tá molhada
Não foi chuva lá do céu
Eu acho é que vazou da fralda.

É quentinho, é quentinho,
é quentinho, é bem quentinho (bis)

Chato é de madrugada
Quando tenho que acordar
Pra fazer o meu xixi
Sinto vontade de chorar

É quentinho, é quentinho,
é quentinho, é bem quentinho (bis)

Todo mundo faz, todo mundo faz
a babá já fez e o vovô ainda faz. (3x)

Não faça drama, porque eu fiz xixi na cama.(4x)",pt
/ivete-sangalo/,Gostava Tanto de Você,/ivete-sangalo/gostava-tanto-de-voce.html,"Nem sei porque você se foi
Quantas saudades eu senti
E de tristezas vou viver
E aquele adeus, não pude dar

Você marcou em minha vida
Viveu, morreu na minha história
Chego a ter medo do futuro
E da solidão, que em minha porta bate

E eu
Gostava tanto de você
Gostava tanto de você

Eu corro fujo desta sombra
Em sonhos vejo este passado
E na parede do meu quarto
Ainda está o seu retrato

Quero ver pra não lembrar
Pensei até em me mudar
Lugar qualquer que não exista
O pensamento em você

E eu
Gostava tanto de você
Gostava tanto de você",pt
/ivete-sangalo/,Gotas de Ti,/ivete-sangalo/gotas-de-ti.html,"Mi corazón esta sediento
que puedo hacer si estas tan lejos
me desnude pensandote
y me quede dormida para ver si te soniaba

Tal vez nunca super decirte ni una palabra
para que te quedaras
Pero siempre me quede con tantas, tantas ganas,
que ya no puedo mas...

No se como decir nunca te vayas!
No se como vivir, sin tu calor.
No se como decir, que tu eres mío...
No se que voy a hacer, sin ti amor.
No se como decir, que si no estás aqui
me voy a morir!

Ojala fueras mi perfume
para ternete siempre tan cerca de mi
y que te quedaras en mi cama
hasta que el sol quemara la ventana

Tal vez no te dije que te amaba mas que a nadie
para que nunca te alejaras
ay pero siempre me quede con tantas, tantas ganas
que ya no puedo mas...",es
/ivete-sangalo/,Grão de Areia,/ivete-sangalo/grao-de-areia.html,"O melhor já está comigo
Teu carinho teu sorriso
Traz toda a direção pra perto de você
Teu abraço meu abrigo
Esquentando nosso ninho
Batendo coração não dá pra medir
Gota do oceano grão de areia no deserto
E a gente é tão pequeno nisso tudo
E ainda assim te encontrei


Oh oh oh oh
Traz toda a direção
Oh oh oh oh
Pra perto de você",pt
/ivete-sangalo/,Human Nature,/ivete-sangalo/human-nature.html,"Looking out
Across the night time
The city winks a sleepless eye
Hear her voice
Shake my window
Sweet seducing sighs

Get me out
Into the night time
Four walls won't hold me tonight
If this town
Is just an apple
Then let me take a bite

If they say --
Why, why, tell 'em that it's human nature
Why, why, does he do me that way
If they say --
Why, why, tell 'em that it's human nature
Why, why does he do me that way

Reaching out
To touch a stranger
Electric eyes are every where
See that girl
She knows I'm watching
She likes the way I stare

If they say --
Why, why, tell 'em that it's human nature
Why, why, does he do me that way
If they say --
Why, why, tell 'em that it's human nature
Why, why does he do me that way

I like livin' this way
I love livin' this way

Looking out
Across the morning
Where the city's heart begins to beat
Reaching out
I touch her shoulder
I'm dreaming of the street

If they say --
Why, why, tell 'em that it's human nature
Why, why, does he do me that way
If they say --
Why, why, tell 'em that it's human nature
Why, why does he do me that way

Crédito: rafaelolipa",en
/ivete-sangalo/,Ilê Ayê,/ivete-sangalo/ile-aye.html,"composição: Paulinho Camafeu

Que bloco é esse? Eu quero saber.
É o mundo negro que viemo mostrar pra você (pra você).
Que bloco é esse? Eu quero saber.
É o mundo negro que viemo mostrar pra você (pra você).

Somo crioulo doido somo bem legal.
Temos cabelo duro somo black power.
Somo crioulo doido somo bem legal.
Temos cabelo duro somo black power.

Que bloco é esse? Eu quero saber.
É o mundo negro que viemos mostrar pra você (pra você).
Que bloco é esse? Eu quero saber.
É o mundo negro que viemos mostrar pra você (pra você).

Branco, se você soubesse o valor que o preto tem.
Tu tomava um banho de piche, branco e, ficava preto também.
E não te ensino a minha malandragem.
Nem tão pouco minha filosofia, porquê?
Quem dá luz a cego é bengala branca em Santa Luzia.

Meu Deus

Que bloco é esse? Eu quero saber.
É o mundo negro que viemos mostrar pra você (pra você).
Que bloco é esse? Eu quero saber.
É o mundo negro que viemos mostrar pra você (pra você).


Que bloco é esse? Eu quero saber
É o mundo negro que viemos mostrar pra você (pra você).
Que bloco é esse? Eu quero saber?
É o mundo negro que viemos mostrar pra você (pra você).

Somo crioulo doido somo bem legal.
Temos cabelo duro somo black power.
Somo crioulo doido somo bem legal.
Temos cabelo duro somo black power.

Branco, se você soubesse o valor que o preto tem.
Tu tomava um banho de piche, branco e, ficava preto também.
E não te ensino a minha malandragem.
Nem tão pouco minha filosofia, porquê?
Porque?
Em Santa Luzia aiai Meu Deus

Que bloco é esse? Eu quero saber
É o mundo negro que viemos mostrar pra você (pra você).
Que bloco é esse? Eu quero saber?
É o mundo negro que viemos mostrar pra você (pra você)",pt
/ivete-sangalo/,Ilumina,/ivete-sangalo/ilumina.html,"Meu amor
Te quero sim
Se eu te vejo nasce flor no meu jardim
Seu olhar me ilumina
E a noite dá o brilho pras estrelas

Meu amor
Te quero sim
Se eu te vejo nasce flor no meu jardim
Seu olhar me ilumina
E a noite dá o brilho das estrelas

Eu posso ficar sem respirar tudo perder
Posso sofrer, posso chorar, mas sem você
Eu sei que não dá, não dá pra viver sem o teu calor
E esse amor que eu quero cantar a vida inteira

Shalalalala shalalala uouououo shalalalala(2 vezes)

Meu amor
Te quero sim
Se eu te vejo nasce flor no meu jardim
Seu olhar me ilumina
E a noite dá o brilho pras estrelas

Eu posso ficar sem respirar tudo perder
Posso sofrer, posso chorar, mas sem você
Eu sei que não dá, não dá pra viver sem o teu calor
E esse amor que eu quero cantar a vida inteira

shalalalalala shalalalala uououo shalalalalala",pt
/ivete-sangalo/,Ioiô,/ivete-sangalo/ioio.html,"Vai, pode fingir que não é minha agora
Eu já conheço o final dessa história
Daqui a pouco a ficha vai cair
Saudade vai bater e aí você volta

Tá se achando, pensando que eu tô na palma da mão
Se você quer brincar de vai e volta
Arruma um ioiô e desenrola do meu coração


Será que você não percebe o mal que isso me faz
Perder tempo brigando é andar pra trás
A vida é muito curta pra ficar chorando

Quer saber, já tô desapegando de você
Já tô me acostumando sem você
Reaprendendo a viver

Quer saber, eu tô morrendo de saudade de você
Esquece o seu orgulho e vem me ver
Vem me ver

Quer saber, prefiro dar um tempo com você

Faz isso não, não fala desse jeito não é bem assim
Até entendo que esteja magoado
Mas saiba também não é fácil pra mim

Tentei ficar despreocupado e fingir que eu estava bem
Eu estava errado de pensar que um dia outro algúem
Me daria o seu amor

Pra mim não acabou, não acabou
Quer saber, eu tô morrendo de saudade de você
Esquece o seu orgulho e vem me ver
Vem me ver

Quer saber, talvez a gente possa conversar
Quem sabe dessa vez recomeçar pra valer
Quer saber, eu tô morrendo de saudade de você
Esquece o seu orgulho e vem me ver
Vem me ver

Quer saber, talvez a gente possa conversar
Quem sabe dessa vez recomeçar pra valer
Quer saber, eu não consigo viver sem você
Eu não consigo viver sem você",pt
/ivete-sangalo/,Isso Não Se Faz,/ivete-sangalo/isso-nao-se-faz.html,"Diz que vai embora
Bate a porta e sai
Preciso de você
Isso não se faz
Isso não se faz

Se é a recompensa
Por te amar demais
O que é que eu vou dizer
Pro meu coração?

Que só bate desesperadamente
Por te amar
Não tenho coragem pra dizer
Que você vai embora
Não quer entender
Se há algum motivo
Eu quero saber

Me diz
Me diz
Não me faça sofrer
Se ainda existe amor
Me diga, por favor
Não quero ficar preso a você

Se não queria mais
Isso não se faz
Não precisava
Me fazer sofrer
E o que é que eu falo
Pro meu coração?
Que só bate por você

Só bate por você
Só bate por você",pt
/ivete-sangalo/,Jingle do Gloob,/ivete-sangalo/jingle-do-gloob.html,"""g"" de garoto, garota, galera
""l"" de legal, de lambança, de limão
Um ""o"" de oceano
Outro ""o"" de original
E no final um ""b"" de balão, de bola de sabão

Gloob, nosso mundo
Nosso clube
Nossa inspiração

Gloob, nosso mundo

E brincar, pensar, criar
Solte a imaginação!

Gloob!",pt
/ivete-sangalo/,La Tierra (Sorte Grande),/ivete-sangalo/la-tierra-sorte-grande.html,"Mi suerte fue tan grande
Y tú caíste del cielo
Mi verdadera pasión
Vivir la emoción
Ganar tu corazón
Pra ser feliz la vida entera

Es linda tu sonrisa
El brillo de tus ojos
Mi ángel querubín
El dulce de mis besos
Fuego de mis brazos
Perfume de jazmín

Llegó a mi corazón
Llegó en una canción
Da igual que tú a mi no me queras
Y luego me agarró
Bailando me besó
Su ritmo despertó a la tierra

La tierra, la tierra
La tierra, despertó a la tierra",es
/ivete-sangalo/,Lambada (Corpo Molinho) (Part. Claudia Leitte),/ivete-sangalo/lambada-corpo-molinho-part-claudia-leitte.html,"Linda, feminina, entra no clima, vem, amiga
Sol 40 graus, tão natural, ela é quem manda
Independente, linda e despreocupada
Chamando o povo todo pra dançar lambada
Independente, linda e despreocupada
Chamando o povo todo pra dançar lambada

Lambada deixa o seu corpo molinho
e o seu rosto no meu coladinho
Deixa seu corpo molinho e o seu rosto no meu coladinho
Deixa seu corpo molinho e o seu rosto no meu coladinho
Deixa seu corpo molinho e o seu rosto no meu coladinho

É coração com coração (e coxa com coxa)
Coração com coração (coxa com coxa)
Coração com coração (coxa com coxa)
Coração com coração (coxa com coxa)

Lamba, lamba, lamba, lambada
Lamba, lamba, lamba, lambada
Lamba, lamba, lamba, lambada
Ôba! Lambada!
Lamba, lamba, lamba, lambada
Lamba, lamba, lamba, lambada
Lamba, lamba, lamba, lambada
Ôba! Lambada!

Linda, feminina, entra no clima, vem, amiga
Sol 40 graus, tão natural, ela é quem manda
Independente, linda e despreocupada
Chamando o povo todo pra dançar lambada
Independente, linda e despreocupada
Chamando o povo todo pra dançar lambada

Lambada deixa o seu corpo molinho
e o seu rosto no meu coladinho
Deixa seu corpo molinho e o seu rosto no meu coladinho
Deixa seu corpo molinho e o seu rosto no meu coladinho
Deixa seu corpo molinho e o seu rosto no meu coladinho

É coração com coração (e coxa com coxa)
Coração com coração (coxa com coxa)
Coração com coração (coxa com coxa)
Coração com coração (coxa com coxa)

[Coro: Ivete Sangalo & Claudia Leitte]
Lamba, lamba, lamba, lambada
Lamba, lamba, lamba, lambada
Lamba, lamba, lamba, lambada
Ôba! Lambada!
Lamba, lamba, lamba, lambada
Lamba, lamba, lamba, lambada
Lamba, lamba, lamba, lambada
Ôba! Lambada!

Lamba, lamba, lamba, lambada
Lamba, lamba, lamba, lambada
Lamba, lamba, lamba, lambada
Ôba! Lambada!
Lamba, lamba, lamba, lambada
Lamba, lamba, lamba, lambada
Lamba, lamba, lamba, lambada
Ôba! Lambada!",pt
/ivete-sangalo/,Le Cose Che Vivi/ Tudo O Que Eu Vivo,/ivete-sangalo/le-cose-che-vivi-tudo-o-que-eu-vivo.html,"Quando l'amicizia ti attraversa il cuore
Lascia un'emozione che non se ne va
Non so dirti come, ma succede solo
Quando due persone fanno insieme un volo

Che ci porta in alto, oltre l'altra gente
Come fare un salto nell'immensita
Non c'e distanza, (non c'e mai)
Non ce n'e' abbastanza se
Se tu sei gia' dentro di me
Per sempre!

In qualunque posto sarai
In qualunque posto saro'
Tra le cose che vivi, io per sempre vivro'
In qualunque posto sarai, ci ritroveremo vicino
Stretti l'uno nell'altro oltre il destino

Por qualquer estrada
Sob qualquer céu
Mesmo separados, não vou te perder
Abre os seus braços, me manda um sinal
Não, não tenha medo, eu vou te encontrar
E sozinho não te deixarei esse mesmo voo
Eu farei dentro de você
Pra sempre!

Se em meu lugar você está
Se em seu lugar eu estou
Você é tudo o que eu vivo e vida é o que eu te dou
Se em meu lugar você está, como admitir ter limites
Dois amigos que vivem o que dizem

Credi in me, non avere dubbi mai
Tutte le cose che vivi
Se sono vere come noi
Lo so, tu lo sai, che non finiranno mai

Se em meu lugar você está
Se em seu lugar eu estou
Você é tudo o que eu vivo e vida é o que eu te dou

In qualunque posto sarai, in qualunque posto saro'
Se mi cerchi nel cuore io nel cuore vivro'

Se em meu lugar você está, nunca vamos ficar sozinhos
Não importa onde vão nossos destinos

In qualunque posto sarai
In qualunque posto saro'
Tra le cose che vivi io per sempre vivro'
Vivro, vivro

Você é tudo o que eu vivo e vida é o que eu te dou

Tra le cose che vivi io per sempre vivro'

Io vivro'
Io vivro'",pt
/ivete-sangalo/,Leva (com Michael Sullivan),/ivete-sangalo/leva-com-michael-sullivan.html,"Foi bom eu ficar com você
O ano inteiro
Pode crer, foi legal te encontrar
Foi amor verdadeiro

É bom acordar com você
Quando amanhece o dia
Dá vontade de te agradar
Te trazer alegria

Tão bom encontrar com você
Sem ter hora marcada
Te falar de amor bem baixinho
Quando é madrugada

Tão bom é poder despertar
Em você fantasias
Te envolver, te acender
Te ligar, te fazer companhia

Leva
O meu som contigo, leva
E me faz a tua festa
Quero ver você feliz

Leva
O meu som contigo, leva
E me faz a tua festa
Quero ver você feliz

É bom quando estou com você
Numa turma de amigos
E depois da canção
Você fica escutando o que eu digo

No carro, na rua, no bar
Estou sempre contigo
Toda vez que você precisar
Você tem um amigo

Estou pro que der e vier
Conte sempre comigo
Pela estrada buscando emoções
Despertando os sentidos

Com você, primavera, verão
No outono ou no inverno
Nosso caso de amor tem sabor
De um sonho eterno

Leva
O meu som contigo, leva
E me faz a tua festa
Quero ver você feliz

Leva
O meu som contigo, leva
E me faz a tua festa
Quero ver você feliz

Leva
O meu som contigo, leva
E me faz a tua festa
Quero ver você feliz

Leva
O meu som contigo, leva
E me faz a tua festa
Quero ver você feliz",pt
/ivete-sangalo/,Lobo Mau,/ivete-sangalo/lobo-mau.html,"Quem é você?
Chapeuzinho Vermelho

Bom, se você é chapeuzinho vermelho, então..
Eu sou o lobo mau au au
Eu sou o lobo mau au au
Eu sou o lobo mau au au

E o que você vai fazer?

REFRÃO: Vou te comer, vou te comer, vou te comer, vou te comer, vou te comer, vou te comer
VAI, VAI, VAI (x2)

Chapeuzinho onde vai diz aí menina que eu vou atrás
(x4)

Pra que voce quer saber?

Eu sou o lobo mau au au (x8)

[REFRÃO]

Ai merenda boa bem gostosinha
quem preparou foi a
vovozinha (x2)

êta danada

Ai merenda boa bem gostosinha
quem preparou foi a
danadinha
[REFRÃO]

Chapeuzinho de maiô,
ouviu buzina e não parou..

[REFRÃO}

***BY LUNNA**",pt
/ivete-sangalo/,Localizei,/ivete-sangalo/localizei.html,"Localizei meu ponto fraco (você)
E como é que vou recusar
Me faça parar
Pois se é você meu ponto fraco
Habilidades para driblar

E como parar
Não sei, não sei
De te desejar
Talvez talvez
Mata a minha sede ainda hoje
Mata a minha sede ainda hoje

E como parar
Não sei, não sei
De te desejar
Talvez talvez
Mata a minha sede ainda hoje
Mata a minha sede ainda hoje

Baila comigo baila
Baila comigo baila
Baila comigo baila
Mas tem que ser essa noite

Baila comigo baila
Baila comigo baila
Baila comigo baila
Mas tem que ser essa noite

Localizei meu ponto fraco
E como é que vou recusar
Me faça parar
Pois se é você meu ponto fraco
Habilidades para driblar

E como parar
Não sei, não sei
De te desejar
Talvez talvez
Mata a minha sede ainda hoje
Mata a minha sede ainda hoje

E como parar
Não sei, não sei
De te desejar
Talvez talvez
Mata a minha sede ainda hoje
Mata a minha sede ainda hoje

Baila comigo, baila
Baila comigo, baila
Baila comigo, baila
Mas tem que ser essa noite

Baila comigo, baila
Baila comigo, baila
Baila comigo, baila
Mas tem que ser essa noite
Essa noite",pt
/ivete-sangalo/,Losing Control (Miss Cady feat. Ivete Sangalo),/ivete-sangalo/losing-control-miss-cady-feat-ivete-sangalo.html,"Uh, yeah.
Go, go, go.
Uh, yeah.
Uh, Uh, Uhh.

Hey hey, I never got an answer.
Hey hey hey, what was your name?
Hey hey hey, I think I never asked you.
Hey hey hey. man, I'm alone again.
Hey hey hey. I don't think that it should matter.
Hey hey. where I'm from I had to hold them.
So it would really matter.
But you way spoiled losing control again.
Lose the control again.

Losing control, losing control.
Losing control again.
It don't happens when the lights don't glow.
Let the music take you high.
Leave it all what is inside, let go.
Put your hands up feel the sky.
It don't happens when the lights don't glow.
Let the music take you high.
Leave it all what is inside, let go
Put your hands up.
Put, put your hands up, hands up.

Glad that we're here.
Where do we go?
The higher we get.
The lower we should go.
Try to forget,
What we're doing on the night.
When deserve for the things wrong.
We just feel so right, right, right...

Losing control again.
Everything wrong, we just feel so right.
Losing control again.
Everything wrong, we just feel so right.
Losing control again.

It don't happens when the lights don't glow.
Let the music take you high.
Leave it all what is inside, let go.
Put your hands up.
Put, put your hands up.

Glad that we're here.
Where do we go?
The higher we get.
The lower we should go.
Glad that we're here.
Where do we go?
The higger we get.
The lower we should go.

Hey hey. I never got an answer.
Hey hey hey. What was your name?
Hey hey hey. I think I never asked you.
Hey hey hey. Man, I'm alone again.
Hey hey hey. I don't think that it should matter.
Hey hey. Where I'm from I had to hold them.
So it would really matter.
But you way spoiled lose the control again
Losing control again

Losing control.
Losing control.
Losing control again.",en
/ivete-sangalo/,Loucuras de Uma Paixão,/ivete-sangalo/loucuras-de-uma-paixao.html,"Sem lhe conhecer
Senti uma vontade louca
De querer você
Nem sempre se entende
As loucuras de uma paixão
Tem jeito, não
Olha pra mim
Faz tempo que o meu coração não bate assim
não faz assim
Me diz seu nome
não me negue a vontade de sonhar
De sonhar os meu sonhos
Com você
Despertando pro seu adormecer
Seria bom demais
Que bem me faz você",pt
/ivete-sangalo/,Lua Branca,/ivete-sangalo/lua-branca.html,"Oh, lua branca de fulgores e de encanto
Se é verdade que ao amor tu dás abrigo
Ah, Vem tirar dos olhos meus, o pranto
Ai, vem matar essa paixão que anda comigo

Oh, por quem és, desce do céu, ó lua branca
Essa amargura do meu peito, ó vem, arranca
Dá-me o luar de tua compaixão
Ah, vem, por Deus, iluminar meu coração

E quantas vezes, lá no céu, me aparecias
Ela partiu, me abandonou assim
Oh, lua branca, por quem és, tem dó de mim!",pt
/ivete-sangalo/,Madalena,/ivete-sangalo/madalena.html,"Oh, Madalena
O meu peito percebeu
Que o mar é uma gota
Comparado ao pranto meu
Fique certa
Quando o nosso amor desperta
Logo o sol se desespera
E se esconde lá na serra
Eh Madalena
O que é meu não se divide
Nem tão pouco se admite
Quem do nosso amor duvide.
Até a lua se arrisca num palpite
Que o nosso amor existe
Forte ou fraco, alegre ou triste

Oh, Madalena, Madalena, Madalena, Madalena
Oh Ma, oh Mada, oh Madale
Oh Madale, le, le, le oh Ma, oh Mada

Oh, Madalena
O meu peito percebeu
Que o mar é uma gota
Comparado ao pranto meu
Fique certa
Quando o nosso amor desperta
Logo o sol se desespera
E se esconde lá na serra
Eh Madalena
O que é meu não se divide
Nem tão pouco se admite
Quem do nosso amor duvide.
Até a lua se arrisca num palpite
Que o nosso amor existe
Forte ou fraco, alegre ou triste

Oh, Madalena, Madalena, Madalena, Madalena
Oh Ma, oh Mada, oh Madale
Oh Madale, le, le, le oh Ma, oh Mada",pt
/ivete-sangalo/,Mainha Gosta Assim (part. Léo Santana),/ivete-sangalo/mainha-gosta-assim-part-leo-santana.html,"Sabe o que eu levo no peito
Coração que bate com bumbo e tambor
Roda a baiana, mais doce que cana
Mais quente que letra de amor
Tô na sua casa, no palco, na praça
Na tela do computador
Pra quem tava com saudade
Aumenta o volume que Ivete chegou

A gente é isso aí
Meu povo
Sangue que corre na veia
Faz o que der na telha
E batuque tamborim
Se prepara pra subir

Ai ai ai ai ai ai ai ai ai ai ai ai ai
Tá tremendo tudo aqui
Ai ai ai ai ai ai ai ai ai ai ai ai ai
É que mainha gosta assim
Ai ai ai ai ai ai ai ai ai ai ai ai ai
Tá tremendo tudo aqui
Ai ai ai ai ai ai ai ai ai ai ai ai ai
É que mainha gosta assim

Sabe o que eu levo no peito
Coração que bate com bumbo e tambor
Roda a baiana, mais doce que cana
Mais quente que letra de amor
Tô na sua casa, no palco, na praça
Na tela do computador
Pra quem tava com saudade
Aumenta o volume que Ivete chegou

A gente é isso aí
Meu povo
Sangue que corre na veia
Faz o que der na telha
E batuque tamborim
Se prepara pra subir

Ai ai ai ai ai ai ai ai ai ai ai ai ai
Tá tremendo tudo aqui
Ai ai ai ai ai ai ai ai ai ai ai ai ai
É que mainha gosta assim
Ai ai ai ai ai ai ai ai ai ai ai ai ai
Tá tremendo tudo aqui
Ai ai ai ai ai ai ai ai ai ai ai ai ai
É que mainha gosta assim

A gente é isso aí
Meu povo
Sangue que corre na veia
Faz o que der na telha
E batuque tamborim
Se prepara pra subir

Ai ai ai ai ai ai ai ai ai ai ai ai ai
Tá tremendo tudo aqui
Ai ai ai ai ai ai ai ai ai ai ai ai ai
É que mainha gosta assim
Ai ai ai ai ai ai ai ai ai ai ai ai ai
Tá tremendo tudo aqui
Ai ai ai ai ai ai ai ai ai ai ai ai ai
É que mainha gosta assim",pt
/ivete-sangalo/,Mais e Mais,/ivete-sangalo/mais-e-mais.html,"O problema começa
Quando você
Caminha em minha direção

O lance pega quando estou na minha
Você chega e toma conta de tudo
Cabeça, alma e coração
Tudo nas suas mãos

E eu gosto tanto, eu te quero tanto
Eu te quero mais
E de novo mais e mais
Porque eu gosto tanto, eu te quero tanto
Eu te quero mais
E de novo mais e mais

Eu chego perto, sinto seu cheiro
Me estremeço por inteiro
Pode me tocar ficar a vontade
Pra me fazer querer, fazer gostar
E quando você vai embora
Eu peço em silêncio que você volte

Porque eu gosto tanto, eu te quero tanto
Eu te quero mais
E de novo mais e mais
Porque eu gosto tanto, eu te quero tanto
Eu te quero mais
E de novo mais e mais

Mas o problema começa
Quando você
Caminha em minha direção

O lance pega quando estou na minha
Você chega e toma conta de tudo
Cabeça, alma e coração
Tudo nas suas mãos

E eu gosto tanto, eu te quero tanto
Eu te quero mais
E de novo mais e mais
Porque eu gosto tanto, eu te quero tanto
Eu te quero mais
E de novo mais e mais

Eu chego...

Eu chego perto, sinto seu cheiro
Me estremeço por inteiro
Pode me tocar ficar a vontade
Pra me fazer querer fazer gostar
E quando você vai embora
Eu peço em silêncio que você volte
(Por favor volte!)

Porque eu gosto tanto, eu te quero tanto
Eu te quero mais
E de novo mais e mais
Porque eu gosto tanto, eu te quero tanto
Eu te quero mais
E de novo mais e mais",pt
/ivete-sangalo/,Mal Acostumada (Com Eduardo Costa e Leonardo),/ivete-sangalo/mal-acostumada-com-eduardo-costa-e-leonardo.html,"Amor de verdade eu só senti
Foi com você meu bem
E todas as loucuras desse nosso amor
Você me deu também

Você já faz parte da minha vida
E fica tão difícil dividir você de mim
E quando faz carinho e me abraça
Aí eu fico de graça
Te chamando pra me amar

Mal acostumado você me deixou
Mal acostumado com o seu amor
Então volta traz de volta meu sorriso
Sem você não posso ser feliz",pt
/ivete-sangalo/,Manda Ver,/ivete-sangalo/manda-ver.html,"Vem correndo pros meus braços
Eu te peço, por favor
Não consigo ficar longe
Do seu colinho
Meu amor

Não vai adiantar fugir
Nosso destino Deus traçou
Vamos amar e permitir
Meu bem, o que passou, passou

Vem, estou esperando você
Pra gente fazer auê
Tome conta de mim do seu lado
Manda ver

Amar sem medo de ser feliz
Deixa o coração pedir bis
E quando o Eva passar
Amor, vem correndo
Me amar",pt
/ivete-sangalo/,Margarida Perfumada,/ivete-sangalo/margarida-perfumada.html,"Margarida no jarro
Margarida do barro
Margarida no carro
Margarida do bairro

Encontrei Margarida chorona
Me pedindo carona
Pronde eu vou, você vai

O meu olho já lhe espionava
Se me faltar palavras
Vou dizer te amar

Venha cá, venha cá
Venha cá, venha cá
Venha cá, venha cá
Venha cá

Purucutum pa pum, pa pum
Purucutum pa pum, pa pum",pt
/ivete-sangalo/,Master Blaster (Jammin'),/ivete-sangalo/master-blaster-jammin.html,"Everyone's feeling pretty
It's hotter than July
Though the world's full of problems
They couldn't touch us even if they tried

From the park I hear rhythms
Marley's hot on the box
Tonight there will be a party
On the corner at the end of the block

Didn't know you
Would be jammin' until the break of dawn
I bet nobody ever told you that you
Would be jammin' until the break of dawn
You would be jammin' and jammin' and jammin', jam on

They want us to join their fighting
But our answer today
Is to let all our worries
Like the breeze through our fingers slip away

Peace has come to Zimbabwe
Third world's right on the one
Now's the time for celebration
'Cause we've only just begun

Didn't know you
Would be jammin' until the break of dawn
Bet nobody ever told you that you
Would be jammin' until the break of dawn?

Did nobody ever tell you that you
(We're in the middle of the makin's
of the master blaster jammin')
Would be jammin' until the break of dawn?

I know nobody ever told you that you
(We're in the middle of the makin's
of the master blaster jammin')
Would be jammin' until the break of dawn
We're jammin', jammin', jammin', jam on",en
/ivete-sangalo/,Me Abraça,/ivete-sangalo/me-abraca.html,"Quando você passa eu sinto seu cheiro,
Aguça meu faro e disparo em sua caça iáiá!
O tempo inteiro a te admirar,
Perco o tino paro de pensar,
Seguindo seus passos aonde quer que vá

Me abraça e me beija,
Me chama de meu amor,
Me abraça e deseja,
Vem mostrar pra mim o seu calor
Me abraça e me beija,
me chama de meu amor
me abraça e deseja
Vem mostrar pra mim o seu calor!

Eu vejo em seus braços
Um laço perfeito,
Me dá essa chance meu bem,
Me cobre de beijos.
Me dá essa chance meu bem,
Me cobre de beijos.",pt
/ivete-sangalo/,Me Abraça/Eternamente/Tá Tudo Bem/pegue Ai,/ivete-sangalo/me-abracaeternamenteta-tudo-bempegue-ai.html,"Quando você passa eu sinto seu cheiro,
Aguça meu faro e disparo eu sua caça iáiá!
O tempo inteiro a te admirar,
Perco o tino paro de pensar,
Seguindo seus passos aonde quer que vá

Me abraça e me beija,
Me chama de meu amor,
Me abraça e deseja,
Vem mostrar pra mim o seu calor
Me abraça e me beija,
me chama de meu amor
me abraça e deseja
Vem mostrar pra mim o seu calor!

Eu vejo em seus braços
Um laço perfeito,
Me dá essa chance meu bem,
Me veste de beijos.
Me dá essa chance meu bem,
Me cobre de beijos

Eternamente eu vou te amar
Eterna essa paixão
Que explode em emoção
Mas quem ficou
Na mira do seu coração eu vou
Na vida tenho a intenção
Que é amar
(repete)

Se é o avesso da dor
Já não corro perigo
Me fez juras de amor
Mas só quer ser meu amigo
(repete)

E se depender de mim faço tudo
Os anéis de Saturno vou roubar para você
Se depender de mim eu viro o mundo
Por esse amor sincero que é tudo o que eu mais quero
Vem pra mim

Eu vou pegar meu bem o trem do amor
A minha vida sem você já não tem graça
Eu vou levar você também eu vou
Não tem saída desse amor você não escapa
(repete)

Êo, êo, êo
Só quero seu calor
Êo, êêo, êo
Só quero seu calor

Chegou e me levou como uma onda
Pintou e conquistou meu coração
Não consigo esquecer, aquele beijo na beira do mar,não

Sem o teu calor eu fico tonta
Não consigo suportar a solidão
Sou jardim sem flor, lua sem amor, não tem graça não

Esquece o que ficou pra trás
Deixa o que passou pra lá e vem, correndo pros meus braços
Falar de amor é fácil, difícil é enganar o coração

Liga pra mim, diga que vem
Faz um carinho, sou seu neném
Fala baixinho, no meu ouvidinho, tá tudo bem, tá tudo bem
Liga pra mim, diga que vem
Faz um carinho, sou seu neném
Fala baixinho, no meu ouvidinho, tá tudo bem, tá tudo bem

Vamos unir o nosso pensamento
Vamos juntar nossa filosofia
Farei voce vibrar,com a nossa melodia

Nos temos a mesma mania.
Pare para reparar
Ola vê lá
O que nos queremos é sempre cantar (2x)

Refrão
Pegue ai!
Eu não sei esse passo venha me ensinar
Aprendi, me deixe a vontade eu quero é dançar

Ao som da maré a brisa do mar uma sorriso envolvente
Eu poder te encontrar, eu danço na rua no beco em qualquer lugar(2x)

Solte o corpo jogue o corpo pra la não deixe a chama apagar
Deixe esse fogo acender
É nesse enbalo eu tambem quero ir não me deixe aqui
Aqui não é o meu lugar

Refrão
Pegue ai!
Eu não sei esse passo venha me ensinar
Aprendi, me deixe a vontade eu quero é dançar",pt
/ivete-sangalo/,Me Deixe em Paz,/ivete-sangalo/me-deixe-em-paz.html,"Por favor, me deixe em paz
Não quero mais ouvir que não dá mais
Na verdade tanto faz
Te ouvir ou te falar

Eu não presto atenção
Não há sentido nem razão
Hoje eu vou atrás, hoje eu quero mais

Não pense nada, não
Me deixe quieta aqui
Até eu me encontrar, não tente me seguir
Você vai se perder, eu vou querer sumir
Ninguém pode me ver, nem mesmo você

Sabe todos os meus segredos e desejos
Não é que eu seja assim, não queira me julgar
Só queria te explicar
E você me perdoar por algo que eu não fiz
Tô feliz, me deixe aqui,
Por que ninguém...",pt
/ivete-sangalo/,Me Engana Que Eu Gosto (Part. Alexandre Pires),/ivete-sangalo/me-engana-que-eu-gosto-part-alexandre-pires.html,"E é num dengo que eu fico toda vez que você
Chega e me toca assim
Você sabe fazer
Eu me entregar a você

E sempre choro quando você vai embora
E eu fico aqui buscando porquês
Que eu não convenço você a gostar de mim

Vem e revira o meu corpo
Você fica louco
E me pede mais
Sacia o desejo
Finaliza com um beijo
E eu me apaixono mais

Me abraça, meu nego
Me enche de beijos
Me engana que eu gosto
Aceito tudo que vem de você

Me abraça, meu dengo
Me enche de beijos Me engana que eu gosto
Assim

E é no dengo
Que eu te pego do meu jeito
Pra te dar amor e prazer
Eu só sei te dizer
Que me amarro em você

E nos seus braços
Eu me entrego
Me derreto, enlouqueço, é tanto querer
E nessa hora sou seu
E de mais ninguém

Vem
Que eu desejo o seu corpo
Nosso tempo é pouco
Sempre quero mais
É forte o desejo
Você tem um segredo
Que me faz querer voltar

Me abraça, meu dengo
Me enche de beijos
Me engana que eu gosto
Aceito tudo que vem de você

Me abraça, meu dengo
Me enche de beijos
Me engana que eu gosto
Assim

Vem e revira o meu corpo
Você fica louco e me pede mais
É forte o desejo
Você tem um segredo
Que me faz querer voltar

Me abraça, meu dengo",pt
/ivete-sangalo/,Me Levem Embora,/ivete-sangalo/me-levem-embora.html,"Acudam me levem embora
Quero um marido pra amar
Não quero pra respeitar
Quem seja ele que importa
Moço pobre, ou moço rico
Bonito, feio ou mulato
Me leve embora daqui
Escrava não quero ser
Acudam me levem embora.
...
Acudam me levem embora
Quero um marido pra amar
Não quero pra respeitar
Quem seja ele que importa
Moço pobre, ou moço rico
Bonito, feio ou mulato
Me leve embora daqui
Escrava não quero ser
Acudam me levem embora.
...
(raraie raraie)
...
Bonito, feio ou mulato
Me leve embora daqui
Escrava não quero ser
Acudam me levem embora",pt
/ivete-sangalo/,Me Liga,/ivete-sangalo/me-liga.html,"Eu sei, jogos de amor são pra se jogar
Ah por favor não vem me explicar
O que eu não sei, e o que já sei
O nosso jogo não tem regra nem juíz
Você não sabe quantos planos eu já fiz
Tudo que eu tinha pra perder eu já perdi
É o seu exército invadindo o meu país

Se você lembrar, se quiser jogar
Me liga, me liga

Oh sei, que não se pode terminar assim
O jogo segue e nunca chega ao fim
E recomeça a cada instante, a cada instante
Eu não te peço muita coisa só uma chance
Pus no meu quarto seu retrato
na estante
Quem sabe um dia eu vou te ter ao meu alcance
A como ia ser bom se você deixasse

Se você lembrar, se quiser jogar
Me Liga, me liga",pt
/ivete-sangalo/,Me Liga (Feat. Jão),/ivete-sangalo/me-liga-feat-jao.html,"Pode deixar
Pode confiar
Se eu não te tenho não quero mais ninguém
Lembra de nós
O tempo é veloz
Nos conhecemos tínhamos 16

Você foi pra cidade grande
Meu quarto ficou tão pequeno
Já deve ter achado alguém mas eu não te condeno
Mas eu não te condeno

Queria te telefonar
Quem sabe te fazer lembrar
De quando a gente era um do outro
Então, me liga

Queria saber como está
Se já aprendeu a se virar
Coisas banais da tua vida
Então, me liga
Me liga

A vida muda
Mas nada muda
Me sinto tão solto agora que não me segura

Você foi pra cidade grande
Meu quarto ficou tão pequeno
Já deve ter achado alguém mas eu não te condeno
Mas eu não te condeno

Queria te telefonar
Quem sabe te fazer lembrar
De quando a gente era um do outro
Então, me liga

Queria saber como está
Se já aprendeu a se virar
Coisas banais da tua vida
Então, me liga
Me liga
Me liga
Me liga
Me liga

Queria te telefonar
Quem sabe te fazer lembrar
De quando a gente era um do outro
Então, me liga

Queria saber como está
Se já aprendeu a se virar
Coisas banais da tua vida
Então, me liga
Me liga",pt
/ivete-sangalo/,Medo de Amar,/ivete-sangalo/medo-de-amar.html,"(oohhhhh)
Ivete Sangalo:
(yeahhYeahh)
Você bem quis entender
mas eu não soube explicar
Nem mesmo eu sei dizer
Não gosto nem de lembrar
Você bem quis entender
mas eu não soube explicar
Nem mesmo eu sei dizer
Não gosto nem de lembrar

Ed Motta:
Éé eu tive medo
De ver meu coraçao amar assim tão cedo
Foi bobagem não falar(hummm)
Desse meu medo de Amar

Ivete Sangalo:
Porque você não volta?
Se já falei o que passou
E o que quebrou a gente monta
Refaz a nossa história de amor

Ed Motta:
Porque você não volta?
Se já falei o que passou
E o que quebrou a gente monta
Refaz a nossa história de amor...

Ivete Sangalo:
Refaz a nossa história de amor
Meu amor

(ohhhhhh)
(tuuutuuiiii)

Ivete Sangalo:
Você bem quis entender
Mas eu não soube explicar
Nem mesmo eu sei dizer
Não gosto nem de lembrar

Ed motta:
Você bem quis entender
Mas eu não soube explicar

Os 2:
Nem mesmo eu sei dizer
Não gosto nem de lembrar

Eu tive medo
De ver meu coraçao amar assim tão cedo
Foi bobagem não falar
Desse meu medo de amar

Porque você não volta
Se já falei o que passou
E o que quebrou a gente monta
Refaz a nossa história de amor

Porque você não volta
Se já falei o que passou
(vem...Baby)
E o que quebrou a gente monta
Refaz a nossa história de amor
Refaz a nossa história de amor
De amor....",pt
/ivete-sangalo/,Mega Beijo,/ivete-sangalo/mega-beijo.html,"Livre como um passarinho
Pelo céu vou voar
Querendo ter você
Com muito amor pra dar
Vou encontrar no meu caminho
Posso sentir no ar
Vontade de viver
Pra me apaixonar
Sol bem quente de verão
Espelho azul do mar
Refletindo um dia tão lindo
Pra quem ganhar meu coração
Vai logo, logo perceber
Que vai viver e amar no paraíso
E vai viver e amar no paraíso
Se nessa que eu tô
Você me pega, amor
Me leva pro céu que eu vou
No mega beijo
No beijo mega
Adoça minha vida, amor


(By Dark_Knight)",pt
/ivete-sangalo/,Mesma Sintonia,/ivete-sangalo/mesma-sintonia.html,"Bora, bora sem demora
Dar um rumo nessa história
Tô sentindo que é agora
Chegou, bateu
Agora a gente vai ficar bem
A gente tem tudo pra ficar bem

Só se encontra quem se perde
Dos caminhos o desejo
Tem um mundo te esperando
Chegou, bateu
Agora a gente vai ficar bem
A gente tem tudo pra ficar bem

Não se aborreça com nada
Vamos dar risada
Deixa fluir
Compartilhar das mesmas emoções
E a gente ser feliz

Sem deixar pra amanhã
O bom é aproveitar, Gozar a vida
Sem deixar pra depois, nós dois
Vibrando a mesma sintonia

Bora, bora sem demora
Dar um rumo nessa história
Tô sentindo que é agora
Bateu, Chegou
Valeu a gente vai ficar bem
A gente tem tudo pra ficar bem

Só se encontra quem se perde
Dos caminhos o desejo
Tem um mundo te esperando
Chegou, bateu
Agora a gente vai ficar bem
A gente tem tudo pra ficar bem

Sem deixar pra amanhã
O bom é aproveitar, Gozar a vida
Sem deixar pra depois, nós dois
Vibrando a mesma sintonia",pt
/ivete-sangalo/,Meu Abraço,/ivete-sangalo/meu-abraco.html,"Quis te ligar
Fazer você lembrar que quer voltar
Olhar pra mim

Me enxergar, me ouvir e acreditar

Que te ouvir cantar
É como entrar num filme
Com você ficar

Eu sei bem que terá
Nosso final feliz
Se você ficar comigo

O que é que me diz
Desse meu abraço que te faz feliz

Noite em meu quarto
A lua vem falar de nós
Procuro no rádio

Só durmo em paz se ouvir sua voz",pt
/ivete-sangalo/,Meu Maior Presente,/ivete-sangalo/meu-maior-amor.html,"Se eu olhar pra trás
Verei na minha estrada
As curvas e atalhos
Onde, às vezes, me perdi

E onde eu também achei
O meu maior presente
Aquele que eu guardo
E vivo a cada amanhecer

Foi você quem deu
Ou quem soube, ao menos, me mostrar
Uma imensidão de cores no olhar

Foi você quem leu
O que já estava escrito em mim
E me ajudou a descobrir

O amor que hoje eu levo dentro do meu peito
É o meu maior presente
O amor que me faz cantar
E que me leva a qualquer lugar, o amor",pt
/ivete-sangalo/,Meu Par,/ivete-sangalo/meu-par.html,"Pelo mundo
Pé na estrada
Sem destino
Sem olhar pra trás

Você e eu
Tão bom lembrar
Que a gente nunca se perdeu

Par, você é meu par
Pra ir e vir
Sair, voltar
Quando quer que seja
Aonde quer que eu vá

Par, você é meu par
Pra ir e vir
Partir, chegar
Quando quer que seja
Aonde quer que eu vá

Quando quer que seja
Aonde quer que eu vá",pt
/ivete-sangalo/,Meu Peito Dispara,/ivete-sangalo/meu-peito-dispara.html,"Aí o meu peito dispara
Meu corpo queimando você
Desejo tomando minha alma
E a gente sentindo prazer

Aí o meu peito dispara
Meu corpo queimando você
Desejo tomando minha alma
E a gente sentindo prazer

Quando esse sentimento chega desse jeito
A gente perde o chão
Já tô sentindo bem o efeito
Pelo descompasso da respiração
Mesmo sem dormir direito
Permaneço nesse sonho com você
Me acorda, baby, com teu beijo
E faça amor comigo, eu deixo

Aí o meu peito dispara
Meu corpo queimando você
Desejo tomando minha alma
E a gente sentindo prazer

Aí o meu peito dispara
Meu corpo queimando você
Desejo tomando minha alma
E a gente sentindo prazer

Quando esse sentimento chega desse jeito
A gente perde o chão
Já tô sentindo bem o efeito
Pelo descompasso da respiração
Mesmo sem dormir direito
Permaneço nesse sonho com você
Me acorda, baby, com teu beijo
E faça amor comigo, eu deixo

Aí o meu peito dispara
Meu corpo queimando você
Desejo tomando minha alma
E a gente sentindo prazer

Eu sinto a tua presença faz tempo
Parece até encontro de outros carnavais
Um déjà vu desse amor tão perfeito
Me pega direito, eu te agradeço

Aí o meu peito dispara
Meu corpo queimando você
Desejo tomando minha alma
E a gente sentindo prazer",pt
/ivete-sangalo/,Meu Segredo,/ivete-sangalo/meu-segredo.html,"Só um beijo vai calar
Esse coração...
Que insiste em dizer não
E me faz amanhecer... sozinho,
Sem o teu carinho
Amor, vem me buscar...

Só o tempo irá dizer,
Se é mesmo a razão,
Quem vai falar mais alto,
Ou será que eu vou te ter... mais cedo
Você já sabe o Meu Segredo
Para sempre vou te amar...

Se você voltar,
Tudo vai valer,
Você pode até duvidar,
Mas seja como for,
Não tem como esse amor morrer.
Ohh, Ohh...

Só o tempo irá dizer,
Se é mesmo a razão,
Quem vai falar mais alto,
Será que eu vou te ter... mais cedo
Você já sabe o Meu Segredo
Para sempre vou te amar...ah aha...

Se você voltar,
Tudo vai valer,
Você pode até duvidar,
Mas seja como for,
Não tem como esse amor morrer...eh...",pt
/ivete-sangalo/,Mexe a Cabeça (Part. Carlinhos Brown),/ivete-sangalo/mexe-a-cabeca-part-carlinhos-brown.html,"(Ayô)
(Ayô)
(Ayô)
(Ayô)

Nem me pergunte o que é isso
Se você sente também
Fazendo corpo de bobo
Jogados no vai e vem

Mexe a cabeça
Perco a cabça
Cola teu corpo
Dança comigo
Me faz de besta
Tô sem juízo
Cola teu corpo
Dança comigo

Raiou o amor chamando o Sol
Você dando o ar da graça
Cole em mim não solta não
Raiou o amor chamando o Sol
Você dando o ar da graça
Cole em mim não solta não

Paixão
Cole em mim não solta não (ayô)

Êta êta
Pegou dos pés à cabeça
Êta êta
Pegou dos pés à cabeça
Êta êta
Pegou dos pés à cabeça
Êta êta
Pegou dos pés à cabeça

Nem me pergunte o que é isso
Se você sente também
Fazendo corpo de bobo
Jogados no vai e vem

Mexe a cabeça
Perco a cabeça
Cola teu corpo
Dança comigo
Me faz de besta
Tô sem juízo
Cola teu corpo
Dança comigo

Raio o amor chamando o Sol
Você dando o ar da graça
Cole em mim não solta não
Raiou o amor chamando o Sol
Você dando o ar da graça
Cole em mim não solta não

Paixão
Cole em mim não solta não (ayô)

Êta êta
Pegou dos pés à cabeça
Êta êta
Pegou dos pés à cabeça
Êta êta
Pegou dos pés à cabeça
Êta êta
Pegou dos pés à cabeça

Mexe a cabeça
Perco a cabeça
Cola teu corpo
Dança comigo

Me faz de besta
Tô sem juízo
Cola teu corpo
Dança comigo

Raiou o amor chamando o Sol
Você dando o ar da graça
Cole em mim não solta não
Raiou o amor chamando o Sol
Você dando o ar da graça
Cole em mim não solta não

Paixão
Cole em mim não solta não (ayô)
Êta êta
Pegou dos pés à cabeça
Êta êta
Pegou dos pés à cabeça
Êta êta
Pegou dos pés à cabeça
Êta êta
Pegou dos pés à cabeça",pt
/ivete-sangalo/,Mixturação,/ivete-sangalo/mixturacao.html,"Tem gente que fuma e abandona a baga no chão
Tem gente que joga a latinha em qualquer lugar
Tem gente acumulando lixo e não quer separar
Tem gente que tá se cuidando e não sabe cuidar

Tá nem aí pro sol
Tá nem aí pro mar
Tá nem aí pra terra sustentável
Tá nem aí pro sol
Tá nem aí pro mar
Tá nem aí pra terra sustentável

Nêga, olha a natureza, tá uma milanesa
Corre, acolhe, nêga, nêga, nêga...

Ah ah ae ae ae ah ah ah ae ae ea oye oya

Mixturação natural
Na cidade tropical
Se você vem, eu também vou
Esse é momento do mundo pra fazer amor

Mixturação natural
Na cidade tropical
Se você vem, eu também vou
Esse é momento do mundo pra fazer amor

Tem gente que fuma e abandona a baga no chão
Tem gente que joga a latinha em qualquer lugar
Tem gente acumulando lixo e não quer separar
Tem gente que tá se cuidando e não sabe cuidar

Tá nem aí pro sol
Tá nem aí pro mar
Tá nem aí pra terra sustentável
Tá nem aí pro sol
Tá nem aí pro mar
Tá nem aí pra terra sustentável

Nêgo, olha o naturezo, tá um milaneso
Corre, acolhe, nêgo, nêgo, nêgo...

Ah ah ae ae ae ah ah ah ae ae ea oye oya",pt
/ivete-sangalo/,Monsieur Samba,/ivete-sangalo/monsieur-samba.html,"Je vais, je vais vous présenter
É o som do samba
Merci beaucoup, chéri para você
Que faz esse swing gostoso balançando essa galera faz até estremecer
Treme terra ao som do samba
Pegue ela aí no samba de bamba
Pode pedir que eu vou pegar no seu queixinho
Eu vou pegando, vou até o umbiguinho
Eu vou descendo, vou mexendo, vou descendo
Vou mexendo, vou descendo até chegar no joelhinho",pt
/ivete-sangalo/,More Than Words,/ivete-sangalo/more-than-words.html,"Saying 'I Love you'
Is not the words I want to hear from you
It's not that I want you not to say
But if you only knew
How easy it would be to show me how you feel

More than words
Is all you have to do to make it real
Then you wouldn't have to say
That you love me 'cause I'd already know

What would you do if my heart was torn in two?

More than words to show you feel
That your love for me is real

What would you say if I took those words away?

More than words to show you feel
Just by saying 'I love you'

More than words

Now that I've tried to
Talk to you and make you understand
All you have to do is
Close your eyes and just reach out your hands
And touch me, hold me close
Don't ever let me go

More than words
Is all you have to do to make it real
Then you wouldn't have to say
That you love me 'cause I'd already know

What would you do if my heart was torn in two?

More than words to show you feel
That your love for me is real

What would you say if I took those words away?

Then you couldn't make things new
Just by saying 'I love you'",en
/ivete-sangalo/,Mulher Brasileira (Toda Boa),/ivete-sangalo/mulher-brasileira-toda-boa.html,"Pele bronzeada mulher brasileira a coisa mais linda,
Chamada de avião corpo de violão a maior obra prima,
Em todos os cantos do universo se vê várias delas brilhar,
Fruto do pecado que o homem sempre quer desfrutar
A coisa mais linda que nasceu para o nosso bem
E quem ama levante o dedo e grita:

Amém!

Maravilhosa os meus elogios não são a tôa!
Você é a água que mata minha sede,
Mulher brasileira é toda boa!
Aii aii ela é toda boa!

(toda boa toda boa toda boa toda boa toda boa...)

Auto estima gordinha! Ta toda fofinha!
Auto estima magrinha! Ta toda durinha!
Auto estima negona! Ta toda gatinha!

Mulher brasileira ...

Olha toda boa toda boa ...
Agora eu quero ouvir: ai, ai ... Eu sou toda boa
Olha toda boa, toda boa ...",pt
/ivete-sangalo/,Música Pra Pular Brasileira,/ivete-sangalo/musica-pra-pular-brasileira.html,"É música pra pular brasileira, brasileira
O coro come na rua, é madeira, da madeira
Não dá pra ficar parado
Mil volts de alegria

Vou correndo atrás do trio
Sou gerador da folia
Em qualquer canto que eu for
Tem carnaval meu amor
Essa folia de rei pelo Brasil espalhei,
trouxe lá de Salvador
Balança aqui, balança lá que é música pra pular
Vem cair na brincadeira até o dia raiar",pt
/ivete-sangalo/,My Love,/ivete-sangalo/my-love.html,"My love, eu amo você
É tanto amor que em mim não cabe
My love, a lua veio ver
Nosso caso
que paixão
Nós rolamos pelo chão (bis)

Você me chama pra dançar
chama pra dançar
Eu a sua estrela, você o meu mar
Você me chama pra dançar
chama pra dançar
E a lua veio ver
A lua veio abençoar (bis).",pt
/ivete-sangalo/,Na Bahia Tem,/ivete-sangalo/na-bahia-tem.html,"Na Bahia tem - tem, tem, tem
Coco de vintém ô ia ia lá na Bahia tem
Na Bahia tem - tem, tem, tem
Coco de vintém ô ia ia lá na Bahia tem
Coco de vintém ô ia ia lá na Bahia tem",pt
/ivete-sangalo/,Na Base do Beijo,/ivete-sangalo/na-base-do-beijo.html,"Quando eu te pegar você vai ver...
você vai ver...ai de ti...ai de ti...

Vai se amarrar, só vai querer saber de mim
você vai se dar bem, e eu também
você vai se dar bem, e eu também

Comigo é na base do beijo,
Comigo é na base do amor
Comigo não tem disse me disse
não tem chove não molha
Desse jeito que eu sou
Comigo...
Comigo é na base do beijo,
Comigo é na base do amor
Comigo não tem disse me disse
não tem chove não molha
Desse jeito que eu sou

Quando amo é pra valer
Quando amo é pra valer
Dou carinho, me entrego, faço o amor acontecer

Quando amo é pra valer
Quando amo é pra valer
Dou carinho, me entrego, faço o amor acontecer

Vamos namorar beijar na boca
Vamos namorar beijar na boca
Vamos namorar beijar na boca
Vamos namorar beijar na boca",pt
/ivete-sangalo/,Na Base do Beijo / Manda Ver / Pra Abalar,/ivete-sangalo/na-base-do-beijo-manda-ver-pra-abalar.html,"Quando eu te pegar você vai ver
Você vai ver... ai de ti... ai de ti

Vai se amarrar, só vai querer saber de mim
Você vai se dar bem, e eu também
Você vai se dar bem, e eu também

Comigo é na base do beijo
Comigo é na base do amor
Comigo não tem disse me disse
Não tem chove não molha
Desse jeito que eu sou
Comigo
Comigo é na base do beijo
Comigo é na base do amor
Comigo não tem disse me disse
Não tem chove não molha
Desse jeito que eu sou

Quando amo é pra valer
Quando amo é pra valer
Dou carinho, me entrego, faço o amor acontecer

Quando amo é pra valer
Quando amo é pra valer
Dou carinho, me entrego, faço o amor acontecer

Vamos namorar beijar na boca
Vamos namorar beijar na boca
Vamos namorar beijar na boca
Vamos namorar beijar na boca

***

Vem correndo pros meus braços
Eu te peço, por favor
Não consigo ficar longe
Do seu colinho
Meu amor

Não vai adiantar fugir
Nosso destino Deus traçou
Vamos amar e permitir
Meu bem, o que passou, passou

Vem, estou esperando você
Pra gente fazer auê
Tome conta de mim do seu lado
Manda ver

Amar sem medo de ser feliz
Deixa o coração pedir bis
E quando o Eva passar
Amor, vem correndo
Me amar

***

Toda vez que você se banha em meu suor
Fico feliz que até perco a cabeça
Meus olhos sentem prazer e brilham como o sol
Por isso meu bem não desapareça

Sinto a cor da sua alegria perfumando o meu coração
No brilho da lua eu visto a fantasia
Prá cantar contente essa canção

Agora é prá valer
Confesso que meu xodó
Nasceu só prá você
É prá abalar

A estrutura do amor
Prá abalar
Seja como for",pt
/ivete-sangalo/,Na Janela (Part. Vitão),/ivete-sangalo/na-janela-part-vitao.html,"Minhã mãe sempre me falou
""Filha cuidado com tanto jogo de amor
Que essa vida é nada fácil""
Isso ela têm razão
Mas sempre que o coração
Pergunta se é sim ou não
A gente fala: ""é claro""
Deixa o pensamento de lado
Sabe que sentimento é mais claro
De sentir com a cabeça é tão raro

Longe de você talvez possa ser
Bom pra se esquecer
Nada que um banho de mar não apague

Eu sei que quando passar
A gente deixar todo sol entrar na janela
Como se fosse tu, tão doce
Que me trouxe luz de noite

Só sei, que eu já tô muito bem
Prefiro ser ninguém
Sem nada pra adoçar
Lar de família, amigo um bom lugar
Não quero mais nada que possa lembrar de nós
Ou talvez, outra vez
Quem sabe pra frente nos saber

Longe de você talvez possa ser
Bom pra se esquecer
Nada que um banho de mar não apague

Eu sei que quando passar
A gente deixar todo sol entrar na janela
Como se fosse tu, tão doce
Que me trouxe luz de noite

Deixa o sol entrar amor
Deixa te lembrar
Sei que todo esse calor
Não vai te queimar
Deixa o sol entrar amor
Deixa te lembrar
Sei que todo esse calor
Não vai te queimar

Eu sei que quando passar
A gente deixar todo sol entrar na janela
Como se fosse tu, tão doce
Que me trouxe luz de noite",pt
/ivete-sangalo/,Nabucodonosor,/ivete-sangalo/nabucodonosor.html,"Na boca e na boquinha
E foi papai quem falou
Menina linda, dengosa
Sou sua naja
Sou seu amor
Silenciosa gatinha, fofinha
Sou sua abelha rainha

Beijo com gosto de sal
Vou consultar meu peji
Um alto astral
Jeito louco de ser
Um baba por ali
Sou odalisca do seu metiê
Vou casar com você

Ouvi dizer que Babilônia é Salvador
É Salvador, é Salvador
Ouvi dizer que Babilônia é Salvador
Ouvi da boca de Nabucodonosor

Na boca e na boquinha
E foi mamãe quem falou
Tremendamente dengosa
Esse meu veneno te viciou
Todo manhoso
Vem cá, meu gatinho
E me enche de beijinhos

Beijo com gosto de sal
Do Oiapoque ao Chuí
Um alto astral
Jeito louco de ser
Um baba por ali
Sou odalisca do seu metiê
Quero casar com você

Ouvi dizer que Babilônia é Salvador
É Salvador, é Salvador
Ouvi dizer a que Babilônia é Salvador
Ouvi da boca de Nabucodonosor",pt
/ivete-sangalo/,Não Chore Não,/ivete-sangalo/nao-chore-nao.html,"Não chore não
Ainda estou contigo
Eu vim aqui
Pra te fazer feliz

No seu peito é seu aconchego
Com você eu não sinto medo
Tudo é mais bunito
Se você está do meu lado

Não chore não
Ainda estou contigo
Eu vim aqui
Pra te fazer feliz

No teu peito é seu aconchego
Com você eu não sinto medo
Tudo é mais bunito
Se você está do meu lado

He você, bem querer
Que me traz felicidades
HoHoHoHo

Pra você, bem querer
Que eu faço esses versos de amor

Hoo Hoo Hoo chalálálá
Hoo Hoo Hoo chalálálá",pt
/ivete-sangalo/,Não É Proibido,/ivete-sangalo/nao-e-proibido.html,"Jujuba, bananada, pipoca,
Cocada, queijadinha, sorvete,
Chiclete, sundae de chocolate

Paçoca, mariola, quindim,
Frumelo, doce de abóbora com coco,
Bala juquinha, algodão doce, manjar

Venha pra cá, venha comigo,
A hora é pra já, não é proibido,
Vou te contar, tá divertido,
Pode chegar

Uh, uh, uh
Vai ser nesse fim de semana,
Manda um e-mail para a Joana vir

Uh, uh, uh
Não precisa bancar bacana,
Fala para o Peixoto chegar aí

Traz todo mundo,
Tá liberado,
É so chegar

Traz toda gente,
Tá convidado,
É pra dançar

Toda tristeza,
Deixa lá fora,
Chega pra cá",pt
/ivete-sangalo/,Não Me Compares (No Me Compares),/ivete-sangalo/nao-me-compares-no-me-compares.html,"Agora que gemem mais pálidas nossas memórias
Que há neve no televisor
Agora que chove na sala e se apagam
As velas do barco que me iluminou
Agora que canta o tempo chorando seus versos
E o mundo enfim despertou
Agora perdido em um silêncio feroz
Que quer desatar esses nós

Agora enxergamos direito
E podemos nos ver por detrás do rancor
Agora eu te digo de onde venho
E dos caminhos que a paixão tomou
Agora o destino é ermo
E nos encontramos neste furacão
Agora eu te digo de onde venho
E do que é feito o meu coração...

Vengo del aire
Que te secaba a ti la piel, mi amor
Yo soy la calle, donde te lo encontraste a él
No me compares, bajé a la tierra en un pincel por ti
Imperdonable, que yo no me parezco a él
Ni a él, ni a nadie

Ahora que saltan los gatos
Buscando las sobras, maúllas la triste canción
Ahora que tú te has quedao sin palabras
Comparas, comparas, con tanta pasión

Ahora podemos mirarnos
Sin miedo al reflejo en el retrovisor
Ahora te enseño de dónde vengo
Y las heridas que me dejó el amor
Ahora no quiero aspavientos
Tan sólo una charla tranquila entre nos
Si quieres te cuento por qué te quiero
Y si quieres cuento por qué no

Você não sabe
Por onde andei depois de tudo, amor
Eu sou a chave, da porta onde encontraste alguém
Não me compares
Não busque nela o olhar que dei a ti
Imperdoável que eu não seja igual a ela
Então não fale, que alguém te toca como eu toquei
Que se acabe e que tu partas sem saber
E para sempre, ninguém te toca como eu toquei
Que se acabe...
Yo soy tu alma tú eres mi aire!

Que nos separen, si es que pueden
Que nos separen, que lo intenten
Que nos separen, que lo intenten
Yo soy tu alma y tú mi suerte
Que nos separen, si es que pueden
Que nos desclaven, que lo intenten
Que nos separen, que lo intenten
Yo soy tu alma y tú mi suerte",es
/ivete-sangalo/,Não Me Faça Esperar,/ivete-sangalo/nao-me-faca-esperar.html,"(1ª Parte)
Tô trocando o meu abraço pelo seu sorriso
Não me faça esperar.
Tá rolando um comentário que a gente tem tudo pra se
dar bem.
Sinto tá batendo forte,
tô jogando limpo sem querer te enganar
Sonho e tô fazendo planos, tô juntando grana
Pra poder viajar.

Não desfaça desse amor,
O seu jeito me conquistou, já botei café na mesa.
Quero tanto te falar,
Arranjei um jeito de amar que você só vai se dar bem.

(Refrão)
(Aí) É só você chegar de mansinho...
(Aí) que eu te levo com carinho...
(Aí) Você não vai mais duvidar,
Que eu me derreto todo por aí...
(Aí) É só você chegar de mansinho...
(Aí) que eu te levo com carinho...
(Aí) Você não vai mais duvidar,
Que eu me derreto todo por você.

(2ª Parte)
Tô trocando o meu abraço pelo seu sorriso
Não me faça esperar.
Tá rolando um comentário que a gente tem tudo pra se
dar bem.
Sinto tá batendo forte,
tô jogando limpo sem querer te enganar
Sonho e tô fazendo planos, tô juntando grana
Pra talvez viajar.

Não desfaça desse amor,
O seu jeito me conquistou, já botei café na mesa.
Quero tanto te falar,
Arranjei um jeito de amar que você só vai se dar bem.

(Refrão)
(Aí) É só você chegar de mansinho...
(Aí) que eu te levo com carinho...
(Aí) Você não vai mais duvidar,
Que eu me derreto todo por aí...
(Aí) É só você chegar de mansinho...
(Aí) que eu te levo com carinho...
(Aí) Você não vai mais duvidar,
Que eu me derreto... (WÔ WÔ)

Não desfaça desse amor,
O seu jeito me conquistou, já botei café na mesa.
Quero tanto te falar,
Arranjei um jeito de amar que você só vai se dar bem.
(falei/falei)
(Refrão)
(Aí) É só você chegar de mansinho...
(Aí) que eu te levo com carinho...
(Aí) Você não vai mais duvidar,
Que eu me derreto todo por aí...
(Aí) É só você chegar de mansinho...
(Aí) que eu te levo com carinho...
(Aí) Você não vai mais duvidar,
Que eu me derreto por você...
Eu me derreto todo por você!",pt
/ivete-sangalo/,Não Me Olha Assim (Part. Tom Kray),/ivete-sangalo/nao-me-olha-assim-part-tom-kray.html,"Não me olhe assim
Como que não quer
Quanto mais você tenta disfarçar
Mas você se entrega com o olhar
Não vale mentir assim
Nem se enganar
Se tocar pega fogo, vai tudo de novo
Eu sei, você quer se queimar
Pode chegar, deixa rolar
Que a gente sempre entendi
Se vai ficar, vou te avisar
A noite é tão pouco pra gente
Quero que tempo pare, pra eu ficar com você
O seu corpo me da detalhe, me faz perceber
Assuma, meu beijo te chama
A gente se encaixa e se ama
Rolou e rolou
A gente nem chega na cama
A gente se encaixa e se ama
E rolou, rolou",pt
/ivete-sangalo/,Não Pode Parar (Com Mc Zaac),/ivete-sangalo/nao-pode-parar-com-mc-zaac.html,"Eu tô entendendo você me querendo
E a gente fervendo na pista
Todo mundo tá olhando você me secando dizendo me atiça
Vem
Não para e vem
Não
Vai
Até o chão que tem

Agora eu quero ver
Vem com o Zaac e vem com a Ivete

Se quer batida do funk mistura de sampa tambor e Bahia
Esquece os problemas e aquece o corpo na vibe que o ponto te guia, vem
Desce que o beat começou, vem, vem
Quero ver tu aguentar, hã? Hã?
Se joga na onda
Destrava vem coisa que embrasa não pode parar, uh!

Perto de você tento não me perder
Sinto seu compasso agora é pra valer
Não para
Me deixa envolver
Prepara
Agora eu quero ver

Perto de você tento não me perder
Sinto seu compasso agora é pra valer
Não para
Me deixa envolver
Prepara
E agora eu quero ver

Que balanço hen! Oh!
Swingueira, como não te conhecia esse tempo todo?
Viciante com teu jeito marcante nem o Zaac resistiu
Quebradeira
Olha o que ela faz com o monumento chamado de corpo, esquece!
Quando ela quebra não tem como resistir

Tô te entendendo você me querendo
E a gente fervendo na pista
Todo mundo tá olhando você me secando dizendo me atiça
Vem
Não para e vem
Vai
Até o chão que tem

Chão, chão, chão, chão

Bagulho doido

Que loucura
Que gostoso

Perto de você tento não me perder
Sinto seu compasso agora é pra valer
Não para
Me deixa envolver
Prepara
E agora eu quero ver

Perto de você tento não me perder
Sinto seu compasso agora é pra valer
Não para
Me deixa envolver
Prepara
E agora eu quero ver

A verdadeira mistura de funk, tambor e Bahia

Eu tô entendendo você me querendo
E a gente fervendo na pista
Todo mundo tá olhando você me secando dizendo me atiça
Vem
Não para e vem
Não
Vai
Até o chão que tem

Agora eu quero ver
Vem com o Zaac e vem com a Ivete

Se quer batida do funk mistura de sampa tambor e Bahia
Esquece os problemas e aquece o corpo na vibe que o ponto te guia, vem
Desce que o beat começou, vem, vem
Quero ver tu aguentar, hã? Hã?
Se joga na onda
Destrava vem coisa que embrasa não pode parar, uh!

Perto de você tento não me perder
Sinto seu compasso agora é pra valer
Não para
Me deixa envolver
Prepara
Agora eu quero ver

Perto de você tento não me perder
Sinto seu compasso agora é pra valer
Não para
Me deixa envolver
Prepara
E agora eu quero ver

Que balanço hein! Oh!
Swingueira, como não te conhecia esse tempo todo?
Viciante com teu jeito marcante nem o Zaac resistiu
Quebradeira
Olha o que ela faz com o monumento chamado de corpo, esquece!
Quando ela quebra não tem como resistir

Tô te entendendo você me querendo
E a gente fervendo na pista
Todo mundo tá olhando você me secando dizendo me atiça
Vem
Não para e vem
Vai
Até o chão que tem

Chão, chão, chão, chão

Bagulho doido

Que loucura
Que gostoso

Perto de você tento não me perder
Sinto seu compasso agora é pra valer
Não para
Me deixa envolver
Prepara
E agora eu quero ver

Perto de você tento não me perder
Sinto seu compasso agora é pra valer
Não para
Me deixa envolver
Prepara
E agora eu quero ver

A verdadeira mistura de funk, tambor e Bahia",pt
/ivete-sangalo/,Não Quero Dinheiro Só Quero Amar,/ivete-sangalo/nao-quero-dinheiro-so-quero-amar.html,"Espero para ver se você vem
Não te troco nessa vida por ninguém
Porque eu te amo
Eu te quero bem (ah como eu quero)
Acontece que na vida a gente tem
Que ser feliz por ser amado por alguém
Porque eu te amo
Eu te adoro, meu amor
A semana inteira fiquei esperando
Pra te ver sorrindo
Pra te ver cantando
Quando a gente ama não pensa em dinheiro
Só se quer amar
Se quer amar
Se quer amar
De jeito maneira
Não quero dinheiro
Eu quero amor sincero
Isto é que eu espero
Grito ao mundo inteiro
Não quero dinheiro
Eu só quero amar
Vou pedir pra você voltar
Vou pedir pra você ficar
Eu te amo (como eh que eh)
Eu te quero bem
Vou pedir pra você gostar
Vou pedir pra você ficar
Porque eu te amo
Eu te adoro, meu amor
A semana inteira fiquei esperando
Pra te ver sorrindo
Pra te ver cantando
Quando a gente ama não pensa em dinheiro
Só se quer amar
Se quer amar
Se quer amar
De jeito maneira
Não quero dinheiro
Eu quero amor sincero
Isto é que eu espero
Grito ao mundo inteiro
Não quero dinheiro
Eu só quero amar
A semana inteira fiquei esperando
Pra te ver sorrindo
Pra te ver cantando
Quando a gente ama não pensa em dinheiro.....",pt
/ivete-sangalo/,Não Vale Mais Chorar,/ivete-sangalo/nao-vale-mais-chorar.html,"Não vale mais chorar por ele
ele jamais te amou...
jamais te amou... (bis)

Você sofreu,
você chorou
Ele nem te ligou(bis)

Quantas vezes vi você
na solidão,chorando
sofrendo era só desilusão

Quem ama protege,
faz tudo pelo amor
seu coração está sofrendo
por falta de amor

Ele não te quis
não soube ser feliz
Quando percebeu
Já era tarde demais
É como cristal quebrado
que não cola jamais

Ele tinha o seu amor
Não soube dar valor
Agora ele chora
Por falta do seu calor
Por isso estou aqui pra
conquistar o seu amor

Não vale mais chorar por ele
Ele jamais te amou....",pt
/ivete-sangalo/,Não Vou Ficar,/ivete-sangalo/nao-vou-ficar.html,"Há muito tempo eu vivi calado
Mas agora resolvi falar
Chegou a hora, tem que ser agora
E com você não posso mais ficar
Não vou ficar, não (não, não)
Não posso mais ficar, não, não, não
Não posso mais ficar, não
Toda verdade deve ser falada
E não vale nada se enganar
Não tem mais jeito, tudo está desfeito
E com você não posso mais ficar
Não vou ficar, não (não, não)
Não posso mais ficar, não, não, não(Não, não)
Não posso mais ficar não
Pensando bem
Não vale a pena
Ficar tentando em vão
O nosso amor não tem mais solução
Não, não, não, não, não, não, não

Por isso resolvi agora
Te deixar de fora do meu coração
Com você não dá mais certo e ficar sozinho
É minha solução, é solução sim (ah, ah)
Não tem mais solução, não, não, não

Não tem mais solução, não
Pensando bem
Não vale a pena
Ficar tentando em vão
O nosso amor não tem mais condição
Não, não, não, não, não, não, não

Por isso resolvi agora
Lhe deixar de fora do meu coração
Com você não dá mais certo e ficar sozinho
É minha solução, é solução sim (ah, ah)
Não tem mais solução, não, não, não,
Não tem mais solução, não, não, não
Não tem mais solução não",pt
/ivete-sangalo/,Narizinho,/ivete-sangalo/narizinho.html,"Narizinho, Narizinho
Sonha, sonha com amigos
Uma fada brasileira
De agrados e castigos

Sonhando abri a porta
Do reino das águas claras
Um céu de estrelas marinhas
Um chão de conchas raras

Uma aranha sobe e desce
Vem e tece o seu vestido
Com as cores do pedido
Felicidade brilhante

A boneca, já falante
Lhe foge entre os dedos
Nastácia, o pesadelo
De acorda-la sempre antes

Os heróis de outras histórias
Tão cansados e inocentes
Vão deixar as suas glórias
Pra viver junto da gente",pt
/ivete-sangalo/,Natal das Crianças,/ivete-sangalo/natal-das-criancas.html,"Natal, Natal das crianças
Natal da noite de luz
Natal da estrela-guia
Natal do Menino Jesus

Blim, blão, blim, blão
blim, blão
Bate o sino na matriz
Papai, mamãe rezando
Para o mundo ser feliz

Blim, blão, blim, blão
blim, blão
O Papai Noel chegou
Também trazendo presentes
Para Vovó e Vovô",pt
/ivete-sangalo/,Natural Collie,/ivete-sangalo/natural-collie.html,"Been down in the valley
Smoking natural collie
Getting inspiration
Spreading it through the nation
Spreading it
Cause that's my work
Yes, I'm spreading it
Cause there's nothing else to do
People…look around you
Can't you see we're living in poverty
This pain is too much for me
Oh Jah, oh Jah, oh Jah
Save the people
Free them from captivity
This pain is too much to be
Oh Jah, oh Jah, oh Jah
In the Jah, Jah Kingdom
You've got to be full of wisdom
Knowledge and overstanding
Giving you my command /
Jah commands you
To do his work
And if you don't
You'll raise up stones",en
/ivete-sangalo/,Never Gonna Give You Up (abertura Instrumental),/ivete-sangalo/never-gonna-give-you-up-abertura-instrumental.html,instrumental,
/ivete-sangalo/,No Brilho Desse Olhar,/ivete-sangalo/no-brilho-desse-olhar.html,"Quem mandou você me olhar desse jeito
Agora vai ter que cuidar desse amor
Não tem mais jeito
Isso é perfeito
Isso é perfeito

Toda vez que você vem faço festa
Eu conto as horas pra poder te tocar
Fico pensando
Se eu te mereço
Se eu te mereço

Lá fora a chuva cai
E nós dois aqui
A arder de amor
A arder de amor
O tempo pára quando a gente ama

Quero ver no brilho desse olhar
O gosto do prazer
Amar é mesmo assim
Não vai mudar
Só você que me faz sonhar
E me faz viver
Pra sempre vou te amar

Eu quero ver no brilho desse olhar
O gosto do prazer
Amar é mesmo assim
Não vai mudar
Só você que me faz sonhar
E me faz viver
Pra sempre vou te amar

Toda vez que você vem faço festa
Eu conto as horas pra poder te tocar
Fico pensando
Se eu te mereço
Se eu te mereço

Lá fora a chuva cai
E nós dois aqui
A arder de amor
A arder de amor
O tempo pára quando a gente ama

Quero ver no brilho desse olhar
O gosto do prazer
Amar é mesmo assim
Não vai mudar
Só você que me faz sonhar
E me faz viver
Pra sempre vou te amar

Eu quero ver no brilho desse olhar
O gosto do prazer
Amar é mesmo assim
Não vai mudar
Só você que me faz sonhar
E me faz viver
Pra sempre vou te amar",pt
/ivete-sangalo/,"No Groove (Pega, Pega, Pega)",/ivete-sangalo/no-groove-pega-pega-pega.html,"Mostra aí seu balancê
Tem pitada de dendê
Já mexeu comigo, ai ai ai
A galera tá sabendo
A coisa tá fervendo
O negócio aqui tá bom demais
Todo mundo vai, vai, vai

Tô pra onda
Tô a fim
Tô chegando
Cole em mim
Tá rolando
Guitarrinha
Africana
Suingadinha

Mostra aí seu balancê
Tem pitada de dendê
Já mexeu comigo, ai ai ai
A galera tá sabendo
A coisa tá fervendo
O negócio aqui tá bom demais
Todo mundo vai, vai, vai

No groove, groove
Pega, pega, pega
No groove, groove
Pega, pega, pega
No groove, groove
Pega, pega, pega
No groove, groove
Vai, vai, vai (vem, meu amor!)

Tô pra onda
Tô a fim
Tô chegando
Cola em mim
Tá rolando
Guitarrinha
Africana
Suingadinha

Mostra aí seu balancê
Tem pitada de dendê
Já mexeu comigo, ai ai ai
A galera tá sabendo
A coisa tá fervendo
O negócio aqui tá bom demais
Todo mundo vai, vai, vai

No groove, groove
Pega, pega, pega (pega, pega, pega)
No groove, groove
Pega, pega, pega (vai que tá gostoso)
No groove, groove
Pega, pega, pega
No groove, groove
Ai ai ai

Ivetinha e Psirico
Márcio Vitor e Ivetinha
Chega aí, no groove, vem
Ivetinha

Mostra aí seu balancê
Tem pitada de dendê
Já mexeu comigo, ai ai ai
A galera tá sabendo
A coisa tá fervendo
O negócio aqui tá bom demais
Todo mundo vai, vai, vai

No groove
(Venha!)

No groove, groove
Pega, pega, pega
No groove, groove
Pega, pega, pega
No groove, groove
Pega, pega, pega, pega, pega, pega (ai ai ai)

No groove, groove
Pega, pega, pega (quero ver)
No groove, groove
Pega, pega, pega (assim tá bom demais)
No groove, groove
Pega, pega, pega
No groove, groove
Ai ai ai",pt
/ivete-sangalo/,No Me Compares,/ivete-sangalo/no-me-compares.html,"Agora que gemem mais pálidas nossas memórias
que a neve no televisor
Agora que chove nas sala e se apagam
as velas do barco que me iluminou
Agora que canta o tempo chorando seus versos
e o mundo enfim despertou

Agora perdido em um silêncio feroz
que quer desatar esses nós
Agora enxergamos direito
e podemos nos ver por de trás do rancor
Agora te digo de onde venho
e dos caminhos que a paixão tomou
Agora o destino é ermo e nos encontramos neste furacão
Agora eu te digo de onde venho e do que é feito o meu coração

Vengo del aire
Que te secaba a ti la piel, mi amor
Yo soy la calle, donde te lo encontraste a él
No me compares, bajé a la tierra en un pincel por ti
Imperdonable, que yo no me parezco a él
Ni a él, ni a nadie

Ahora que saltan los gatos
Buscando las sobras, maúllas la triste canción
Ahora que tú te has quedao sin palabras
Comparas, comparas, con tanta pasión

Ahora podemos mirarnos
Sin miedo al reflejo en el retrovisor
Ahora te enseño de dónde vengo
Y las heridas que me dejó el amor
Ahora no quiero aspavientos
Tan sólo una charla tranquila entre nos
Si quieres te cuento por qué te quiero
Y si quieres cuento por qué no

Você não sabe por onde andei depois de tudo amor
Eu sou a chave, da porta onde encontraste alguém
Não (No) me compares
Não busque nela o olhar que dei a ti
Imperdoável que eu não seja igual a ela
Então não fale, que alguém te toca como eu toquei
Que se acabe e que tu partas sem saber
E para sempre, ninguém te toca como eu toquei
Que se acabe... yo soy tu alma tu eres me aire!",pt
/ivete-sangalo/,No Meio do Povão,/ivete-sangalo/no-meio-do-povao.html,"Eu parei no tempo e estou leve
Espero que esse beat me carregue
E me jogue lá no meio do povão

Eu parei no tempo e estou leve
Espero que esse reggae me carregue
E me jogue lá no meio do salão

Eu sou do batuquê
Sou do levadão
Sou do ilê
Sou do batidão, negão
Sou do batuquê
Sou do levadão
Sou do ilê
Sou do batidão, negão
Sou da paz e do amor
E vim aqui pra lhe mostrar como é que é

Quando eu passar
Vou levar
Quando eu cantar
Vai tremer
Avisa que Ivetinha tá passando
O povo vai descer pra ver (2x)

Ei, mano
Que dança é essa? Me ensina a fazer
Ei, mano
Sou lá da quebrada e gostei de você
Valeu, mano
Oh, vá com Deus
A gente se bate
A gente se vê

Eu disse, eu disse, eu disse...",pt
/ivete-sangalo/,No Meio do Povão / Citação: Depois Que o Ilê Passar (Part. The Stomp),/ivete-sangalo/no-meio-do-povao-citacao-depois-que-o-ile-passar-part-the-stomp.html,"Eu parei no tempo e estou leve
Espero que esse beat me carregue
E me jogue lá no meio do povão

Eu parei no tempo e estou leve
Espero que esse beat me carregue
E me jogue lá no meio do salão

Eu sou do batuque
Sou do levadão
Sou do ilê
Sou do batidão, negão
Sou do batuque
Sou do levadão
Sou do Ilê
Sou do batidão, negão
Sou da paz e do amor
E vim aqui pra lhe mostrar como é que é

E quando eu passar, vou levar
E quando eu cantar, vai tremer
Avisa que Ivetinha tá passando
E o povo vai descer pra ver

E quando eu passar, vou levar

Quero ver você passar
(sou da paz e do amor, vim mostrar como é que é)

E quando eu passar, vou levar",pt
/ivete-sangalo/,No Ritmo do Coração,/ivete-sangalo/no-ritmo-do-coracao.html,"Dance, no rítmo do coração
Sinta a sensação de gostar
De alguém
Me traga um beijo
Com gosto de você
Faça o meu corpo dizer

Dance, me traga sempre em suas mãos
Deixa eu sentir isso também, meu bem
Me da um beijo
Com gosto de você
Faça o meu corpo dizer

Que tal você me convidar
Pra descobrir sensações
E lado a lado a gente vai ser feliz
Eu penso nas loucuras que o mundo pode trazer
Quando eu estiver com você

Eu vou ficar em paz
Viver a vida muito mais
Eu tô sorrindo
E achando lindo

E deve ser mesmo assim
Tendo você perto de mim
Eu tô sorrindo
E achando lindo

É so amor",pt
/ivete-sangalo/,Nosso Sonho / Conquista / Poder,/ivete-sangalo/nosso-sonho-conquista-poder.html,"Gatinho, quero te encontrar
Vou falar, sou Ivete
Menina musa do verão
Você conquistou meu coração
Tô vidrado, e hoje sou um Buchecha apaixonado

Naquele lugar, naquele local era lindo o seu olhar
Eu te avistei, foi fenomenal, houve uma chance de falar
Gostei de você quero te alcançar
Tem uma imã que fez eu me hospedar
Nossas emoções eram ilícitas
Que apesar das vibrações
Proibiu o amor, em nossos corações
Ziguezaguiei no vira, virou
Você quis me dar as mãos, não alcançou
Bem que eu tentei, algo atrapalhou, a distância não deixou
Foi com muita fé nessa ilustração
Que eu não dei bola para a ilusão
Homem e mulher vira em inversão
Bate forte o coração
Tumultuado, o palco quase caiu
Eu desistoso, e você se distraiu
Quando estendi as mãos pra poder te segurar
Já arranhado e toda hora vinha uma
A impressão que o palco era de espuma
Você tentou chegar, não deu pra me tocar
Nosso sonho não vai terminar.Desse jeito que você faz.
Se o destino adjudicar esse amor poderá ser capaz, gatinha.
Nosso sonho não vai terminar.
Desse jeito que você faz. E depois que o baile acabar,
Vamos nos encontrar logo mais.


Sabe chururudu estou louco pra te ver... oh yes
Cabe chururudu entre nós dois um querer... iêiêiê
Sabe chururudu estou louco pra te ver... oh yes
Cabe chururudu entre nós dois um querer...
E mesmo ao passar do tempo hei de ver...
Você junto a mim, nada se compara a esse prazer
Arder, enfim, vou gozar, delirar
Se com você sonhar, conquistar esse amor
Que não se acabará, oh yes, oh yes...
Olha eu te amo, e quero tanto
Beijar teu corpo nu
Não, não é mentira, nem hipocrisia, é amor
Com você tudo fica blue
Sabe chururudu estou louco pra te ver... oh yes
Cabe chururudu entre nós dois um querer... iêiêiê
Sabe chururudu estou louco pra te ver... oh yes
Cabe chururudu entre nós dois um querer...
E mesmo ao passar do tempo hei de ver...
Você junto a mim, nada se compara a esse prazer
Arder, enfim, vou gozar, delirar
Se com você sonhar, conquistar esse amor
Que não se acabará
Olha eu te amo, e quero tanto
Beijar teu corpo nu
Não, não é mentira, nem hipocrisia, é amor
Com você tudo fica blue

Nessa pista cheia de balanço
Meu amor só da você, só da você
Todo mundo dança ao seu comando
Mas eu paro pra te ver, só pra te ver
O perigo é alguem se apaixonar
Todo mundo busca o seu olhar
Você tem uma luz, tem um segredo
Só de desejar eu sinto medo
Uh, yeah yeah yeah
Quem tem o poder é você

por victoor",pt
/ivete-sangalo/,O Brasil Vai Conquistar o Seu Coração,/ivete-sangalo/o-brasil-vai-conquistar-o-seu-coracao.html,"Você tem um encontro num país
Que gosta de fazer você feliz
Onde a alegria é viver
De braços abertos pra você

Você tem um encontro num lugar
Onde a montanha encontra o mar
Onde o céu combina o ano inteiro
Com o calor do povo brasileiro

Deixa a beleza encontrar sua emoção
Deixa o sorriso encontrar o seu olhar
Sinta a alegria do lugar, deixe esse povo te abraçar
O Brasil vai conquistar o seu coração

(Oh Oh Oh Oh) O Brasil vai conquistar
(Oh Oh Oh Oh) O seu coração
(Oh Oh Oh Oh) O Brasil vai conquistar
(Oh Oh Oh Oh) O seu coração

(Oh Oh Oh Oh) O Brasil vai conquistar
(Oh Oh Oh Oh) O seu coração
(Oh Oh Oh Oh) O Brasil vai conquistar
(Oh Oh Oh Oh) O seu coração

Deixa a beleza encontrar sua emoção
Deixa o sorriso encontrar o seu olhar
Sinta a alegria do lugar, deixe esse povo te abraçar
O Brasil vai conquistar o seu coração",pt
/ivete-sangalo/,O Chevette da Menina (Com Genival Lacerda),/ivete-sangalo/o-chevette-da-menina-com-genival-lacerda.html,"Coitadinha da Ivete
Facilitou, estragaram seu Chevette
Mas coitadinho da Ivete
Em menos de uma semana estragaram seu Chevette

Coitadinha da Ivete
Facilitou, estragaram seu Chevette
Coitadinho da Ivete
Em menos de uma semana estragaram seu Chevette

Tá com a roda amassada
E a buzina tá quebrada
A carcaça da empenada
Arrancaram a instalação
Tá esquentando a bubina
Tá vazando gasolina
Olhe no Chevette da menina
Essa semana todo mundo pos a mão

É, coitadinha da Ivete
Facilitou, estragaram seu Chevette
Mas coitadinho da Ivete
Em menos de uma semana estragaram seu Chevette

Coitadinha da Ivete
Facilitou, estragaram seu Chevette
Coitadinho da Ivete
Em menos de uma semana estragaram seu Chevette

Não tem motor de arranco
Também não pega no tranco
Rasgaram o couro do banco
foi no da frente e o de trás
Quebraram o distribuidor
Entupiram o carburador
Furaram o radiador
Esculhambaram o motor
E agora não presta mais

Que injustiça!

Coitadinha da Ivete
Facilitou, estragaram seu Chevette
É, coitadinho da Ivete
Em menos de uma semana estragaram seu Chevette

Que injustiça!

Coitadinha da Ivete
Facilitou, estragaram seu Chevette
Coitadinho da Ivete
Em menos de uma semana estragaram seu Chevette

Entortaram a direção
Tamparam o escapamento
Esbagaçaram o cardan
Desmontaram o corta-vento
Olhe se esconderam na garagem
E abriram o porta-bagagem
para ver o que tinha dentro

Coitadinha da Ivete
Facilitou, estragaram o seu Chevette
Ai, coitadinho da Ivete
Em menos de uma semana estragaram seu Chevette

Coitadinha da Ivete
Facilitou, estragaram seu Chevette
Coitadinho da Ivete
Em menos de uma semana estragaram seu Chevette

Óia, acabaram com a frente, moço
E o que a traseira também
Num tem mais nada
Até o cano de escape tá torto
Miserável
Isso é coisa que se faça
A moça tão direita
Deus tá vendo deixa, eu entrego a Deus",pt
/ivete-sangalo/,O Doce,/ivete-sangalo/o-doce.html,"Não se vá que a gente é par
Nós somos céu e mar
Não deixe o nosso amor fugir
Vem tomar um guaraná
Bater um papo já na rua pra se distrair
Não invente compromisso
Acho bom parar com isso
Tem alguém que te quer
Não me responsabilizo
Tudo a ver você comigo
Sem você tudo é pequeno
Tudo fica mais ou menos


Ah, vem cá
Não tira o doce da boca da sua criança
Ah, vem cá
Não tira o doce da boca de quem te ama",pt
/ivete-sangalo/,O Farol,/ivete-sangalo/o-farol.html,"Claro que o azul vai adormecer o dia
Vai virar a noite
Aproveite e liberte as suas fantasias

Eu posso ser o seu vampiro
Eu posso ser o seu anjo bom
Então relaxa baby
Mate sua sede, curta o meu som.

Quando você tá perto tempo voa
O clima rola numa boa
Quero ficar contigo até o dia clarear.
(porquê?)

O sol vai brilhar inteiro pra nós
Eu quero o farol dos teus olhos
Iluminando a minha vida.

(hey iê)",pt
/ivete-sangalo/,O Grande Chefe,/ivete-sangalo/o-grande-chefe.html,"O grande chefe falou
Que hoje vai comemorar
No rosto dele pintou
Vontade louca de amar

Eu sou da tribo Cacaca
O seu sorriso é o meu cocar
A avenida é a minha aldeia
E só axé corre na veia

Pra pular, pra pular,
pra pular, pra pular
Carnaval, coração,
sai pra lá solidão

Vem me ver,
vem me ver,
vem me ver

A festa é nossa
e o presente é pra você",pt
/ivete-sangalo/,O Melhor Pra Mim,/ivete-sangalo/o-melhor-pra-mim.html,"Dá licença agora é a minha vez
Quanto mais você me dá valor
Mais eu quero!
Mais eu ganho de você

Minha alma vai te seduzir
Eu decido se te deixo ir
Eu espero...
O que fiz por merecer?

O melhor pra mim
Todo plano perfeito
É pra ser assim
Do meu gosto do meu jeito

Quando eu chego
Todo mundo vê
Fica fácil de se perceber
O meu brilho
Minha energia é natural

É tão fácil a vida dos mortais
Pouco eu tô querendo mais
Eu espero
Porque fiz por merecer",pt
/ivete-sangalo/,O Meu Amor,/ivete-sangalo/o-meu-amor.html,"O meu amor tem um jeito manso que é só seu
E que me deixa louca quando me beija a boca
A minha pele toda fica arrepiada
E me beija com calma e fundo
Até minh'alma se sentir beijada

O meu amor tem um jeito manso que é só seu
Que rouba os meus sentidos, viola os meus ouvidos
Com tantos segredos lindos e indecentes
Depois brinca comigo, ri do meu umbigo
E me crava os dentes

Eu sou sua menina, viu? e ele é o meu rapaz
Meu corpo é testemunha do bem que ele me faz

O meu amor tem um jeito manso que é só seu
Que me deixa maluca, quando me roça a nuca
E quase me machuca com a barba mal feita
E de pousar as coxas entre as minhas coxas
Quando ele se deita

O meu amor tem um jeito manso que é só seu
De me fazer rodeios, de me beijar os seios
Me beijar o ventre e me deixar em brasa
Desfruta do meu corpo como se o meu corpo
Fosse a sua casa

Eu sou sua menina, viu? e ele é o meu rapaz
Meu corpo é testemunha do bem que ele me faz",pt
/ivete-sangalo/,O Nosso Amor Venceu (Part. Marília Mendonça),/ivete-sangalo/o-nosso-amor-venceu-part-marilia-mendonca.html,"Agora longe de você
Vivendo toda essa loucura
Mostrando essa independência
A verdade é você quem eu quero
E pro meu coração não existe outra cura

Tantas coisas ditas sem pensar
Meu orgulho sua vaidade
Coisas que só descobri com o tempo
E sozinha eu rezo baixinho
Na esperança de fazer
O nosso amor vencer

E o nosso amor venceu
De tanto que pedi a Deus
E ninguém vai conseguir
Nos separar outra vez

E o nosso amor venceu
De tanto que pedi a Deus
E ninguém vai conseguir nos separar outra vez

Eu não me sinto preparada
Pra ver você ficar com outra pessoa
Ver desmoronar o que nos dois construímos
Uma historia de amor
Que entre quatro paredes não tinha censura

Quantas coisas ditas sem pensar
Meu orgulho sua vaidade
Coisas que só descobri com o tempo
E sozinha eu rezo baixinho
Na esperança de fazer
O nosso amor vencer

E o nosso amor venceu
De tanto que pedi a Deus
E ninguém vai conseguir
Nos separar outra vez

E o nosso amor venceu
De tanto que pedi a Deus
E ninguém vai conseguir
Nos separar outra vez

Tantas coisas ditas sem pensar
Meu orgulho sua vaidade
Coisas que só descobri com o tempo
E sozinha eu rezo baixinho
Na esperança de fazer
O nosso amor vencer

E o nosso amor venceu
De tanto que pedi a Deus
E ninguém vai conseguir
Nos separar outra vez

E o nosso amor venceu
De tanto que pedi a Deus
E ninguém vai conseguir
Nos separar outra vez

E o nosso amor venceu
De tanto que pedi a Deus
E ninguém vai conseguir
Nos separar outra vez

E o nosso amor venceu
De tanto que pedi a Deus
E ninguém vai conseguir
Nos separar outra vez",pt
/ivete-sangalo/,O Poder do Pretinho,/ivete-sangalo/o-poder-do-pretinho.html,"Tá decidido desse jeito eu não aguento mais
Todo dia pisa na bola tu já tá demais
Difícil é sentir o cheiro desse nego
Quando chego perto minha boca pede beijo.

Eu te avisei não sei porque não quis acreditar
Quem prova desse brigadeiro quer se lambuzar
Eu juro vou tentar ficar no sapatinho
Mas o que posso fazer se é o poder do pretinho
Eu te avisei

Eu não sei se é o sorriso
Eu não sei se é a boca
Eu só sei que eu preciso, já tô ficando louca

Só te faço um pedido amor
Tenha mais paciência
Todo dia eu não posso
Mas de vez em quando eu te dou assistência

Vem cá cê tá pensando o que
É bom você me respeitar que eu sou de família
Se não me dar atenção o coro vai comer

Vem cá cê tá pensando o que
Cê acha que você me engana com essa sua briga
Pra você se acalmar já sei o que fazer
Ai ai ai ai ai ai ai ai

É bom você me respeitar que eu sou de famílias
Se não me dar atenção o coro vai comer
Ai ai ai ai ai ai ai ai

Cê acha que você me engana com essa sua briga
Pra você se acalmar já sei o que fazer .",pt
/ivete-sangalo/,O Sal da Terra,/ivete-sangalo/o-sal-da-terra.html,"Anda, quero te dizer nenhum segredo
Falo desse chão, da nossa casa, vem que tá na hora de arrumar

Tempo, quero viver mais duzentos anos
Quero não ferir meu semelhante, nem por isso quero me ferir.

Vamos precisar de todo mundo prá banir do mundo a opressão
Para construir a vida nova vamos precisar de muito amor
A felicidade mora ao lado e quem não é tolo pode ver

A paz na Terra, amor, o pé na terra
A paz na Terra, amor, o sal da...

Terra, és o mais bonito dos planetas
Tão te maltratando por dinheiro, tu que és a nave nossa irmã

Canta, leva tua vida em harmonia
E nos alimenta com teus frutos, tu que és do homem a maçã

Vamos precisar de todo mundo, um mais um é sempre mais que dois
Prá melhor juntar as nossas forças é só repartir melhor o pão
Recriar o paraíso agora para merecer quem vem depois

Deixa nascer o amor
Deixa fluir o amor
Deixa crescer o amor
Deixa viver o amor
O sal da terra
Terra...",pt
/ivete-sangalo/,Oba Oba,/ivete-sangalo/oba-oba.html,"Oba! oba, oba, oba
ai ai ai ai ai
Oba! oba, oba, oba
ai ai ai ai ai

Ganhou meu coração, quando dançou comigo
E aí me entreguei, você virou meu vício
Ganhou meu coração, quando dançou comigo
E aí me entreguei, você virou meu vício
Não vou negar, que o seu amor me tirou da solidão
Me da prazer, o meu querer é estar nas suas mãos
O seu olhar foi o sol que me tirou da escuridão
Quero viver tudo agora!

oba, oba, oba, oba
ai ai ai ai ai
oba, oba, oba, oba
ai ai ai ai ai

---by naval---",pt
/ivete-sangalo/,"Oba, Eu Vou Já / Lambada de Delícia / O Coco",/ivete-sangalo/oba-eu-vou-ja-lambada-de-delicia-o-coco.html,"[OBA, EU VOU JÁ]

Oba! Eu vou já
Oba! Me jogar
Oba! Eu vou já
Oba! Se joga

Você vem de índio
Eu vou de pandora
Êta festa boa
Começando agora

Menina e menino
Senhor e senhora
Todo mundo indo
Pra festa da hora

Quem vem vai ficar de vez
Ao som do tambor bailar
Agogô, timbal, djembe
Vambora simbora amar
Quem tá nesse movimento
Não consegue mais parar
Loucura é querer parar
Vumbora simbora amar
Swing levando a gente
Aonde quiser levar
Gostoso é dançar lá dentro
Vambora simbora amar

Oba! Eu vou já
Oba! Me jogar
Oba! Eu vou já
Oba! Se joga

Você vem de índio
Eu vou de pandora
Êta festa boa
Começando agora

Menina e menino
Senhor e senhora
Todo mundo indo
Pra festa da hora

Quem vem vai ficar de vez
Ao som do tambor bailar
Agogô, timbal, djembe
Vumbora simbora amar
Quem tá nesse movimento
Não consegue mais parar
Loucura é querer parar
Vumbora simbora amar
Swing levando a gente
Aonde quiser levar
Gostoso é dançar lá dentro
Vumbora simbora amar

Oba! Eu vou já
Oba! Me jogar
Oba! Eu vou já
Oba! Se joga

[LAMBADA DE DELÍCIA]
Já é carnaval cidade, acorda pra ver
Já é carnaval cidade, acorda pra ver
A chuva passou cidade, e o sol vem aê
A chuva passou cidade, e o sol vem aê

Brincar de menino, fazendo menina
É mar de verão, é lua de dia
Ô cidade louca

[O COCO]
De janeiro a janeiro só tomo água de coco
Gasto tanto dinheiro, chega o bolso fica oco
De janeiro a janeiro só tomo água de coco
Gasto tanto dinheiro, chega o bolso fica oco

E a solução é fazer a plantação, meu irmão
A plantação de coco, a plantação
Dei uma cavada no fundo do meu quintal
Pro coco sair legal, vou fazer uma cerca de pau
Cavar bem fundo que é pra ver coco mexer

Eu plantei aqui, meu senhor
Faz o favor de trazer meu coco
Eu plantei aqui, quem pegou
Faz o favor de trazer meu coco

Eu plantei aqui, meu senhor
Faz o favor de trazer meu coco
Eu plantei aqui, quem pegou
Faz o favor de trazer meu coco

Eu plantei aqui, meu senhor
Faz o favor de trazer meu coco
Eu plantei aqui, quem pegou
Faz o favor de trazer meu coco

Eu plantei aqui, meu senhor
Faz o favor de trazer meu coco
Eu plantei aqui, quem pegou
Faz o favor de trazer meu coco",pt
/ivete-sangalo/,"Oba, Se Joga",/ivete-sangalo/oba-se-joga.html,"Oba! eu vou já
Oba! me jogar
Oba! eu vou já
Oba! se joga

Você vem de índio
Eu vou de pandora
Êta festa boa
Começando agora

Menina e menino
Senhor e senhora
Todo mundo indo
Pra festa da hora

Quem vem vai ficar de vez
Ao som do tambor bailar
Agogô, timbal, djembe
Vumbora simbora amar

Quem tá nesse movimento
Não consegue mais parar
Loucura é querer parar
Vumbora simbora amar

Swing levando a gente
Aonde quiser levar
Gostoso é dançar lá dentro
Vumbora simbora amar

Oba! eu vou já
Oba! me jogar
Oba! eu vou já
Oba! se joga",pt
/ivete-sangalo/,Obediente,/ivete-sangalo/obediente.html,"Sempre fui obediente
Sempre fui obediente
Nota boa na escola
O meu pai sempre dizia
""Filha quando tu crescer eu vou te dar uma viola""
Foi então que eu despertei
Foi então que eu despertei
Pelo gosto musical
Lá da terra da alegria
Tudo é sempre fantasia (poesia)
Tudo é sempre carnaval

Ai ai meu bem
Eu sei que vou te matar de amor
Deixa eu ser seu bem, seu querubim, seu beija-flor

Hoje eu to à toa
À toa pro lado de lá
Deixa o corpo ir de bandinha
Hoje eu to à toa
À toa pro lado de lá
Deixa o corpo ir de bandinha
Que eu vou te levar

Pra lá, pra cá, pra lá
Pra lá, pra cá, pra lá

Deixa o corpo ir de bandinha
Que eu vou te levar
Pra lá, pra cá, pra lá
Pra lá, pra cá, pra lá
Deixa o corpo ir de bandinha
Que eu vou te levar",pt
/ivete-sangalo/,Olha,/ivete-sangalo/olha.html,"Olha você tem todas as coisas
Que um dia eu sonhei pra mim
A cabeça cheia de problemas
Mas eu não me importo
Eu gosto mesmo assim

Tem os olhos cheios de esperança
De uma cor que ninguém mais possui
Me traz meus passados e a lembrança
Coisas que eu quis ser e não fui

Olha você vive tão distante
Muito além do que eu posso ter
E eu que sempre fui tão inconstante
Desculpe meu amor, agora é pra valer

Olha vem comigo aonde eu for, onde eu for
Seja meu amante, meu amado, meu amor
Vem seguir comigo meu caminho
E viver a vida só de amor

Olha você vive tão distante
Muito além do que eu posso ter
E eu que sempre fui tão inconstante
Te juro meu amor, agora é pra valer

Olha vem, vem comigo aonde eu for, onde eu for
Seja minha amante, minha amada, meu amor
Vem seguir comigo meu caminho
E viver a vida só de amor",pt
/ivete-sangalo/,Onda Poderosa (Part. Gloria Groove),/ivete-sangalo/onda-poderosa-part-gloria-groove.html,"'Tá vindo um tempo novo
Tudo preparado já me vejo no balanço do povo
Uma onda poderosa
Daquelas que não tem pra onde correr
É aí que a gente se joga

'Tá vindo um tempo novo
Tudo preparado já me vejo no balanço do povo, yeah-eh
Uma onda poderosa
Daquelas que não tem pra onde correr
É aí que a gente se joga, eh

'To contando você
Conte aí pra gente ver
Pra geral sair do chão e ferver nesse bailão
Ohhh

Pula, pula, pula, pula aê
Pula, pula, pula aê
Pula, pula, pula aê
A gente quer ver
Pula, pula, pula, pula aê
Pula, pula, pula aê
Pula, pula, pula aê

Vai Ivete

Eu 'to falando da galera que é da positiva
Que 'tá sempre na moral e de boa com a vida
Chega junto nessa pista que já 'tá fervendo
'To sentindo um movimento acontecendo
Saudade de abraçar você meu bem
Solta o corpo aproveita e balança também
Essa moda 'tá fazendo a gente se jogar
Me abrace e vamos preparar, oh yeah

Pula, pula, pula, pula aê (oh, yeah)
Pula, pula, pula aê (na-na-não)
Pula, pula, pula aê (aham)
Que a gente quer ver
Pula, pula, pula, pula aê
Pula, pula, pula aê
Pula, pula, pula aê
A gente quer ver

Oh, yeah
Oh, yah
Au

'Tá vindo um tempo novo, ha!
Tudo preparado já me vejo no balanço do povo, yeah-eh
(Uma onda poderosa) poderosa
Daquelas que não tem pra onde correr
É aí que a gente se joga

'Tá vindo

'Tá vindo um tempo novo, auhm
Tudo preparado já me vejo no balanço do povo
Uma onda poderosa
(Poderosa!)
Daquelas que não tem pra onde correr
É aí que a gente se joga

'To contando com você
Conte aí pra gente ver
Pra geral sair do chão
(E ferver nesse bailão)
Ohhh

Pula, pula, pula, pula aê
Pula, pula, pula aê (yeah-eh-he-he)
Pula, pula, pula aê
Que a gente quer ver
Pula, pula, pula, pula aê
Pula, pula, pula aê
Pula, pula, pula aê
Olha a Groove

Segurou, olha quem chegou
Um brilho de amor, Como se eu fosse flor
Pirraça no gueto, o povo do gueto avisou
Abalou, abalou, sacudiu, balançou

Chego, chegando, botando mó banca, não se mete
Sou pique zica, vida louca, sou cabra da peste
E quem diria a bonequinha, vulgo Lady Leste
Voando alto, tirando mó onda com a Ivete

Pula, pula, pula, pula aê
Pula, pula, pula aê
Pula, pula, pula aê
A gente quer ver
Pula, pula, pula, pula aê
Pula, pula, pula aê
Pula, pula, pula aê
A gente quer ver

Pula, pula, pula, pula aê
Pula, pula, pula aê
Pula, pula, pula aê
A gente quer ver
Pula, pula, pula, pula aê
Pula, pula, pula aê
Pula, pula, pula aê
A gente quer ver

A gente vai ver
(A gente vai ver)
A gente quer ver
(A gente pode ver)
A gente vai ver
(A gente 'tá pra ver)",pt
/ivete-sangalo/,Onde Você Se Esconde,/ivete-sangalo/onde-voce-se-esconde.html,"Onde você se esconde?
Aonde te encontrar?
Em um lugar bem longe
Em minha cabeça...

Onde você se esconde?
Que nome você tem?
Se você mora em Londres?
Se você tem alguém?...

Meu amor me dê um sinal
Dê um toque paranormal
Quero toda sua alegria
Dias, dias, dias e dias...

Será que é um sonho?
Será que é real?
E vai marcar prá sempre
A minha vida...

Será que é do bem?
Será que é cruel?
Um anjo descuidado
Que vai cair do céu...

Meu amor me dê um sinal
Dê um toque paranormal
Quero toda sua alegria
Dias, dias, dias e dias...

Eu quero encontrar
Você!
Prá gente namorar
A vida inteira
Eu quero namorar
Você!
Prá gente se encontrar
A vida inteira...

Meu amor me dê um sinal
Dê um toque paranormal
Quero toda sua alegria
Dias, dias e dias...

Eu quero encontrar
Você!
Prá gente namorar
A vida inteira...(2x)",pt
/ivete-sangalo/,Os Seus Botões,/ivete-sangalo/os-seus-botoes.html,"Os botões da blusa que você usava
E meio confusa desabotoava
Iam pouco a pouco me deixando ver
No meio de tudo
Um pouco de você

Amantes se dão
Travesseiros soltos
Roupas pelo chão
Braços que se abraçam

Bocas que murmuram
Palavras de amor
Enquanto se procuram
Chovia lá fora

E a capa pendurada assistia a tudo
E não dizia nada
E aquela blusa que você usava
Num canto qualquer
Tranquila esperava",pt
/ivete-sangalo/,"Ou Seja, Cerveja",/ivete-sangalo/ou-seja-cerveja.html,"Sabe a sensação quando alguém te beija?
Ou seja, cerveja
Sabe aquele sonho que você deseja?
Ou seja, Cerveja
Uma roda de amigos todos numa mesa
Ou seja, Cerveja
Uma Nova Schin gelada vindo na bandeja
Ou seja, Cerveja

Eu brindo sim
Eu brindo a alegria numa Nova Schin
Eu brindo sim
Eu brindo sim
Eu brindo a alegria numa Nova Schin
Eu brindo sim
Eu brindo a alegria numa Nova Schin
Eu brindo sim
Eu brindo sim
Eu brindo a alegria numa nova Schin

Sabe a sensação quando alguém te beija?
Ou seja, cerveja
Sabe aquele sonho que você deseja?
Ou seja, cerveja
Uma Nova Schin gelada de bandeja
Ou seja cerveja
Swingou?
''BEBA COM MODERAÇÃO''",pt
/ivete-sangalo/,País Tropical (Shakira com Ivete Sangalo - Rock In Rio 2011),/ivete-sangalo/pais-tropical-shakira-com-ivete-sangalo-rock-in-rio-2011.html,"Moro...
Num país tropical,
Abençoado por deus
E bonito por natureza (mas que beleza!)

Em fevereiro (em fevereiro)
Tem carnaval (tem carnaval)
Eu tenho um fusca e um violão,
Sou flamengo e tenho uma nêga chamada tereza
""sambaby"", ""sambaby""
Eu posso não ser um band leader (pois é)
Mas assim mesmo, lá em casa todos meus amigos, meus camaradinhas me respeitam (pois é)

Essa é a razão da simpatia, do poder do algo mais e da alegria...
Sou flá,flá ela eh me me

Tudo o que eu quero nessa vida
É amar você
Amar você
O seu amor é como uma chama acesa
Que me queima de prazer
De prazer (2x)

Eu já falei com deus que não vou te deixar
Vou te levar pra onde
Pra qualquer lugar
Já fiz de tudo pra não te perder

Arerê,
Um lobby, um hobby, um love com você
Arerê,
Um lobby, um hobby, um love com você
Cai, cai, cai, cai, cai pra cá
Hey, hey, hey
Tudo, tudo,tudo, vai rolar
Arerê,
Um lobby, um hobby, um love com você
Arerê,
Um lobby, um hobby, um love com você",pt
/ivete-sangalo/,Pan Americana,/ivete-sangalo/pan-americana.html,"Quem vem de lá
Cai na rede de trança
Se dá no pé, pega nesse beat, embala
Olé, olá, meu chapéu de guirlanda
De Daomé vi princesa Odara(2x)
Princesa Xerazade
Filha de Zanzibar
Raio da liberdade
Há de se admirar
Ah!
Nesse toque você não fica parada, não(4x)
Pan-americana bailando a baiana ma
Pan-americana baila
Saia lá no porto
Para a rua andar luar
Saia de Banthu
Saia de bata
Subi do Engenho Novo
Pra Gamboa farrear
Na carreira do bando
Esse toque girar
Nesse toque você não fica parada, não(4x)
Pan-americana bailando a baiana ma
Ki ki kirikiri ki ki, quem não quer
Viva São João",pt
/ivete-sangalo/,Pega Leve - Nova Schin Ano Novo,/ivete-sangalo/pega-leve-nova-schin-ano-novo.html,"A festa vai começar,
leve tudo que é de bom pro ano novo que virá,
leve o seu abraço,
leve seu beijo,
leve seu sorriso,
leve todos seus desejos,
pega leve com as pessoas que gostam de você,
pega leve com a vida,
pega leve com o seu bem querer,
pega leve com os amigos,
vamos comemorar,
você está na boa mas pode melhorar....

A festa vai começar,
leve tudo que é de bom pro ano novo que virá,
pegue a beleza,
pegue a esperança,
pega leve com o mundo e leve as boas lembranças,
nesse ano novo,
pega leve tudo que faz,
pega todo amor e leve toda a paz.

Ano Novo se brinda assim
Pega leve, pega leve, Nova Schin.
Ano Novo se brinda assim
Pega leve, pega leve, Nova Schin.",pt
/ivete-sangalo/,Pegue Aí,/ivete-sangalo/pegue-ai.html,"Vamos unir o nosso pensamento
Vamos juntar nossa filosofia
Farei voce vibrar,com a nossa melodia

Nos temos a mesma mania.
Pare para reparar
Ola vê lá
O que nos queremos é sempre cantar (2x)

Refrão
Pegue ai!
Eu não sei esse passo venha me ensinar
Aprendi, me deixe a vontade eu quero é dançar

Ao som da maré a briza do mar uma sorriso envolvente
Eu poder te encontrar , eu danço na rua no beco em qualquer lugar(2x)

Solte o corpo jogue o corpo pra la não deixe a chama apagar
Deixe esse fogo acender
? nesse enbalo eu tambem quero ir não me deixe aqui
Aqui não é o meu lugar

Refrão",pt
/ivete-sangalo/,Pensando em Nós Dois,/ivete-sangalo/pensando-em-nos-dois.html,"Tava pensando em nós dois
Buscando um jeito inédito pra falar de amor
Nem reparei que o tempo passou
Sonhando, pensando, querendo
Meus olhos caçando você
Pensando, sonhando, querendo
Minha boca mirando você

Já é
Suficientemente especial
Posso dizer
Que encontrei
A cara metade que eu sempre busquei

Basta olhar pra você
Pra minha boca querer
Um beijo, bis
Pela sorte de ter
Alguém como você
Sou feliz

Tava pensando em nós dois
Buscando um jeito inédito pra falar de amor
E reparei que o tempo passou
Tava pensando em nós dois
Buscando um jeito inédito pra falar de amor
Nem reparei que o tempo passou
Sonhando, pensando, querendo
Meus olhos caçando você
Pensando, sonhando, querendo
Minha boca mirando você

Já é
Suficientemente especial
Posso dizer
Que encontrei
A cara metade que eu sempre busquei

Basta olhar pra você
Pra minha boca querer
Um beijo, bis
Pela sorte de ter
Alguém como você
Sou feliz

Basta olhar pra você
Pra minha boca querer
Um beijo, bis
Pela sorte de ter
Alguém como você
Sou feliz

Basta olhar pra você
Pra minha boca querer
Um beijo, bis
Pela sorte de ter
Alguém como você
Sou feliz

Basta olhar pra você
Pra minha boca querer
Um beijo, bis
Pela sorte de ter
Alguém como você

Tava pensando em nós dois",pt
/ivete-sangalo/,Penso,/ivete-sangalo/penso.html,"Penso naquele menino
A cada manhã
Penso naquele menino
Em toda estação

Penso na mesa do bar
Vendo a televisão, penso
Penso naquele menino
Em outro país

Penso no momento triste
Um momento feliz
Se o telefone tocar
Já vem em mim tentação

Penso...
Penso nele todo dia
Ele é minha alegria oh oh oh
Penso nele todo dia
Ele é minha alegria oh oh oh",pt
/ivete-sangalo/,Perto de Mim (Part. Vitin),/ivete-sangalo/perto-de-mim-part-vitin.html,"Com você o azul do céu é mais bonito
Meu prazer é mais sincero do seu lado
Eu adoro ter você
No seu colo
Eu encontro a paz

Por você mergulho fundo no oceano
Vou buscar aquela pérola mais rara
Quem me dera ter você
Toda hora e poder te falar

Eu te quero sim perto de mim
E sempre assim, eu vou te amar
Eu te quero sim perto de mim
E sempre assim, eu vou te amar

Com você o azul do céu é mais bonito
Meu prazer é mais sincero do seu lado
Quem me dera ter você
No seu colo
Eu encontro a paz

Por você mergulho fundo no oceano
Vou buscar aquela pérola mais rara
Quem me dera ter você
Toda hora e poder te falar

Eu te quero sim perto de mim
E sempre assim eu vou te amar
Eu te quero sim perto de mim
E sempre assim eu vou te amar

Eu te quero sim perto de mim
E sempre assim eu vou te amar
Eu te quero assim perto se mim
E sempre assim eu vou te amar

E sempre assim eu vou te amar
Eu vou te amar",pt
/ivete-sangalo/,Poder,/ivete-sangalo/poder.html,"Nesta pista cheia de balanço
Meu amor, só dá você
Só dá você
Todo mundo dança ao seu comando
Mas eu paro pra te ver
Só pra te ver
O perigo é alguém se apaixonar
Todo mundo busca o seu olhar
Você tem uma luz, tem um segredo
Só de desejar eu sinto medo
Uh, yeah, yeah, yeah
Quem tem o poder é você
Já percebi esse seu jeito tão lindo
O estilo e seu esse modo de andar
Sorriso e uma alegria tão boa
Vou dizer...
Uh, yeah, yeah, yeah
Quem tem o poder é você",pt
/ivete-sangalo/,Pop Zen,/ivete-sangalo/pop-zen.html,"Tudo que você tem não é seu
Tudo que você guardar
Não lhe pertence
Nunca lhe pertencerá

Tudo que você tem não é seu
Tudo que você guardar
Pertence ao tempo,
que tudo transformará

Só é seu aquilo que você dá
Tudo aquilo que você não percebeu
Tudo que não quis olhar
É como o tempo

Que você deixou passar
Tudo aquilo que você escondeu
Tudo que não quis mostrar
Deixe que o tempo, com o tempo

Vai revelar
Só é seu aquilo que você dá
O beijo que você deu
É seu, é seu
É seu beijo",pt
/ivete-sangalo/,"Por Causa de Você, Menina",/ivete-sangalo/por-causa-de-voce-menina.html,"Por causa de você bate em peito...
Baixinho quase calado coração
apaixonado por você
Menina...

Menina que num sabe quem eu sou
menina que não conhece meu amor

Mas você passa não me olha...
Mas eu olho pra você

Você não me diz nada...
Mas eu digo pra você

Você por mim não chora...
Mas eu choro por você",pt
/ivete-sangalo/,Postal,/ivete-sangalo/postal.html,"Alguém que está
Ausente
É você, meu amor
Ausente

Meu desabafar está em viver
Meu Deus, por que
Que te amar é ser sincero
Então, morrer de paixão sem fim
Vou te amar
É sim Volta pra mim

Do cais acenava
Mensagem
E a sede vai me matar
Mensagem
O amor que terminou num beijo
Bye, Bye
Quem tanto amei
Deve haver alguém bem feliz
E amar, meu Deus, quem tanto amei
Alguém que se ausenta num postal",pt
/ivete-sangalo/,Pra Falar de Você,/ivete-sangalo/pra-falar-de-voce.html,"Se fosse fácil falar de você
A mais bela palavra não vai descrever você

Ah, quando eu vejo o Sol,
Só vejo seu nome
Bate uma saudade do seu corpo pra brincar

Lindo, bacana, se apressa
Que eu quero você
Me puxa, me agarra, se enrosca, que pago pra ver

Eu vou te lambuzar de batom",pt
/ivete-sangalo/,Pra Frente,/ivete-sangalo/pra-frente.html,"Tripulantes da nave ambulante
Com destino à felicidade
Quem bate, quem bate
Quem sabe, sabe
Desfrutar dessa energia do calor que vem da rua

Quem bate, quem bate
Quem sabe, sabe
Desfrutar dessa energia do calor que vem da rua

Me beija, me leva
Me deixa mais contente
Pra frente, pra frente, frente
Pra frente, pra frente, frente
Nossa vida vai, nossa vida vai
Pra frente, pra frente, frente
Pra frente, pra frente, frente
Nossa vida vai, como manda o figurino

Pra frente, pra frente, frente
Pra frente, pra frente, frente
Nossa vida vai, nossa vida vai
Pra frente, pra frente, frente
Pra frente, pra frente, frente
Nossa vida vai, como manda o figurino",pt
/ivete-sangalo/,Pra Sempre Ter Você,/ivete-sangalo/pra-sempre-ter-voce.html,"Bola de cristal
Me diga como eu vou ficar
Sem saber se ter você
É tudo que eu posso fazer
Tanto eu tenho pra falar
Mas você foge sem por quê
Fica a se perder de mim
Mas sei que vou te achar
Vem cá
Me mostra toda a sua perfeição
Que eu encontrei quando te vi
Assim eu juro
Nunca vou te magoar
Eu quero o teu sorriso pra mim
Quero dormir e acordar com você
Sempre, sempre
Eu quero o seu olhar só pra mim
Quero viver
Quero ter você
Pra sempre ter você
Sempre fiz falsas promessas
Mas agora é pra valer
Procurava um grande amor
E em você eu encontrei
Não quero dissimular
Um sentimento tão normal
Quero ter você junto de mim
E isso é tão natural
Vem cá
Esquece o medo bobo de falar de amor
Porque não é igual
Eu sei
Você nunca vai se arrepender",pt
/ivete-sangalo/,Pra Você (Part. Bell Marques),/ivete-sangalo/pra-voce-part-bell-marques.html,"Ô, ô, xá, lá, lá, lá
Ô, ô, ô, xá, lá, lá, lá
Ô, ô, ô, xá, lá, lá, lá
Ô, ô, ô, xá, lá, lá, lá

Não chore, não, ainda estou contigo
Eu vim aqui pra te fazer feliz
O seu peito, meu aconchego
Nos seus braços não sinto medo
Tudo é mais bonito se você está do meu lado

Não chore, não, ainda estou contigo
Eu vim aqui pra te fazer feliz
O teu peito, meu aconchego
Com você eu não sinto medo
Tudo é mais bonito se você está do meu lado

É você, bem-querer
Que me traz felicidade
Pra você, bem-querer
Que eu canto esses versos de amor

Ô, ô, ô, xá, lá, lá, lá
Ô, ô, ô, xá, lá, lá, lá

Não chore, não, ainda estou contigo

É você, bem-querer

Ô, ô, ô, xá, lá, lá, lá
Ô, ô, ô, xá, lá, lá, lá

Não chore, não",pt
/ivete-sangalo/,Prontas Pra Divar (Part. Claudia Leitte),/ivete-sangalo/prontas-pra-divar-part-claudia-leitte.html,"Pô pô pô pôpôpô
Pô pô pô pôpôpô

To pronta pra
To pronta pra
To pronta
Pra brilhar
To pronta pra
To pronta pra
To pronta
Pra brilhar

E eu só quero do amor mais emotion
Pernas bailarina pronta
Salto panturrilha e coxa
Um trato com carinho como elas pedirem
Deixando as minhas pernas prontas pra seduzirem
Ai ai ai

Que bom que bom momento todo mundo pirou
Olhando para as pernas quando mamãe passou
Lisinha aveludada pronta para o show
Mulher que é 2 em 1 canta e dança, arrasou
Um viva para as mulheres 2 em 1

To pronta pra
To pronta pra
To pronta
Pra brilhar
To pronta pra
To pronta pra
To pronta
Pra brilhar

Brilha
Com minhas pernas posso tudo
Andar correndo pelo mundo
Somos poderosas, dançamos livres
Somos deusas, mulheres incríveis

Vovó, mamãe, irmã, sobrinha, prima, filha, amiga, vizinha

Toda vida são mulheres
Todas lindas são mulheres
Todas deusas são mulheres
Todas juntas são mulheres

Ai ai ai

To pronta pra
To pronta pra
To pronta
Pra brilhar
To pronta pra
To pronta pra
To pronta
Pra brilhar",pt
/ivete-sangalo/,Pulando na Pipoca (Com Ludmilla),/ivete-sangalo/pulando-na-pipoca-com-ludmilla.html,"Hoje eu saí despreocupada sem hora pra voltar
Avisa a minha mãe pra ela não me esperar
Vou dormir na minha amiga e hoje é só sucessada
Com a camisinha no bolso e a boquinha liberada

Pro futuro eu não sei
Só sei que eu sou tiete
No fervo da Ludmilla
Atrás do trio da Ivete

Me solta, me solta, me solta, me solta, me solta
Vou me jogar nessa festa e vou pulando na pipoca
Me solta, me solta, me solta, me solta
Vou me jogar nessa festa e vou pulando na pipoca

Me solta, me solta, me solta, me solta
Vou me jogar nessa festa e vou pulando na pipoca
Me solta, me solta, me solta, me solta
Vou me jogar nessa festa e vou pulando na pipoca

(Joga Ivete)
(Hey my darling Ludmilla)

Hoje eu saí despreocupada sem hora pra voltar
Avisa a minha mãe pra ela não me esperar
Vou dormir na minha amiga e hoje é só sucessada
Com a camisinha no bolso e a boquinha liberada

Pro futuro eu não sei
Só sei que eu sou tiete
No fervo da Ludmilla
Atrás do trio da Ivete

Me solta, me solta, me solta, me solta, me solta
Vou me jogar nessa festa e vou pulando na pipoca
Me solta, me solta, me solta, me solta
Vou me jogar nessa festa e vou pulando igual pipoca

Me solta, me solta, me solta, me solta
Vou me jogar nessa festa e vou pulando na pipoca
Me solta, me solta, me solta, me solta
Vou me jogar nessa festa e vou pulando na pipoca

Foi no mês de fevereiro
Que eu provei seu doce beijo
Mas passou e eu esqueci
Se eu não lembro, eu não fiz

Me solta, me solta, me solta, me solta, me solta
Vou me jogar nessa festa e vou pulando na pipoca
Me solta, me solta, me solta, me solta
Vou me jogar nessa festa e vou pulando igual pipoca

Me solta, me solta, me solta, me solta
Vou me jogar nessa festa e vou pulando na pipoca
Me solta, me solta, me solta, me solta
Vou me jogar nessa festa e vou pulando na pipoca",pt
/ivete-sangalo/,Puxa Puxa,/ivete-sangalo/puxa-puxa.html,"A banda vai tocar,
E o povo vai dançar,
Bem devagar,
Bem devagar,
Bem devagar,
E não vai querer parar,

O povo vai dançar,
Bem devagar,
Bem devagar,
Bem devagar,
E não vai querer parar,

Dança pai,
Dança filha,
O paquera da vizinha,
O bochicho tá rolando,
E o povo perde a linha,

Puxa Puxa,
Vai e Vem,
Todo mundo se dá bem,
Agarrado, grudadinho,
Só não pode ficar sozinho,

Dança pai,
Dança filha,
O paquera da vizinha,
O bochicho tá rolando,
E o povo perde a linha,

Puxa Puxa,
Vai e Vem,
Todo mundo se dá bem,
Agarrado, grudadinho,
Só não pode ficar sozinho,

Vou te pegar, você vai ver,
Oi, oi, oi,
Vou te acariciar, você vai ver,
Oi, oi, oi,
Vou te amar, você vai ver,
Oi, oi, oi,
Dançar gostoso com você

Vou te pegar, você vai ver,
Oi, oi, oi,
Vou te acariciar, você vai ver,
Oi, oi, oi,
Vou te amar, você vai ver,
Oi, oi, oi,
Dançar gostoso com você,

A banda vai tocar,
E o povo vai dançar,
Bem devagar,
Bem devagar,
Bem devagar,
E não vai querer parar,

O povo vai dançar,
Bem devagar,
Bem devagar,
Bem devagar,
E não vai querer parar,

Dança pai,
Dança filha,
O paquera da vizinha,
O bochicho tá rolando,
E o povo perde a linha,

Puxa Puxa,
Vai e Vem,
Todo mundo se dá bem,
Agarrado, grudadinho,
Só não pode ficar sozinho,

Com você do meu lado,
Meu prazer é dobrado,
Esse seu beijo quente,
Me leva a loucura,

Com você do meu lado,
Meu prazer é dobrado,
Ai que bom, que delícia,
Te quero doçura.",pt
/ivete-sangalo/,Quanto Ao Tempo,/ivete-sangalo/quanto-ao-tempo.html,"Lágrimas não são forever
Dores já não são together
Quando a gente ama, espera
Um dia assim chegar, chegou

(É) Eu já sei como iluminar a nossa fonte
(É) Eu já consigo ir além do horizonte
(É) E os detalhes tão pequenos de nós dois
Ficaram pra depois
depois, depois, depois, depois
(É) Sonhei de tudo, como um dia de domingo
(É) E o que vier para nós dois, será bem-vindo
(É) Só não demore, quanto ao tempo, pra chegar
Chegou

Quanto ao tempo te esperei
E o passado assim, passou
Hoje o céu mudou de tom
Pra falar do nosso amor
Acho que chorei igual
Com a chuva no quintal
Acho que sonhei do bom
Hoje o céu mudou de tom

(É) Eu já sei como ir além do horizonte
(É) Eu já consigo iluminar a nossa fonte
(É) E os detalhes tão pequenos de nós dois
Ficaram pra depois
depois, depois, depois, depois
(É) Sonhei de tudo, como um dia de domingo
(É) E o que vier para nós dois será bem-vindo
(É) Só não demore, quanto ao tempo, pra chegar
Chegou

My eyes to see you
But I need
To believe it's true
Maybe my love likes crazy
Love is you, is you, is you, is you
And me and you
If I don't know how good it is

Só não demore quanto ao tempo pra chegar

Chegou..







By Décio Callado",pt
/ivete-sangalo/,Quer Que Eu Vá,/ivete-sangalo/quer-que-eu-va.html,"Quer que eu vá
Se lá pra quê
Sem me enganar
Me dá o porque

Se eu me lembro o que passou
Se eu nem sei aonde vou
So me diz o que fazer
Pra esquecer essa dor

Se a hora era agora
Se perdeu no momento
O nosso tempo já passou

Se eu nem sei pra onde ir
Nem ao menos quem eu sou

Quer que eu vá ...",pt
/ivete-sangalo/,Quero Calor,/ivete-sangalo/quero-calor.html,"Queria que você ficasse
Eu queria que você viesse
Eu queria que você mudasse
Fora de mim você não tem lugar
O seu hálito é na minha pele
Seu sorriso é interior
Paraíso descontaminado
Quero tudo isso pelo teu valor

Eu quero calor
Eu quero calor
Eu quero calor
Eu quero paixão
Eu quero razão
Eu quero você para amar

Eu queria estrada para andar
E brilhar no céu da sua boca
Eu queria essa loucura louca
Ô, amor, me conte, venha me ajudar
Traduzindo o passar das horas
Eu preciso te pegar na escola
Eu preciso estar na tua cola
Só no sentido de te namorar

Eu quero calor
Eu quero calor
Eu quero calor
Eu quero paixão
Eu quero razão
Eu quero você para amar",pt
/ivete-sangalo/,Qui Belê,/ivete-sangalo/qui-bele.html,"Olha qui belê, qui belê, qui belê, qui beleza
Que beleza te beijar, que beleza te amar
Olha qui belê, qui belê, qui belê, que beleza
Que beleza ver você curtir comigo agora

Sei que esse amor não tem limites
Pra sonhar com algo muito especial
Quando estamos juntos, acredite,
Minha vida vira um carnaval

O seu beijo doce me enlouquece
Fica toda a pele, todo o meu prazer
Todo dia quando anoitece
Joga pra cima, pula comigo!

Olha qui belê, qui belê, qui belê, que beleza
Que beleza te beijar, te amar
Olha qui belê, qui belê, qui belê, que beleza
Que beleza é ver você curtir comigo agora (2X)

Sei que esse amor não tem limites
Pra sonhar com algo muito especial
Quando estamos juntos, acredite,
Minha vida vira um carnaval

O seu beijo doce me enlouquece
Fica toda a pele, todo o meu prazer
Todo dia quando anoitece
Eu quero os braços no céu, pulando comigo!

Olha qui belê, qui belê, qui belê, que beleza
Que beleza te beijar, te amar
Olha qui belê, qui belê, qui belê, que beleza
Que beleza é ver você curtir comigo agora (3X)",pt
/ivete-sangalo/,Química do Amor,/ivete-sangalo/quimica-do-amor.html,"Queria ser um peixe,
E mergulhar no seu aquário
Queria ser a data,
Pra marcar seu calendário
Eu e você, espera pra ver

Que tal a gente agora misturar a nossa cor,
Pra ver a combustão, a química do nosso amor
Eu e você, quer pagar pra ver?

Me diga, que você vai entrar na minha vida
Que eu sou sua musa preferida
Diga que sou seu bem me quer
Seu anjo, sua fada,
O que você quiser

Fala, no meu ouvido bem baixinho que me ama
E me leva de uma vez pra sua cama
Me dá uma noite de prazer,
Eu topo tudo com você...

Refrão
Vamo embora, não demora
Eu quero ser o seu amor, ooh ooh
Tô louco pra me entregar, aah aah
E aí paixão, o meu coração
Tá xonado de tanto desejo

Eu quero ser o seu amor, ooh ooh
Tô louca pra me entregar, aah aah
Tudo que eu quero agora,
é tá contigo e te amar

Me diga, que você vai entrar na minha vida
Que eu sou sua musa preferida
Diga que sou seu bem me quer,
Seu anjo, sua fada
Sou o que você quiser

Fala no meu ouvido bem baixinho que me ama,
E me leva de uma vez pra sua cama
Me dá uma noite de prazer,
Eu topo tudo com você...

Refrão
Vamo embora, não demora
Eu quero ser o seu amor, ooh ooh
Tô louco pra me entregar, aah aah
E ai paixão, o meu coração
Tá xonado de tanto desejo

Eu quero ser o seu amor, ooh ooh
Tô louca pra me entregar, aah aah
Tudo o que eu quero agora,
É estar contigo e te amar
Tudo que eu quero agora,
É estar contigo e te amar!",pt
/ivete-sangalo/,Quisiera Ser (Part. Alejandro Sanz),/ivete-sangalo/quisiera-ser-part-alejandro-sanz.html,"Quisiera ser el dueño del pacto de tu boca
Quisiera ser el verbo al que no invitas
A la fiesta de tu voz
Te has preguntado alguna vez, di la verdad
Si siente el viento, debajo de tu ropa
Cuando te bañas en el mar desnuda
Y te acaricia el cuerpo en la fiesta de tu piel

Se sentirá la sal, las olas
Sentirá la arena, me da pena

Quisiera ser al aire que escapa de tu risa
Quisiera ser la sal para escocerte en tus heridas
Quisiera ser la sangre que envuelves con tu vida
Quisiera ser el sueño que jamás compartirías
Y el jardín de tu alegría, en la fiesta de tu piel
Son esos besos que ni frío ni calor
Pero si son de tu boca, también los quiero yo

Quisiera ser sincero
Apuesto a que te pierdo
En esta frase sólo pido tu perdón
Por qué no escribo algo mejor, ay yo no sé
Me has preguntado alguna vez
Por preguntar, qué es lo que quiero
Por qué motivo he dibujado el aire
Que jugaba a ser silencio
Si en realidad te entiendo o sólo nos queremos
Y si a la noche como a mí le duele tanto
Desear de lejos",es
/ivete-sangalo/,Real Fantasia,/ivete-sangalo/real-fantasia.html,"Vai na pipoca,
E vai no bloco,
Vai na pipoca,
E vai no bloco,
Vai na pipoca,
E vai no bloco,
Vai na pipoca,
E vai no bloco,

De abadá,
De colar,
Vai de Ghandi,
Turbante elegante,
Brasil tropical,

Faz um gol,
Faz amor,
Dá um show,
Que a ôla chegou,
Vamos comemorar.

De abadá,
De colar,
Vai de Ghandi,
Turbante elegante,
Brasil tropical,

Faz um gol,
Faz amor,
Dá um show,
Que a ôla chegou,
Vamos comemorar.

Vim dizer,
Pra você,
Que encontrei,
A Real Fantasia,
Hoje é você.

Refrão
Deu água na boca,
Água na boca,
Água na boca,
Vou ficar com você,

Água na boca,
Água na boca,
Água na boca,
Fantasia é você. (bis)

Vai na pipoca,
E vai no bloco,
Vai na pipoca,
E vai no bloco,
Vai na pipoca,
E vai no bloco,
Vai na pipoca,
E vai no bloco,

De abadá,
De colar,
Vai de Ghandi,
Turbante elegante,
Brasil tropical,

Faz um gol,
Faz amor,
Dá um show,
Que a ôla chegou,
Vamos comemorar.

De abadá,
De colar,
Vai de Ghandi,
Turbante elegante,
Brasil tropical,

Faz um gol,
Faz amor,
Dá um show,
Que a ôla chegou,
Vamos comemorar.

Vim dizer,
Pra você,
Que encontrei,
A Real Fantasia,
Hoje é você.

Refrão
Deu água na boca,
Água na boca,
Água na boca,
Vou ficar com você,

Água na boca,
Água na boca,
Água na boca,
Fantasia é você.

Deu água na boca,
Água na boca,
Água na boca,
Vou ficar com você,

Água na boca,
Água na boca...

Sai da frente!

Vim dizer,
Pra você,
Que encontrei,
A Real Fantasia,
Hoje é você.

Refrão
Deu água na boca,
Água na boca,
Água na boca,
Vou ficar com você,

Água na boca,
Água na boca,
Água na boca,
Fantasia é você. (bis)",pt
/ivete-sangalo/,Retratos E Canções,/ivete-sangalo/retratos-e-cancoes.html,"Hoje eu me peguei
Pensando em você
Te amo e nem sei como eu amo (coisas do amor)

Quero não lembrar
Que, às vezes, sem querer
Me apanho falando em você
Lembranças de nós dois
(retratos e canções)

Um filme de amor
Que nunca chega ao fim
Quem sabe se você
Ainda pensa em mim

Te amo e nem sei como
Eu amo
Dói no coração

Às vezes que eu lembrar
Te amo e não quero te amar
Quero não lembrar...",pt
/ivete-sangalo/,Ritmo Gostoso,/ivete-sangalo/ritmo-gostoso.html,"Tá, tá, tá, tá
Tá, tá um ritmo gostoso
Tá, tá, tá, tá
Tá, tá um ritmo gostoso

Esse clima tá tão bom
Esse clima ta legal
Essa gente tem axé
Essa gente tem astral
Êta turma animada
Êta gente sensual
Arrepia o corpo todo
Que galera genial

Tá, tá, tá, tá
Tá, tá um ritmo gostoso (Eu quero ouvir você cantar)

Vumbora, vumbora, vumbora, vumbora, vumbora curtir (vumbora)
Vumbora, vumbora, vumbora, vumbora, vumbora curtir (vumbora)
A festa é nossa e o som é pra se divertir",pt
/ivete-sangalo/,Romance Muito Louco,/ivete-sangalo/romance-muito-louco.html,"Ai que vontade de te ver
Te abraçar e te beijar
Te amassar e te morder

Deixa marcas no pescoço
Um romance muito louco
Tudo em nome do prazer

Um gostoso tempero é você
Quem vai me dar
Eu quero um aconchego pra poder
Me acomodar

Se não me der eu choro
Adormeço no teu colo
Pra poder me acostumar

Meu amor
Eu quero me enrroscar
Nesse teu corpo

Eu quero te amar e te amar
Um momento só não dá
Um beijo só é muito pouco

uê lá lá lá lá lá uêrará
oh lá lá lá lá lá lá uêrará
No balanço da rede
Seu carinho no aconchego
E que vai me consolar",pt
/ivete-sangalo/,Rosa Roseira,/ivete-sangalo/rosa-roseira.html,"Eu tiro uma rosa da roseira
E levo pra te apresentar
Canto, canto olê mulher rendeira
Faço tudo pra te agradar

Vem
Vem provar do meu amor
Vem
Vem provar do meu amor

Não tem tempo ruim
Não tem ladeira
Que me impeça de te encontrar
Não guardo amor na geladeira
Amor foi feito, foi, pra se dar

Vem meu tindolelê
Meu tindolelê
Meu tindolelê",pt
/ivete-sangalo/,Ruas E Rios,/ivete-sangalo/ruas-e-rios.html,"Saberá as boas novas e o sol
De bronze a pele incendiou
Amor, quarenta graus
Haverá um ponto sempre a discutir

Melhor lugar que esse aqui
Prefiro duvidar
Vai e vem
Esse quarenta é mais que cem

Calor de terra boa, terra boa, amor
Quem já viu
Ribeira na boca, do Rio Vermelho de canoa
De canoa, eu vou

Vou remando pra Cidade Alta
Escorregando pra Cidade Baixa
Nesse reggae pense, leve e veja
Ruas, quase rios de beleza

Up and down, up and down
Here and now, here and now",pt
/ivete-sangalo/,Sá Marina,/ivete-sangalo/sa-marina.html,"Descendo a rua da ladeira
Só quem viu que pode contar
Cheirando a flor de laranjeira
Sá Marina vem pra cantar
De saia branca costumeira
Gira o sol que parou pra olhar
Com seu jeitinho tão faceira
Fez o povo inteiro cantar

Roda pela vida afora
E põe pra fora, essa alegria
Dança que amanhece o dia pra se cantar
Dança que essa gente aflita
Se agita e segue, no seu passo
Mostra toda essa poesia no olhar

Descendo a rua da ladeira
Só quem viu que pode contar
Cheirando a flor de laranjeira
Sá Marina vem pra dançar
De saia branca costumeira
Gira o sol que parou pra olhar
Com seu jeitinho tão faceira
Fez o povo inteiro cantar

E fez o povo inteiro cantar
E fez o povo inteiro cantar
E fez o povo inteiro cantar

Roda pela vida afora
E põe pra fora, essa alegria
Dança que amanhece o dia pra se cantar
Dança que essa gente aflita
Se agita e segue, no seu passo
Mostra toda essa poesia no olhar

Deixando os versos na partida
E só cantigas pra se cantar
Naquela tarde de domingo
Fez o povo inteiro cantar

E fez o povo inteiro cantar
E fez o povo inteiro cantar
E fez o povo inteiro cantar",pt
/ivete-sangalo/,Saudade Chama Por Você (com Mestrinho),/ivete-sangalo/saudade-chama-por-voce-com-mestrinho.html,"Sofra não, meu bem
Te deixei, precisei ir
Mas aqui dentro é um choro só
Sem você
Vou sofrer, vou chorar
Que eu ainda lhe amo, tanto, tanto
Eu ainda te quero, todo tempo
Me espere que eu vou voltar

Que é seu o meu coração
E é meu o seu
Nós dois num só
Amanheceu no meu sertão
Saudade chama por você

Sofra não, meu bem
Te deixei, precisei ir
Mas aqui dentro é um choro só
Sem você
Vou sofrer, vou chorar
Eu ainda lhе amo, tanto, tanto
Eu ainda te quero, todo tempo (еu ainda te quero, todo tempo)
Me espere que eu vou voltar (me espere que eu vou voltar)

Porque é seu o meu coração (uhm, uhm)
E é meu o seu
Nós dois num só
Amanheceu no meu sertão (amanheceu no meu sertão)
Saudade chama por você (saudade chama por você)



Porque é seu (porque é seu)
O meu coração (o meu coração)
E é meu o seu
Nós dois num só
Amanheceu no meu sertão (amanheceu no meu sertão)
Saudade chama por você (ah-ah, ô, se chama)

Aha
Umde-adá, umde-adá
Uh, uh, uh
Larara-ruera-era
Larara-nu-uhm-uhm
Umde-adá, umde-adá, umde-adá, umde-adá",pt
/ivete-sangalo/,Se Eu Não Te Amasse Tanto Assim / Quando a Chuva Passar,/ivete-sangalo/se-eu-nao-te-amasse-tanto-assim-quando-a-chuva-passar.html,"Meu coração
Sem direção
Voando só por voar
Sem saber onde chegar
Sonhando em te encontrar
E as estrelas
Que hoje eu descobri
No seu olhar
As estrelas vão me guiar

Se eu não te amasse tanto assim
Talvez perdesse os sonhos
Dentro de mim
E vivesse na escuridão
Se eu não te amasse tanto assim
Talvez não visse flores
Por onde eu vi
Dentro do meu coração

***

Pra quê falar?
Se você não quer me ouvir
Fugir agora não resolve nada

Mas não vou chorar
Se você quiser partir
Às vezes a distância ajuda

E essa tempestade um dia vai acabar
Só quero te lembrar
De quando a gente andava nas estrelas
Nas horas lindas que passamos junto
A gente só queria amar e amar e hoje eu tenho certeza

A nossa história não termina agora
Porque essa tempestade um dia vai acabar

Quando a chuva passar
Quando o tempo abrir
Abra a janela e veja eu sou o sol
Eu sou céu e mar
Eu sou seu e fim
E o meu amor é imensidão

Quando a chuva passar",pt
/ivete-sangalo/,Segredo (Part. Djavan),/ivete-sangalo/segredo-part-djavan.html,"Desses olhos
Tenho medo
Quer dizer tudo
Tudo é segredo
Vejo em sua cor
Que tudo será triste
Se um dia eu deixar de te ver

O teu beijo
Eu invento
Na sala escura
Do sentimento
Quando bate a dor
Eu sei que o amor existe
E onde vive que eu chamo
E não vem

Sofrer, cantar
Socorrer, fugir da paixão
Pra que?
Mesmo onde há certeza de dores
Que flores dão
Que nem de algodão
Vago em teu calor

Sou, sou tão leve
Se o amor é breve
Deixa nascer
Pra ver",pt
/ivete-sangalo/,Sem o Seu Amor,/ivete-sangalo/100-o-seu-amor.html,"Sem o seu amor
Vou cair na solidão
Sem o seu amor
Vou grudar, pegar na mão
Sem o seu amor
Vou cair na folia
Sem o seu amor
Vou tá só com alegria

Sem o seu amor
Vou cair na solidão
Sem o seu amor
Vou grudar, pegar na mão
Sem o seu amor
Vou cair na folia
Sem o seu amor
Vou tá só com alegria

Não saio em contramão
Aceito acarajé
Mas não caldo de onda
Mão é garfo e é colher

Fiquei no orelhão
Cadê, cadê você?
Liguei só por saudade
Meu bem, quero te ver",pt
/ivete-sangalo/,Seus Planos,/ivete-sangalo/seus-planos.html,"Queira meu amor
Vem ser meu amor
Todo meu amor seja
Sinto que bateu direto no meu coração

Cuide desse amor
Viva esse amor
Beije minha boca e veja
Sei que a gente vai dar certo pegue minha mão

Quero caminhar junto
Descobrindo tudo que te agrada
E gritar bem alto que eu te amo
E todo mundo ouvir

Só de imaginar a gente navegar
Com você vai ser louco
Deitar na areia vendo a lua aparecer

Hoje eu não durmo. Hoje eu não durmo

Passar o tempo te admirando
Deixa eu cuidar do teu sono
Deixa eu cuidar de você
Entrar devagarinho nos seus sonhos
Eu vou invadir os seus planos
Vou te ensinar a viver",pt
/ivete-sangalo/,Si No Te Amase Tanto Así,/ivete-sangalo/si-no-te-amase-tanto-asi.html,"Mi corazón sin dirección
Volando solo por volar
Sin saber donde llegar
Soñando con encontrar
Las estrellas
Que hoy yo descubrí en tu mirar
Las estrellas van a guiar

Si no te amase tanto así
Tal vez perdiera el sueño
Dentro de mí
Yo vivo en la oscuridad
Si no te amase tanto así
Tal vez no vi las flores
A donde fui
Dentro de mi corazón

Hoy yo sé que te amé
El viento de un temporal
Más fue más, mucho más
El tiempo del vendaval
Los deseos
En un beso
Que jamás probé yo igual
Las etrellas la señal

Si no te amase tanto así
Tal vez perdiera el sueño
Dentro de mí
Yo vivo en la oscuridad
Si no te amase tanto así
Tal vez no vi las flores
A donde fui
Dentro de mi corazón",es
/ivete-sangalo/,Sintonia E Desejo,/ivete-sangalo/sintonia-e-desejo.html,"Toda hora me vem um desejo
Até a lua sabe o segredo de nós dois
A lenda de um amor
Reduto de paixão e prazer...
Fogo que me acende e me queima
Essa loucura toda que eu só sinto por você
Ainda sei de cor
Seu jeito, seu gemido e seu cheiro...

Olha...
Faça valer a nossa história
Nossos momentos bons de glória e paz
De sintonia e desejo...

O meu coração cheio de paixão
Bate por você
Preciso te dizer te amo...
Uuhhh
O meu coração cheio de paixão
Bate por você
Preciso te dizer te amo
Uuhhh

Toda hora me vem um desejo
Até a lua sabe o segredo de nós dois
A lenda de um amor
Reduto de paixão e prazer...
Fogo que me acende e me queima
Essa loucura toda que eu sinto por você
Ainda sei de cor
Seu rosto, seu gemido e seu cheiro...

Olha...
Faça valer a nossa história
Nossos momentos bons de glória e paz
De sintonia e desejo...

O meu coração cheio de paixão
Bate por você
Preciso te dizer eu te amo...
Uuhhh
O meu coração cheio de paixão
Bate por você
Preciso te dizer te amo
Uuhhh
Eu te amo..",pt
/ivete-sangalo/,Só Nós Dois,/ivete-sangalo/so-nos-dois.html,"Ná, ná, ná, ná, ná, ná, ná... (bis)

Tô querendo te ter por muitos dias,
Não é fácil esquecer seus beijos de amor,
É loucura viver essa agonia,
Tô trocando os sonhos de uma vida
Pra te ter um dia. (bis)

Vou andar a noite na cidade e
acender um sonho com você,
Vou ganhar a felicidade,
Tô chegando aí pra decidir,
Só preciso te encontrar.

Refrão
Eu vou, te buscar,
Nem que dure a vida inteira,
Merecemos tanto esse amor,
Eu vou, te levar,
Pra viver uma vida inteira,
Só nós dois. (bis)

Tô querendo te ter por muitos dias,
Não é fácil esquecer seus beijos de amor,
É loucura viver essa agonia,
Tô trocando os sonhos de uma vida
Pra te ter um dia.

Vou andar a noite na cidade e
acender um sonho com você,
Vou ganhar a felicidade,
tô chegando aí pra decidir,
Só preciso te encontrar.

Refrão
Eu vou, te buscar,
Nem que dure a vida inteira,
Merecemos tanto esse amor,
Eu vou, te levar,
Pra viver uma vida inteira,
Só nós dois. (bis)

Ná, ná, ná, ná, ná, ná, ná... (bis)

Vou andar a noite na cidade e
acender um sonho com você,
Vou ganhar a felicidade,
tô chegando aí pra decidir,
Só preciso te encontrar.

Refrão
Eu vou, te buscar,
Nem que dure a vida inteira,
Merecemos tanto esse amor,
Eu vou, te levar,
Pra viver uma vida inteira,
Só nós dois. (bis)

Ná, ná, ná, ná, ná, ná, ná... (bis)
( Eu vou te buscar)
Ná, ná, ná, ná, ná, ná, ná... (bis)
(Eu vou te levar)",pt
/ivete-sangalo/,Só Num Sonho,/ivete-sangalo/so-num-sonho.html,"Deixa como está
A história da gente já
Deu o que tinha que dar
Melhor não sofrer mais
Por isso
Eu sei que ainda te amo
E você sabe disso

É melhor pensar
Se a gente voltasse,
Tentasse ficar outra vez
Mas sem tantas promessas
Apenas querer um
ao outro como
Nunca fizemos

Vá
Siga o seu caminho
Que aqui sozinho
Caminhando
Construo um outro
Mundo de ilusões
Faz
Tudo ficar mais fácil
Dizer adeus é tão difícil
E eu ainda te amo

Pra gente ser feliz
Só num sonho
Pra gente ser feliz
Só num sonho
Pra gente ser feliz

Sonho....",pt
/ivete-sangalo/,Só Pra Me Ver,/ivete-sangalo/so-pra-me-ver.html,"Me deixa cantar que a banda é boa
Me deixa cantar
Me deixa cantar que a vida é boa
Me deixa cantar
Me deixa cantar que a banda é boa
Me deixa cantar
Me deixa, me deixa

Primeiros acordes na avenida
E o povo se junta pra ver
Uma banda famosa da Terra
Hoje vai ter
A gente toca música boa
Que o povo gosta de cantar
Liberdade na voz dela que ecoa e balança

Primeiros tambores na avenida
E o povo se junta pra ver
Uma banda famosa da Terra
Hoje vai ter
A gente toca música boa
Que o povo gosta de cantar
Liberdade na voz dela que ecoa e balança

[REFRÃO]
Sou eu, sou eu, sou eu
Quem carrega a galera
Que dança, que passa
Que fica, que espera pra ver
Só pra me ver

Sou eu, sou eu, sou eu
Quem carrega a negada
Que dança, que passa
Que fica parada pra ver
Só pra me ver
(Diga sou eu)
[BIS 2x]

Primeiros tambores na avenida
E o povo se junta pra ver
Uma banda famosa da Terra
Hoje vai ter
A gente toca música boa
Que o povo gosta de cantar
Liberdade na voz dela que ecoa e balança

[REFRÃO] [BIS 4x]

Me deixa cantar que a banda é boa
Me deixa cantar
Me deixa cantar que a vida é boa
Me deixa cantar
Me deixa cantar que a banda é boa
Me deixa cantar
Me deixa cantar que a banda é boa
Me deixa cantar",pt
/ivete-sangalo/,Só Um Sonho,/ivete-sangalo/so-um-sonho.html,"Deixa como está,
A história da gente já deu,
O que tinha que dá,
Melhor não sofrer mais por isso,
Eu sei que ainda te amo,
E você sabe disso.

É melhor pensar,
Se a gente voltasse, tentasse ficar outra vez,
Mas sem tantas promessas,
Apenas querer um ao outra,
Como nunca fizemos.

Refrão
Vá,
Siga o seu caminho,
Que aqui sozinho caminhando,
Construo um outro mundo de ilusões.
Faz,
Tudo ficar mais fácil,
Dizer adeus é tão difícil,
E eu ainda te amo, amo.

Eu amo...

Deixa como está,
A história da gente já deu,
O que tinha que dá,
Melhor não sofrer mais por isso,
Eu sei que ainda te amo,
E você sabe disso.

É melhor pensar,
Se a gente voltasse, tentasse ficar outra vez,
Mas sem tantas promessas,
Apenas querer um ao outra,
Como nunca fizemos.

Refrão
Vá,
Siga o seu caminho,
Que aqui sozinho caminhando,
Construo um outro mundo de ilusões.
Faz,
Tudo ficar mais fácil,
Dizer adeus é tão difícil,
E eu ainda te amo...

Vá,
Siga o seu caminho,
Que aqui sozinho caminhando,
Construo um outro mundo de ilusões.
Faz,
Tudo ficar mais fácil,
Dizer adeus é tão difícil,
E eu ainda te amo, amo.

Pra gente ser feliz, só um sonho,
Pra gente ser feliz, só um sonho,
Pra gente ser feliz, sonho.",pt
/ivete-sangalo/,Somente Eu E Você,/ivete-sangalo/somente-eu-e-voce.html,"Foi culpa da lua
Eu te perceber
A culpa foi sua
Me fez querer você

Ainda te ouço
Me dizendo assim
Me abrace, depressa
Você é feito pra mim

Diz, haja o que for
Ou o que houver
Que o seu coração
Vai estar onde o meu estiver

Se a culpa é da lua
Quando ela acender
Vai brilhar somente


Pra mim e pra você

Foi culpa da lua
Eu te perceber
A culpa foi sua
Me fez querer você

Se a culpa é da lua
Quando ela acender
Vai brilhar lembrando
Somente Eu e Você",pt
/ivete-sangalo/,"Soy Loco Por Ti, America",/ivete-sangalo/soy-loco-por-ti-america.html,"Soy loco por ti, América,
yo voy traer una mujer playera
Que su nombre sea Marti,
que su nombre sea Marti
Soy loco por ti de amores tenga como
colores la espuma blanca de Latinoamérica
Y el cielo como bandera,
y el cielo como bandera
Soy loco por ti, América,
soy loco por ti de amores
Sorriso de quase nuvem,
os rios, canções, o medo
O corpo cheio de estrelas,
o corpo cheio de estrelas
Como se chama a amante desse país sem nome,
esse tango, esse rancho,

Esse povo, dizei-me, arde
o fogo de conhecê-la,
o fogo de conhecê-la

Soy loco por ti, América,
soy loco por ti de amores
El nombre del hombre muerto ya no se puede decirlo,
quién sabe?
Antes que o dia arrebente,
antes que o dia arrebente
El nombre del hombre muerto antes que a
definitiva noite se espalhe em Latinoamérica
El nombre del hombre es pueblo,
el nombre del hombre es pueblo

Soy loco por ti, América,
soy loco por ti de amores
Espero a manhã que cante,
el nombre del hombre muerto
Não sejam palavras tristes,
soy loco por ti de amores
Um poema ainda existe com palmeiras,
com trincheiras, canções de guerra
Quem sabe canções do mar, ai,
hasta te comover, ai, hasta te comover

Soy loco por ti, América,
soy loco por ti de amores
Estou aqui de passagem,
sei que adiante um dia vou morrer
De susto, de bala ou vício,
de susto, de bala ou vício
Num precipício de luzes entre saudades,
soluços, eu vou morrer debruços
Nos braços, nos olhos,
nos braços de uma mulher,
nos braços de uma mulher
Mais apaixonado ainda dentro dos braços da camponesa,
guerrilheira
Manequim, ai de mim, nos braços de quem me queira,
nos braços de quem me queira

Soy loco por ti, América,
soy loco por ti de amores",pt
/ivete-sangalo/,"Tá Solteira, Mas Não Tá Sozinha (Part. Xanddy)",/ivete-sangalo/ta-solteira-mas-nao-ta-sozinha-part-xanddy.html,"Lá vem ela
Lá vem ela
Lá vem ela
Lá vem ela
Lá vem ela
Lá vem ela
Ela

Lá vem ela (coro)
Lá vem ela
Lá vem ela
Lá vem ela
Lá vem ela
Lá vem ela
Ivete

Ela faz a passarela dela
Na avenida o comando é ela
Sabe causar
Sabe causar
Metendo dança vai até o chão

Bate cabelo
Mão no joelho
Sensualiza pra gente pirar
Blusa amarrada
Empoderada
Eta menina danada

É um palmo de short naquele decote
Bronze de resort não tem pra ninguém
Ela

Tem não pai!
Vem, vem, vem

Tá solteira, mas não tá sozinha
Tá solteira, mas não tá sozinha
Vá devagar com mainha
Vá devagar com mainha
Tá solteira, mas não tá sozinha
Tá solteira, mas não tá sozinha
Vá devagar com mainha
Vá devagar com mainha

Lá vem ela (coro)
Lá vem ela
Lá vem ela
É tudo da mãe
Lá vem ela
Lá vem ela
Lá vem ela
Juntas

Lá vem ela (coro)
Lá vem ela
Lá vem ela
Lá vem ela
Lá vem ela
Pode chegar
Lá vem ela
Ela

Sim
Ela faz a passarela dela
Na avenida o comando é ela
Sabe causar
Sabe causar
Metendo dança vai até o chão

Bate cabelo
Mão no joelho
Sensualiza pra gente pirar
Blusa amarrada
Empoderada
Eta menina danada

É um palmo de short naquele decote
Bronze de resort não tem pra ninguém
Ela

Tá solteira, mas não tá sozinha
Tá solteira, mas não tá sozinha
Vá devagar com mainha
Vá devagar com mainha
Tá solteira, mas não tá sozinha
Tá solteira, mas não tá sozinha
Vá devagar com mainha
Vá devagar com mainha

Tá solteira, mas não tá sozinha
Que é isso?
Tá solteira, mas não tá sozinha
Joga, joga, joga, joga
Vá devagar com a rainha
Vá devagar com a rainha
Uma salva de palmas pra ela
Tá solteira, mas não tá sozinha
Tá solteira, mas não tá sozinha
Vá devagar com mainha
Vá devagar com a rainha

Lá vem ela (coro)
Lá vem ela
Lá vem ela
Rainha poderosa
Lá vem ela
Lá vem ela
Lá vem ela
Ela
Essa mulher é espetacular!
Lá vem ela (coro)
Lá vem ela
Lá vem ela
Lá vem ela
Lá vem ela
Ela tá no comando
Lá vem ela
Ivete
Que é isso?
Rainha",pt
/ivete-sangalo/,Tá Tudo Bem,/ivete-sangalo/ta-tudo-bem.html,"Chegou e me levou como uma onda
Pintou e conquistou meu coração
Não consigo esquecer, aquele beijo na beira do mar,não
Sem o teu calor eu fico tonta
Não consigo suportar a solidão
Sou jardim sem flor, lua sem amor, não tem graça não
Esquece o que ficou pra trás
Deixa o que passou pra lá e vem, correndo pros meus braços
Falar de amor é fácil, difícil é enganar o coração
Liga pra mim, diga que vem
Faz um carinho, sou seu neném
Fala baixinho, no meu ouvidinho, tá tudo bem, tá tudo bem
Liga pra mim, diga que vem
Faz um carinho, sou seu neném
Fala baixinho, no meu ouvidinho, tá tudo bem, tá tudo bem
Chegou e me levou como uma onda
Pintou e conquistou meu coração
Não consigo esquecer, aquele beijo na beira do mar,não
Sem o teu calor eu fico tonta
Não consigo suportar a solidão
Sou jardim sem flor, lua sem amor, não tem graça não
Esquece o que ficou pra trás
Deixa o que passou pra lá e vem, correndo pros meus braços
Falar de amor é fácil, difícil é enganar o coração
Liga pra mim, diga que vem
Faz um carinho, sou seu neném
Fala baixinho, no meu ouvidinho, tá tudo bem, tá tudo bem
Liga pra mim, diga que vem
Faz um carinho, sou seu neném
Fala baixinho, no meu ouvidinho, tá tudo bem, tá tudo bem",pt
/ivete-sangalo/,Take You To Rio (eu Vou Te Levar Pro Rio),/ivete-sangalo/take-you-to-rio-eu-vou-te-levar-pro-rio.html,"Eu vou te levar pro Rio
Na melodia de um assovio
Vem pelo mar no meu navio
O, o, o, o – Na, na, na

Vem, é só chegar pela terra, pelo mar
Rio, Rio-o, Rio, Ri-o
Romance no ar, você vai se apaixonar
Rio, Rio-o, Rio, Ri-o
É tanta luz ao meu redor, não podia ser melhor
Rio, Rio-o, Rio, Ri-o
Sorriso vem e não quer voltar, fica bem no seu olhar
Rio, Rio-o, Rio, Ri-o

Vamos dançar, vamos pra rua
Com quem você quiser
Deixa eu te levar, que a gente flutua
A, a, o, o, o
(refrão 2x)

Vejo no seu andar, nem precisa me falar
Rio, Rio-o, Rio, Ri-o
Ouço você cantar e eu não quero ouvir parar
Rio, Rio-o, Rio, Ri-o
É tanta luz ao meu redor, não podia ser melhor
Rio, Rio-o, Rio, Ri-o
Sorriso vem e não quer voltar, fica bem no seu olhar
Rio, Rio-o, Rio, Ri-o

Vamos dançar, vamos pra rua
Com quem você quiser
Deixa eu te levar, que a gente flutua
A, a, o, o, o
(refrão 2x)

Eu vou te levar pro Rio
Cidade maravilha de Janeiro
Onde só o coração é quem manda
E ele bate no ritmo do samba
Dance, dan, dan
Dance, dan, dan
Dance, dance
No ritmo do samba
Dance, dan, dan
Dance, dan, dan
Dance, dance
No ritmo do samba
(refrão 3x)",pt
/ivete-sangalo/,Tanta Saudade,/ivete-sangalo/tanta-saudade.html,"Era tanta saudade
É pra matar
Eu fiquei até doente
Eu fiquei até doente, menina
Se eu não mato a saudade
É deixa estar
A saudade mata a gente
A saudade mata a gente

Quis saber o que é o desejo
De onde ele vem
Fui até o centro da terra
E é mais além
Procurei uma saída
O amor não tem
Estava ficando louco
Louco, louco de querer bem
Quis chegar até o limite
De uma paixão
Baldear o oceano
Com a minha mão
Encontrar o sal da vida
E a solidão
Esgotar o apetite
Todo o apetite do coração

Mas voltou a saudade
É pra ficar
Ai eu encarei de frente
Ai eu encarei de frente, menina
Se eu ficar na saudade
É deixa estar
A saudade engole a gente
A saudade engole a gente, menina

Ai amor, miragem minha
Minha linha do horizonte
É monte atrás de monte, é monte
A fonte nunca mais que seca
Ai, saudade, inda sou moço
Aquele poço não tem fundo
É um mundo e dentro um mundo
E dentro um mundo e dentro um mundo
E dentro é o mundo que me leva",pt
/ivete-sangalo/,Táxi Lunar,/ivete-sangalo/taxi-lunar.html,"Ela me deu o seu amor, eu tomei
No dia 16 de maio, viajei
Espaçonave atropelado, procurei
O meu amor aperreado

Apenas apanhei na beira-mar
Um táxi pra estação lunar
Apenas apanhei na beira-mar
Um táxi pra estação lunar

Bela linda criatura, bonita
Nem menina, nem mulher
Tem espelho no seu rosto de neve
Nem menina, nem mulher

Apenas apanhei na beira-mar
Um táxi pra estação lunar
Apenas apanhei na beira-mar
Um táxi pra estação lunar

Pela sua cabeleira, vermelha
Pelos raios desse sol, lilás
Pelo fogo do seu corpo, centelha
Belos raios desse sol

Apenas apanhei na beira-mar
Um táxi pra estação lunar
Apenas apanhei na beira-mar
Um táxi pra estação lunar

Ela me deu o seu amor, eu tomei
No dia 16 de maio, viajei
Espaçonave atropelado, procurei
O meu amor aperreado

Apenas apanhei na beira-mar
Um táxi pra estação lunar
Apenas apanhei na beira-mar
Um táxi pra estação lunar

Bela linda criatura, bonita
Nem menina, nem mulher
Tem espelho no teu rosto de neve
Nem menina, nem mulher

Apenas apanhei na beira-mar
Um táxi pra estação lunar
Apenas apanhei na beira-mar
Um táxi pra estação lunar

Apenas apanhei na beira-mar
Um táxi pra estação lunar
Apenas apanhei na beira-mar
Um táxi pra estação lunar

Apenas apanhei na beira-mar
Um táxi pra estação lunar",pt
/ivete-sangalo/,Te Quero Delícia,/ivete-sangalo/te-quero-delicia.html,"Delícia, Ai delícia, Ai delícia, Ai delica, Ai delícia, Ai delícia, Ai delícia, Ai Delícia, Te quero delícia, te quero delícia, te quero delícia, te quero Delícia Ai ai, Delícia, te quero delícia, te quero delícia, ai ai

Cheia de Fricote, menina veneno corpo de Mulher
Tem swing nas curvas, toda gostosa e cheia de Axé
Sua Malemolência querida, é de se apaixonar
Nêga que se garante, entra na roda e bota pra quebrar.

Tem melaço no beijo, rainha do prazer
Deusa da elegância, tô feito Criança querendo você!

Te quero Delícia, te quero delícia, te quero delícia, te quero delícia Ai ai, Delícia, te quero delícia, te quero delícia, te quero delícia ai ai.

E agora baba, baba baby baba, baba baby baba, baba baby
Quero você nesse verão
baba, baba baby baba, baba baby baba, baba baby baba

Te quero Delícia, te quero delícia, te quero delícia, te quero delícia Ai ai, Delícia, te quero delícia, te quero delícia, te quero delícia ai ai.

Cheia de Fricote, menina veneno corpo de Mulher
Tem swing nas curvas, toda gostosa e cheia de Axé
Sua Malemolência querida, é de se apaixonar
Nêga que se garante, entra na roda e bota pra quebrar.

Tem melaço no beijo, rainha do prazer
Deusa da elegância, Salvador, Psirico!!!!!

Te quero Delícia, te quero delícia, te quero delícia, te quero delícia Ai ai, Delícia, te quero delícia, te quero delícia, te quero delícia ai ai.

Baba, baba baby baba, baba baby baba, baba baby
Vou te enlouquecer nesse verão
baba, baba baby baba, baba baby baba, baba baby baba

Te quero Delícia, te quero delícia, te quero delícia, te quero delícia Ai ai, Delícia, te quero delícia, te quero delícia, te quero delícia ai ai.

Psirico Delícia!!!

By: berdnazze",pt
/ivete-sangalo/,Teleguiado,/ivete-sangalo/teleguiado.html,"Vai passar, tá passando, já passou
Não precisa gasolina
O combustível é nosso amor

Vai passar, tá passando, já passou
Corre corre pra esquina
Vai no pique do motor

No corredor
Tem euforia
Beija beijou
No calor, no calor

Sorria que é de graça
Que a vida tem sabor

Eu tô no bolo, bolo
Eu tô no meio
Meu coração acelerou
Ficou sem freio

Eu tô no bolo, bolo
Eu tô a mil
Teleguiado pelo som do trio

Eu tô no bolo, bolo
Eu tô no meio
Meu coração acelerou
Ficou sem freio

Eu tô no bolo, bolo
Eu tô a mil
Teleguiado pelo som do trio",pt
/ivete-sangalo/,Tenho Dito,/ivete-sangalo/tenho-dito.html,"É um caminhão de coisa boa
Suba se quiser
É um coração que bate à-toa, à-toa
Fuja se puder
É uma lambada na ?da boa?

Uma garota baila nua, na rua
Pairando sobre a maravilha, a lua
Ôh magia!
E a noite tropical seguia

Eu vou boiar
Desço pra afundar
Subo com a maré
Que a ralé me quer, quer

Calma, calma, mister
Calma com a banana
Vê se leva um abacaxi
Já senti que a mão que afaga
É a mesma que afana
Quem falou não está mais aqui",pt
/ivete-sangalo/,Teus Olhos (com Marcelo Camelo),/ivete-sangalo/teus-olhos-com-marcelo-camelo.html,"Teus olhos abrem pra mim
Todos os encantos
Teus olhos abrem pra mim

Teus olhos abrem pra mim
Todos os encantos bons
Tudo que se quer vai lá

Eu vi na terra
Você chegando assim
Assim, de um jeito tão sereno

Ai, ai, meu Deus do céu
Eu vivo sem pensar
Se sou só

Acho que não vou mais
Agora tudo tanto faz,
meu bem
Eu vi você passar
levando meu encanto

Caminho sem saber de mim
Eu vivo sem pensar
Se sou só
Ou sou mar

Mas eu conto com você
Pois enquanto eu não me resolver
Eu vou lá, eu vou lá
Mas enquanto eu não me resolver
Eu vou lá, eu vou lá",pt
/ivete-sangalo/,Tigresa,/ivete-sangalo/tigresa.html,"Uma tigresa de unhas negras e íris cor de mel
Uma mulher, uma beleza que me aconteceu

Esfregando a pele de ouro marrom do seu corpo contra o meu
Me falou que o mal é bom e o bem cruel

Enquanto os pelos dessa deusa tremem ao vento ateu
Ela me conta, sem certeza, tudo que viveu

Que gostava de política em mil novecentos e sessenta e seis
E hoje dança no Frenetic Dancing Days

Ela me conta que era atriz e trabalhou no ""Hair""
Com alguns homens foi feliz, com outros foi mulher

Que tem muito ódio no coração,
Que tem dado muito amor
E espalhado muito prazer e muita dor

Mas ela ao mesmo tempo diz que tudo vai mudar
Porque ela vai ser o que quis, inventando um lugar

Onde a gente e a natureza feliz
vivam sempre em comunhão
E a tigresa possa mais do que um leão

As garras da felina me marcaram o coração
Mas as besteiras de menina que ela disse não

E eu corri para o violão, num lamento,
e a manhã nasceu azul
Como é bom poder tocar um instrumento",pt
/ivete-sangalo/,Tô Na Rua,/ivete-sangalo/to-na-rua.html,"Tô na rua, na lua, no mar
Na ladeira
Tô na sua e quero te encontrar
De bobeira

Vou sair, vou passear
Tudo pode acontecer
E meu bem se eu te encontrar
Seu carinho vou querer

Vem cá bacana
Sinto que você me ama
Meu coração não se engana
Não dá prá disfarçar
Vamos embora nessa que é legal
Tá bom a bessa
Não deixe que nada impeça
E deixa o nosso amor rolar",pt
/ivete-sangalo/,Transformar (Com Calum Scott),/ivete-sangalo/transformar-com-calum-scott.html,"Vamos lá, chegou a hora
Nossa história é aqui e agora
Vamos transformar cada segundo
No melhor de nós pra todo mundo

Vamos lá, nossa mensagem
Soltar nossa voz, força e coragem
Vamos transformar cada segundo
No melhor de nós pra todo mundo

Cada sonho é uma esperança
Entre a dor e a alegria
Sempre nova a cada dia

Cada sonho tem seu preço
Cada fim tem recomeço
Cada um tem seu valor

Vai na boa, vai que dá
Vai na boa, vai que dá
Vai com força e com vontade
Inspirando emoções

Vai na boa, vai que dá
Vai na boa, vai que dá
Pelo sonho da igualdade
Em todos os corações

Oh, oh
Em todos os corações
Oh, oh

Ready, let's go
Right now, right here
Our body and soul
Making history

Transforming hearts
In every journey
Forever stars
This very moment

Sing out loud
Don't be afraid to try
Stand tall and proud
You were born to fly

Transforming hearts
In every journey
Forever stars
This very moment

Cause our hope will keep us dreaming
Every dream, a new beginning
Another lesson love is teaching

There's a price for our decisions
There's no difference, no division
Just believe it
Yes, you can!

We can do it, here we go
We can do it, here we go
We're each other inspiration
Together rising above

We can do it, here we go
We can do it, here we go
We're each other inspiration
Together rising above

We've got the power of love
Oh, oh

Vai na boa, vai que dá
Vai na boa, vai que dá
We're each other inspiration
Together rising above

We can do it, here we go
We can do it, here we go
Pelo sonho da igualdade
Em todos os corações

Oh, oh
Em todos os corações
Oh, oh",pt
/ivete-sangalo/,Trem das Onze,/ivete-sangalo/trem-das-onze.html,"CHORUS
Não posso ficar
Nem mais um minuto com você
Sinto muito amor
Mas não pode ser
Moro em Jaçanã
Se eu perder esse trem
Que sai agora às onze horas
Só amanhã de manhã

Mas Além disso mulher
Tem outras coisas
Minha mãe não dorme
Enquanto eu não chegar

Sou filho único
Tenho minha casa pra olhar
Sou filho único
Tenho minha casa pra olhar
Aqui nao Posso ficar

Faz, faz, faz faz faz faz, faz carinho dumdum,
Faz carinho dumdum, faz carim dumdum

(Demônios da Garoa)
CHORUS 2X

E Além disso mulher
Tem outra coisa
Minha mãe não dorme
Enquanto eu não chegar
Sou filho único
Tenho minha casa pra olhar

CHORUS

E Além disso mulher
Tem outra coisa
Minha mãe não dorme
Enquanto eu não chegar
Sou filho único
Tenho minha casa pra olhar

Faz, faz, faz faz faz faz, faz carinho dumdum,
Faz carinho dumdum, faz carim dumdum....




*Crucis",pt
/ivete-sangalo/,Tudo Bateu (Part. Vanessa da Mata),/ivete-sangalo/tudo-bateu-part-vanessa-da-mata.html,"Já bateu
No peito o que a gente viveu
Na noite passada, a gente na cama
E tudo bateu

Você nem lembrou de me telefonar
Só pra ter mais uma vez
Tudo aquilo que a gente fez
Mas o sol se foi
Levando um coração partido

Agora eu tô aqui
Chorando por gostar demais
Lembrando o que já foi
E o que não poderá mais ser
E você nem me olha mais
E a gente nunca mais se beijou, mеu bem
Meu bem

É só eu te abraçar
Pra tudo isso passar
É só você dizer que me quer bem
Eu volto pra você

É só eu te abraçar
Pra tudo isso passar (tudo vai passar)
E é só você dizer que me quer bem
Que eu volto pra você

Agora eu tô aqui
Chorando por gostar demais
Lembrando o que já foi
E o que não poderá mais ser
E você não me olha mais
E a gente nunca mais se beijou, mеu bem
Meu bem

É só eu te abraçar
Pra tudo isso passar
É só você dizer que me quer bem
Eu volto pra você

É só eu te abraçar
Pra tudo isso passar (pra tudo isso passar)
É só você dizer (é só você dizer) que me quer bem
Que eu volto pra você",pt
/ivete-sangalo/,Tudo Vai Dar Certo (Part. Agnes Nunes),/ivete-sangalo/tudo-vai-dar-certo-part-agnes-nunes.html,"Lá lá lá iá lá
Lá lá lá iá lá
Lá lá lá iá lá

Com você
Sempre vai dar certo
Com você
É tão assim, sei lá

Nada é melhor
Do que te ver sorrir e te beijar
Amo navegar
As minhas mãos nesse teu corpo mar

Quero te dizer
Que é impossível sem você
Vamos prometer viver esse amor para sempre

Lá lá lá iá lá
Lá lá lá iá lá
Lá lá lá iá lá
Luz do Sol, você chegando em casa

Lá lá iá lá
Lá lá iá lá
Lá lá iá lá
Te amo mais que posso

Com você
Sempre vai dá certo
Com você
É tão assim, sei lá

Nada é melhor
Do que te ver sorrir e te beijar
Amo navegar
As minhas mãos nesse teu corpo mar

Quero te dizer
Que é impossível sem você
Vamos prometer viver esse amor para sempre

Lá lá lá iá lá
Lá lá lá iá lá
Lá lá lá iá lá
Luz do Sol você chegando em casa

Lá lá lá iá lá
Lá lá lá iá lá
Lá lá lá iá lá
Eu te amo mais que posso

Lá lá lá iá lá
Lá lá lá iá lá
Lá lá lá iá lá
Luz do Sol você chegando em casa

Lá lá lá iá lá
Lá lá lá iá lá
Lá lá lá iá lá
Eu te amo mais que posso

Com você",pt
/ivete-sangalo/,"Tum, Tum, Goiaba",/ivete-sangalo/tum-tum-goiaba.html,"TUM, TUM, GOIABA



Fruta doce
Fruto dos meus sonhos
Cheira tão madura
Flor de todo encanto

Bago de jaca, manga, pinha
Vou te dar na boca

Bago de jaca, manga, pinha
Vou te dar na boquinha

Tum, tum, goiaba",pt
/ivete-sangalo/,Último Pau de Arara,/ivete-sangalo/ultimo-pau-de-arara.html,"A vida aqui só é ruim
Quando não chove no chão
Mas se chover dá de tudo
Fartura tem de montão
Tomara que chova logo
Tomara, meu Deus, tomara

Só deixo o meu Cariri
No último pau-de-arara
Só deixo o meu Cariri
No último pau-de-arara

Enquanto a minha vaquinha
Tiver o couro e o osso
E puder com o chocalho
Pendurado no pescoço
Vou ficando por aqui
Que Deus do céu me ajude
Quem sai da terra Natal
Em outro canto não para

Só deixo o meu Cariri
No último pau-de-arara
Só deixo o meu Cariri
No último pau-de-arara",pt
/ivete-sangalo/,Um Sinal,/ivete-sangalo/um-sinal.html,"Eu jamais quis deixar você ir
Mas quem de nós poderia saber?
O quanto difícil iria ser
Não ter sonhos pra compartilhar
Eu jamais quis deixar você ir
Mas quem de nós poderia saber?
O quanto difícil iria ser
Não ter sonhos pra compartilhar

Aquelas palavras não saem da minha cabeça
Embora eu queira que você se esqueça
Pra gente pintar um novo momento
Um recomeço já sem sofrimento
Vou aonde for pra te encontrar
Temos um horizonte além do mar
Ainda temos tanto amor pra dar

Mesmo com medo, eu quero me aventurar
E fica, e ficar
Me dê um sinal do que eu devo fazer
De como agir, me diz aí
Mesmo com medo, eu quero me aventurar
E fica, e ficar
Me dê um sinal do que eu devo fazer
De como agir, me diz aí
Pra deixar ser
O que tem que ser
Só eu e você
Eu e você",pt
/ivete-sangalo/,Um Sinal (Com Melim),/ivete-sangalo/um-sinal-com-melim.html,"Eu jamais quis deixar você ir
Mas quem de nós poderia saber
O quanto difícil iria ser
Não ter sonhos pra compartilhar

Eu jamais quis deixar você ir
Mas quem de nós poderia saber
O quanto difícil iria ser
Não ter sonhos pra compartilhar

Aquelas palavras não saem da minha cabeça
Embora eu queira que você se esqueça
Pra gente pintar um novo momento
Um recomeço já sem sofrimento
Vou aonde for pra te encontrar
Temos um horizonte além do mar
Ainda temos tanto amor pra dar

Mesmo com medo eu quero me aventurar
E ficar, e ficar
Me dê um sinal, do que eu devo fazer
De como agir, me diz aí

Mesmo com medo eu quero me aventurar
E ficar, e ficar
Me dê um sinal, do que eu devo fazer
De como agir, me diz aí

Pra deixar ser
Deixar ser
O que tem que ser
Só eu e você
Eu e você

Aquelas palavras não saem da minha cabeça
Embora eu queira que você se esqueça
Pra gente pintar um novo momento
Um recomeço já sem sofrimento
Vou aonde for pra te encontrar
Temos um horizonte além do mar
Ainda temos tanto amor pra dar

Mesmo com medo eu quero me aventurar
E ficar, e ficar
Me dê um sinal, do que eu devo fazer
De como agir, me diz aí

Pra deixar ser
Deixar ser
O que tem que ser
O que tem que ser
Só eu e você
Eu e você

Eu jamais quis deixar você ir
Jamais, jamais
Uh uh, uh uh",pt
/ivete-sangalo/,Vai Dar Certo,/ivete-sangalo/vai-dar-certo.html,"Bateu saudade do meu amor
Fiquei com medo da solidão
A paixão invadiu minha passarela
Olhe o cortejo do Curuzu

Paz e amor, muita canção
E a paixão invadiu minha passarela
Bateu saudade do meu amor
Fiquei com medo da solidão
A paixão invadiu minha passarela
Olhe o cortejo do Curuzu

Hoje eu sinto o teu beijo
Até tranço o teu cabelo
Vou te dar esse carinho

Vou, vou, vou, vou, vou
Vou atrás do meu amor
Vou, vou, vou, vou
Na batida do tambor
Vou, vou, vou
Te amando nesse samba

Vai dar certo
Namoro com desejo
Vai dar certo
Meu samba com teu beijo
Vai dar certo
Eu te amando nesse samba",pt
/ivete-sangalo/,Vale Mais,/ivete-sangalo/vale-mais.html,"Queria abrir meu coração
Contar verdade sobre mim
Parar de me sentir tão só
Sair um pouco e descobrir
Que vale mais
Correr atrás de um sonho
E ver o lado bom
Tentar sorrir e ser feliz

Eu vou mostrar
Você é o meu sonho bom
Realizar
As coisas que pensei pra nós
Te dar a mão
Deixar o tempo nos levar
E viajar, e viajar

2a parte (2x-Saulo)
Queria abrir meu coração
Contar verdade sobre mim
Parar de me sentir tão só
Sair um pouco e descobrir
Que vale mais
Correr atrás de um sonho
E ver o lado bom
Tentar sorrir e ser feliz

Refrão
Eu vou mostrar
Você é o meu sonho bom
Realizar
As coisas que pensei pra nós
Te dar a mão
Deixar o tempo nos levar
E viajar, e viajar

Viajar

Yeah yeah yeah

Yeah yeah uuuuuu

Refrão (2x)
Eu vou mostrar
Você é o meu sonho bom
Realizar
As coisas que pensei pra nós
Te dar a mão
Deixar o tempo nos levar
E viajar, e viajar

O o o ouououo o o

O o o ouououo oo

Pararara pararara

Vale mais
Sonho bom
Viajar
Vale mais
Yeah yeah",pt
/ivete-sangalo/,Vejo o Sol e A Lua,/ivete-sangalo/vejo-o-sol-e-a-lua.html,"Vem, levanta e vamos que o tempo passa,
As horas voam, não esperam ninguém,
Estamos longe da nossa igreja,
Ainda lembra que vamos casar,

Corre, corre, corre sem parar,
Sabe Deus, eu queria voar,
São tantas ruas e tão pouco ar,
Respira meu amor.

Estar contigo é um sonho,
E diante dos olhos do mundo,
Eu te digo sim!
Te quero muito.

Refrão
Seu amor me fez mais forte,
Você me deu tanta sorte,
Lá no fundo dos teus olhos,
Vejo o sol e a lua! (bis)",pt
/ivete-sangalo/,"Vem, Meu Amor / Nossa Gente (Avisa Lá) / de Ladinho / Arerê",/ivete-sangalo/vem-meu-amor-nossa-gente-avisa-la-de-ladinho-arere.html,"""VEM, MEU AMOR""
(Silvio e Guio)

Quando te vejo, paro logo em seu olhar
O meu desejo é que eu possa te beijar
Sentir seu corpo, me abrigar em seu calor
Pois o que eu quero é ganhar o seu amor

E fico assim querendo o seu prazer
Eu não consigo um minuto sem te ver
sua presença alegrar meu coração
É pra você que eu canto essa canção

Vem, meu amor, me tirar da solidão
Vem, meu amor, me tirar da solidão
Vem para o olodum, vem dançar no Pelô
Vem, meu amor, chega pra cá, me dá a mão

E fico assim querendo seu prazer
Eu não consigo um minuto sem te ver
sua presença alegra meu coração
É pra você que canto essa canção

--------------------------------------------------------

""NOSSA GENTE""
(Roque Carvalho)

Avisa lá que eu vou
Chegar mais tarde oh yes
Vou me juntar com o Olodum
Que é da Alegria
É denominado de vulcão
O estampido ecoou nos
Quatros cantos do mundo
Em menos de um minuto
Em segundos

Nossa gente é quem bendiz
É quem mais dança
O gringos se afinavam na folia
Os deuses igualando todo encanto
Toda dança

Rataplam dos tambores gratificam
Quem fica não pensa em voltar
Afeição à primeira vista
O beijo o batom que não vai mais soltar
A expressão do rosto identifica

Avisa lá, Avisa lá
Avisa lá, ô ô
Avila lá que eu vou

--------------------------------------------------------

""DE LADINHO""
(Léo Bit Bit/Gustavo De Dalva/Boghan)

Não vou ficar sozinha
É de ladinho que eu lhe acho
Não vou ficar sozinho
É de ladinho que eu lhe acho

Vou invadir o teu mundo
Vou beber da tua água
Teu gostinho no copinho
Me deixa apaixonada

O teu cheiro vem
Invadindo a praça
Sem convite, vem
E não fecha as portas

De lado eu vou
De lado eu vou
De lado eu vou
Com meu amor
Com meu amor
Com meu amor

--------------------------------------------------------

""ARERÊ""
(Alain Tavares e Gilson Babilônia)

O que mais quero nessa vida
Toda vida
É amar você
O seu amor é como uma chama acesa
Queima de prazer - de prazer

Queima de prazer, de prazer
Eu já falei com Deus
Que não vou te deixar
Vou te levar pra onde for
Qualquer lugar
Farei de tudo pra não te perder

Arerê, Arerê
Um lobby, um hobby
Um love com você

Arerê, Arerê
Um lobby, um hobby
Um love com você

cai, cai, cai, cai cai cai prá cá
ê, ê, ê
Tudo, tudo vai rolar
Arerê, Arerê",pt
/ivete-sangalo/,Verdadeiro Carnaval,/ivete-sangalo/verdadeiro-carnaval.html,"Quem dera
Nesse verão, quem dera
Com o seu amor de quebra
Chegasse a minha paz

Sem pressa
Sua beleza impera
Sem truque de novela
E tá fazendo o verdadeiro carnaval
Quem embala
Embalou...

Será que a gente
se deu bem ou se deu mal?

Como aquela donzela
Num mar de passarela
Não viu o ""Vai quem vem passar""

Perdeu o passo e o bonde ali
Mal pôde aproveitar de mim
Deixou, meu bem, a desejar

Será que a gente
Se deu bem ou se deu mal?
No verdadeiro carnaval
Será que a gente
se deu bem ou se deu mal?",pt
/ivete-sangalo/,Vira Vira,/ivete-sangalo/vira-vira.html,"Aqui você balança
Pro lado, pro lado, pro lado
Bota a mão no pescoço
Pro outro, pro outro, pro outro

Quero ver toda a galera dançando animada
Jogando os braços pra cima, olha o grito da massa
Quem tá de fora logo chega pra ver
A festa tá boa, se ligue, só falta você

Pra dançar, dançar, dançar
Rebola, bolabolê
Vê se desembola, não enrola
Quero ver tererê, tererê, tererê,

Eu quero ver você dançar de banda
Quero ver, quero ver
Todo mundo olhando
Quero ver, quero ver
E nesse vira, vira, vira, vira, vira, ê
E nesse vira, vira, vira, vira, vira, ê
_______________________________________________________________",pt
/ivete-sangalo/,Vírus da Alegria (nova Schin),/ivete-sangalo/virus-da-alegria-nova-schin.html,"O vírus da alegria me deixou assim
Pegou, contaminou
E toda essa magia tomou conta de mim
É o virus da alegria que chegou

Já se espalhou
Já se alastrou
Contagiou
O vírus da alegria leva o meu amor

Já se espalhou
Já se alastrou
Contagiou
O vírus da alegria leva o meu amor

E o meu coração então acelerou
Gostou, se apaixonou
E o ritmo pegou, levou, contagiou
Na onda da folia o povo balançou

Me pegou, me levou, me ganhou, tô a fim
Meu amor, meu calor
Swing, samba-reggae, samba e tamborim

O virus da alegria me deixou assim
Pegou, contaminou
E toda essa magia tomou conta de mim
É o virus da alegria que chegou

Já se espalhou
Já se alastrou
Contagiou
O vírus da alegria leva o meu amor

Já balançou
Já abalou
Abençou
O vírus da alegria leva o meu amor

Já se espalhou
Já se alastrou
Contagiou
O vírus da alegria leva o meu amor",pt
/ivete-sangalo/,Viver Com Amor,/ivete-sangalo/viver-com-amor.html,"Seja paciente
Não esquente a cabeça
Deixa a vida rolar!

Pode amar sem medo
Que a felicidade um dia chega
Mas não marca hora!

Tente abrir seu coração
Voar com os pés no chão
Não deixe virar a canoa!

Viver com amor! Ô Ô Uoooo!
Viver com amor! Ô Ô Uoooo!
Viver com amor! Ô Ô Uoooo!
Viver com amor! Ô Ô Uoooo!",pt
/ivete-sangalo/,"Você E Eu, Eu E Você",/ivete-sangalo/voce-e-eu-eu-e-voce.html,"Você e eu, eu e você
Eu e você, você e eu (juntinhos)
Você e eu, eu e você
Eu e você, você e eu (juntinhos)

Juntinhos sempre, lado a lado
Vamos ver o dia amanhecer
Enrolados nesse abraço louco
Nunca mais você vai se esquecer

Leva nessa que estava previsto
Esse nosso encontro casual
No entanto eu nem sabia
Que seria assim, sensacional

Então, não percamos tempo
Vamos dessa vez nos divertir
Jantar juntos
Dançar juntos

E depois, então,
vamos dormir",pt
/ivete-sangalo/,Você É Linda,/ivete-sangalo/voce-e-linda.html,"Fonte de mel
Nos olhos de gueixa
Kabuki, máscara
Choque entre o azul
E o cacho de acácias
Luz das acácias
Você é mãe do sol
A sua coisa é toda tão certa
Beleza esperta
Você me deixa a rua deserta
Quando atravessa
E não olha pra trás

Linda
E sabe viver
Você me faz feliz
Esta canção é só pra dizer
E diz
Você é linda
Mais que demais
Vocé é linda sim
Onda do mar do amor
Que bateu em mim

Você é forte
Dentes e músculos
Peitos e lábios
Você é forte
Letras e músicas
Todas as músicas
Que ainda hei de ouvir
No abaeté
Areias e estrelas
Não são mais belas
Do que você
Mulher das estrelas
Mina de estrelas
Diga o que você quer

Você é linda
E sabe viver
Você me faz feliz
Esta canção é só pra dizer
E diz
Você é linda
Mais que demais
Você é linda sim
Onda do mar do amor
Que bateu em mim

Gosto de ver
Você no seu ritmo
Dona do carnaval
Gosto de ter
Sentir seu estilo
Ir no seu íntimo
Nunca me faça mal

Linda
Mais que demais
Você é linda sim
Onda do mar do amor
Que bateu em mim
Você é linda
E sabe viver
Você me faz feliz
Esta canção é só pra dizer
E diz",pt
/ivete-sangalo/,Where It Begins (feat. Nelly Furtado),/ivete-sangalo/where-it-begins-feat-nelly-furtado.html,"When you're alone and you don't know how,
To fill the hole inside your heart.
Don't be afraid and hide in yesterday,
The best in your life is yet to come.

Open your world to me,
There's always room for love.

Look around, can't you feel?
All the love, it's all that you need.
Breathing out, breathing in,
No one knows where it all ends and...

Look around, can't you feel?
All the love, it's all that you need.
Breathing out, breathing in,
No one knows where it all ends and where it begins.
Where it begins!

When you have tried your very best.
And it's not enough, it's OK.
There'll be a chance to be strong again,
Another light will guide your way.

Open your heart to me,
Give me all of your love.

Look around, can't you feel?
All the love, it's all that we need.
Breathing out, breathing in,
No one knows where it all ends and...

Look around, can't you feel?
All the love, it's all that we need.
Breathing out, breathing in,
No one knows where it all ends and where it begins.
Where it begins!

Oh yeah, oh yeah, oh yeah, oh yeah
Oh yeah, oh yeah, oh yeah, oh yeah
Oh yeah, oh yeah, oh yeah, oh yeah
Oh yeah, oh yeah, oh yeah, oh yeah

Look around, can't you feel?
All the love, it's all that you need.
Breathing out, breathing in,
No one knows where it all ends and...

Look around, can't you feel?
All the love, it's all that you need.
Breathing out, breathing in,
No one knows where it all ends and where it begins!",en
/ivete-sangalo/,Yo Te Vine a Amar (Feat. Sebastián Yatra),/ivete-sangalo/yo-te-vine-a-amar-feat-sebastian-yatra.html,"Basta de extrañarte
Quiero sentir tu perfume
Traigo cosas buenas en mi equipaje
Volver a sonreir
Quedarme junto a ti
Amor de verdad
No se olvida no
Aunque la distancia
Quiera despistarme

Contigo quiero amanecer
Y juntos ver el sol caer
Tu corazón es una seda
Que me empieza a enamorar
Tu abrazo mi destino
Tu mirada el paraíso
Tu sonrisa me llena de vida
Me hace volar, me hace soñar
Eres mi fé, mi otra mitad

Yo te vine a amar
Tú eres como el cielo y mar
No te quiero dejar
Yo te vine a amar
Nuestra unión, constelación
Un universo de pasión
Yo te vine a amar

Ya sé una noche hace así
Y ahora vivo pensando en ti
No sé lo que me dices
No sé lo que me pasa
Pero juro que no soy así
Y en tu vuelo yo me perdí
Y al final yo ya entendí
Mis ojos son tuyos, yo sé que te vi
Yo quiero más
Quiero la magia dentro de tu boca
Quiero más
Y ya no sé que hacer si te vas

Yo te vine a amar
Nuestra unión, constelación
Un universo de pasión
Yo te vine a amar
Tú eres mi única adicción
Un universo de pasión

Yo te vine a amar
Yo solo te vine a amar
Cheguei pra te amar",es
/ivete-sangalo/,You and Me,/ivete-sangalo/you-and-me.html,"Junte suas coisas, o que precisar
Me dê sua mão e vamos sumir
Nosso caminho por terra ou mar
Nada mais me importa
Vamos embora daqui

E quando a gente cruzar o horizonte
É que vamos saber o motivo de ir
Vamos saber o motivo de ir

Oh and when the kids
Are old enough
We will teach them
To fly

You and me together
We can do anything baby
You and me together
Yes, yes

Two of us together
We could do anything baby
You and me together
Yes, yes

You and I
We?re not tied
To the ground
Not falling but rising
Like rolling around

Duas vidas pulsando num só coração
Vamos sem destino andar por aí
Nem tente entender
Só depois do horizonte é que vamos
Saber o motivo de ir
O motivo de ir

Oh and when the kids
Are old enough
We will teach
Them to fly

You and me together
We could do anything baby
You and me together
Yes, yes

Two of us together
We could do anything baby
You and me together
Yeah, yeah

We can always look back
At what we did
Always the memory of
You and me baby

But right now it?s
You and me
Forever girl

You know
We could do better then
Anything that we did
You know that
You and me
We could do anything

We could do anything

You and me together
Could do anything baby
You and me together
Yeah, yeah

The two of us together
Could do anything baby
You and me together
Yes, yes

Two of us together
Could do anything baby
You and me together
Could do anything baby

Something small
?Till you reach
The end of the world",pt
/ivete-sangalo/,Zero a Dez (Part. Luan Santana),/ivete-sangalo/zero-a-dez.html,"Numa escala zero a dez eu te dou
Cem
E cem parece pouco pra você
Mais de um milhão de corações eu quero um
E o seu é o bastante pra eu viver
Deixa eu te levar para ver as flores
Colorir nosso jardim de amor
Enquanto o céu vai misturando as cores
A gente ama até o sol se pôr

É você, só você que sabe me fazer feliz
Que chega em meu ouvido e diz
Que o meu desejo é desejar você (2x)

Numa escala zero a dez eu te dou
Cem
E cem parece pouco pra você
Mais de um milhão de corações eu quero um
E o seu é o bastante pra eu viver
Deixa eu te levar para ver as flores
Colorir nosso jardim de amor
Enquanto o céu vai misturando as cores
A gente ama até o sol se pôr

É você, só você que sabe me fazer feliz
Que chega em meu ouvido e diz
Que o meu desejo é desejar você (2x)

Que o meu desejo é desejar você
É desejar você",pt
/ivete-sangalo/,Zum Zum Ê,/ivete-sangalo/zum-zum-e.html,"Vamos cair na dança
A rua é o salão
O Som que vem balança
Chama a vizinhança
Vai ter carnaval
Vai ter astral pra cima
Deixe de blá-blá-blá
A turma da pesada
Tá pegando leve
E já desceu pra lá
E vai rolar um baita
Um baita zum, zum, ê
Baita zum, zum, ê
Baita zum, zum, ê
Um zum, zum, ê do gueto
O som que eu sempre quis
O beat da levada
Tem festa na casa
Vem pra ver qual é
Vai ter a batucada
E a galera é show
O papo descolado
Todo despojado
É tudo paz e amor


(By Dark_Knight)",pt
/chiclete-com-banana/,Contando As Horas,/chiclete-com-banana/contando-as-horas.html,"Lê lê lê ô na na na uê


Não dá pra tirar da cabeça
Seus olhos, seus beijos, você
Eu vivo sonhando acordado
Pensando em te ver

Seu jeito me deixa sem jeito
Sua voz toca o meu coração
Saudade machuca meu peito
Não demore não

Você é a razão da minha vida
Meu céu, meu ar o meu chão
Meu sonho, meu porto seguro a minha paixão
Preciso sentir seu carinho
Sozinho posso enlouquecer
Me leva pra sempre em seus braços
Eu amo você


Tô contando as horas
Contando os minutos
Os segundos pra te ver
Uououo vem pra mim
Que eu sou louco por você


Tô contando as horas
Contando os minutos
Os segundos pra te ver
Uououo vem pra mim
Eu não vivo sem você",pt
/chiclete-com-banana/,100% Você,/chiclete-com-banana/100-voce.html,"Um céu sem estrela, uma praia sem mar
Um amor sem carinho, um romance sem par
Carnaval sem festa, um jardim sem flor
É assim que eu me sinto longe do seu amor!
Como enganar um coração tão ligado nesse amor?
Como viver a minha vida sem teu jeito sedutor?
Não dá mais pra segurar
Tô viciado em você!

Não dá... , não dá... , pra ficar... , pra ficar sem te ver
Já estou ficando louco
Não dá... , não dá... , pra ficar... , pra ficar sem te ver
Sou 100 você!

Lê lê lê lê lê lê lê lê
Lê lê lê lê lê lê lê lê

Estrada sem rumo, saudade sem dor
Tv sem novela, arco íris sem cor
Chiclete sem nana, verão sem calor
É assim que eu me sinto longe do seu amor
Como enganar um coração tao ligado nesse amor?
Como viver a minha vida sem teu jeito sedutor?
Não dá mais pra segurar
Tô viciado em você!

Não dá... , não dá... , pra ficar... , pra ficar sem te ver
Já estou ficando louco
Não dá... , não dá... , pra ficar... , pra ficar sem te ver
Sou 100 você!

Lê lê lê lê lê lê",pt
/chiclete-com-banana/,Deixa Meu Amor Te Levar,/chiclete-com-banana/deixa-meu-amor-te-levar.html,"Vista sua saia bem rodada
Com a blusa levantada
Que lá vem a batucada
Levantar poeira, eira
Eu quero fazer muita zoada
Se a noite é enluarada
Bota a lenha na fogueira
Que hoje eu vou de gueixa, gueixa
Lua, venha só pra me ver
Rua, palco luz das estrelas
Gueixa, só quero se seguir
Deixe o meu amor te penetrar
Deixe o meu amor te penetrar 2x
Desse jeito é que eu vou te amar
Desse jeito é que eu vou te amar
Eu sabia que você vinha
Eu sabia que você vinha
Amor, pra me buscar
Pra namorar, pra namorar 2x
Amor, pra me buscar

Vista sua saia bem rodada
Com a blusa levantada
Que lá vem a batucada
Levantar poeira, eira
Eu quero fazer muita zoada
Se a noite é enluarada
Bota a lenha na fogueira
Que hoje eu vou de gueixa, gueixa
Lua, venha só pra me ver
Rua, palco luz das estrelas
Gueixa, só quero se seguir
Deixe o meu amor te penetrar
Deixe o meu amor te penetrar 2x
Desse jeito é que eu vou te amar
Desse jeito é que eu vou te amar
Eu sabia que você vinha
Eu sabia que você vinha
Amor, pra me buscar
Pra namorar, pra namorar 2x
Amor, pra me buscar",pt
/chiclete-com-banana/,Amor Perfeito,/chiclete-com-banana/amor-perfeito.html,"Fecho os olhos pra não ver passar o tempo
Sinto falta de você
Anjo bom amor perfeito do meu peito
Sem você não sei viver
Então vem
Eu conto os dias conto as horas pra te ver
Eu não consigo te esquecer
Cada minuto é muito tempo sem você
Sem você
Os minutos vão passando lentamente
Não tem hora pra chegar
Até quando te querendo e te amando
Coração quer te encontrar
Então vem
Que nos meus braços esse amor é uma canção
Eu não consigo te esquecer
Cada minuto é muito tempo sem você
Sem você
Eu não vou saber me acostumar
Sem suas mãos pra me acalmar
Sem teu olhar pra me entender
Sem teu carinho, Amor, sem você
Vem me tirar da solidão
Fazer feliz meu coração
Já não importa quem errou
O que passou, passou
Então vem",pt
/chiclete-com-banana/,Diga Que Valeu,/chiclete-com-banana/diga-que-valeu.html,"Intro: D A G

Um beijo em você eu quero dar
Saudade presa no meu coração
Eu ando louco alucinado
Muito doido e apaixonado por você
É pena que esse amor
Não possa mais ficar
É pena que esse amor
Não vai poder se eternizar

Então diga que valeu
O nosso amor valeu demais
Foi lindo, ficou pra trás

Então diga que valeu
O nosso amor valeu demais
Que pena, ficou pra trás

Faz tanto tempo que eu te conheço
Mas você mudou comigo

Faz tanto tempo que eu te conheço
Mas você mudou comigo

Minha flor bonita, minha linda flor",pt
/chiclete-com-banana/,Selva Branca,/chiclete-com-banana/selva-branca.html,"Pra te espiar
Eu dou a volta no seu mundo
Eu pulo seu muro
Pra te encontrar

Eu dou a volta no seu mundo
Eu mudo seu mundo
Faço o que quiser de brincadeira
Carrossel no céu, selva branca
E nascer em cada estrela a novidade

Que o muro do seu mundo era saudade
Porque não dizer, posso derreter
Moranguinho no copinho
Esperando por você

Quanto mais sorvete Quero seu calor
Muito mais desejo de amor
Quanto mais sorvete Quero seu calor
Muito mais desejo de amor",pt
/chiclete-com-banana/,Voa Voa,/chiclete-com-banana/voa-voa.html,"Paaa, eô
Pararararará, eô
Pararararará, eô
Pararararará

Amor, que saudade de você
Vem me ensina a perceber
Os segredos desse amor

Pequena, quero tanto te dizer
Que eu não vivo sem você um segundo
É você quem faz virar meu mundo

Bota fogo na minha vida
Pra aquecer meu coração
Já não temos mais saída
Não me diga não

Pra ficar tudo perfeito
Vem viver essa paixão
Uma andorinha só
Não faz verão

Voa voa
Vem direto pros meus braços
Quero ter os seus amassos
Vem voando pra me ver

Voa voa
Vem voando pro seu ninho
Pois ninguém vive sozinho
Eu não vivo sem você

Paaa...

Amor, que saudade de você
Vem me ensina a perceber
Os segredos desse amor

Pequena, quero tanto te dizer
Que eu não vivo sem você um segundo
É você quem faz virar meu mundo

Bota fogo na minha vida
Pra aquecer meu coração
Já não temos mais saída
Não me diga não

Pra ficar tudo perfeito
Vem viver essa paixão
Uma andorinha só
Não faz verão

Voa voa
Vem direto pros meus braços
Quero ter os seus amassos
Vem voando pra me ver

Voa voa
Vem voando pro seu ninho
Pois ninguém vive sozinho
Eu não vivo sem você",pt
/chiclete-com-banana/,Não Vou Chorar,/chiclete-com-banana/nao-vou-chorar.html,"Por que será que tem que ser assim
A gente gosta, a gente ama, a gente muda

E o tempo faz verdade nos teus olhos
Deixa ver
Solidão abusa

Foi tão bonito, tão intenso, tão maravilhoso cada segundo
E a vida nos revela cada dia uma nova cena de um outro mundo

Se chega, me beija, me olha nos olhos
E me diz então: Valeu, foi bom, Adeus

(Refrão)
Não vou chorar
Nem vou me arrepender
Foi eterno enquanto durou
Foi sincero nosso amor
Mas chegou ao fim (BIS)


Guardei as fotografias
Coloquei numa caixa vazia, o que restou do nosso amor (Refrão)",pt
/chiclete-com-banana/,Se Me Chamar Eu Vou,/chiclete-com-banana/se-me-chamar-eu-vou.html,"Se quer me levar amor
Me leve pro horizonte
Do caminho bem distante
Aonde exista só nós dois

Estou feliz
Com o coração palpitando
Você me tem
Sempre em todos os seus planos

Penso contente em você
Quando preciso te ver
Vou à rua fico na lua
À procura do teu sinal

Se me chamar eu vou
Ao som que furta cor
Que furta coração
Que leva emoção, eu vou, eu vou (BIS)

Se teu beijo cair lá do céu
Que caia por cima de mim
E todo lampejo de mel
Que caia por cima de mim (BIS)

Amor.......

Se me chamar eu vou
Ao som que furta cor
Que furta coração
Que leva emoção, eu vou, eu vou

Estou feliz
Com o coração palpitando
Você me tem
Sempre em todos os seus planos

Penso contente em você
Quando preciso te ver
Vou à rua fico na lua
À procura do teu sinal

Se me chamar eu vou
Ao som que furta cor
Que furta coração
Que leva emoção, eu vou, eu vou

Se teu beijo cair lá do céu
Que caia por cima de mim
E todo lampejo de mel
Que caia por cima de mim amorrr

Se me chamar eu vou ....",pt
/chiclete-com-banana/,Menina Me Dá Seu Amor,/chiclete-com-banana/menina-me-da-seu-amor.html,"posso sentir chego a tocar na sua mão
cantar cantar a beleza da vida
me faz querer seu coração
porque será?
que a noite é tão linda como você
olhar o mar e o mistério da lua
e deixa tudo acontecer

daqui do alto
eu te vejo (eu te vejo)
daqui do alto
eu te desejo (eu te desejo)
daqui do alto
eu te quero (eu te quero)
daqui do alto
me desespero (me desespero)
menina me dá seu amor ai ai ai ai ai
madrugada já clariou (clariou oi oi clariou oi oi)
menina me dá seu amor ai ai ai ai ai
madrugada já clariou (clariou oi oi clariou oi oi)

daqui do alto
eu te vejo (eu te vejo)
daqui do alto
eu te desejo (eu te desejo)
daqui do alto
eu te quero (eu te quero)
daqui do alto
me desespero (me desespero)
menina me dá seu amor ai ai ai ai ai
madrugada já clariou (clariou oi oi clariou oi oi)
menina me dá seu amor ai ai ai ai ai
madrugada já clariou (clariou oi oi clariou oi oi)

parece que tudo termina em carinho
você é tão linda e eu tô sozinho
a onda te trouxe, sereia do mar
princesa do céu quero namorar
menina me dá seu amor ai ai ai ai ai
madrugada já clariou (clariou oi oi clariou oi oi)
menina me dá seu amor ai ai ai ai ai
madrugada já clariou (clariou oi oi clariou oi oi)


by: najinha checleteira ^^",pt
/chiclete-com-banana/,Eu Quero Amar Você,/chiclete-com-banana/eu-quero-amar-voce.html,"Jogue a vida arrisque tudo e curta esse amor
Se livre dessa cara amarrada e saia como entrou
Um cochicho apimentado quero lhe falar
Eu não sei se apago a luz ou deixo como está

Procure
Na sombra da flor de espinho
No peixe de um mar sozinho
Desnude esse amor

Tristeza
Reflete um rio no meu rosto
Pintura de amor e desgosto
Você quem pintou

E eu
Perco meu tempo prá lhe convencer
E eu
Fico com medo do dia amanhecer
Quero amar você

É tarde
Preciso dormir princesa
Rainha de toda beleza
Sonhar esse amor",pt
/chiclete-com-banana/,"Cara Caramba, Sou Camaleão",/chiclete-com-banana/cara-caramba-sou-camaleao.html,"Intro: (A G D A)

Refrão:
A D A D
Cara caramba, cara caraô (4x)
A D
Vem viver o verão
A D
Vem curtir Salvador
A D
Eu sou camaleão
A E7
Hoje eu sou seu amor
Am
Não tem cara metade


G
Caramba que dengo de amor
És dona da minha vontade
Am
Eu mudo de jeito e de cor
Te toco, te abraço, te prendo
G
Nos raios do sol
Misturo o futuro e o presente
Am
Agora eu vou lá pro farol

Sem essa de cara ou coroa
G
Caramba eu sou camaleão
O amor Oxalá abençoa
Am
Tá combinado então
Teu corpo é mar eu navego
G
No jeito do coração
As ondas percorrem teu viço
Am
No brilho desse verão ...refrão
E7
Cara cara
A D A D
Cara caramba, cara caraô (3x)
A D A G F
Cara caramba, cara caraô
F Bb
É de cama camá
F Bb
É de camaleão aiaiai
F Bb
É de camaleão aiaiai
F Bb
É de camaleão
F Bb
É de cama camá
F Bb
É de camaleão aiaiai
F Bb
É de camaleão aiaiai
F E7
É de camaleão
Am A
Te toco, te abraço... até ...no brilho desse verão ...refrão
E7
Cara cara
A D A D
Cara caramba, cara caraô (3x)
A D E7 A
",
/chiclete-com-banana/,Nana Banana,/chiclete-com-banana/nana-banana.html,"Ê bambolê |
Tum, tum, tum, tum, |refrão
Lá, lá, lá, lá |2x
Tête a Tête |
É demais, Nana Banana! |

Olhe o batom da boca dela,
A boca dela tem sabor...
Nana Banana!
Se eu pudesse, amá-la-ia
Mas não posso amar ela sem amor
Nana Banana!
Meu coração por ti gela
Por ti gela, e ela sempre me gelou
Nana Banana!
Hoje eu sei que amo ela
Amo ela, e como é grande esse amor
Nana Banana!
(repete refrão)

Eu vi ela e ela tinha dado um beijo
Havia dado e o cara era um professor
Se a canoa não virar, olê, olê, olá
Eu chego lá
Se a canoa não virar, olê, olê, olá",pt
/chiclete-com-banana/,Fé Brasileira,/chiclete-com-banana/fe-brasileira.html,"Vendo rolar o suor no rosto brasileiro
Vou dizer do coração
Sou da América Latina e não sou estrangeiro pra cantar essa canção

Verde, amarelo, tenho a fé brasileira
Sei o que quero, tenho a minha nação
Sou brasileiro, sacudindo a poeira
Ainda levando a fé para o coração

ôôôô ôô ôô

Encara Brasil, não me deixe na mão
Eu amo você

Quero sentir teu calor
Pra que o sol e a liberdade possam ter
A esperança perdida de um povo guerreiro
Que luta por nosso Brasil
Um Brasil brasileiro

Se liga Brasil
Eu sou brasileiro",pt
/chiclete-com-banana/,Foi Por Esse Amor,/chiclete-com-banana/foi-por-esse-amor.html,"Ulêlêlêlê, ulêlêlê lêlêlêlê
Ulêlêlêlêlê, ulêlêlê lêlêlêlê

Por enganar o meu desejo
Eu deixei de te amar
Você é tudo o que vejo
O que pego, o que sinto e me faz sonhar

Ulêlêlêlê, ulêlêlê lêlêlêlê
Ulêlêlêlêlê, ulêlêlê lêlêlêlê

Pouco me importa o passado
Quero poder te abraçar
Viver esse amor adolescente
Assim como o vento vai pro mar

Foi por esse amor
Teu corpo é tudo o que brilha
É a única ilha no oceano do meu desejo

Foi por esse amor
Tão bela flor de laranjeira
Teu corpo é tudo que cheira, ah, ah, ah...

ah, ah, ah, uô-ô
ah, ah, ah, uô-ô-ô-ô
ah, ah, ah, uô-ô

Foi por esse amor
Teu corpo é tudo o que brilha
É a única ilha no oceano do meu desejo

Foi por esse amor
Tão bela flor de laranjeira
Teu corpo é tudo que cheira, ah, ah, ah...

ah, ah, ah, uô-ô
ah, ah, ah, uô-ô-ô-ô
ah, ah, ah, uô-ô",pt
/chiclete-com-banana/,Quero Chiclete,/chiclete-com-banana/quero-chiclete.html,"Chiclete,chiclete quero chiclete
Chiclete,quero chiclete
Chiclete,quero chiclete

Chiclete pra grudar no seu ouvido
Pra tocar no coração
Na boca pra mim é vício
Chiclete pra ficar amarradão

Chiclete pra grudar no seu juízo
Pra colar nossa paixão
Sem banana é prejuízo
Chiclete pra galera é chicletão

Não é lambada, não é.
Não é merengue não é.
Sabe qual é?
Chiclete com banana

Chiclete oba oba...
Chiclete oba oba...",pt
/chiclete-com-banana/,Delícia Para Ti,/chiclete-com-banana/delicia-para-ti.html,"Ha! Ha! Delícia, aldeia na areia
Morena sereia, beleza de mar, uou uou uou [2x]


Caminhando por aqui e por ali nas praias do deserto
Saquarema, Muriqui, Peró, Ilha do melo
Jericoacoara, Ibicuí, que eu te conheci, foi ali
Numa duna, nem me lembro se foi lá
Foi Tramandaí, Praia do Forte, Geribá
Me fiz amante, quando pude lhe beijar
Na Pedra do Elefante, Maricá


Ha! Ha! Delícia, aldeia na areia
Morena sereia, beleza de mar, uou uou uou [2x]


Andando por aqui entrando lá
Em Itacoatiara lindas deusas moram lá
Trancoso, Camboinhas, Itaipu, Prainha,
Itaúna, Ipanema e Guarujá
Cantando quase entro em apuros
No Arraial da ajuda, dentro de Porto Seguro
Morri de susto, uma gatinha nuazinha me disse:
Passe óleo no meu busto


Ha! Ha! Delícia, aldeia na areia
Morena sereia, beleza de mar, uou uou uou [2x]


Vilas do Atlântico, Barra, Arpoador, ê, ê
Jaguaribe, Aleluia, Salvador,
Pepino, Iparana, Pituba, Icaraí
Cabo Frio, Arraial, Parati
Canoa Quebrada, Morro de São Paulo,
Praia do Futuro, Leblon
Chiclete com Banana é quem faz esse som
Você que está curtindo, ainda tem mais de mil
Essa onda toda é litoral do Brasil


Ha! Ha! Delícia, aldeia na areia
Morena sereia, beleza de mar, uou uou uou [2x]",pt
/chiclete-com-banana/,Rumba de Santa Clara,/chiclete-com-banana/rumba-de-santa-clara.html,"clarinha oirê clarinha oira
clarinha oirê clarinha oira
cumaxe cumaxe cumexequereopa
cumaxe cumaxe cumexequereopa

E dança muzenza minha musa
e vamu simbora nesse samba
E dança muzenza minha musa
e vamu simbora nesse samba

(Refrão)
é mugégé é mugege
é mugege é mugege é mugege
é mugege é mugege é mugege
é mugege é mugege é mugege
é mugege

clarinha oirê clarinha oira
clarinha oirê clarinha oira
cumaxe cumaxe cumexequereopa
cumaxe cumaxe cumexequereopa

clarinha oirê clarinha oira
clarinha oirê clarinha oira
cumaxe cumaxe cumexequereopa
cumaxe cumaxe cumexequereopa

E dança muzenza minha musa
e vamu simbora nesse samba
E dança muzenza minha musa
e vamu simbora nesse samba

(Refrão)
é mugégé é mugege
é mugege é mugege é mugege
é mugege é mugege é mugege
é mugege é mugege é mugege
é mugege

babano com banana
babado com ivete
babado timbalada
Ricardo chaves na área
babado com banana
babado com ivete
babado e cheiro de amor e a galera do...

(Refrão)
é mugégé é mugege
é mugege é mugege é mugege
é mugege é mugege é mugege
é mugege é mugege é mugege
é mugege

clarinha oirê clarinha oira
clarinha oirê clarinha oira
cumaxe cumaxe cumexequereopa
cumaxe cumaxe cumexequereopa

E dança muzenza minha musa
e vamu simbora nesse samba
E dança muzenza minha musa
e vamu simbora nesse samba

(Refrão)
é mugégé é mugege
é mugege é mugege é mugege
é mugege é mugege é mugege
é mugege é mugege é mugege
é mugege

clarinha oirê clarinha oira
clarinha oirê clarinha oira
cumaxe cumaxe cumexequereopa
cumaxe cumaxe cumexequereopa

E dança muzenza minha musa
e vamu simbora nesse samba
E dança muzenza minha musa
e vamu simbora nesse samba

(Refrão)
é mugégé é mugege
é mugege é mugege é mugege
é mugege é mugege é mugege
é mugege é mugege é mugege
é mugege

babado com banana
babado com lual
babado é a galera
babado é o fortal
babado com chiclete
babado com ivete
babado timbalada Ricardo Chaves...

(Refrão)
é mugégé é mugege
é mugege é mugege é mugege
é mugege é mugege é mugege
é mugege é mugege é mugege
é mugege",
/chiclete-com-banana/,Grito de Guerra,/chiclete-com-banana/grito-de-guerra-2.html,"Vou caminhando entre flores e guerras
Vou deslizando entre o bem e o mal
Um pouco louco entre monstros e feras
Sou cavaleiro do juízo final
A esperança é uma flecha de fogo
Que faz arder no meu coração
Eu canto e grito de novo
Paz nesse mundo e união

(Refrão):
Ê ô ê ô aiaiaiaiai
Ê ô ê ô aiaiaiaiai 2x
Ê ô ê ô aiaiaiaiai ôôô

A minha espada é a voz com que eu canto
Voando leve livre como o Pardal
Você me beija e eu me perco no encanto
Olho pra vida fantasia real
A esperança é uma flecha de fogo
Que faz arder no meu coração
Eu canto e grito de novo
Paz nesse mundo e união",pt
/chiclete-com-banana/,Cabelo Raspadinho,/chiclete-com-banana/cabelo-raspadinho.html,"Cabelo Raspadinho, estilo Ronaldinho
Cabelo pintado ou Veó (2x)
Cabelo embaraçado, encaracolado, Rastafari, Rock`n Roll
Tranqüilidade na cabeça,
quem é da paz tem sangue bom
É do cabelo à raiz, é da cabeça feliz
Fazer a paz, fazer amor, fazer o som
É do cabelo à raiz, é da cabeça feliz
Fazer a paz, fazer amor, fazer o som
Qual é a sua, meu rei
Eu só quero passar
Bota a mão na cabeça e deixe o corpo rodar
Eu quero ouvir o índio, cantando
Fumando o cachimbo da paz
E a sua cabeleira, beleza

É chic, chic, chic",pt
/chiclete-com-banana/,"Chicleteiro Eu, Chicleteira Ela",/chiclete-com-banana/chicleteiro-eu-chicleteira-ela.html,"O meu amor é uma cigana linda
Que ama a lua, ama o sol e o mar
É uma sereia que anda na rua
E quando eu canto ela vem me amar
É uma menina que mexe comigo
E que me chama amor vem namorar
Que me abraça e me dá abrigo no seu olhar

Chicleteiro eu, chicleteira ela
Chicleteiro eu, chicleteira ela
Chicleteiro eu, chicleteira ela
Libera, libera, libera, libera (bis)

É com ela que eu vou, vou com ela
Vou amar esse amor chicleteiro no meu carnaval

Chicleteiro eu, chicleteira ela
Chicleteiro eu, chicleteira ela
Chicleteiro eu, chicleteira ela
Libera, libera, libera, libera (bis)",pt
/chiclete-com-banana/,Força E Pudor,/chiclete-com-banana/forca-e-pudor.html,"Força e pudor
lberdade ao povo do pelô

Mãe que é mãe no parto sente dor

E lá vou eu...

Declara a nação
pelourinho contra a prostituição

Faz protesto
manifestação

E lá vou eu...

Aids se expandiu
e o terror já domina o brasil

Faz denúncia olodum pelourinho

E lá vou eu...

Brasil liderança
força e elite na poluição

Em destaque o terror
cubatão

E lá vou eu...

ioioioio
lálálálá..

ioioioio
lálálálá

Lá e cá nordestópia
na bahia existe etiópia

Pra o nordeste o país
vira as costas

E lá vou eu..

Moçambique..hei

Por minuto um homem vai morrer
sem ter pão nem água pra beber

E lá vou eu...

Mas somos capazes
o nosso deus a verdade nos trás
monumento da força e da paz

e lá vou eu...

ioioioio
lálálálá

ioioioio
lálálálá

eeee~....láá...vou euuuu...",pt
/chiclete-com-banana/,Vumbora Amar,/chiclete-com-banana/vumbora-amar.html,"Am E7
O vento faz rende-vous
Am
No seu cabelo alinhado
E7
Acostumado com meu embolado
Am E7
Acho que o passo é do seu sapato
Am E7
Dona Naná tá danada
Am
O santo dela desceu
E7
A jangada tá lavada
Am
Entre nela mais eu
G
Vumbora amar
Am
Embora mais eu
G
Vumbora amar
Am
Embora mais eu
E7
Eu deixaria a areia
Am
Coberta de você
E7
No seu cabelo enrolado
Am
Leve um cacho de dendê

Salte que o salto
E7
É do seu sapato
Am
Passe que o espaço é do seu cavalo
E7",pt
/chiclete-com-banana/,Eu Fui Atrás de Um Caminhão,/chiclete-com-banana/eu-fui-atras-de-um-caminhao.html,"Eu fui atrás de um caminhão
Fazer meu carnaval, e o carnaval é feito no coração
Gostei, Chiclete é emoção!
Meu bem naquele ano eu me tornei Camaleão...

Encontrei o meu amor na cidade Salvador
Tão romântica, tão histórica e o Bonfim abençoou
No farol de Itapuã o baiano fez o seu trio elétrico
Trouxe luz e som, pelo mundo se espalhou

Só pra lhe dizer que é Liberdade, morena
Praça Castro Alves para o nosso amor é pequena
Quero lhe encontrar na praia da Ribeira é verão
Esse chão é meu e eu não vou parar

Eu fui atrás de um caminhão
Fazer meu carnaval, e o carnaval é feito no coração
Gostei, Chiclete é emoção!
Meu bem naquele ano eu me tornei Camaleão....",pt
/chiclete-com-banana/,Saia Rodada,/chiclete-com-banana/saia-rodada.html,"Vista sua saia bem rodada
Com a blusa decotada
Que lá vem a batucada

Levantar poeira, eira

Eu quero fazer muita zoada
Se a noite é enluarada
Bota a lenha na fogueira

Que hoje eu vou te queixar, queixar

Lua, venha só pra me ver
Rua, palco luz das estrelas
Gueixa, só quero te servir
Deixe o meu amor te penetrar
Deixe o meu amor te penetrar
Desse jeito é que eu vou te amar
Desse jeito é que eu vou te amar

Eu sabia que você vinha
Eu sabia que você vinha
Amor, pra me buscar
Pra namorar, pra namorar",pt
/chiclete-com-banana/,A Cor da Vida,/chiclete-com-banana/a-cor-da-vida.html,"Em cada lugar do Brasil
onde passo vejo beleza rara.
Gente, mistura de cor,
colorindo o perfil dessa nação.

Em cada menina que vejo meu lembro,
meu bem, da sua cara,
e sinto uma coisa gostosa no meu coração.

Canto em louvor do prazer
que me dá ter você, linda mulher.
Graça da raça, oh flor cuja cor
transformou você pra mim.

Sinto teu cheiro tão bom,
teu calor quando chega e me abraça.
Nesse swing gostoso eu vou te arrastar.

Eu vou...
Brilhar com meu bloco na avenida.
Eu sou...
Sou camaleão, a cor da vida.

Eu quero ver, eu quero ver você sorrir.
Eu quero ver, eu quero ver você dançar.
Eu quero ver, eu quero ver você feliz.
Eu quero ouvir, eu quero ouvir você cantar.",pt
/chiclete-com-banana/,A Dona do Terreiro,/chiclete-com-banana/a-dona-do-terreiro.html,"A dona do terreiro mandou me chamar
Pra pegar meu patuá e entregar no gantuá(2X)

Zulê taê, Zulê tá
Zulê taê, Zulê tá
Zulê taê, Zulê tá
Chamando os erês pra cantar com os orixás

A dona do terreiro mandou me chamar
Pra pegar meu patuá e entregar no gantuá(2X)

Zulê taê, Zulê tá
Zulê taê, Zulê tá
Zulê taê, Zulê tá
Chamando os erês pra cantar com os orixás

Pedrinha miúdinha de aruandaê
Lajedo, tão forte
Pedrinha de aruandaê

Zulê taê, Zulê tá
Zulê taê, Zulê tá
Zulê taê, Zulê tá
Chamando os erês pra cantar com os orixás

A dona do terreiro mandou me chamar
Pra pegar meu patuá e entregar no gantuá(2X)

Zulê taê, Zulê tá
Zulê taê, Zulê tá
Zulê taê, Zulê tá
Chamando os erês pra cantar com os orixás

Pedrinha miúdinha de aruandaê
Lajedo, tão forte
Pedrinha de aruandaê

Zulê taê, Zulê tá
Zulê taê, Zulê tá
Zulê taê, Zulê tá
Chamando os erês pra cantar com os orixás

A dona do terreiro mandou me chamar
Pra pegar meu patuá e entregar no gantuá(2X)

Zulê taê, Zulê tá
Zulê taê, Zulê tá
Zulê taê, Zulê tá
Chamando os erês pra cantar com os orixás

Pedrinha miúdinha de aruandaê
Lajedo, tão forte
Pedrinha de aruandaê

Zulê taê, Zulê tá
Zulê taê, Zulê tá
Zulê taê, Zulê tá
Chamando os erês pra cantar com os orixás",pt
/chiclete-com-banana/,A Fila Andou,/chiclete-com-banana/a-fila-andou.html,"Nananá Nananananá Nananá
Nananá Nananananá Nananá

Cansei de esperar na janela de casa
Desisti do seu jogo agora vou me virar
Não quero mais lágrimas na minha vida
Cansei desse papo de te amar sozinho
O meu coração tá pedindo carinho
Já virei a página da nossa relação

Já deletei você da minha vida
Sem nenhum rancor na despedida
o que passou, passou já se perdeu
Não volta mais
Tirei o seu perfume da memória
Botei um ponto final na nossa história
Eu já chorei, eu já sofri
Mas já te esqueci
Preciso ser feliz!

A fila andou
Eu te falei
Não deu valor
Como eu te amei
Agora chora
Já me perdeu
Boa sorte, vá embora

A fila andou
Eu te falei
Não deu valor
Como eu te amei
Agora chora
Você já me perdeu, tô fora!!",pt
/chiclete-com-banana/,A Minha Fantasia Era Você,/chiclete-com-banana/a-minha-fantasia-era-voce.html,"A minha fantasia era você,
Louco pra te encontrar,
Louco pra te ver,
Lavada de alegria
Levada de djembê
A minha fantasia era você.

A minha fantasia era você,
Colombina Yaô
Pierrô e alabê
Pelos olhos da Bahia,
Pela lente de Verger,
A minha fantasia era você.

Cara,
Eu quero ver sua cara,
Com quem você namora,
Vamos ficar agora.

Eu sou...
Um coração que chora,
Que se fantasiou
Pra encontrar o amor.

A minha fantasia era você,
Louco pra te encontrar,
Louco pra te ver,
Lavada de alegria
Levada de djembê
A minha fantasia era você.

Cara,
Eu quero ver sua cara,
Com quem você namora,
Vamos ficar agora.

Eu sou...
Um coração que chora,
Que se fantasiou
Pra encontrar o amor.

Um Pierrô apaixonado
Que vivia só cantando
Por causa de uma Colombina
Acabou chorando,
Acabou chorando

Um Pierrô apaixonado
Que vivia só cantando
Por causa de uma Colombina
Acabou chorando,
Acabou chorando

Cara,
Eu quero ver sua cara,
Com quem você namora,
Vamos ficar agora.

Eu sou...
Um coração que chora,
Que se fantasiou
Pra encontrar o amor.

(By Roberta Portela)",pt
/chiclete-com-banana/,Abc do Prazer,/chiclete-com-banana/abc-do-prazer.html,"Eu levo alegria a você
Você sempre a trouxe pra mim
Eu sei, vou fazer com você,
O ABC do prazer,
Do princípio ao fim

Enquanto a gente
Segue varando a noite,
Sendo como se fosse
Passageiro do além
Vivendo esse eterno romance,
Como único lance
Desfrutando prazer

E onde eu for,
Saudades eu vou ter
Desta linda noite
Não vou esquecer.",pt
/chiclete-com-banana/,Abra Seu Coração,/chiclete-com-banana/abra-seu-coracao.html,"Um dia te faço feliz
Mas não tem que ser agora
Quando o Carnaval chegar
Eu vou te abraçar
Então chegou a hora (bis)

Não posso negar
Que eu te desejo
Não posso achar
Ruim o teu beijo

Eu sempre soube que esse amor era romântico
Era romântico, era romântico (bis)

Abra o seu coração
Venha ficar comigo

Me abraça
Me beija agora
Chegou a hora
De ser feliz

Me abraça
Me beija agora
Chegou a hora
Que eu sempre quis",pt
/chiclete-com-banana/,Abraço de Quintal,/chiclete-com-banana/abraco-de-quintal.html,"Eu quero beijo em peso
Abraço de quintal
Do seu amor eu quero tonelada
Um terço para um berço
Num quarto tropical
Na fé do mundo eu vejo, madrugada
Atrás da cortina manhã não demora

Café batucada me chama pra ver
No jogo do tempo a vida tem hora
No meu firmamento só brilha você
Vumbora embora, vem simbora
O nosso love tá na hora
Quem é de briga tá por fora
Eu sou de beijo, quero beijo agora",pt
/chiclete-com-banana/,Acredite Se Quiser,/chiclete-com-banana/acredite-se-quiser.html,"D
Garota eu não minto pra você
É o tempo que é curto prá te ver
Em
Na segunda o carro quebra
D
Na terça-feira estou sem grana
Em
Vou à missa na quarta e quinta
D
Quando acaba, fica tarde prá te ver
Em
Sexta-feira estou de cama
D
Sábado eu lhe telefono
Em
O domingo é meu descanso
D D A7 D
Mas prometo que um dia vou te ver
Vou te ver, vou te ver
Pode acreditar
Em
Eu vou lá, prá te ver
D
Pode esperar
D
Como é que pode ôi... ôi..
Como é que pode ôi... ôi...
D
Eu sei que é difícil acreditar
Tem gente que só quer me complicar
Em
Mas se for preciso juro
D
Que na quarta o carro quebra
Em
Terça-feira eu vou à missa
D",pt
/chiclete-com-banana/,Aê..aê...do Amor,/chiclete-com-banana/ae-ae-do-amor.html,"Aê aê aê aê aê...
Aê aê aê aê aê...

Ai amor
Chega mais, chega mais
Se você vem tem flor
Quero mais, quero mais
Linda vem menina pra piscina
Traga o cheiro azul do mar

Vou viver, seu encanto bem mais
E qual é, porque
Quero mais, quero mais
Olhe meu olhar 99 salpicado de amor

Aê aê aê aê aê...
Aê aê aê aê aê...

Pegue leve que eu vou atrás
Vá e volte e fica bom demais
Lararararara....
Meu amor, eu quero te amar

Meio norte pra não vacilar
O chamego tem a hora H
Lararararara....
É o amor...

Pigdigdi papauê, pigdigdi papauê
Ai menina que dengosa
Pigdigdi papauê, pigdigdi papauê
Todo dia a te amar",pt
/chiclete-com-banana/,Aí Eu Tô Maluco!,/chiclete-com-banana/ai-eu-to-maluco.html,"Aí! eu tô maluco
Aí! eu tô maluco

Sua mulher te deixou
E já esta solta na pista
Aí! eu tô maluco
Aí! eu tô maluco

E você fica em casa
Assistindo netflix
Aí! eu tô maluco
Aí! eu tô maluco

Amizade nessas horas
Vale tanto quanto isso
Aí! eu tô maluco
Aí! eu tô maluco

Então prepara esse fígado
Amigo eu tô chegando

Vejam vocês o que fez uma mulher
Um pegador que virou um mané
Era você o melhor, um mito
Se transformou uma piada qualquer

Na roda dos amigos
Ninguém sabe o que aconteceu
Se foi macumba com certeza apareceu
Nem no baba de segunda
Dava as cara pra jogar
Foi dominado, enclausurado
E com uma pena pra paga
Aí ela te larga
Como se não fosse nada

Sua mulher te deixou
E já esta solta na pista
Aí! eu tô maluco
Aí! eu tô maluco

E você fica em casa
Assistindo netflix
Aí! eu tô maluco
Aí! eu tô maluco

Amizade nessas horas
Vale tanto quanto isso
Aí! eu tô maluco
Aí! eu tô maluco

Então prepara esse fígado
Amigo eu tô chegando

Vejam vocês o que fez uma mulher
Um pegador que virou um mané
Era você o melhor, um mito
Se transformou uma piada qualquer

Na roda dos amigos
Ninguém sabe o que aconteceu
Se foi macumba com certeza apareceu
Nem no baba de segunda
Dava as cara pra jogar
Foi dominado, enclausurado
E com uma pena pra paga
Aí ela te larga
Como se não fosse nada",pt
/chiclete-com-banana/,Alma Gêmea,/chiclete-com-banana/alma-gemea.html,"Diga que você ainda me ama
Que tudo não passou de uma discussão
Chuva de verão não apaga a chama
Acesa dentro do meu coração

Tão fácil perceber que eu te amo
Difícil esquecer nossa paixão
Não posso respirar se você não está por perto
A vida sem teu brilho é escuridão

Você é a minha cura
É a minha perdição
Andar sem teu amor
É andar na contramão

Você é a minha alma gêmea
Você é a minha cara metade
A tampa da minha panela
É amor de verdade

Você é o meu Porto Seguro
Minha voz, minha paixão
Toma conta do meu mundo
E afasta de vez a solidão",pt
/chiclete-com-banana/,Amar é Bom,/chiclete-com-banana/amar-e-bom.html,"
Dm Gm C Dm
Amar é bom, Amar é bom, o ouro, o ouro
Dm Gm C Dm
Amar é bom, é bom demais, o ouro, o ouro
Dm Gm C
Vai mexendo o molho, tá chegando o povo
Dm
Ela vai passar, ela vai passar
Gm C
Balançando o corpo, vem que tá gostoso
Dm
Dendê de iaiá
Dm Gm
Todo dia tem foguete, alegria de montão
A7 Dm
Quando o chiclete passa eu jogo fora a solidão
C Dm
Acorda José levanta Maria
C Dm
É festa de noite é festa de dia
C Dm
Acorda José levanta Maria
Bb Gm A7
Levanta que o dia já vai começar
Amar é bom...
",pt
/chiclete-com-banana/,Amar É Bom/diga Espelho Meu,/chiclete-com-banana/amar-e-bomdiga-espelho-meu.html,"Amar é bom, Amar é bom, o ouro... o ouro...
Amar é bom, é bom demais, o ouro... o ouro...

Vai mexendo o molho, tá chegando o povo
Ela vai passar, ela vai passar
Balançando o corpo, vem que tá gostoso
Dendê de iaiá

Todo dia tem foguete, alegria de montão
Quando o chiclete passa eu jogo fora a solidão
Acorda José levanta Maria
É festa de noite é festa de dia
Acorda José levanta Maria
Levanta que o dia já vai começar
Amar é bom...

Amar é bom, Amar é bom, o ouro... o ouro...
Amar é bom, é bom demais, o ouro... o ouro...

Vai mexendo o molho, tá chegando o povo
Ela vai passar, ela vai passar
Balançando o corpo, vem que tá gostoso
Dendê de iaiá

Todo dia tem foguete, alegria de montão
Quando o chiclete passa eu jogo fora a solidão
Acorda José levanta Maria
É festa de noite é festa de dia
Acorda José levanta Maria
Levanta que o dia já vai começar
Amar é bom...

Amar é bom, Amar é bom, o ouro... o ouro...
Eu falei pra vc...! Amar é bom, é bom demais, o ouro... o ouro...

Vai mexendo o molho, tá chegando o povo
Ela vai passar, ela vai passar
Balançando o corpo, vem que tá gostoso
Dendê de iaiá

Todo dia tem foguete, alegria de montão
Quando o chiclete passa eu jogo fora a solidão
Todo dia tem foguete, alegria de montão
Acorda José levanta Maria
É festa de noite é festa de dia
Acorda José levanta Maria
Levanta que o dia já vai começar
Amar é bom...

Amar é bom, Amar é bom, o ouro... o ouro...
Amar é bom, é bom demais, o ouro... o ouro...

Diga espelho meu, se há na avenida alguém mais feliz que eu
Diga espelho meu, se há na avenida alguém mais feliz que eu

A minha alegria atravessou o mar
E ancorou na passarela
Fez um desembarque fascinante
E a galera no show da terra
E será... que eu serei o dono desta festa?
E rei... no meio dessa gente tão modesta?
Eu vim descendo a serra, cheio de euforias para desfilar
O mundo inteiro espera, hoje é dia do riso chorar

Levei o meu samba pra mãe de santo rezar
Entre mal olhado carrego meu Batuá
Levei o meu samba pra mãe de santo rezar
Entre mal olhado carrego meu Patuá
Levanta galera...!

Acredito ser o mais valente, nessa luta do rochedo com o mar
E com o mar, é o hoje o dia, da alegria!
E a tristeza, nem pode pensar em chegar

Diga espelho meu...
Diga espelho meu, se há na avenida alguém mais feliz que eu
Diga espelho meu, se há na avenida alguém mais feliz que eu",pt
/chiclete-com-banana/,Amar Você não dói,/chiclete-com-banana/amar-voce-nao-doi.html,"Sempre me lembro de você
Com esse jeito tão estranho
No segredo desse amor
Seja ele como for
Amar você... não dói.
O pedaço de você
Alucina o meu juízo
Você é meu paraíso
É só sonhar...
Ô, ô, ô, ô, meu bem, meu bem, me dá,
Ô, ô, ô, ô, meu bem, meu bem, me dá
A aventura do teu beijo
Ô, ô, ô, ô, meu bem, meu bem, me dá,
Ô, ô, ô, ô, meu bem, meu bem, me dá
Teu silêncio, teu prazer
Quero você e o sol
Num grande amor sem fim
Dentro de um céu azul
Ô, timbaiê,
Ô, timbaiê,
Ô, timbaiê,
Quero você e o sol
Num grande amor sem fim


by: najinha chicleteira",pt
/chiclete-com-banana/,Amar Você Nâo Dói / Vem,/chiclete-com-banana/amar-voce-nao-doi-vem.html,"Sempre me lembro de você
Com esse jeito tão estranho
No segredo desse amor
Seja ele como for
Amar você... não dói.
O pedaço de você
Alucina o meu juízo
Você é meu paraíso
É só sonhar...
Ô, ô, ô, ô, meu bem, meu bem, me dá,
Ô, ô, ô, ô, meu bem, meu bem, me dá
A aventura do teu beijo
Ô, ô, ô, ô, meu bem, meu bem, me dá,
Ô, ô, ô, ô, meu bem, meu bem, me dá
Teu silêncio, teu prazer
Quero você e o sol
Num grande amor sem fim
Dentro de um céu azul
Ô, timbaiê,
Ô, timbaiê,
Ô, timbaiê,
Quero você e o sol
Num grande amor sem fim


Ê, ê, ê, ê, ô
Ê, ê, ê... ê, ô, ê, ô
Vem

O amor é um vício que a vida tem
Onde nasce se rompe no choro de alguém
Sem eco no fundo desse amor

Olha o que eu sou pra você, oh, meu bem
Só me dê alegria pra eu viver
Meu amor, meu amor, não me deixe sozinho

refrão
Pois a vida é uma só
Nossa vida é uma só
Lá, lá, lá, lá, lá, lá, ê, ô, ô, ô
Lá, lá, lá, lá, lá, ê, ô, ê, ô

Vem
Esquece meus erros perdoa e vem
Deixe de pirraça, me abraça e vem
Tudo se faz pelos braços de alguém",pt
/chiclete-com-banana/,Americanizou Pra Valer,/chiclete-com-banana/americanizou-pra-valer.html,"Baby, baby, baby querida
Eu tenho que tentar mudar
Não trocar Mickey Mouse por você
Não é mole acreditar

Eu boto queijo envenenado
Pro rato vir roer
E eu puxando o meu carro
Americanizou pra valer
Oh... yes, yes, yes, yes
Oh... no, no, no, no

E tudo entra pelo telhado
O Batman só faz vencer
Mas no dia a dia, papai
Meu Super-Herói é você
Me leve para o pão de açúcar
Me dê um tremendo beliscão
Acordou desse sonho maluco
Eu não sou americano não
Oh... yes, yes, yes, yes
Oh... no, no, no, no

Papai... Papai... Papai...
Papai... Papai

Tem gente ficando calada
Fingindo nada acontecer
Cabelo black que eu uso
Yes Brasil pra você
Me leve para o Corcovado
E faça eu pisar no chão
Não me fique olhando de lado
Eu não sou americano não
Oh... yes, yes, yes, yes
Oh... no, no, no, no",pt
/chiclete-com-banana/,Amor da Minha Vida,/chiclete-com-banana/amor-da-minha-vida.html,"Laaaa, lalalalaaaaa, lalalalaaaaa, lalalalaaaaa

Eu só queria que você me olhasse com os olhos que me olhava antes,
me dizendo pra não mais sofrer por você.
Não faz idéia da falta que eu sinto dos seus beijos e abraços
no nosso sofá, não seria capaz de esquecer você.

Toda vez que te peguei chorando como agora,
nunca imaginei viver a vida sem te ter.
Libere seu orgulho, amor, não jogue tudo fora.
Se você não diz seu coração, ele vai dizer sim, volta pra mim...
Pra mim...

Você é o amor da minha vida...
Você é tudo aquilo que sonhei viver...
Você é meu tudo, minha medida...
Se eu fosse você eu voltaria pra mim agora.

Láaaa, lalalalaaaaa, lalalalaaaaa, lalalalaaaaa

Não faz idéia da falta que eu sinto dos seus beijos e abraços
no nosso sofá, não seria capaz de esquecer você.

Toda vez que te peguei chorando como agora,
nunca imaginei viver a vida sem te ter.
Libere seu orgulho, amor, não jogue tudo fora.
Se você não diz seu coração, ele vai dizer sim, volta pra mim...
Pra mim...

Você é o amor da minha vida...
Você é tudo aquilo que sonhei viver...
Você é meu tudo, minha medida...
Se eu fosse você eu voltaria pra mim agora.

Você é o amor da minha vida...
Você é tudo aquilo que sonhei viver...
Você é meu tudo, minha medida...
Se eu fosse você eu voltaria pra mim agora.

Se eu fosse você eu voltaria pra mim agora...


By Viviane Marques",pt
/chiclete-com-banana/,Ana Bonita,/chiclete-com-banana/ana-bonita.html,"Em Cabaçeiras do Paraguaçu
Menina linda eu vou te levar
Lá onde a mata é verde o céu azul
O dia é lindo e a noite tem luar

Lá onde a gente vive numa boa
Tanta alegria explode o coração
Quando te vejo pensamento voa
No Forró do Lago vou viver essa paixão

Lá onde a gente vive numa boa
Tanta alegria explode o coração
Quando te vejo pensamento voa

Chiclete com Banana e São João

Anaaaaa bonita
Diga que me ama
Ana ana ôôôôôôôôô
Anaaaaa bonita
Toda a minha vida é pra te amar.",pt
/chiclete-com-banana/,Anjo Marginal,/chiclete-com-banana/anjo-marginal.html,"Ver
O mar beijando a areia
Espuma que clareia
Na onda balançar
Ê
Dispensa essa tristeza
Fronteiras e barreiras
Na água azul do mar
Tudo que eu quero da vida viva
Toda vida linda de flor, sem dor
Vida que eu te quero viva. Avisa que eu vou
Um anjo marginal
Um facho de luz
Na escuridão
Que lhe seduz
Um anjo marginal
Um facho de luz
Na escuridão
Que lhe conduz",pt
/chiclete-com-banana/,Aririô,/chiclete-com-banana/aririo.html,"Choro, mas deixo um sorriso no ar
Nada pode me assustar
Donos do mundo querem sangrar
A beleza de amar
Cantando o reggae yô yô
Pelos becos vão brotar
Peles negras e vozes nuas
Com histórias pra contar
Esse reggae bate palma
Erga os braços para o alto
Nosso grito é de força
Oh... Oh... Oh...
Nosso grito é de força
Oh... Oh... Oh...
O vampiro da cidade
Quis sim, me devorar
O meu sangue colorido
Fez sim, eu gargalhar
Essa dança que me leva
Aririô
Esse passo que me leva
Aririô
Esse sonho que me leva
Aririô
Aririô... Aririô... Aririô...
Aririô... Aririô... Aririô...",pt
/chiclete-com-banana/,Até O Carnaval Trazer Todo Axé,/chiclete-com-banana/ate-o-carnaval-trazer-todo-axe.html,"Na conceição começando a loucura
Você até jura que nunca vai me deixar
Quando então pinta uma linda viagem
Na boa viagem pra gente flutuar

A Sol aprua a noite se alinha
Deixa tudo massa pelas ruas da lapinha
E No Bomfim o Trio elétrico voa
Feliz da vida até a Ribeira pintar

No Rio Vermelho teu olhar tal qual espelho
Se reflete na paixão
Itapuã diz que a luz é nossa amiga
É nossa fã de coração

Pra na Pituba ser lá o que Deus quiser
Até o carnaval trazer todo axé
Pra na Pituba ser lá o que Deus quiser
Até o carnaval trazer todo axé


---------------
By Baconrj",pt
/chiclete-com-banana/,Atrás do Caminhão,/chiclete-com-banana/atras-do-caminhao.html,"Eu fui atrás de um caminhão
Fazer meu carnaval e o carnaval é feito do coração
Não sei bateu a emoção
Bem Naquele ano eu me tornei Camaleão
eu fui (2x)

Eu fui atrás de um caminhão
Fazer meu carnaval e o carnaval é feito do coração
Meu bem nasceu a ilusão
Eu bem Naquele ano eu me tornei Camaleão
eu fui (2x)",pt
/chiclete-com-banana/,Bala Na Agulha,/chiclete-com-banana/bala-na-agulha.html,"Ô ô ô ô ô ô ô ô ô...
Eu quero ver
Pêrequetê, purucutu, paracatá
Eu só vou fazer se você fizer também
Quero ver você dançar
Quero ver você suar
Quero ver você me amar, me amar, me amar, me amar
Vem pra cá, vem pra cá
Vem pra cá, vem pra cá
Vem pra cá, vem pra cá
Pra cá, pra cá, pra cá
É nesse embalo que se embala
É nesse embalo que se rola
É nesse embalo que se embola
Bala na agulha é pra tocar na radiola
Na balada na calada da noite azaração
Pegue sacode
Pegue sacode
Madrugada na sacada
Saquei a vibração
Vi você chegar
Frisson no coração",pt
/chiclete-com-banana/,Balançar O Abadá,/chiclete-com-banana/balancar-o-abada.html,"Vamos todos balançar...
Vamos todos balançar...

ô abadá...
ô abadá...

venha pra cá meu bem
vamos dançar tambêm

nessa alegria que vai
agente dança..

gente de bonita de mais
cante esse samba na paz

que em campina grande
todo mundo se balança...

Vamos todos balançar...
Vamos todos balançar...

ô abadá...
ô abadá...

venha pra cá meu bem
vamos dançar tambêm

nessa alegria que vai
agente dança..

gente de bonita de mais
cante esse samba na paz

que em campina grande
todo mundo se balança...

Vamos todos balançar...
Vamos todos balançar...

ô abadá...
ô abadá...",pt
/chiclete-com-banana/,Balanço do Camaleão,/chiclete-com-banana/balanco-do-camaleao.html,"Intro: (A E D)

A
Olha o balanço, olha o balanço
E D
Do Camaleão
A
Olha o balanço dela!
Olha o balanço, olha o balanço
E D
Do Camaleão
A
Olha o balanço dela!
E
Segura na cintura dessa menina
D A
E vá de trenzinho
E
Segura na cintura dessa menina
D A
E balança um pouquinho
E D A |
Oi, oi, oi, ô, iá, iá, iá |refrão
E D A |2x
Oi, oi, oi, ô, iá, iá, iá |
D A
Eu sou camaleão, você camaleoa
D A
Nessa multidão, brincamos numa boa
D A
Jogando o corpo pra lá e pra cá
D A
No mesmo embalo quero namorar
(repete refrão)
E |
Eu vejo um remelexo |
D A |2x
Eu vou mandar um beijo pra ela |
E D A |
Eu tô na galera, eu tô na galera |
",pt
/chiclete-com-banana/,Balanço do Chiclete,/chiclete-com-banana/balanco-do-chiclete.html,"Tu,tátá..
Tu,tu tárárá..
no balanço do chiclete
chicleteiro vai dançar..

Tô chegando.. vem pra cá
Vem curtir meu som
vem comigo balançar..

Eu tô chegando..
olha o Chiclete ai..
Wilson aumenta o som
pra galera sacudir..

Tum tá tá..
Tum tum tá rá rá..
no balanço do chiclete
chicleteiro vai dançar..

Quando eu chego agitando
a galera vem fazer a festa
e traz a multidão..

Quando eu chego pra cantar
todo mundo faz muito barulho
e o meu coração
que diz assim..

Tum tá tá..
Tum tum tá rá rá..
no balanço do chiclete
chicleteiro vai dançar..

[By Gustavo Birro]",pt
/chiclete-com-banana/,Balão Dourado,/chiclete-com-banana/balao-dourado.html,"Sonhei que eu era um balão dourado
E debruçado no manto
Estrelado do céu
Eu via
Povo
Cantando embalado
Como na ginga
De um carrossel
No sonho eu via a sanfona
E a zabumba
Batendo tão forte
Parecendo um coração
No ting-ling do triângulo
A poeira que sai do chão
Mais um licor
Pra embebedar o coração
Pois nesse passo
Ao som do arrasta-pé
Até o amanhecer seja lá o que Deus quiser
Voei... Voei...
Para o meu amor encontrar
E quando beijei o teu rosto
A lua veio nos admirar
É que era São João
E mais ardente o amor se dá
Junto à chama da fogueira
Novos sonhos vão rolar",pt
/chiclete-com-banana/,Banana Metal,/chiclete-com-banana/banana-metal.html,"Lembro do meu tempo de menino
Minha alma estampada de recordação
É como se fosse a alegria
De quem disse que um dia
Tio Sam é São João

Quando a cantiga era modinha
Não havia reggae night sem acordeon
Bang-bang à italiana
Justiceiro Virgulino
Spielberg do sertão

Quanta lameira
Foi o que restou
Vamos a Guajira, bem
Em busca do meu amor

Tome seu banho de lua com Alain Delon
Sou Chiclete Super-Homem quero te abraçar
Em festa de arromba vou sem compromisso, vou
Com meu coração que não é de papel

Quanta lameira
Não é isso não
Não é nada disso, irmão
É rock do sertão",pt
/chiclete-com-banana/,Banana Real,/chiclete-com-banana/banana-real.html,"Plantei bananeira no meu quintal
Lá da martinica banana real
Banana nanica podia crescer
Na terra da prata meu ouro é você

Chiclete na caixa banana no cacho
Menina no Nanabanana eu te acho
Preciso te ver, dançar com você
Pra enlouquecer, e poder gritar ""Te amo!""

Nana nana ae nana nana
Nana ae nana nana
Nana nana banana",pt
/chiclete-com-banana/,Bateu Saudade,/chiclete-com-banana/bateu-saudade.html,"Bateu saudade, bateu
vem dizer
oh! minha louca paixao
vem pega na minha mao
oh oh oh

Coisinha do coraçao
pode cantar, que eu quero ver
voce dançar, fazer aue
pode cantar, que eu quero ver

Voce dançar, fazer aue
quem fala é o desejo

Eu quero ouvir a voz que canta essa canção
me de o seu abraço, me de sua paixao
eu quero simplesmente ser o seu amor
venha!!!

Que eu te dou amor
que eu te dou amor
que eu te dou carinho
que eu te dou carinho

seja onde for...",pt
/chiclete-com-banana/,Batuque da Massa,/chiclete-com-banana/batuque-da-massa.html,"Êh, lá, lauê, lá, lauê, lêrauá
Êh, lá, lauê, lá, lauê, lêrauá
Massa e a massa ver

O batuque dessa massa aê
O batuque dessa massa aiá

O barulho dessa máquina,
O barulho dessa máquina,
O barulho dessa máquina
Está deixando
O meu som atordoado
Estou ficando biruta
Maluco por encomenda
Oh Deus! Veja que situação

O céu está de luto
É o apocalipse now
É a rosa de Hiroshima
É a cor original ..nal..nal..nal.

Mas eu preciso precisar
Esquecer que esqueci
Perdão foi feito pra se pedir
Meu amor no fim da linha
Corre perigo da vida
Olhe a tosse na esquina
Fumar também, fumaça vai.
Eu faço o boi andar na frente
E a carroça andar atrás
Perigo de vida.",pt
/chiclete-com-banana/,Batuque do Cais,/chiclete-com-banana/batuque-do-cais.html,"Batuque no cais
No cais chegou
Urbano virou
(bis)

Tambores urbanos
Repicam evocam seu rei
Na grande cidade
Batuque é o grito de paz
Nos becos, favelas, ladeiras
Na beira de qualquer abismo
Misturando a dor
Quasares e o tan do tambor

Tan, tan, plan, tan, tan tocou
E o vento levou
Ai, ai, iê
Ai, ai, iê
(bis)

Tambores que deixam a marca na mão
A crença da vida na cura da dor
Sorriso de paz como a expressão
No rosto cansado do sofredor
Tambores, batidas do coração
Passado, presente buscando amor

Iê o, iê o
Iê o, iê o",pt
/chiclete-com-banana/,Beijo Cigano,/chiclete-com-banana/beijo-cigano.html,"oh, oh, oh, oh, oh ]
]
oh, oh, oh, oh ,oh ] 2x
]
oh, iô, iô, iô. oh, oh, oh ]
esse teu corpo cigano, morena, quero beijar
aroma e desejo, nosso cheiro no ar
balance e lance perfume incendeie bem mais
ao som do afroxe no brilho da paz
num grito de fe, internacionais
num grito de fe, internacionais
num grito de fe, internacionais
me da um beijo de açuca, maluca ]
] 2x
me da, me da, me da... ]
oh, oh, oh, oh, oh...",pt
/chiclete-com-banana/,Beijo Em Alto Mar,/chiclete-com-banana/beijo-em-alto-mar.html,"Eu nunca vi tantas flores lindas
Rosas tão belas assim nunca vi
Requebro, molejo, sensuais
Um dengo gostoso demais
Carnaval nunca acaba
Se você me faz um carinho

Quando ela chega o medo se vai
Traz um perfume na pele que me satisfaz
Bela flor, céu azul
Teu corpo no meu corpo, corpo nu
Aconchega no meu peito
Vem matar esse desejo sem fim

(Refrão)
Me enche de esperança e vem dançar
Quero esse beijo nem que seja em alto mar
O teu ciúme só me faz enlouquecer
Tô viajando nesse sonho de amor com você

Vem, vem pra cá
Quero esse beijo nem que seja em alto mar
Vem, vem dizer
Tô viajando nesse sonho de amor com você",pt
/chiclete-com-banana/,Belo Camaleão,/chiclete-com-banana/belo-camaleao.html,"Lua, luar, canto de mar
Vindo do céu, linda sereia
Aquarela
Se transformou, sendo a mais bela
Em uma cor

A cor do papel
Do mar azul, a cor do mel
Ela é a bela transformação
Do camaleão
É o singelo mistério
Da vida em ação

Iê ôôôô...
Iê iê iê iê iê ôôô...

Dia virou noite
Fera virou bela
Cores na chegada
Triste na partida
Fica a fera pega
Corre a bela chora
Rio virou língua
Prata já virou

Belo camaleão
Belo camaleão

Água virou vinho
Como ser magia
Folia que transforma
Amargo vira mel
Amando muda a vida
Como rei chegou
Com olhar brilhante
Me conquistou

Belo camaleão
Belo camaleão",pt
/chiclete-com-banana/,Bem-vindo Ao Mar,/chiclete-com-banana/bem-vindo-ao-mar.html,"Eu ainda não fiz festa esse ano
Procurando o meu bem
E na vida mando flores, faço planos
Eu não quero mais ninguém
Te escrevo, mando e-mail, telefono....
Meu amor eu vejo o tempo passar
De repente, dá um medo e eu te chamo
Só pra ver você chegar

Eu vejo a vida mudar
No Siriguella você vai me amar
Vamos pra beira do cais
Me diga lá, bem-vindo ao mar!

E vai cantar assim
Uma canção assim
Que você fica à toa no meu Siriguella
Pertinho de mim",pt
/chiclete-com-banana/,Boca do Povo,/chiclete-com-banana/boca-do-povo.html,"Pode dizer, pode dizer
O que que você quer
De mim

Eu tô aqui pra lhe ouvir
Eu vou lhe dar toda
Atenção
Fale o que sente o
Seu coração

Pode dizer, pode dizer
O que que você quer
De mim

Eu tô aqui pra lhe
Ouvir
Eu vou lhe dar toda
Atenção
Fale o que sente o
Seu coração

Ouvi pela boca do
Povo
Que você me ama
Ouvi pela boca do
Povo
Que você me quer

Estou na sua também
Do seu lado quero
Viver
Eu quero o que você
Quiser
Eu topo tudo com
Você

Ei, oi, vem pra cá
Tô cheio de amor para
Lhe dar",pt
/chiclete-com-banana/,Boi da Cara Preta,/chiclete-com-banana/boi-da-cara-preta.html,"Boi, boi, boi |
E |
Boi da cara preta |refrão
D |
Pega essa menina |2x
E7 A E7 |
Que tem medo de careta |
A
Vi uma estrela tão alta
E
Entre as nuvens de algodão
D
Com seu facho de luz ilumina
E7 A
Ilumina a mais pura visão
Da água da fonte escondida
E
A rosa que floresceu
D
Suas mãos, suas carícias
E7 A
A emoção que você me deu
(repete refrão)
A
Tão bela como uma flor
E
Cor de rosa, como o amor
D E7
Não me olhe desse jeito
A E7
De querer se apaixonar
A
Tão bela como uma flor
E
Nem mesmo o seu nome eu sei
D E7
Mas você está tão perto
A E7
Me veja em seus olhos outra vez
A
Com muita magia você
E D E7
Me amou... me amou...
A E7
Demais!
A
No Siriguela você
E D E7
Me amou... me amou...
A E7
Demais!
",pt
/chiclete-com-banana/,Bombonieri,/chiclete-com-banana/bombonieri.html,"Paracumbe cumbe cumbera cumbera
Pererara cumberaraia
Paracumbe cumbe cumbera cumbera
Pererara cumberaraia
Paracumbe cumbe cumbera cumbera
Pererara cumberaraia

Vem ver menina o que eu comprei pra você
Doce, jujuba e bala de hortelã
Maria-mole, pirulito e quebra-queixo
Nesse sorvete até geléia de maçã

Tem caramelo, tem bombom, tem tempo bom
Tem marmelada, chocolate no tablete,

Mas minha nega foi logo dizendo não
Ela pediu, ela só quer chiclete
Mas minha nega foi logo dizendo não
Ela pediu, ela só quer chiclete

Ela só quer chiclete
Ela pediu chiclete
Só quer ouvir chiclete
Ela só quer chiclete
Ela pediu chiclete
Ela cismou com chiclete

Vixe maria como pude lhe esquecer
Pois fiz de tudo só queria lhe agradar
E nem um beijo tá querendo me dar",
/chiclete-com-banana/,Broto,/chiclete-com-banana/broto.html,"BROTO (Bell Marques)

Quando você olha, algo me confunde,
é como cintilar sobre areia molhada
parece me levar pro céu, pro céu
na crista do mar se mostre por inteira,
seja verdadeira, seja meu broto no olhar.

Sempre você faz algo que me ilude
com um soriso aberto contesto seu olhar
outrora seu amor, my girl, my girl
E se for preciso da minha vida inteira
somente num piscar, você me faz sonhar.

Seja você, seja quem for
que bom te olhar
quisera saber se vou poder te beijar.
Deixar te tocar como dizer meu amor
Vou viajar mas sempre vou te amar.",pt
/chiclete-com-banana/,Cadê A Feira?!,/chiclete-com-banana/cade-a-feira.html,"Cadê a feira
Cadê, cadê
Cadê você mulher
Comment ça va l’amour
E corre e me abraça
Vem me beijar
E corre e me abraça

Cadê você mulher
Cadê você mulher
Cadê você vou te amar

Dublê minha dama
Na cama, na fama
Na fila, na trilha
Vou te paquerar
O jeito meu bem
É dizer que te amo
Eu sou radical, meu amor é você

Segunda-feira, é terça-feira
Na quarta-feira, eu vou te amar
É quinta-feira, é sexta-feira
Cadê você vou te amar",pt
/chiclete-com-banana/,Camalionina,/chiclete-com-banana/camalionina.html,"Me ligue pra eu te ouvir feliz
Me ligue que eu sinto falta
Alô mainha

Seu brilho brilha como sol
Reflete no branco verão
Broto dourado você é demais

Linda tua vida é livre como a madrugada,
Mistura teu reino no meu
E me faça feliz
De uma forma banal,
Eu não sou quase nada,
Pra seu prazer, muito prazer

Camali
Camaliôôô
Camaliôa

Eu me transformo pra ser um Camaleão
Vivo pensando se seu destino sou eu

Camali
Camaliôôô
Camaliôa",pt
/chiclete-com-banana/,Canto do Aledé,/chiclete-com-banana/canto-do-alede.html,"Que papo é esse, nega, que vem nesse axé?
É Traz A Massa, goiê sou Aledé
É tão bonito, nega, diz como é que é
É Traz A Massa, nego, pode levar fé


Aledé chama Oxum para pôr Dendê
Irê Irê Irê
Olorum chama Oxum para pôr Dendê
Irê Irê Irê

Ô ilai lelele ô
Ô ilai lelele ô
Girou ô gira girou
Girou ô gira girou...",pt
/chiclete-com-banana/,Cara Caricias,/chiclete-com-banana/cara-caricias.html,"Cara caricias malicias
E até faco figa
Pra você ficar

Um beijo de amor carinhoso
Pra gente se amar..

Pra sonhar preciso de você
Meu bem es meu bem querer
Não vai me deixar..

Pra sonhar me lembro de você
Meu bem es meu bem querer não
Vai me deixar

Louco de desejo
Ôô..ôôô..

Vem me abraça
Laiar laiar lair..

Me pega me laça me agarra
Me cobre de beijos",pt
/chiclete-com-banana/,Carnaval Beijo Na Boca,/chiclete-com-banana/carnaval-beijo-na-boca.html,"O meu carnaval é em salvador, tem
beijo na bôca aqui impera o amor.
Meu grito de guerra é maioral, eu
grito bem alto vem curtir o carnaval.

Aqui tem axé tem gente bonita, todo
mundo pula todo mundo se agita.
O meu povo canta ê gente feliz,
não fica parado todo mundo pede bis.

O meu carnaval é em salvador, tem
beijo na bôca aqui impera o amor.
Meu grito de guerra é maioral, eu
grito bem alto vem curtir o carnaval.

Você que ta ai todo animado curta esta
festa não pode ficar parado.
Olha esta gata que ta do seu lado dê um
beijo nela não fique desconfiado.

O meu carnaval é em salvador, tem
beijo na bôca aqui impera o amor.
Meu grito de guerra é maioral, eu
grito bem alto vem curtir o carnaval.
eu grito bem alto vem curtir o carnaval,
eu grito bem alto vem curtir o carnaval.",pt
/chiclete-com-banana/,Casamento Não,/chiclete-com-banana/casamento-nao.html,"Não me chame pra morar
Não me chame pra casar
Eu não entro nessa não
Não me chame pra beber
Não me chame pra fumar
Caia fora dessa irmão

Hoje em dia fazer farra é beber leite
Com granola e açaí
Correr na praia pegar onda jogar bola
Queimar as calorias

O meu remédio meu amigo
é tiro e queda
Dou a dica pra você
É pegar todas arranjar uma namorada
Em cada canto que eu viver

Casamento não
Casamento não
Casamento nana
nina nina não",pt
/chiclete-com-banana/,Chamego,/chiclete-com-banana/chamego.html,"Intro: (Dm Gm C Dm) A7

Dm Gm
Faço tudo pra ser o xodó dessa menina
C Dm
Sei que a gente se combina, pode acreditar
Gm
Faço festa, se ela chega eu não me importo
C Dm
Se ela não gostar eu gosto, só quero agradar

Gm Dm
Me faz um cafuné, sei que vai dar pé
Gm C F
Não tenha medo pois a vida ensina
Gm Dm
Já sinto o cheiro do café, vem ser minha mulher
Gm C Dm
Vem me dar na boca essa comida

Dm Gm
Tempera esse chamego que eu quero ser teu nego
C Dm
Uô-ô, carece de dengo

",pt
/chiclete-com-banana/,Chiclete Chopp com Banana,/chiclete-com-banana/chiclete-chopp-com-banana.html,"Intro: (E A)

Entre o vai e vem que rola muita pedra vai rolar
Faço samba com teu cheiro e me calo pra te amar
De janeiro a janeiro quebra coco, quebra mar
Vou rezar lá no terreiro e fevereiro te encontrar

E A E A E A B7
Você gosta do Guns N'Roses, eu gosto do Ilê Aiê
E B7
Chiclete chopp com banana, em Copacabana vou amar você
E A E A E A B7
Você gosta do Caetano, eu gosto do Gilberto Gil
E
Você gosta da Timbalada mas eu pego baba na Boca do Rio
E B7
Vumbora imbora que a carona já chegou
E
Vem nesse toque, que é de felicidade
B7
Vamos imbora, vem comigo, vem agora
A B7 E
Então vem, depois é muito tarde
B7 E
Ê, ê, ê, dança aí que eu quero ver
B7 E
Faço samba com teu cheiro e me calo pra te amar
B7 E
Vou rezar lá no terreiro e fevereiro te encontrar
E A E A E A B7
Você gosta do Elvis Presley, eu gosto mesmo é do Falcão
E B7
Vira volta, volta, vira e mexe, pega, deita e rola no Camaleão
E A E A E A B7
O rock do Barão é pop, pop mesmo é eu te amar
E
",pt
/chiclete-com-banana/,Chiclete Na Boca,/chiclete-com-banana/chiclete-na-boca.html,"Por trás dessa alegria
Tem segredo guardado
Com brilho de paixão

Em cada esquina
Em cada gosto
Em cada rosto
Solto na multidão

Você vem de lá com chiclete na boca
E diz: eu canto todas!
Você vem de lá requebrando doida
E eu: eu tomo todas!
Só pra te encarar nesse sol de verão

Ô ô ô ô
Eu sou Camaleão e você é meu amor
Ô ô ô ô
Chiclete com Banana é rock and roll em Salvador

Olhando teu sorriso
Vejo um tesouro sagrado
Que é pura sedução

Só pelas ruas
Só em teus braços
Só teu abraço
Faz bem pro meu coração",pt
/chiclete-com-banana/,Chiclete No Coração,/chiclete-com-banana/chiclete-no-coracao.html,"Quero todo mundo feliz nesse verão
Se liberte agora e cante essa canção
Da sua maneira me mostre emoção
Se tô na Bahia, sou baiano meu irmão
Iê Chiclete, Chiclete, Chiclete

A felicidade ela é sua e tá na mão
A felicidade contagia a multidão
Pra fazer brilhar sua imaginação
Se tô na Bahia, sou baiano meu irmão
Iê Chiclete, Chiclete, Chiclete
Venha no suingue dessa percussão
Aqui nessa levada todo mundo é irmão
Me diga que sim, amor, não diga que não
Se tô na Bahia, sou baiano meu irmão
Iê Chiclete, Chiclete, Chiclete",pt
/chiclete-com-banana/,Chiclete Sem Moderação,/chiclete-com-banana/chiclete-sem-moderacao.html,"Ei amor parei no seu sorriso seu sorriso me flechou
Ei gatinha me chama de painho que eu te chamo de rainha
Te levo pra Bahia meu bem, te encho de alegria também
Pro Camaleão ficar numa boa, te faço minha Camaleoa

Sou Chicleteiro, sou, sou, sou Brasileiro
Louco, muito louco de paixão
Ouço Chiclete Sem Moderação
Sou Chicleteiro, sou, sou, sou Brasileiro
Louco, muito louco de paixão
Ouço Chiclete Sem Moderação

Parara ou, parara ei vem comigo
Vem Chicletear
Parara ou, parara ei abra um Sorriso e
Vem me amar",pt
/chiclete-com-banana/,Chicleteou,/chiclete-com-banana/chicleteou.html,"Chicleteou, chicleteou, chicleteou, chiclete
Meu coração ai, ai, ai, ai
Meu coração oi, oi, oi, oi
Chicleteou

Chicleteou, chicleteou, chicleteou, chiclete
Meu coração ai, ai, ai, ai
Meu coração oi, oi, oi, oi
Chicleteou

A melhor roupa é o teu sorriso
Vamos reviver essa emoção
Me apaixonei, virou meu vício
Como posso negar essa paixão?

Só você é a minha chicleteira
E eu sou o seu chicleteiro, amor
De mãos dadas na avenida
Atrás do chiclete eu vou, amor

Eu vou, eu vou
Eu vou, amor
Atrás do chiclete, eu tô que tô
Eu vou, eu vou
Eu vou, amor
Atrás do chiclete",pt
/chiclete-com-banana/,Chorarei Amor,/chiclete-com-banana/chorarei-amor.html,"Já nem Lembro de ti, já nem sinto saudade
Guardei meu coração, estou curado desse amor
Já nem lembro de ti, já nem sinto saudade
Guardei meu coração, estou curado desse amor

Quem sabe um dia você vai me entender
Meus olhos secos como pedras pelo chão
Conchas vazias vem rolando com o mar
Trazendo o frio em forma de solidão
Já nem me lembro desse amor tão estrangeiro
Tão cobiçado pela fúria do prazer
Já tive a Rosa entre todas margaridas
Já quis você pra nunca esquecer

Refrão: Chorarei amor quando preciso for,
Morrerei de saudade junto com a felicidade
que o vento levou,
Ô Amor...

Quem sabe um dia você vai me entender
Meus olhos secos como pedras pelo chão
Conchas vazias vem rolando com o mar
Trazendo o frio em forma de solidão
Já nem me lembro desse amor tão estrangeiro
Tão cobiçado pela fúria do prazer
Já tive a Rosa entre todas margaridas
Só quis você pra nunca esquecer

Refrão...",pt
/chiclete-com-banana/,Cidadão,/chiclete-com-banana/cidadao.html,"Fazer o que cidadão, fazer o que cidadão
Fazer o que cidadão, fazer o quê? (2x)

O broto reclamando da vida
A cara feia do patrão
Entrar num beco sem saída
Saindo pela contramão

A prestação já tá vencida
E a televisão quebrou
E lá vou eu pro fim da fila
Atrás do cheque que voltou

Fazer o que cidadão, fazer o que cidadão
Fazer o que cidadão, fazer o quê? (2x)

A cigana um dia me falou
Que tudo vai dar certo meu amor

Será que a cigana tem razão
Será que leu errado a minha mão

by Mi*",pt
/chiclete-com-banana/,Colado No Chiclete,/chiclete-com-banana/colado-no-chiclete.html,"Um beijo, de amor eu sei
revela onde eu quero te levar
é lindo, o teu prazer
eu vejo, quando a banda vai tocar

Será que a emoção nao quer deixar
Você me prende no olhar
Mas o meu bloco já vai passar

Você me aperta no lugar
E esse desejo..
Que vai, vai, vai, vai....

Quando o chiclete passar é pra você ficar colado em mim
Na Bahia é desse jeito você vai ter que viver assim
venha logo pra fazer o meu carnaval
Meu amor chegue mais perto pois eu quero te beijar.
(2x)",pt
/chiclete-com-banana/,Colar do Oriente,/chiclete-com-banana/colar-do-oriente.html,"Eu vou te dar de presente, menina
Um colar do Oriente
Da cor do sol que te aquece
Que te banha de luz
Qual o sorriso de Alá, Alá, Alá

Eu vou nascer qual semente, menina
Nos sonhos da sua mente
Ser Mararishi nas ondas
De paixão e calor que vier flutuar

Faz a idéia pirar
A doçura secreta que pinta
Dos raios do seu lindo olhar

Faz a idéia pirar
A loucura discreta
Que pinta com ela na luz do luar",pt
/chiclete-com-banana/,Colar na Procissão,/chiclete-com-banana/colar-na-procissao.html,"Vai saindo de tudo que é viela
Devoção estampada na janela
Tantos olhos a brilhar
Gente que quer ser feliz
Gente aqui da minha terra
Gente aqui do meu país

Eu sou filho da alegria
Levo o andor da fantasia
Minha fé ninguém me tira
Sou devoto da alegria
Quem me guia é o coração
Sou chiclete e vou colar na procissão

Nesse mar de gente
Navegarei na emoção
Dá licença meu amor
Sou assim, não abro mão
Sou chiclete e vou colar na procissão",pt
/chiclete-com-banana/,Colombina,/chiclete-com-banana/colombina.html,"A minha fantasia era você
Louco pra te encontrar
Louco pra ver
Lavada de alegria
Levada de dendê
A minha fantasia era você
A minha fantasia era você

Colombina iaô
Pierrô e alabê
Pelo olhos da Bahia
Pela lente de Vergè
A minha fantasia era você

Cara
Eu quero ver tua cara
Com quem você namora
Vamos ficar agora
Sou o coração que chora
Que se fantasiou
Pra encontrar o amor

A minha fantasia era você
Colombina iaô
Pierrô e alabê
Pelo olhos da Bahia
Pela mente diverge
A minha fantasia era você

Cara
Eu quero ver tua cara
Com quem você namora
Vamos ficar agora
Eu sou o coração que chora
Que se fantasiou
Pra encontrar o amor

O pierrô apaixonado
Que vivia só cantando
Por causa de uma colombina
Acabou chorando
Acabou chorando
(2x)

Cara
Eu quero ver tua cara
Com quem você namora
Vamos ficar agora
Eu sou o coração que chora
Que se fantasiou
Pra encontrar o amor",pt
/chiclete-com-banana/,Cometa Mambembe,/chiclete-com-banana/cometa-mambembe.html,"- Cometa Mambembe


Quando a estrela brilhar na cabeleira
E o galope acordar na beira-mar
Bem-te-vi e a canção na goiabeira
Brisa Lua no mato pra cheirar

No cometa da guitarra baiana
Ou nas cores da cauda do pavão
Zamzibar, tuaregues e patufas
Anda luzes de Ghandhi coração

E tenha fé no azul que tá no frevo
E o azul é a cor da alegria
Um cavalo mambembe sem relevo
Um galope de Olinda pra Bahia",pt
/chiclete-com-banana/,Coração Batucador,/chiclete-com-banana/coracao-batucador.html,"Oi, tum, tum, tum coração batucador
Oi, tum, tum, tum vai levando o meu amor (bis)

Lembro os teus cabelos negros
Olhos de jaboticaba
Molhadinhos de saudade quando saio pra cantar
De madrugada meu bem quando a festa acaba, todo mundo
vai pra casa e eu doidinho pra voltar

Ô iáiá e eu doidinho pra voltar
Ô iáiá mas eu sei que eu chego lá (bis)

Se por acaso me perder pelo caminho
Sei que não estou sozinho
Vou ali, mas vou voltar
Vou passear
Em um disco voador
Por causa do meu amor
Prometo não demorar

Ô iáiá prometo não demorar
ô iáiá mas eu sei que eu chego lá",pt
/chiclete-com-banana/,Coracão Incerto,/chiclete-com-banana/coracao-incerto.html,"Todo momento eu penso em você

Esse teu sorriso leva a gente

A loucuras e prazer

Você finge que não sabe

Quanto eu gosto de você

Meu amor não é história

De querer só por querer

Quando olho em minha volta

Os seus beijos nunca mais

O seu corpo, outros tantos

Desfrutaram dos encantos, acabou a paz

Será mesmo desse jeito

Para amar ter que sofrer

Ó esse coração incerto, desse jeito não dá certo

Vou esquecer você",pt
/chiclete-com-banana/,Cuida de Mim,/chiclete-com-banana/cuida-de-mim.html,"Deixa ter
Sorriso solto jogado pelo ar
A felicidade plantada no coração
Faz bem pra alma e pra a paixão

Deixa ter
Essa alegria de festejar
Cada minuto segundos no olhar
Transmite a clareza do meu viver

Faz valer
Não me negue essa busca do teu querer
Não vale nada essa fuga
Quero você
Sem você não sou o mesmo não

Cuida de mim
Não faz desse jeito
Sem seu amor não tenho sossego
Hoje estou tão certo desse amor",pt
/chiclete-com-banana/,Dandalunda,/chiclete-com-banana/dandalunda.html,"Bem pertinho da entrada do gueto
Um terreiro de Angola e Ketu
Mãe maiamba que comanda o centro
Dona Oxúm dançando Oxóssi no tempo
Lá em cima no tamarineiro
Marinha da pipoca ajoelha
Em janeiro, no dia primeiro
Desce o dono do terreiro
Coquê

Dandalunda, maimbanda, coquê (4X)

Seu zumbi é santo sim que eu sei
Caxixi, agdavi, capoeira
Casa de batuque e toque na mesa
Linda santa Iansã da pureza
Vira fogo, atraca, atraca, se chegue
Vi Nanã dentro da mata do jejê
Brasa acesa na pisada do frevo
Arrepia o corpo inteiro

Coquê dandalunda maimbanda,
Coquê
Dandalunda
Paira na beira
Dandalunda
Da cahoeira
Dandalunda
Paz e água fresca
Dandalunda
Doura dendê",pt
/chiclete-com-banana/,Dar A Volta No Brasil,/chiclete-com-banana/dar-a-volta-no-brasil.html,"Vamos dar a volta no Brasil
Vamos descer, subir Ladeira do Funil

Vamo simbora, venha pra cá
""Minha terra tem palmeiras
Onde canta o sabiá ""

Encontro você lá na Bahia
Vamos subir, descer ladeira todo dia
Ê berimbau venha cá
Tocar para ela dançar
São Bento Grande me chamou

Vamos dar a volta no trio
Vamos dar a volta no Brasil

Ajeita o laço do cabelo da menina
Tem a roda de Samba, vem pra cá me ensina
Tem maculelê, tem zoeira pra valer

Voar de asa-delta , só pra te encontrar
Em Porto Seguro vamos ancorar
Agora menina, você me alucina
O mundo vai rodar para você",pt
/chiclete-com-banana/,De Bem Com A Vida,/chiclete-com-banana/de-bem-com-a-vida.html,"Não vou dizer não à vida
Não tenho porque parar
Se o momento é agora
Não vou deixar escapar

Se tens a faca e o queijo
Então por que não cortar?
Se o bem e o mal andam juntos
Então no que acreditar?

Tenho um segredo prá isso
Que só o tempo lhe dá
E não se pode ter medo
Nem de seguir nem de sonhar

Quero ser herói e não bandido
Já perdi o medo de pecar
Quero estar curado e não ferido
Se a chuva cair não vai me molhar",pt
/chiclete-com-banana/,De Braços Abertos,/chiclete-com-banana/de-bracos-abertos.html,"Estou aqui
De braços abertos
Diante dessa multidão
Bit acelerado, um descompassado coração
Estou aqui
Sorriso gigante que nunca mais vai se acabar
E é nesse instante
Eu sei que aqui é o meu lugar

Estou aqui
É olho no olho
Amor que nasceu entre nós dois
Tudo misturado
O antes, o agora e o depois
Vou te conhecendo
E me entendendo com você

Quem te conhece jamais se esquece do prazer
Vou voar pelo céu com você",pt
/chiclete-com-banana/,Dê Um Grito Aí,/chiclete-com-banana/de-um-grito-ai.html,"Ê o amor
O camaleão se apaixonou
Trocou sua pele sensual e colorida
Pra ficar mais bonito na avenida
E daí meu bem
Você pode gritar
Ah! Que beijo bom
Meu amor só você vai me dar
Ê ê eu quero levar
Você
Pra mim
Tu és a linda flor
Hoje eu vou te amar
Dê um grito aí
Faça a festa pra valer, lelê
Quero ver você dançar
Quero relaxar e responder
Te amo!",pt
/chiclete-com-banana/,Desculpa Aê Pa-pa,/chiclete-com-banana/desculpa-ae-pa-pa.html,"Ai, ai, ai - ui, ui, ui
Meu cantinho
Brasileiro
Meu amor primeiro
Eu já vou, já fui

Ai, ai, ai - ui, ui, ui
I wanna go back to
Bahia
É só alegria, eu já
Vou já fui

Desculpa ê pa-pa
Desculpa ê pa-pa
A minha mãe me ensinou
Que a pessoa tem que
Ser modesta

Desculpa ê pa-pa
Desculpa ê pa-pa
Desculpa ê
Mas quando eu chego
É que rola a festa

Sou da cidade-tambor
Eu sou de Salvador
Da boa terra, amor
Eu sou de Salvador

Esse balanço
Vai pegar você
Vai trazer você
Pro lado de cá, de cá
De cá...
O dengo do dendê
O gosto de Dadá
Vai te arrepiar",pt
/chiclete-com-banana/,Desejo de Amar,/chiclete-com-banana/desejo-de-amar.html,"sinto um desejo tão belo
que hoje eu não quero
por nada no mundo deixar

na madrugada te quero
na noite e no dia
e sede de amar

gosto de voce amor
como é bom te ver
dona dos meus desejos

vem que te quero
ai amor
me dá um beijo beija flor

tanto te espero louco amor
me leva contigo
espera que eu vou

pingos de chuva
que lavam o seu rosto de mel
sao gotas pra te molhar

sem essa de cara amarrada
se tudo esta certo
eu vou te amar

gosto de voce amor
como é bom te ver
dona dos meus desejos

durante o ano
é lindo ter voc6e doce princesa
futuro e nada podem acontecer
bela beleza

vem que te quero ...",pt
/chiclete-com-banana/,Deuses da Avenida,/chiclete-com-banana/deuses-da-avenida.html,"É com esse brilho no olhar
Que eu vou te abraçar
Ao passar na avenida
Quero sentir teu calor
Sentir teu amor, ser feliz
E se rolar algo mais
Num toque de gratidão
Eu sou Internacionais
Como deuses da avenida
Dono do teu coração
Eu vou querer te encontrar
Te dar um cheiro
Pegar tua boca e beijar
Dar um aperto
Sei que você vai gostar
Desse teu nego
Que vai fazer tão bem
Fazer hem... hem... hem...",pt
/chiclete-com-banana/,Diferentemente Lindo,/chiclete-com-banana/diferentemente-lindo.html,"Diferentemente lindo
Surpreendentemente belo
Não me compare, sou incomum
Não me provoque, eu sou todos e cada um

Sou feito de Teresas e Souzas
Erundinas urbanas, rurais
Um misto de Rodin, Baudelaire, Visconde de Taunay
Sou Coliseu, Champs Elyseés
Sou terra batida, eu sou sapê
Um pouco de tudo que é seu
Assim sou eu
Meu... eu... seu...

Diferentemente lindo
Surpreendentemente belo
Não me compare, sou incomum
Não me provoque, eu sou todos e cada um

Sou malemolência no olhar
Às vezes o descontrole do mar
Não queira conhecer o meu eu
Nem tente ser meu Prometeu
Minha timidez é secreta
Se constrangida vira vulcão
Sou poesia abstrata e concreta
Eu sou camaleão
Meu... eu... seu...

Diferentemente lindo
Surpreendentemente belo
Não me compare, sou incomum
Não me provoque, eu sou todos e cada um",pt
/chiclete-com-banana/,Diga Pra Mim,/chiclete-com-banana/diga-pra-mim.html,"Intro: (A D) A

E |
Tchê rê tchê ts tchê |
D |
Tchê rê tchê ts tchê |
A |
Tchê oba! |refrão
E |
Tchê rê tchê ts tchê |
D |
Tchê rê tchê ts tchê |
A |
Vou namorar! |
C#m
Diga pra mim
D E7 A
Se esse sorriso é desejo de me namorar
C#m
Diga pra mim
D E7 A
Se ficas comigo, se vem serenar
C#m
Diga pra mim
D E7 A
Se guardas na boca esse beijo que tem pra me dar
C#m
Diga pra mim:
D E7 A
""Quem me dera um coração pra te amar!""
(repete refrão)
Bm
Sem dizer nada, encontro o amor
Que abre meus braços
A
E eu estou feliz
Bm
Monte de pêlos, cabelos
Sorrisos, gemidos, teu corpo aguarda as delícias
A
Que eu sempre quis
Bm
Teu corpo amar eu vou!
A
Me deixe te namorar!
Bm
Teu corpo amar eu vou!
A
Vou sim, eu vou te amar!
Bm
Ziriguidara
Ziriguidara
A
Ziriguidô, aiê, tumtum
Ziriguidau
Bm
Ziriguidara
Ziriguidara
A
Ziriguidô...
",pt
/chiclete-com-banana/,Dinorá,/chiclete-com-banana/dinora.html,"Vumbora aê dinorá, vumbora aê dinorá
Vumbora aê dinorá, vumbora aê

Já chamei dolores, glorinha não vem mais
Maria já foi, juliana me chamou
Rosinha vai contigo, vera não quer me ver
Sozinho eu não fico, só vou com você

Vai ter zoeira, no meu fuzuê
Vai ter zoeira, no meu fuzuê
Vai todo mundo pra essa festa bacana
Lá vai ter chiclete e até turista americana

Vai ter zoeira, no meu fuzuê
Vai ter zoeira, no meu fuzuê
Vem cá menina esquece essa tv
Vamos simbora dinorá, vumbora aê",pt
/chiclete-com-banana/,Do Nosso Jeito,/chiclete-com-banana/do-nosso-jeito.html,"Acho Que Não Tá Dando Certo
A Gente Tá Se Cobrando Demais
Tá Querendo Perfeição
Nenhum Amor É Perfeito
Temos Os Nossos Defeitos
Deixa Os Detalhes De Lado
Escuta A Voz Do Coração

Amar É Nosso Desafio
Deixa De Lado Nossas Diferenças
Solidão Não Compensa
Romances São Todos Iguais
Se Briga Depois Se Quer Mais
Não Pode Ser Tão Complicado
Se Entregar A Uma Paixão

Chorei Demais
Chorei Demais Amor
Chorei Demais 2x
Chorei Demais Amor
Ao Pensar Em Te Perder

Eu Te Amo
Não Tem Jeito
Deixa Os Detalhes De Lado
Assim Fica Tudo Perfeito
Eu Te Amo
Não Tem Jeito
Deixa Os Detalhes De Lado
Vamos Viver Do Nosso Jeito",pt
/chiclete-com-banana/,Dormi Na Praça,/chiclete-com-banana/dormi-na-praca.html,"Seu guarda, eu não sou vagabundo
Eu não sou delinquente
Sou um cara carente
Eu dormi na praça
Pensando nela
Seu guarda, seja meu amigo
Me bata, me prenda, faça tudo comigo
Mas não me deixe ficar sem ela

Caminhei sozinho pelas ruas
Falei com as estrelas e com a lua
Fiquei no banco da praça
Tentando te esquecer
Adormeci e sonhei com você

No sonho, você veio provocante
Me deu um beijo doce e me abraçou
E bem na hora ""H""
No ponto alto do amor
Já era dia
O guarda...

Seu guarda, eu não sou vagabundo
Eu não sou delinquente
Sou um cara carente
Eu dormi na praça
Pensando nela
Seu guarda, seja meu amigo
Me bata, me prenda, faça tudo comigo
Mas não me deixe... (2X)

Caminhei sozinho pelas ruas
Falei com as estrelas e com a lua
Fiquei no banco da praça
Tentando te esquecer
Adormeci e sonhei com você...

No sonho, você veio provocante
Me deu um beijo doce e me abraçou
E bem na hora ""H""
No ponto alto do amor
Já era dia
O guarda...

Seu guarda, eu não sou vagabundo
Eu não sou delinquente
Sou um cara carente
Eu dormi na praça
Pensando nela
Seu guarda, seja meu amigo
Me bata, me prenda, faça tudo comigo
Mas não me deixe... (2x)",pt
/chiclete-com-banana/,"Durvalino, Meu Rei",/chiclete-com-banana/durvalino-meu-rei.html,"Quem me dera ter um barco novo?
Quem me dera ter um barco novo?
Pescar peixe na Bahia
Sem a sua companhia, meu rei
Jogar o anzol nesta praia
Jogar o anzol, saia da malha
É federal, mormaço de praia

Cara de pau, é o rei da gandaia
U, tê, rê, rê,
Lá, lá, lá
U, tê, rê, rê,
Lá, lá, lá
Suba essa escada que eu não conto a ninguém
Se vista de pantera, se descubra, neném
U, tê, rê, rê,
Lá, lá, lá
U, tê, rê, rê,
Lá, lá, lá
Alô, Durvalino, meu rei,
Pegue essa onda
Deixe de milonga
Que eu quero é dançar",pt
/chiclete-com-banana/,É Difícil,/chiclete-com-banana/e-dificil.html,"É Difícil
Chiclete Com Banana
Composição: (Carlinhos Brown)

É difícil te encontrar
Como fazer é difícil, ah!
É difícil, é difícil
Moça do arpoador
Me atrapalho, me atrapalho
Se no cocorocó do galo
Não der galho, não der galho
Vou voltar pra Salvador
E me devolva o meu canário
Fique com seu papagaio
Me dê a sua mão
E seu amor
Seu amor
Me dê a sua mão e o seu amor",pt
/chiclete-com-banana/,É Hoje,/chiclete-com-banana/e-hoje.html,"A minha alegria atravessou o mar
E ancorou na passarela!!!
Fez um desembarque fascinante
No maior show da Terra!!!

Será??? Que eu serei o dono dessa festa???
Um rei...No meio dessa gente tão modesta!!!
Eu vim descendo a serra
Cheio de euforias para desfilar!!!
O mundo inteiro espera!!!
Hoje é dia do riso chorar!!!

Levei o meu samba pra mãe de santo rezar
E contra o mau olhado eu carrego meu patuá!!
Lê Lê Lê!!!
Levei o meu samba pra mãe de santo rezar
E contra o mau olhado eu carrego meu patuá!!

Acredito ser o mais valente
Nessa luta do rochedo com o mar!!!
E com o mar
É hoje o dia!!!
Da alegria!!!
E a tristeza...Nem pode, nem pode pensar em chegar!!!

Diga espelho meu
Se há na avenida alguém mais feliz que eu!",pt
/chiclete-com-banana/,É Nenhuma,/chiclete-com-banana/e-nenhuma.html,"
A D E A
É nenhuma meu rei, é nenhuma é nenhuma é nenhuma(2x)
D Bm C#m D E Refrão
É nenhuma meu rei, meu rei, meu rei, meu rei, meu rei
A
É nenhuma é nenhuma é nenhuma
A D E A
Se alguém te disser que o baiano é um bicho preguiçoso
A D E A
É papo furado de povo invejoso, meu rei, não vá acreditar
A D E A
Se alguém te disser que o baiano é um sujeito molenga
A D E A
Não acredite nessa lengalenga, tem alguém querendo te enganar
(Refrão)
A D E A
Tá pensando que o baiano é o que? Tá pensando que eu não trabalho?
A D E A
Você vá na Bahia pra ver, ou na casa do baiano pra saber
A D E A
Que o baiano é massa, o baiano é fera
A D E A
O baiano trabalha, batalha, não joga a toalha e sacode a galera
A D E A
O baiano é fera, o baiano é massa
A D E A
O baiano tem fé, tem raça e sempre faz a festa por onde ele passa
(Refrão)
A D E A
Tá pensando que o baiano é mole? O baiano não é mole não
A D E A
Tá pensando que o baiano dá mole? O baiano não dá mole não
A D E A
O baiano não dá mole não, o baiano não dá mole não
A D E A
O baiano não é mole não, o baiano não é mole não
(Refrão)
",pt
/chiclete-com-banana/,E Nunca Mais Vai Me Deixar,/chiclete-com-banana/e-nunca-mais-vai-me-deixar.html,"Eu sei que o meu coração falou
Que eu sou o teu grande amor
E nunca vai me abandonar
Nao vem dizer que tudo acabou
Que eu apenas fui pra voce um jogo de azar

Os beijos que você me deu eram tão verdadeiros
Pra que disfarçar se o amor ta presente no seu olhar
Por que fazer jogo e lutar contra os seus sentimentos
Se o teu coração ta mandando você se entregar

E deixa o amor reinar que você vai ficar voando solta pelo ar
E quando eu te abraçar se você me beijar eterno esse amor será

E nunca mais vai me deixar ô ô ô
E nunca mais vai me deixar ô ô ô
E nunca mais vai me deixar ô ô ô
E nunca mais vai me deixar",pt
/chiclete-com-banana/,É Sério,/chiclete-com-banana/e-serio.html,"Tô voltando pra você
Me arrependi de te dizer adeus
Tô voltando pra você
Para os braços teus
Te adoro


Só sei viver com você
Do seu lado é meu lugar
Agora é só te amar
E nunca mais vou te deixar

É sério, é sério
Teu amor é o que mais quero


É você que eu amo, minha preferida
Amor da minha vida",pt
/chiclete-com-banana/,É Só Você Pedir,/chiclete-com-banana/e-so-voce-pedir.html,"Lê lê lê lê lê lê lê lê lê
Lê lê lê lê lê
Lá laiá laiá

Lê lê lê lê lê lê lê lê lê
Lê lê lê lê lê
Lá laiá laiá uôô

O que que você quer de mim, nêga
O que que você quer de mim
Diga logo, é só você pedir
O que que você quer de mim (2x)

Já lhe dei jóia rara
Comprei roupa cara e você não usou
Lhe dei casa na praia, um apê lá na Barra
E você não morou
Já lhe dei os três dias do Camaleão, e o cd do
Chiclete
Já lhe dei os ingressos lá do camarote do show da
Ivete

Lhe dei carro importado, todinho equipado
E um computador
Uma conta bancária com muito dinheiro
E você não gastou
Já lhe dei uma praça num bairro elegante lá em
Salvador
Não sei mais o que faço, e você me diz que só quer meu amor

O que que você quer de mim, nêga
O que que você quer de mim
Diga logo, é só você pedir
O que que você quer de mim (2x)",pt
/chiclete-com-banana/,"Ê, Baiana",/chiclete-com-banana/baiana.html,"Ô Baiana
Quem dera ser a flor
E a primavera ver que eu gosto de você
Do jeito que eu sou pra gente só fazer amor

Fazer um carinho e nessa viagem
Nesta grande paisagem ôlêlê
Eu queria voar, voar, voar

Deixa eu voar
E lá em cima ôlêlê
Lá no espaço ôlêê
Vou te amar ôlálá
Baiana...",pt
/chiclete-com-banana/,Ele Não Monta Na Lambreta,/chiclete-com-banana/ele-nao-monta-na-lambreta.html,"Vejam vocês o cara que eu conheci
Que só namora com o broto no portão
Mão na mão
Pra não ter complicação
Ele acha virgindade uma legal
E se assusta quando ouve um palavrão
E só ver mulher nua na Tv
Ele garante que sabe beijar
Mas dá chilique na hora... na hora h

Ele não monta na lambreta
Ele não monta na lambreta
Ele não monta na lambreta

De minissaia não gosta
E acha imoral
Biquini curto, asa delta
Ou até fio dental
Ele é demais
mais, mais, mais
Ele é fingido

Não dança uma lambada
Só valsa de strauss
É um cricri de galocha
Me tira o astral
Ele é demais
Ele é fingido

Fez juramento de castidade
Pro seu amor
E alem de tudo pediu sua mão
E ela negou

Quando vê mulher, ele fica doido
Quando vê mulher, ele fica doido
Mas dá chilique na hora... na hora h

Ele não monta na lambreta
Ele não monta na lambreta
Ele não monta na lambreta


By:Kahzinha",pt
/chiclete-com-banana/,Erva Venenosa,/chiclete-com-banana/erva-vevenosa.html,"Parece uma rosa, de longe é formosa
E toda recalcada, alegria alheia incomoda
Venenosa Êh,Êh...erva venenosa
É pior do que cobra cascavel seu veneno é cruel

De longe nao é feia, tem voz de uma sereia
Cuidado, não lhe toque
Ela é má, pode até te dar um choque.
Venenosa ÊH, ÊH...Erva venenosa
É pior do que cobra cascavel seu veneno é cruel

Se coça como louca
Rachada tem a boca
Parece uma bruxa um anjo mau
Detesta todo mundo
Não para um segundo
Fazer maldade e seu ideal..

Como um cão danado,Seu grito é abafado
É vil, é mentirosa
Deus do ceu como ela é maldosa
Venenosa ÊH....ÊH...Erva venenosa.............",pt
/chiclete-com-banana/,Essa Mulher é Minha,/chiclete-com-banana/essa-mulher-e-minha.html,"O que eu adoro em ti
Se teu corpo mexe bom demais

O que eu adoro em ti
Como se fizesse sempre melhor

O que eu adoro em ti
Tão perdidamente alegre amor
Por mim

Essa mulher é minha
Essa mulher é minha

Água no teu rosto, toda nua
Arde em desejo, água no teu beijo

Me dê teu corpo, vou te levar
Dorme comigo me faz amar

Essa mulher é minha
Essa mulher é minha",pt
/chiclete-com-banana/,Estação Das Cores,/chiclete-com-banana/estacao-das-cores.html,"No amarelo quero ser o Girassol
Voando leve no Azul do Teu Olhar
No Vermelho a Alegria, que dá nos corações
Uma chuva de canções no Ar

Na paz do branco ser esse pro teu amor
No verde a clorofila e o cheiro do jasmin
Num tom de rosas canterei o brilho da emoção
Em tudo o que fluir de mim

Como é bonito o amanhecer
Num colorido de cristal
Dançar ao som desse prazer
Como um eterno carnaval

Chegou na Voz de um passarinho
No bico de um beija-flor
As cores em som de carinho
Um banho de luz e calor

Chegou na Voz de um passarinho
No bico de um beija-flor
As cores em som de carinho
Um banho de luz e calor

Como é bonito o amanhecer
Num colorido de cristal
Dançar ao som desse prazer
Como um eterno carnaval

No amarelo quero ser o Girassol
Voando leve no Azul do Teu Olhar
No Vermelho a Alegria que dá nos corações
Uma chuva de canções no Ar

Na paz do branco ser esse pro teu amor
No verde a clorofila e o cheiro do jasmin
Num tom de rosas canterei o brilho da emoção
Em tudo o que fluir de mim

Como é bonito o amanhecer
Num colorido de cristal
Dançar ao som desse prazer
Como um eterno carnaval

Chegou na Voz de um passarinho
No bico de um beija-flor
As cores em som de carinho
Um banho de luz e calor",pt
/chiclete-com-banana/,Eu E Você Sempre,/chiclete-com-banana/eu-e-voce-sempre.html,"Volto logo assim que puder vou telefonar,
Por enquanto tá doendo,
E quando a saudade quiser me deixar cantar,
Vão saber que andei sofrendo.

E agora longe de mim,
Você possa enfim, ter felicidade,
Nem que faça um tempo ruim,
Não se sinta assim, só pela metade.

Ontem demorei pra dormir tava assim sei lá,
Meio passional por dentro,
Se eu tivesse o dom de fugir pra qualquer lugar,
Ia feito um pé de vento.

Sem pensar no que aconteceu,
Nada nada é meu (nem meu), nem o pensamento,
Por falar em nada que é meu,
Encontrei o anel, que você esqueceu.

Ai foi que o barraco desabou,
Nessa que meu barco se perdeu,
Nele tá gravado só você e eu. (2x)

Ontem demorei pra durmir tava assim sei lá,
Meio passional por dentro,
Se eu tivesse o dom de fugir pra qualquer lugar,
Ia feito um pé de vento.

Sem pensar no que aconteceu,
Nada nada é meu (nem meu), nem o pensamento,
Por falar em nada que é meu,
Encontrei o anel, que você esqueceu.

Ai foi que o barraco desabou,
Nessa que meu barco se perdeu,
Nele tá gravado só você e eu. (5x)",pt
/chiclete-com-banana/,Eu Quero Esse Amor,/chiclete-com-banana/eu-quero-esse-amor.html,"Eu preciso encontrar um amor
Que me deixe arrasado na cama
Um amor que desperte desejo
Um amor que me cale com um beijo
Um amor que mova montanhas

Um amor que não tenha capricho
Um amor que me jogue no lixo
Um amor que esmague meu peito

Pode ser um amor infiel
Ou então que me leve pro céu
Um amor que me pegue de jeito

Eu vou voar, atrás desse amor
Vou encontrar, seja onde for
Eu quero esse amor
Eu quero esse amor
Eu quero esse amor (refrão)

Um amor que bagunce minha vida
Que sufoque e não deixe saída
Ou então que acalme o meu coração
Não importa eu quero encontrar um amor
É melhor do que a solidão",pt
/chiclete-com-banana/,Eu Sou do Mundo E da Bahia,/chiclete-com-banana/eu-sou-do-mundo-e-da-bahia.html,"Aumentou, aumentou, a quantidade de baiano em Salvador.
Vim de longe, alegrar. Com muito amor eu vou cantar e dançar.
E vou ver, passar: Ivete, Asa, Daniella e muito mais.
Pois já é, carnaval. Com o Chiclete, tô aqui, tô legal!!!

Eu sou paulistano e sou baiano também!!
Eu sou goiano e baiano tmb!!
Sou pernambucano e sou baiano também!!
Eu sou gaúcho e baiano também!!
Eu sou paraense e sou baiano também!!
Sou maranhense e baiano tambem!!
Eu sou fulião e sou baiano tambem
Eu sou do Brasil e da Bahia!!!!

Aumentou, aumentou, a quantidade de baiano em Salvador.
Vim de longe, alegrar. Com muito amor eu vou cantar e dançar.
E vou ver, passar: Ivete, Asa, Daniella e muito mais.
Pois já é, carnaval. Com o Chiclete, vou abalar geral!!!

Eu sou africano e sou baiano também!
Americano e baiano também!
Eu sou argentin e sou baiano tmb!!
Sou espanhol e baiano também!!
Eu sou japonês e sou baiano tambem!!
Australiano e baiano também!
Eu sou fulião e sou baiano também!!
Eu sou de Marte e da Bahiiiiiiaaaa!!!!!!

Uma homenagem aos quase 1 milhão de turistas q vem curtir o carnaval de salvador todos os anos.... Do Brasil e do Mundo... Q taa???????",pt
/chiclete-com-banana/,Eu Sou Soteropolitano,/chiclete-com-banana/eu-sou-soteropolitano.html,"Quando bate o atabaque
A galera lá no Iraque
Canta um canto de paz

Quando rufa o repinique
A menina dá chilique
É bonito demais

Segue o mantra da alegria
Pelas ruas da Bahia
Explodindo amor

Essa gente tem magia
Que de cara contagia
Misturando a cor

Eu sou soteropolitano
Eu sou baiano
Eu sou de salvador

Eu sou soteropolitano
Eu sou baiano
Eu sou de paz e amor",pt
/chiclete-com-banana/,Eu Vou Te Amar,/chiclete-com-banana/eu-vou-te-amar.html,"Deixa o teu corpo, se espalhar nessa areia
Revela esse gosto, com suas formas de sereia
Depois o céu e mar, e seus olhos azuis

Tudo o que vejo faço segredo também no coração
Como a zagaia de óleo sem medo a procura de emoção
O teu olhar revela teus loucos desejos de amor

O que é que está por trás deste desejo?
Hoje as suas pernas dominaram minha cabeça
Teu corpo de intersexual disputadíssimo
Teu corpo magro, não, enxuto
Me sinto com vontade de falar: você é linda,
Eu vou te amar!

Eu vou te amar, na doçura dos beijos,
No frescor do desejo
De Possuir a quem lhe possui

Eu vou te amar, na doçura dos beijos,
No frescor do desejo
De Possuir a quem me possui

Tudo o que vejo faço segredo também no coração
Como a zagaia de óleo sem medo a procura de emoção
O teu olhar revela teus loucos desejos de amor

Eu vou te amar, na doçura dos beijos,
No frescor do desejo
De Possuir a quem lhe possui

Eu vou te amar, na doçura dos beijos,
No frescor do desejo
De Possuir a quem me possui",pt
/chiclete-com-banana/,Fazendo Falta,/chiclete-com-banana/fazendo-falta.html,"Ontem eu te encontrei você estava tão bonita
Demais parecia ate que nada aconteceu
Jeito de quem esta feliz de quem esta de bem com a vida..
Sei lá... mas alguma coisa não me convenceu


E ainda faz de conta que não esta nem ai para mim
Mas você não me engana sei que você ainda esta afim!
Me diz para que fazer assim
você pode ter o tempo para pensar
E uma eternidade para se arrepender tá na cara
dá pra ver no teu olhar tô fazendo muita falta pra você
É loucura não ouvir o coração
Desse jeito a gente pede pra sofrer
Eu não quero te ver na solidão
Tô fazendo muita falta pra você
Tô fazendo falta

Tô fazendo falta

Tô fazendo falta...

Falta falta pra você.",pt
/chiclete-com-banana/,Fazer Amor,/chiclete-com-banana/fazer-amor.html,"O que que há meu bem
Não quero nem pensar
Você me olha e fica
nesse vai e não vai
Fazer Fazer Amor

Não posso entender
Se você tambem quer
E faz de conta com o
seu pecarapas
Fazer Fazer Amor

Fazer Fazer Fazer
Fazer Fazer Amor

Dei um corte na
mentira
Dei um lance na
medida
Dei um toque
Milenar

Nesse jogo de azar
Nessa mistificação
Pontapé só da
em briga
Vem de frente
Vem de quina
Passe a mão na
paciência
Pra poder Fazer
Amor

Fazer Fazer Fazer
Fazer Fazer Amor

Fazer Fazer Fazer
Fazer Fazer Amor",pt
/chiclete-com-banana/,"Fazer O Quê, Cidadão!",/chiclete-com-banana/fazer-o-que-cidadao.html,"Fazer o quê, cidadão!
Fazer o quê, cidadão!
Fazer o quê, cidadão!
Fazer o quê...

O broto reclamando da vida
E a cara feia do patrão
Entrar no beco sem saída
Saindo pela contra-mão

A prestação já está vencida
E a televisão quebrou
E lá vou eu pro fim da fila
Atrás do cheque que voltou

Fazer o quê, ...

A cigana um dia me falou
Que tudo vai dar certo, meu amor
Será que a cigana tem razão
Será que leu errado a minha mão

Fazer o quê, ...

",pt
/chiclete-com-banana/,Feijoda do Vizinho,/chiclete-com-banana/feijoda-do-vizinho.html,"Eu sei que tem gente dizendo que o mundo rodou.. piou
Pior quem espera, meu rei,
Sentado no meio-fio
É de alta tensão
O verão é que me traz
Muita onda meu bem

Ô,Ô, guenta aí seu motorista
Ô,Ô, guenta aí seu motorista
Ô,Ô, que eu quero descer
Você não sacou
ouououououooo...

É chique comer banana
Chique é chiclete com caldo de cana
É legal, mas é legal
É legal, super legal

Da feijoada do vizinho
Eu só como um tiquinho, iê,iê,iê...
(Bis)

Liberdade nunca é demais,
Ô ô ô ô ah ah ah ah
O equilíbrio vem com a paz
Hawaí, hawaí, hawaí

Ta legal, ta legal,
Ta beleza, to natural",pt
/chiclete-com-banana/,Feitiço Gelado,/chiclete-com-banana/feitico-gelado.html,"Você é minha vida, o meu beijo ardente
a esperança perdida, de um homem carente
meu feitiço gelado, seu jeito encantado de ser
meu beco sem saída, envenena meu corpo
mistura o prazer
Minha mata atlãntica, minha bela sereia
é a lua da noite, noite de lua cheia
você é minha sede, é o meu copo d'água
meu amor destemido, é vidraça quebrada

( refrão - 2x )
E você mexe com minha cabeça
Maltrata o meu coração
arrasa minha mente
eu morro de paixão
o seu olhar reclama, ele quer você comigo
me arrasa, me leva pra cama
fazer um amor atrevido

Ès a história de um livro que acabei de ler
meu desejo é um sonho, meu pecado é você
meu caminho, meu vicío
meu céu, a minha estrela
um sorriso tão lindo, minha jóia faceira

( refrão - 2x )
Você mexe com minha cabeça
Maltrata o meu coração
arrasa minha mente
eu morro de paixão
o seu olhar reclama, ele quer você comigo
me arrasa, me leva pra cama
fazer um amor atrevido",pt
/chiclete-com-banana/,Flor da Manhã,/chiclete-com-banana/flor-da-manha.html,"Flor da manhã
Feiticeira dourada do mar
Delicado papel de maçã, perigos no olhar
Fonte de amor
Lua negra no azul do verão
Bailarina de puro calor, no meu coração

Lua brilhou desvendando a louca magia
Do perfume forte da alegria
Lua girou e o amor virou fantasia
Para que assim eu pudesse te amar
E mergulhar na vida
Eternizando os sonhos de um momento
Poesia que o vento irradia pra você sonhar
e ser do som o sol da harmonia
a estrela guia da nova visão
depois da chuva nasce a energia
de um arco-íris
na iris do ar",pt
/chiclete-com-banana/,Flores de Jasmim,/chiclete-com-banana/flores-de-jasmim.html,"Só existe uma coisa melhor do que a felicidade
É estar com você todo tempo no meu pensamento
Toda a sua alegria no meio da nossa verdade
E guardar um segredo de amor
Meu maior sentimento

Volta, vou repetir outra vez
Meu bem, o nosso amor se refez
O cansaço, o desejo e o prazer começando de novo

Vai chorar ou vai sorrir
Chove flores de jasmim
Me embriaga de prazer esse teu jeito
Tudo está no coração
Estou louco pra te ver
Sei que esse amor é distante, mas quero você!",pt
/chiclete-com-banana/,Flutuar,/chiclete-com-banana/flutuar.html,"Por isso vem cá me traz um amor
Me diz como foi a maravilha que um dia te fez flutuar

E os amores são
Pra quem sabe flutuar, meu bem, meu bem
Quando a gente pensa em namorar
Pinta o quarto de azul
Com flores e sonhos pra enfeitar

E por trás das minhas paixões
Vejo nuvens de ilusões também, meu bem
Muitas borboletas a voar
Lá no céu que a gente tem

E hoje quando acordo, eu te quero tanto
Quero o teu sorriso, quero a emoção
Quero uma vida muito louca e o paraíso para delirar

Por isso vem cá
Me traz um amor, me diz como foi
A maravilha que um dia te fez flutuar (x2)",pt
/chiclete-com-banana/,Foi Assim,/chiclete-com-banana/foi-assim.html,"o homem já sabe
que o verbo da vida é viver
deixa o tempo correr
se quiser viajar

naves, planetas e sonhos
enfeitam o céu
e na lua-de-mel
você vai encontrar

seres do mundo de lá
flores além do jardim
quando isso tudo acontece
é porque nosso amor não vai passar

foi assim, os guerreiros vieram, sim
das batalhas que não tem fim
pra subir na poeira
se a luz das estrelas cair sobre mim",pt
/chiclete-com-banana/,Foi Deus,/chiclete-com-banana/foi-deus.html,"Foi Deus
Foi Deus
Foi Deus que mandou você pra mim
Colocou em meu caminho
Me fez ter muito carinho
Fez mais uma de amor

E o calor que eu sinto é
O amor que você me traz
Pois sem você, pedaço de mau caminho
É delirar, enlouquecer devagarinho
Viver ao léu pairando solto pelo ar
Na esperança de te ver, te encontrar

Mas se eu te vejo, eu fico louco de desejo
Pergunto a Deus se isso é amor ou o que é que há
Só sei dizer que fico doido atrás de um beijo
E penso até que vou morrer de tanto amar",pt
/chiclete-com-banana/,Foi no Nana,/chiclete-com-banana/foi-no-nana.html,"Deixo essa música tocar
Eu penso em nós
Em cada momento desejo no olhar
Carinho na voz
Coração batucando uma forte emoção
Delírio de amor
Foi lindo o início do nosso romance meu bem
Vale a pena lembrar
Foi no nana quando eu te encontrei
Foi no nana que eu te admirei
Foi no nana que eu te conquistei
Colei no grude do seu beijo me apaixonei
O amor é viver, alegria, paixão, sintonia
Ao amor a gente se entrega
O amor é viver, alegria, paixão, sintonia
Ao amor a gente se entrega",pt
/chiclete-com-banana/,Forró da Tribo,/chiclete-com-banana/forro-da-tribo.html,"O que é que houve?
O que é que há?
O que é que se deu,
Forró?
Que bicho te mordeu?
Vamos dar um xote no forró da tribo
Saia do castigo, não quer trabalhar
Nosso dia de amante não está perdido
Reservei a noite pra gente dançar
Largue esse fardo
Venha amar mais eu
Venha pros meus braços
Meu bem, que o colo é teu
Largue essa farda
Luz dos olhos meus
Gaste o chão comigo
E vem dançar mais eu",pt
/chiclete-com-banana/,Funk Bahia,/chiclete-com-banana/funk-bahia.html,"Ô ô Bahia sá lá lá lá zumbai
Funk Bahia ô ô

Laia laia lai ô ô , Laia laia lai ô ô
Laia laia lai ô ô , Laia laia lai ô ô

Venha rastafari latino americano
Povo de benguela ,gente da favela
Chega todo mundo, vem juntar os planos
Rave de avenida todos na batida

Toda tribo reunida vai
Pra uma nice viver
Se ela é dança, se ela é grude
Nessa rave de avenida , na batida colorida
Só vai dar eu e você",pt
/chiclete-com-banana/,Gesto de Amor,/chiclete-com-banana/gesto-de-amor.html,"Essa noite
Tudo lindo, vou sorrindo
Porque eu quero é te amar
Nas esquinas do meu sonho onde o bloco vai passar
Pela rua dos encantos eu queria desfilar
Se prepare quando eu digo que a alegria vai chegar

Siriguella!

Faz por mim um gesto de amor
Que eu te dou um pouco de paz
Você diz que sente calor, eu sinto muito mais
Eu queria gritar por você, mas daqui é alto demais
Quando a gente faz com prazer
A gente sente você, sente você",pt
/chiclete-com-banana/,Ginga,/chiclete-com-banana/ginga.html,"Quero estar com você
Uô...Uô...que ginga
Descendo a ladeira essa menina
Que bom sua presença de mulher
Presença de mulher (bis)

Uô...Uô...que linda
Sonhar lhe dar um beijo na esquina
Sair de cadilac com você
Saindo com você, saindo com você

Tudo bem, como vai, o que é que há
Por favor
Não leve a mal
To normal é legal, se você me quiser,
É natural.

Quero estar com você (bis)

Tudo bem, como vai, o que é que há
Por favor
Quero estar com você
To normal é legal, se você me quiser,
Quero estar com você.",pt
/chiclete-com-banana/,I Love You Chiclete,/chiclete-com-banana/i-love-you-chiclete.html,"Olha a banana madura menina
Segura a cintura
Eu vou por aí
Alô Alô, tiete tão linda
Estrela bem-vinda ao meu coração
Rebola teu corpo e mostra pra vida
Você é querida na nossa canção
A maluquete tá louca da vida
E seu amor não curte essa não
Mas a tiete vai dançando o ti ti ti
Que faz ferver seu coração
Mexe, mexe maluquete que eu quero ver
Mexe, mexe maluquete que eu vou mexer
Vou por aí curtindo a tiete
Eu quero mesmo o cheiro da maluquete
Dou beliscão ela mete a mão
E sai gritando I love you Chiclete
A tiete gritou Chiclete com Banana
A maluquete gritou Chiclete com Banana
E a tiete gritou Chiclete com Banana",
/chiclete-com-banana/,Ice,/chiclete-com-banana/ice.html,"Ice...
A saudade chegar
Venha pra cá
pro meu coração
Ice...
Quiser me encontrar
Eu vou brincar no Camaleão
E vamos curtir com Ice na mão

Esse amor é tão forte que chega a doer
Amar é bom, amar é bom demais ouououuu
Esse amor é tão forte que chega a doer
Amar é bom, amar é bom demais

Eu fiz de tudo pra você me olhar
Me encantei com sua beleza
Eu fiz de tudo pra poder lhe conquistar
Valeu a pena com certeza

Agora eu vou atrás
atrás do meu amor
Sei que tenho que esquecer
esquecer o que passou
Mas se quiser me ver
amor de carnaval
Quem sabe vou deixar
vou deixar você me beijar

Ice...
A saudade chegar
Venha pra cá
pro meu coração
Ice...
Quiser me encontrar
Eu vou brincar no Camaleão
E vamos curtir com Ice na mão",pt
/chiclete-com-banana/,Jamaica,/chiclete-com-banana/jamaica.html,"Som rastafari
Yê, yê babá (Jamaica)
Yê Bob Marley
Oxum babá (Jamaica)

Num toque de puro prazer
Dança bonito
O nego malê
Um toque ijêxá
Em Salvador
Gêge nagô.",pt
/chiclete-com-banana/,Janela X Janela,/chiclete-com-banana/janela-x-janela.html,"Olho da janela, vejo janelas
Caretas vizinhos
Vizinhos sem roupa
Vizinho com roupa
Vizinho cuspindo na roupa
Que está no varal
Olho só por olho
Olho por telhado, vejo telhado
Goteiras, gotejando
A noite inteita, assim não dá.
Olho pro espelho
Pra ver o que vai mudar
Olho iê..olho. Olho só por olhar

Viagem louca, viagem pura
Vejo a donzela pela janela
Eu vou...eu vou
Vou pra Salvador
Vou cantar badauê, badauê
Abraçar o negão do Ylê
Vou dizer are, are, á...á...á...

Viagem louca, viagem bela
Eu quero a ilha pra ir com ela
Sou mestre cuca, cabeça
Feita , papo normal
Pedindo esmola, querendo um dólar,
Correndo a sacola...To natural

Lê, lê,lê fumando cachimbo
O sol vai surgindo",pt
/chiclete-com-banana/,Joia Preferida,/chiclete-com-banana/joia-preferida.html,"Lá lá lá lá
Lá lá lá lá
Ê ôh
Lá lá lá lá
Lá lá lá lá
Êiê

Te dei todo o meu carinho
Construi o nosso ninho
Pra você me dar valor
Pintei um belo horizonte
Carreguei água da fonte
Pra regar o nosso amor

Minha joia preferida
Entreguei a minha vida
Mas você não quer ficar
Mas não tem problema não
Farei falta junto do teu coração

Amor, amor, seu amor sou eu
Amor, amor, foi você quem me deu
Amor, amor, seu amor sou eu
Amor, amor, foi você quem me deu",pt
/chiclete-com-banana/,Joinha,/chiclete-com-banana/joinha.html,"Tá joia, tá joinha
Esse biquíni vermelho com sainha
Tá joia, tá joinha
Esse biquíni vermelho sacaninha

Seu corpo é perfeito, sexy total
Vento mau, vento mau, vento mau
Levanta essa saia êê

Seu corpo perigo, delírio total
Vento mau, vento mau, vento mau
Levanta essa saia êê

Quando você passa, todo mundo olha
Todo mundo quer, todo mundo diz
Que delícia de mulher!

Que delícia de mulher!
Que delícia de mulher!

Tá joia, tá joinha
Esse biquíni vermelho com sainha
Tá joia, tá joinha
Esse biquíni vermelho sacaninha",pt
/chiclete-com-banana/,Lente de Timbau,/chiclete-com-banana/lente-de-timbau.html,"Mama me chama pra ver a batucada
Charanga, fanfarra, um tremendo zunzê
Hu! Hu! Hu! Lê, lê, lê

Tocando samba, mambo, reggae, salsa
E as meninas dançando bambolê
Hu! Hu! Hu! Lê, lê, lê

Corre titio e titia, José e Maria
Todo o pessoal desce pra ver
Hu! Hu! Hu! Lê, lê, lê

Tem capoeira, tem berimbau
Foi pela lente do timbau
Que eu te vi, te amei, lá no Candeal

Ela me diz que é bacana iê, iê, iê
Coração de mãe não se engana iê, iê",pt
/chiclete-com-banana/,Levada Chicleteira,/chiclete-com-banana/levada-chicleteira.html,"Lêlêlêlêlê laíá laiá
Lêlêlêlêlê laíá laiá

Não tô aqui pra brincadeira, o que quero é te
encontrar, ter você, te namorar. Nessa levada
chicleteira eu vou até o sol raiar, ter você, te
namorar
Não tô aqui pra brincadeira, o que quero é te
encontrar, ter você, te namorar. Nessa levada
chicleteira eu vou até o sol raiar, pra ter você, te
namorar.

Menina, onde você mora me dê o endereço, teu beijo e teu
corpo moreno eu sei que mereço e o céu rodeado de
estrelas eu tenho pra te dar, foi Deus que traçou o
destino pra gente se amar.


Refrão:
Menina no Nana Banana vou te ver, ter você, ser seu
amor...
Menina no Nana banana vou te ver, e só viver desse
amor.

by: Priscila Maranhao",pt
/chiclete-com-banana/,Lindo é Viver,/chiclete-com-banana/lindo-e-viver.html,"Eu por perto
Você e o bloco Camaleão
Um amor de muitos anos
Invadiu nesse momento meu coração
Na avenida eu vou descer e vejo depois
Você cheia de alegria, eu me sinto tão feliz
Quem sabe nós dois

Quero a rua pra você passar
Quero a vida pra te festejar
E aquela beleza infinita acendeu
O farol e a praia e o mar

E o amor
Que a gente procurou por aí
Disse que lindo é viver, lindo é viver
Lindo é viver",pt
/chiclete-com-banana/,Lume da Fogueira,/chiclete-com-banana/lume-da-fogueira.html,"No lume da fogueira
De uma noite de forró
Pé e chão, chão e pó
Se amam como as estrelas
No azul do arrebol paixão
Acesa como a luz do sol

Ting, ling, ling, ling
Toca o triângulo a noite inteira
Amor batendo no meu coração
Ting, ling, ling, ling
Bate saudade derradeira
Calor que vai ao céu em um balão
Voa meu balão, na solidão desse luar

Hoje é são joão, nossa alegria é ver você voar
Ô...ô...ô...chega meu povo
Que o forró já começou
Ô...ô...ô...chega meu povo
Que o forró já começou.",pt
/chiclete-com-banana/,Luz da Vida,/chiclete-com-banana/luz-da-vida.html,"Gosto muito do amor que sinto
Do sol, da terra, do calor da vida
Vida que brilha, que possibilita
Viver outra vez
Essa paixão ô, ô, ô, ô
No coração ô, ô, ô, ô

Quero tanto, simplesmente
Teu canto, minha flor de lis
Luz da vida, por favor
Abre a janela e me faz feliz

É bom demais, é bom demais
É bom demais, é bom demais
Te ver outra vez
É bom demais

Branca lua (lua) me espere
Traga o céu pra perto desse amor
Pouco a pouco, carinhosa
Nessa fissura eu quero lhe beijar",pt
/chiclete-com-banana/,Macacos Me Mordam,/chiclete-com-banana/macacos-me-mordam.html,"Macacos me mordam se mudo eu ficar
Não calo minha boca, é pra contrariar
Eis o xis da questão
O tesão saltou da cama para expressão (bis)

O ponto do i deu um pulo
E passou para o ponto final
Eu sou um ex-brega, agora um pop-metal
Deixando cair a pose no carnaval

Tudo é normal - tudo é normal
É pitibiri, é pitibirá

Um ser sexy brega
Provoca turbulências libidinosas
Em donzelas tímidas C.D.F.s
Que parecem bibelôs de penteadeira (bis)

Que sonho erótico, gatinha
E acorda gritando
Sintonize

Uôôô uôôô Uôôô",pt
/chiclete-com-banana/,Magia,/chiclete-com-banana/magia.html,"É bem bom abrir o coração, uo uo magia.
Bom vivant coringa de verão, uo uo magia.
Soca, soca, venha para dançar, uo uo magia.

Tudo por um triz e como eu posso ser feliz.
Se você diz não, e não porque não vai dar pé, meu amor...

Vou na maciota me chegando sem querer,
sei que nessa festa tudo pode acontecer,
dançando só eu e você.

Dança, dança, uo uo uo uo uo.
Soca, soca, uo uo uo uo uo.
Vamos dançar, lalalalalalalalaaaa.

Dança, dança, uo uo uo uo uo.
Soca, soca, na maciota.
Vamos dançar, lalalalalalalalaaaa.

Eu sou a caixa do seu chiclete, uo uo magia.
O bang-bang do faroeste, uo uo magia.
Eu desconfio que é bruxaria ou então magia.

Você sempre diz que sou figura de gibi,
só que você faz um carnaval dentro de mim, meu amor...

Se você diz vem dançar soca vou também.
Sem saber qual é, faço cena de TV,
dançando eu pego você.

Vou na maciota me chegando sem querer,
sei que nessa festa tudo pode acontecer,
dançando só eu e você.

Dança, dança, uo uo uo uo uo.
Soca, soca, na maciota.
Vamos dançar, lalalalalalalalaaaa.",pt
/chiclete-com-banana/,Maimbê Dandá,/chiclete-com-banana/maimbe-danda.html,"Corre cosme chegou
Doum alabá
Damião jaçanã
Pra levar e deixar
Alegria de erê
É ver gente sambar
Meu look laquê
Mandei cachear
Me alise pra ver
Meu forte é beijar
Vou cantar maimbê
Pra você se acabar

Maimbê, maimbê, dandá
Maimbê, maimbê, dandá
Maimbê, maimbê, dandá
Maimbê, maimbê, dandá
Maimbê, maimbê, dandá
Maimbê, maimbê, dandá
Maimbê, maimbê, dandá
Maimbê, maimbê, dandá
CAMALEÃO LEVANTA A MÃO E CANTA AÊ!
Zum, zum, zum, zum zum baba
Zum zum baba, zum zum baba

Traga a avenida com você
Tava esperando maimbê
Zum, zum, zum, zum zum baba
Zum zum baba, zum zum baba
Corre cosme chegou
Doum alabá
Damião jaçanã
Pra levar e deixar
Alegria de erê
É ver gente sambar
Oiá eparrêi
Me ensine a espiar com os olhos de quem me cega de amar
Vou cantar maimbê, pra você se acabar",pt
/chiclete-com-banana/,Mal Acostumado,/chiclete-com-banana/mal-acostumado.html,"Amor de verdade eu só senti
Foi com você meu bem
E todas as loucuras desse nosso amor
Você me deu também

Você já faz parte da minha vida
E fica tão difícil dividir você de mim
E quando faz carinho me abraça
Aí eu fico sem graça
Te chamando pra me amar

Mal acostumado
Você me deixou
Mal acostumado
Com o seu amor

Então volta
Traz de volta o meu sorriso
Sem você não posso ser feliz",pt
/chiclete-com-banana/,Mama,/chiclete-com-banana/mama.html,"Refrão
iê iê iê mama
o doiô mama
Sarava mama (bis)

ó mama
hoje é seu dia em todo canto dessa terra mamãezinha
Estão festejando o seu dia.
ó mama
O mal que fez você chorar
vai se acertar com as sete ondas mamãezinha e com o seu corpo no mar.

Refrão

ó mama
o mal que fez você chorar vai se acertar com as sete ondas mamãezinha e com o seu corpo no mar.
ó mama
vem balançar comigo mama.

Refrão

ó mama
hoje é seu dia
em todo canto dessa terra mamãezinha
Estão festejando seu dia.
ó mama hoje não é dia de chorar
é o vento que está brilhando com a tristeza.

Refrão

ó mama o mal que fez você chorar vai se acertar com as sete ondas mamãezinha.
ó mama odoiô mama, vem balançar.

Refrão


By: Nath_chicletinha xD~",pt
/chiclete-com-banana/,Mar de Rosas,/chiclete-com-banana/mar-de-rosas.html,"Você bem sabe
que eu não lhe prometi um mar de rosas
Nem sempre o sol brilha
Também há dias em que a chuva cai
Se você quer partir pra viver
por viver sem amouuuu
Não tenho culpa
Eu não lhe prometi um mar de rosas
A promessa que eu fiz foi fazer você feliz
Eu queria que você entendesse o quanto
eu lhe quero
O quanto eu sou sincero
Se eu falasse talvez ao menos uma vez
Que o mundo inteiro à seus pés
Contente eu botaria
Isso eu não podia
não há razão pra ser tão triste nosso amor
Ainda existe
Temos muito tempo para amar
Você bem sabe que eu não lhe prometi um mar de rosas
Nem sempre o sol brilha
Também há dias em que a chuva cai
Você bem sabe que eu não lhe prometi um mar de rosas
Se eu fizesse uma canção de todo coração
E nela eu confessasse que sem o seu amor
eu não consigo viver
Você talvez até nem fosse entender
É bem melhor você pensar
No passo que vai dar
Pois há sempre alguém querendo ver
Um grande amor com o nosso no fim
Isso mesmo você disse pra mim
Não há razão pra ser tão triste
Nosso amor ainda existe
Temos muito tempo para amar

Você bem sabe que eu não lhe prometi um mar de rosas
Nem sempre o sol brilha
Também há dias em que a chuva cai",pt
/chiclete-com-banana/,Maracujá Pro Bebê,/chiclete-com-banana/maracuja-pro-bebe.html,"Esse jeito bem estranho
De ganhar gastando vida
Serei muito louco
Num presépio de cimento
E só com lenço e documento viver
Maracujá pro bebê

Se o sonho acabou
E não teve final
Mas Freud explicou
Tudo é carnaval

Chega, chega, chega, chega pra ver
Chega mais, chega pra me dizer
Se eu acredito em você
(bis)

E se chego estou partindo
Mas saudade vou sentindo
E você, muito louca
Cada porto um aborto
É tão difícil no sentido viver
Maracujá pro bebê

Esperança no ar
Mas se o sol vacilar
Só vai chover
Mundo louco
(bis)",pt
/chiclete-com-banana/,"Maravilha , Coisa Louca",/chiclete-com-banana/maravilha-coisa-louca.html,"Lua de mel
Entranhou em nosso corpo
Entre beijos e abraços
Foi ficando um sufoco
Que maravilha, que coisa louca
Sentir, beijar a sua boca

O sol se foi
Quando a lua apareceu
Só ficou você e eu
Na praia de Itapoã

Lua de Prata
Prateou todo local
Entre beijos e abraços
Foi um êxtase total
Que maravilha, que coisa louca
Ao ver tirar sua roupa",pt
/chiclete-com-banana/,Maria Moderna,/chiclete-com-banana/maria-moderna.html,"CHICLETE COM BANANA ? MARIA MODERNA


Maria não ouve mais radinho
Maria só quer ouvir CD
Maria não quer mais carinho
Maria só quer DVD
Moderna do jeito que anda
Não lê mais minhas cartas de amor
Só vive esperando ""os e-mail""
Com ""zóio"" no computador
Do jeito que tá minha Maria
Não vou mais dizer eu te amo
Eu só vou falar
I love you
Assim feito ""os americano""
Eu só vou falar
I love you
Assim feito ""os americano""
Maria não ouve mais radinho
Maria só quer ouvir CD
Maria não quer mais carinho
Maria só quer DVD
Maria só anda apressada
Com um troço chamado stress
Pra mim isso é coisa encostada
Ela tá merecendo ""umas prece""
Só usa roupa importada
Só come ""nos fast-food""
Maria meu Deus tá mudada
E vive pedidndo que eu mude",pt
/chiclete-com-banana/,Maria Raiô,/chiclete-com-banana/maria-raio.html,"Deixe eu ser livre,
Que a liberdade não cansa
Deixe, por favor não me toquem
Eu sei me cuidar
Deixe ilusão passageira o amor é
Profundo
E mora na boca do mundo
Eu vou te encontrar

Quero o Santo salvador
No milagre e na dança
Quero folia na praça
Poder namorar
Quero a criança sorrindo,
O amor é profundo,
E mora na boca do mundo,
Eu vou te encontrar

Eu vou além da fantasia,
Eu vou além do além-mar

Maria raiou odé odara, odé odara

Deixo o que você não deixa
E conto com você, meu santo Deus
Quando você não me beija
Nem deixa falar, meu santo Deus

Vejo o que você não vê
Quero o que você não quer

Tudo que você não faz
Eu faço merecer, meu santo Deus
Ensine, oração, ironia,
Do lado cá, meu santo Deus

Vejo o que você não vê,
Quero o que você não quer

Ô, ô, ô, ô, ô, meu santo Deus",pt
/chiclete-com-banana/,Me Pegue Se Quiser,/chiclete-com-banana/me-pegue-se-quiser.html,"Me pegue se quiser
Me leve se puder ô ô
Meu amor, não quero mais
Você tem que me entender
Eu não vivo pra você, viu?
Hoje não
Hoje não, não, não, não
Hoje não
Minha vida é como estrela
Que acende e apaga os corações
E as paixões
Paixão sem tesão
Que rola pelo sim e pelo não
Num aperto de mão
Num olhar sem expressão
Que viveu como num conto de fadas
As mudanças do padrão

Romance não é moda antiga não
Não, não, não... é não

É bom saber que você não me ama
Tanta coisa aconteceu
Com o coração
A liberdade conquistou
Revolução sexual amor
A timidez admitiu os meus desejos
Dessa nova paixão
Dessa nova paixão
Romance não é moda antiga não",pt
/chiclete-com-banana/,Mega,/chiclete-com-banana/mega.html,"Linda, tão linda
Tão mega, tão dez

Deusa da beleza
Teu amor me enfeitiçou

Eu tô na cola, eu tô na tua
Tô na rua pra te ver
Eu tô tao quente, tô carente
Tô doidinho por você

Acaba essa agonia, vem me encontrar
Meu coração dispara, só em pensar

Quero te conquistar,
Quero teu carinho, quero te amar,
Quero te conquistar

Na areia da praia quero namorar
Chuá, Chuá, Chuá!

Ôoh Ôoh Chuá, Chuá, Chuá!
Ôoh Ôoh Chuá, Chuá, Chuá!


feita por : Rodolpho M.",pt
/chiclete-com-banana/,Melissa,/chiclete-com-banana/melissa.html,"Melissa, Melissa, volta logo, amor
Tudo começou como um sonho de criança
A noite estava fria no teu olhar
Era esperança
Quando te olhei logo senti
Muito carinho
Você tomou coragem me beijando
Do seu jeitinho
Sua boca me contou seus
Segredos, seus caminhos
Num beijo doce ardente das nascentes

Da uva e do vinho
Melissa, Melissa esse nosso amor
É de papel
Minha estrela guia, doce mel
Faz meu coração se descuidar
Adormecer e se apaixonar
Melissa, Melissa brisa perfumada
Do amor
Que numa noite linda me beijou
E fez de mim a sua tentação
Pra conquistar meu coração
Não me esqueças aqui, volte logo
Você é meu destino
Vida traiçoeira, meu veneno,
Meus olhos lindos",pt
/chiclete-com-banana/,Menina Baiana Bela,/chiclete-com-banana/menina-baiana-bela.html,"Você é a musa que eu quis
Menina bela
a musa do meu viver
Baiana Bela
Tú és a Cinderela
Da cor de canela
eu canto pra você (bis)

Lê, lê, lê, lê, lê
Lê, lê, lê, lê, lê (Refrão)

Você é tudo pra mim
Tudo que um dia sempre desejei
Nas noites frias sentir calor
Nas madrugadas morria de amor

Como sempre te amei
Até que hoje te encontrei
Pra falar do meu calor
O que sinto é amor

Ouça sim
o que eu vou dizer
fiz essa canção só pra você

Lê, lê, lê, lê, lê
Lê, lê, lê, lê, lê (Refrão)

Letra: Angelino de Jesus",pt
/chiclete-com-banana/,Menina do Cateretê,/chiclete-com-banana/menina-do-caterete.html,"Menina linda do cateretê
Nosso Brasil tem um alto astral
Cante comigo este meu sambaê
Vou pra Bahia, vou levar você

No sol da Bahia a gente deita e rola
Sambaê, sambaê
Andar com fé só na terra do axé
Sambaê, sambaê
Pai Oxalá tá protegendo você, mãe
Sambaê, sambaê
Chiclete com Banana fazendo você mexer
Sambaê, sambaê

Menina linda do cateretê
Nosso Brasil tem um alto astral
Cante comigo este meu sambaê
Vou pra Campina Grande, vou levar você

Lá no Spazzio a gente deita e rola
Sambaê, sambaê
Vitória da Conquista no Massicas vou te ver
Sambaê, sambaê
São Paulo é samba no berço da madrugada
Sambaê, sambaê
Rio de Janeiro nos encantos do prazer
Sambaê, sambaê

Menina linda do cateretê
Nosso Brasil tem um alto astral
Cante comigo este meu sambaê
Vou pra Recife, eu vou levar você

Lá em Recife a gente deita e rola
Sambaê, sambaê
Lá tem Capiba no frevo da Frevioca
Sambaê, sambaê
Alceu Valença canta pra você, mãe
Sambaê, sambaê
Linda Olinda no Batata vou te ver
Sambaê, sambaê

Menina linda do cateretê
Nosso Brasil tem um alto astral
Cante comigo este meu sambaê
Eu vou pra Fortaleza, vou levar você

No Sirigüella a gente deita e rola
Sambaê, sambaê
Galera de Ilhéus vai botar pra derreter
Sambaê, sambaê
Lá em Natal o teu desejo me alucina
Sambaê, sambaê
Lá em Brasília tô de olho em você
Sambaê, sambaê

Menina linda do cateretê
Nosso Brasil tem um alto astral
Cante comigo este meu sambaê
Eu vou pra Minas vou levar você

Menina linda do cateretê
Nosso Brasil tem um alto astral
Cante comigo este meu sambaê
De bem com a vida eu quero te ver",pt
/chiclete-com-banana/,Menina Linda ( I Should Have No Better),/chiclete-com-banana/menina-linda-i-should-have-no-better.html,"Ah, deixa essa boneca faça-me um favor
Deixe isso tudo e vem brincar de amor,
De amor, êiê, de amooor
Oh meu bem, lembre-se que existe por aí alguém,
Que tão sozinho, vive sem ninguém, sem ninguém

Menina linda eu te adoro, aahh
Menina pura como a flor, uououou,ah
Sua boneca vai quebrar, ah, ah, ah,
Mas viverá o nosso amor
O nosso amor
O nosso amor
O nosso amor",pt
/chiclete-com-banana/,Menina Louca,/chiclete-com-banana/menina-louca.html,"Não adianta fugir de mim..
eu tô maluco por vocêêê....

não adianta fugir de mim
sua menina loca
quero te beijar na boca

é tudo que mais quero
e sei que tu queres tambêm

vem..vem..vem..vem..vem..

quero voar no seu lado
quero estar junto de ti..

mil e uma noite de amor..
eu vou te dar somente a ti..

eu tô maluco por vocêêêÊ..
eu tô pra lá..de bagdáá..

eu tô maluco por vocêêê..
eu faço tudo pra ti ganhar..",pt
/chiclete-com-banana/,Merengueira Siga-me,/chiclete-com-banana/merengueira-siga-me.html,"Se tem merengue aí
Eu vou, eu vou, eu tô
Quero me divertir, dançar
Com meu amor

Se tem merengue aí
Eu vou, eu vou, eu tô

Olha, pra que tristeza


Toca o seu timbau pra valer

Mostra o seu astral na moral

E vem dançar merengue

É festa, é carnaval (bis)

Essa menina quando passa

Todo mundo bole

Todo mundo bole, todo mundo bole (4x)

Eu quero ver minha nega mexer, bailar

Vamos balançar, venha chicletear

Seja de frente de lado ou de banda

Esse som mexe com a gente

Vem comigo, vem dançar
Siga-me, siga-me",pt
/chiclete-com-banana/,Meu Amor,/chiclete-com-banana/meu-amor.html,"Quando eu acordei não vi você aqui
Meu amor, perdido estou preciso de você
Quero tu ao meu lado vem me fazer feliz
Por favor, imploro pra te ter junto a mim

Você foi e me deixou
Iludido com seu amor
Não sei mais o que fazer
Como viver sem você?

Você foi e me deixou
Iludido com seu amor
O que mais posso dizer?
Não quero nem pensar em te perder

Meu amor, por favor
Volta para os meus braços vem me fazer feliz
Meu amor, por favor
Volta para a minha vida quero te ter aqui",pt
/chiclete-com-banana/,Meu Balão,/chiclete-com-banana/meu-balao.html,"Ô meu balão
Entregue esse recado

Para aquela flor que
sofre de paixão

Voooa nas asas da saudade
mas traga novidade para alegrar meu coração

A tua luz me traz tanta esperança
libera a tua dança no fogo do luar

E na virada ao som de um sanfoneiro
explode bem ligeiro venha me queimar

Brincar roda au redor da fogueira
dançar fazer zueira ao fogo e ao luar

E na virada ao som de um sanfoneiro
explode bem ligeiro venha me queimar

Ô balancer ô balançar
a lenha vai queimar
ô balancer ô balançar
licor e au luar",pt
/chiclete-com-banana/,Meu Bem Quero Te Amar,/chiclete-com-banana/meu-bem-quero-te-amar.html,"AêAêAê, AêAêEô, AêAêAê o chiclete chegou

AêAêAê, AêAêEô, AêAêAê o chiclete chegou

Meu bem quero te amar, com todo prazer quero teu beijo(2x)
Te pego, te abraço te dou meu desejo
Durma nos meus sonhos pois estou sozinho

Não sou um bicho feio e te dou carinho

Eu sou camaleão sou seu amor, vem me dar um beijo
Refrão
Eu sou camaleão sou seu amor, me joga teu feitiço que esse meu desejo

Meu bem quero te amar, com todo prazer quero teu beijo(2x)

Ah que bom se eu pudesse cantar e dançar com você

Ó minha linda, nesse desejo te dou meu prazer

Iôiô, Iôiô, no bem bom do balanço eu fico leve (2x)

Iôiô, Iôiô, nesse som bem maneiro eu danço reggae

[E na palma da mão, todo mundo beleza](3x)",pt
/chiclete-com-banana/,Meu Cabelo Duro é assim,/chiclete-com-banana/meu-cabelo-duro-e-assim.html,"Ah eu tou maluco!...
Meu cabelo duro é assim, cabelo duro, de pixaim (bis)
Nega não precisa nem falar, nega não precisa nem dizer
Que meu cabelo duro se parece é com você
Belezaaaaa, uh!! É Festaaaa, uh!!
Chiclete com Banana, uh uh !! (bis)
Meu cabelo duro é assim, cabelo duro, de pixaim
(Refrão)
Lelele le ôôôô Lelele le ôôôô
Quem me ligou, não disse alô
Tou no chuveiro tou com calor
Tou resolvendo, pra onde eu vou
O segurança toca o agogô
Eu tou ligado ligado no meu cabelo duro, que é de pixaim
É de pixaim, é de pixaim
Oi oi
- E a mão pra cima batendo palma, ah eu tou maluco
(Refrão)
Meu cabelo duro é assim, cabelo duro, de pixaim (bis)
Nega não precisa nem falar, nega não precisa nem dizer
Que meu cabelo duro se parece é com você
(bis)
(Refrão)",pt
/chiclete-com-banana/,Meu Coração Voou,/chiclete-com-banana/meu-coracao-voou.html,"Meu coração voou, voou
atrás desse amor, que é você!
ôôôô
Meu coração voou, voou
Atrás desse amor, que é você!

Tararará rêrêrê
Todo dia, Toda hora eu procuro é você
Cada passo dessa estrada
Os meus sonhos vou viver
Passo o tempo navegando, flutuando pelo mar
Seu perfume misturando esse aroma pelo ar, pelo ar

E assim eu vou te amando
me perdendo nesse olhar
aos delírios navegando
procurando te encontrar....

Meu coração voou, voou
Atrás desse amor que é você!
(2x)",pt
/chiclete-com-banana/,Meu Pobre Coração,/chiclete-com-banana/meu-pobre-coracao.html,"Meu pobre coração, ô ô ô ô

Você atormentou meu coração
Deixou minha vida em fogo
Mas não tem nada, não
Eu vou fazer serão, vou construir de novo

Eu ando com vontade de viver,
Não quero mais sofrer, só quero amar
É doido quem se entrega ao sofrimento,
Nessa vida tudo passa, você também vai passar

Vou procurar alguém pra me entender
Pra gente aprender tudo acontece,
Eu estava me entregando pra você,
Só agora eu pude ver que você não me merece.",pt
/chiclete-com-banana/,Minha Paixão É Chiclete,/chiclete-com-banana/minha-paixao-e-chiclete.html,"Bandana na cabeça
Tatuagem no meu ombro
Na marquise do meu prédio, pra ver você passar
Uma faixa com seu nome
Aonde você for eu vou atrás
Sou da turma da alegria
Eu sou chiclete, eu sou da paz
Eu visto a camisa, eu grito, eu subo na mesa
Eu sonho acordado pra ver você chegar
Aumento o som do meu carro com toda firmeza
E mando a tristeza se mandar
Eu visto a camisa, eu grito, eu subo na mesa
Eu canto o refrão com vontade, eu sou torcedor
Eu rolo, eu pulo, eu danço, eu fico beleza
Você é minha paixão, é meu amor

Sei que minha paixão é chiclete, chiclete
Minha paixão é chiclete
Sou chicleteiro, eu sou da paz, sou maluquete
Sei que minha paixão é chiclete, chiclete
Minha paixão é chiclete
Sou chicleteiro, eu sou da paz e eu sou tiete",pt
/chiclete-com-banana/,Minha Vida é Você,/chiclete-com-banana/minha-vida-e-voce.html,"Quando a noite chegar
Vou mandar preparar
Um buque de flores
Um café na cama

Sei que te amo
Te quero
Te adoro, venero
Você minha cara

Você colada comigo
Paixão, desabrigo
Você jóia rara
É por isso que eu chamo
É por isso que eu canto, meu amor

Minha Vida é Você
E eu só sei te querer
Eu só sei te querer
Minha vida é prazer
Eu só penso em você",pt
/chiclete-com-banana/,Mirando O Luar,/chiclete-com-banana/mirando-o-luar.html,"Meu coração é uma fogueira
Queimando em gotas de canção
No ventre da noite
Solto no luar da imensidão
Filhos da força e da beleza
Brincando de roda no salão
Mirando as estrelas
Que derramam cores pelo chão

Lindo é cantar na raiz
E ver o povo feliz

Nas mãos da fantasia
Nas águas da alegria
Que desaguam no luar

Vem ver o céu a deusa nua
Vem ver o amor mirando a lua.",pt
/chiclete-com-banana/,Mistério Das Estrelas,/chiclete-com-banana/misterio-das-estrelas.html,"No mistério das estrelas tento sonhos desvendar
entre lumes e cometas vou ao espaço procurar
as lembranças tão perdidas nos meus medos
as mensagens que escorrem entre os meus dedos
Viajando no luar, vou tentando te encontrar (bis)

iê o
iê o
iê o o o o o

No segredo da beleza
tem uma voz que me conduz
a um profundo sentimento
numa carruagem de luz

É um mergulho no oceano do infinito
É um canteiro de canções num céu bonito
No silêncio do luar vou tentando te encontraR (bis)

iê o
iê o
iê o o o o o",pt
/chiclete-com-banana/,Morro de São Paulo,/chiclete-com-banana/morro-de-sao-paulo.html,"Morro de São Paulo

Morro pra viver
Morro pra sorrir
Morro bem feliz
Morro da morena

Morro pra te ver
Morro mas não falo
Morro de ciúmes
Morro de São Paulo

Do farol eu vejo
Do farol eu vejo
Lua tão bonita
Revela teus segredos
Luz da minha vida

Morro de amores
Morro de São Paulo
Terra igual a essa
Não se vê por aí

Morro de saudades
Morro de São Paulo
O paraíso é aqui

By Roberto Albanese",pt
/chiclete-com-banana/,Mude Esse Mundo (gritos de Guerra Ii),/chiclete-com-banana/mude-esse-mundo-gritos-de-guerra-ii.html,"Olhe a vida que leva
E pense profundo
Você pode de novo vencer
Seja um sonho de fé a correr

Erga os braços pro alto
E mude este mundo
Você pode a vida mudar
Um herói como o sol a brilhar

Ser justiceiro de um tempo perdido
Olhe forte e vamos lutar
Pelos direitos de um povo ferido
E diga pra não mudar
Ou diga sim pra mudar
Calado não pode ficar

ê ê ôôô..",pt
/chiclete-com-banana/,Mulher Amada,/chiclete-com-banana/mulher-amada.html,"Subi a avenida cantando
pensando em encontrar meu amor
e o brilho em teus olhos sorrindo
me pegou de repente a paixão
de uma flor perfumada se abrindo

Amada minha mulher
formosa por ser companheira
és o espelho da fé
na luta de ser verdadeira
abraça este teu homem
e sempre fiel toda vida
pra tudo e para toda hora
a nossa paixão vai rolar
Êa... Êa

Amor, amor
não me canso de falar
não me canso de dizer
não me canso de te amar
Amor, amor
não me canso de falar
não me canso de dizer
TE AMO",pt
/chiclete-com-banana/,Multirão da Alegria,/chiclete-com-banana/multirao-da-alegria.html,"Cheguei a capital da Bahia
Na explosão real
O esplendor é o trio
Que o mundo ainda não viu (BIS)

Com toda energia
A farra que contagia
E o gringo denominou... ôu... ôu
O mutirão da alegria

Lá vem... Lá vem o trio
No carnaval do Brasil (BIS)",pt
/chiclete-com-banana/,Música Alegre,/chiclete-com-banana/musica-alegre.html,"Você vacilou BIS
Você vacilou BIS

Não quis, não viu, não dançou
Aquela música alegre
Olho com olho na brasa
Na beira da fogueira
Boca com boca se fala
No dia da feira

Agora a sanfona começa a tocar
No céu as estrelas
São muitas eu vejo
Enquanto a espiga de milho assa
Vem brincar de balão beijo
Vem brincar de balão beijo, beijo
Brincar de balão
Brincar de balão
Brincar de balão beijo, beijo
Mas você vacilou
Você vacilou",pt
/chiclete-com-banana/,Na Fissura do Cheiro,/chiclete-com-banana/na-fissura-do-cheiro.html,"Fui pescador e até imperador
só pra chamar sua atenção
foi de pirata que eu te abracei

e roubei teu coração
de Aladim pedi ao gênio
pra você gostar de mim
de arlequim senti teu corpo
muito louco, muito afim

quero outro beijo melado de açucar
tô fissurado por isso, maluca
são 25 anos de paz no bloco ""Os Internacionais""
morena, me dá um cheiro oh..oh..oh..
depois eu te dou meu amor.
depois eu te dou o meu amor.",pt
/chiclete-com-banana/,Na Onda Gostosa do Quimbundo,/chiclete-com-banana/na-onda-gostosa-do-quimbundo.html,"A onda gostosa do quimbundo
do quilombo
do ingongo
do calunga
Atiçou a lenga-lenga do cafuné
a ginga do Alberto Leguelé
o gosto ardente do acarajé
ijêxá
Aganju
Amalá

A onda gostosa do quimbundo
do quilombo
do ingongo
do calunga
Amansou o espinho mole do maxixe
o ronco da batucada de Torôco
baba de moça, viço de azeviche
da quizila
Ibêji
Acaçá
Caxixi
A onda gostosa do quimbundo
do quilombo
do ingongo
do calunga
Perfumou a goma da Goméia
A gema do azeite de dendê
A autoridade de Bamboxê
Ô Bogum
Irokô
Iáomin
Titerê",
/chiclete-com-banana/,Nairê,/chiclete-com-banana/naire.html,"Na mistura da cor
Tabuleiro de dama
No gingado nagô
Chiclete!!!

Bota lenha no fogo
E não deixa apagar
Segura essa onda,
Se cair vai quebrar

Ô nairê,
Ô nanairô
Ô nairê,
Ô nanairô

Tu tem feitiço,Ipanema
No sol que nos queima
Sacode,
Bumba-meu-boi

Ô nairê,
Ô nanairô
Ô nairê,
Ô nanairô

Tu tem o brilho da fêmea morena
Tempero de cor
Fluir desse amor",pt
/chiclete-com-banana/,Nana Coração,/chiclete-com-banana/nana-coracao.html,"
Am Dm
Bananeira balançou minha rede, vento forte é canção de verão (2x)
G E7 Am
Vem naná Nana, Nana coração
Am Dm G E7 Am
Vem Nana, eu só quero te ver, quero estar com você quando esse vento chegar
Am Dm G E7 Am
Balançar, todo o meu coração, nessa canção de verão, pra gente namorar
G Am
Quero o teu abraço, quero amor pra valer
G Am
Quero teu chamego, só vai dar eu e você
Dm E7
Embalar minha rede, Nana to com sede de amar só você
A D E
Ê Nana ê, vem cá meu bem naná
A E7 Refrão(2x)
",pt
/chiclete-com-banana/,Nana ê,/chiclete-com-banana/nana-e.html,"Me diga quem é que já vem balançando com jeito moleque

Me diga quem é que está suingando ao som do Chiclete

Espalhando alegria de noite, de dia, esse jeito de amar

Nessa onda, morena, eu vou te levar

Na pele dourada, um beijo de fada, suspiro de amor

Sorriso maneiro no peito faceiro gravado na cor

De onde vem este canto que canta e que mexe essa massa legal?

Vem correndo, me abraça... a alegria é geral!

Ô, Nana, ê, vem bananear, ê, ô,

Vem bananear, ê, á,

Vem Nanã, Naná,

Ô, Nana, ê, vem bananear, ê, ô,

Vem bananear, ê, á,",pt
/chiclete-com-banana/,Nana Rumbeira,/chiclete-com-banana/nana-rumbeira.html,"Andei algumas léguas procurando
Você pra amar
Você pra amar, você

Passei, foi muito tempo a procura
D'ocê pra amar
D'ocê pra amar, gamei
Andei, amei, foi amor de primeira
Meu bem querer, essa nana rumbeira

Andei, amei, foi amor de primeira
O que farei sem minha nana rumbeira

O lelê cadê
Encontrei meu grande amor
Sem você navio nem vem
Marinheiro sem navegar
Na minha rendeira eu me tranço

Na minha rendeira eu me tranço

Cadê você",pt
/chiclete-com-banana/,Não vou Embora,/chiclete-com-banana/nao-vou-embora.html,"
G
onde tem som de viola
eu fico e nao vou embora
C
uma moça pantaneira
eu fico e nao vou embora
Am
uma sanfona gateira
eu fico e nao vou embora
D7
e um bailão de rodeio
eu fico e nao vou embora
G
alem de churrasco e vinho
que o velho também adora
com essas gatinhas
que andam com umbigo de fora
C
eu tomo todas
G
faço a festa esqueco a hora
D B C C# D
se tem alguem me chamando
G
eu fico e nao embora
D
nao vou embora
G
nao vou embora
D
se tem bailao de piao
G
eu fico e nao vou embora
D
nao vou embora
G
nao vou embora
D
se tem mocá pantaneira
G
eu fico e nao vou embora
C
eu tomo todas
G
faço a festa esqueco a hora
D B C C# D
se tem alguem me chamando
G
eu fico e nao vou embora
",pt
/chiclete-com-banana/,Navego à Toa,/chiclete-com-banana/navego-a-toa.html,"Intro: A D E A A D E A A D E A E7

A C#m F#m D* E
Vem amor, me dê a mão, vem fugir pr`aquela estrela
A C#m F#m D* E
E deixe a dor do coração não passar de brincadeira
Bm C#m
Você é um pecado do Bolero de Ravel
D E A E7
E a beleza do mar beijando o céu
A D E A
Navego à toa numa boa, navego no seu doce sorriso
D E A
Com os seus segredos, com os seus delírios
D E A
Me alucina em saber que um dia em seus braços eu posso voar
D E A E7
E ainda molhar seus cabelos com o perfume da água do mar aiaiai
A Bm
Pode ser aiaiai que esse amor seja o mais doce sofrimento
D Bm
Não me faça infeliz nesse momento
D E A E7
Que o ciúme é próprio do amor
A Bm
Pode ser aiaiai que o amor nunca tenha feito parte da sua vida
D Bm
Mas te peço uma chance, querida
D E A E7
Todo espinho é parte da sua flor
(Repete tudo, entra a Intr. e finaliza em A)
",pt
/chiclete-com-banana/,No Balançar da Maré,/chiclete-com-banana/no-balancar-da-mare.html,"Pode ser normal
Viraram pelo avesso a sua cabeça
Não há nada igual
Comparada à luz da lua, só sua beleza

Quando o sino tocou anunciando a melodia
Oh! Quanta alegria Oh! quanta alegria
Lá se vai a madrugada
E vem chegando um novo dia
Tem mais alegria, tem mais alegria

No balanço da maré, pra lá, pra lá
No balanço da maré, pra cá, pra cá
No balanço da maré, pra lá, pra lá, pra lá, pra lá

Quando o reggae tocou
Uma explosão de energia
Reggae é alegria, reggae é alegria

De lá do céu escutou
O rei do reggae já sorria
Bob é alegria, Bob é alegria

No balanço da maré, pra lá, pra lá
No balanço da maré, pra cá, pra cá
No balanço da maré, pra lá, pra lá, pra lá, pra lá

No balanço da maré, pra lá, pra lá
No balanço da maré, pra cá, pra cá
No balanço da maré, pra lá, pra lá, pra lá, pra lá",pt
/chiclete-com-banana/,No Balanço do Chiclete,/chiclete-com-banana/no-balanco-do-chiclete.html,"Ú tá-tá ú-tu-tá-rá-rá
No balanço do chiclete
Chicleteiro vai cantar
Ú tá-tá ú-tu-tá-rá-rá
No balanço do chiclete
Chicleteiro vai dançar

Eu tô chegando
Vem pra cá
Vem sentir meu som
Vem comigo balançar

Eu tô chegando
Olha o chiclete aí
Wilson aumenta o som
Pra galera explodir

Quando eu chego agitando
A galera vai dançando
Até o meio do salão

Quando eu chego pra cantar
Todo mundo faz muito barulho
Com o meu coração e diz assim
Ú tá-tá ú-tu-tá-rá-rá
No balanço do chiclete
Chicleteiro vai cantar
Ú tá-tá ú-tu-tá-rá-rá
No balanço do chiclete
Chicleteiro vai dançar",
/chiclete-com-banana/,"No Woman, No Cry (não Chore Mais)",/chiclete-com-banana/no-woman-no-cry-nao-chore-mais.html,"Say, say, say, say
Say I remember when we used to sit
In a government yard in Trechtown
Observing those hypocrites
As they would mingle with the good people we meet
Good friends we´ve had, oh
Good friends we´ve lost
Along the way, hey
In this great future you can't forget your past
So dry your tears, I say, hey hey

[Refão]
Não não chore mais,
Não...não chore mais
No woman, no cry
No, no woman
Woman no cry

Bem que me lembro da gente sentado ali
Na grama do aterro, sob o céu
Observando estrelas
Junto à fogueirinha de papel
Quentar o frio, requentar o pão e comer com você... hey
Os pés de manhã pisar o chão, eu sei a barra de viver
Mas se Deus quiser...
Tudo, tudo, tudo vai dar pé
Tudo, tudo, tudo vai dar pé
Everything is gonna be alright
Everything is gonna be alright

No woman no cry, uuhhh
Oh oh no woman no cry
Love to my sister
Don´t shed no tears
No woman no cry

One love, one heart
This gonna, get make a new star",pt
/chiclete-com-banana/,Noite Especial,/chiclete-com-banana/noite-especial.html,"
G Em G
Fico contente quando vc diz pra mim
Bm C D7
que vai fazer comigo, tudo que quiser
C Em G C
e já começo a preparar-me para uma noite especial
G C G
meu amor, ficar juntinhos que legal
G Em G
se queres mesmo, se entregar ao meu amor
Bm C D7
entao porque não vem de uma vez me libertar
C Em G C
dessa paixão que queima dentro do meu peito
G C G
estou precisando de você pra me encontrar
Am C G
estou tentando te dizer fique comigo
Em D7 C G
pois nao há nenhum perigo pra você se preocupar
Am C G
porque o homem quando está apaixonado
Em D7 C G
",pt
/chiclete-com-banana/,Oh Minha Preta,/chiclete-com-banana/oh-minha-preta.html,"Oh minha preta! Se tenho você do meu lado eu me sinto bem.
Estava perdido no mundo procurando alguém.
Esquece todo o meu passado, me abraça e vem.

Oh minha preta! Se tenho você do meu lado eu me sinto
bem.
Estava perdido no mundo procurando alguém.
Esquece todo o meu passado, me abraça e vem.

De longe, muito longe, Deus trouxe você pra mim, pra
fazer você sorrir e viver um novo lance.
Entre cores e jasmins, não deixe fugir esse amor, não
deixe não, deixe não.

Oh minha preta...


By: Jhonatha Rodrigo C. de Moura",pt
/chiclete-com-banana/,"Oi, o Mar",/chiclete-com-banana/oi-o-mar.html,"
G D |
Foi o mar, foi o mar, foi o mar |
C D7 G |
Que te trouxe aqui, amor, e vai me levar |refrão
D |
Foi o mar, foi o mar, foi o mar |
C D7 G |
Que te trouxe aqui, amor, e vai me levar |
D G
Quero que seja... sincera
D G
Por favor, me diga... que espera
D
Quem vem de lá
G
Vem tocando prá valer
C D7 G
Segure agora que o Apache vai bater!
Foi o mar... (repete refrão)
Olhe pra ela
D
Veja só que índia bela
C
Bela e que seduz
D7 G
Todo o fulgor da luz
Nunca vi mais bela
D
Soberana e delicada
C
Como a flor do Girassol
D7 G
Sou feliz a cantar
G
Eu sou o rei
D
O rei dessa festa
C
Minha musa é você
D7 G
Se embola nos meus braços

Eu sou o rei
D
Pra que tanta pressa
C
Se o Apache vai encher
D7 G
Os meus sonhos de amor
",pt
/chiclete-com-banana/,Olhar 99,/chiclete-com-banana/olhar-99.html,"Intro: (solo)4x Gm F
(solo)4x Gm F

Gm F
Aê, aê, aê, aê, aê
Gm F
Aê, aê, aê, aê, aê
Gm
Ai, amor,
Chega mais, chega mais,
Se você vem tem flor
Quero mais, quero mais
F
Linda, vem menina, pra piscina
Gm F D7
Quero o cheiro azul do mar
Gm
Vou viver
Seu encanto bem mais
Qualé, porque?
Quero mais, quero mais
F
Olhe meu olhar noventa e nove
Gm F D7
Salpicado de amor
Gm F
Aê, aê, aê, aê, aê
Gm F
Aê, aê, aê, aê, aê
Gm F (solo)4x F G7
Aê, aê, aê, aê, aê
C
Pegue e leve que eu vou atrás
Vai e volta e fica bom demais
G7 F
Tra, lá, lá, lá, lá, lá
G7 C G7 F
Meu amor, quero te amar
C
Vem do Norte pra não vacilar
O chamego tem a hora agá
G7 F
Tra, lá, lá, lá, lá, lá
G7 C
Meu amor!
|
Pi gui di gui di, Pa pa uê |
Pi gui di gui di, Pa pa uê |
G7 |
Ai, menina, que dengosa! |Refrão
Pi gui di gui di, Pa pa uê |
Pi gui di gui di, Pa pa uê |
C |
Todo dia te amar |
Lá, lá, lá, lá... ê, ô
G7
Ai, menina, que dengosa!
Lá, lá, lá, lá... ê, ô
C
Todo dia te amar
(solo)2x Gm F (solo)2x Gm F G7
C
Ê, ê, ê, ê
F G7
Ê, ê, ô, ô, ô, ô
C
Ê, ê, ê, ê
F G7 (C)
Ê, ê, ô, ô, ô, ô, ôô...
G7 F G7 C
Meu amor!
",pt
/chiclete-com-banana/,Olhos da Noite,/chiclete-com-banana/olhos-da-noite.html,"Vento nos olhos da noite
naves passeiam no céu
rasgando um manto de prata
lua de um favo de mel

Homens vieram de um sonho
luz encantada de fé
anjos perdidos no encanto
no fogo dessa mulher

Quando o sinal da emoção voa na fantasia
quando a mais pura visão traz a luz da alegria
é quando o vento embalança e vai para junto do mar
iê iê..
iê iê êêê..
é quando o medo da vida faz a gente cantar.
iê iê..
iê iê êêê..",pt
/chiclete-com-banana/,Para O Mundo Ver,/chiclete-com-banana/para-o-mundo-ver.html,"Aprendi a te amar Eu não posso negar
Menina
Pois seu modo de ser O seu jeito de olhar
Me ensina
O segredo do amor O perfume da flor
Me diga
Onde posso encontrar o brilho do luar
Minha vida

Quem dera
Eu ser ator
Fazer parte dessa cena
De amor
Numa tela de cinema
Pro mundo ver
Só você, só você, só você é meu amor

Me perco Nos teus lábios de mel
E vejo a força da paixão
É fogo
com pétalas de flor
Provei do teu beijo dei um sacolejo no meu coração.",pt
/chiclete-com-banana/,Pé de Moleque,/chiclete-com-banana/pe-de-moleque.html,"Eu quero ver
Pega-pega no salão
É forró a noite inteira
É noite de São João (BIS)

Eu hoje quero ser pé-de-moleque
Vou atrás de você pra ver qual é
Pegar na tua mão numa ciranda
Pra ver como é que anda
O amor dessa mulher
Que é de fogo
Arde e dói no coração
Sobe que nem balão
Faz a gente viajar
Parece estrela
Em noite de São João
Feito chama de fogueira
Eu fico doido de tesão

Eu quero ver
Pega-pega no salão
É forró a noite inteira
É noite de São João (BIS)",pt
/chiclete-com-banana/,Peixinho Fora D'agua,/chiclete-com-banana/peixinho-fora-dagua.html,"Amor como é que eu posso te esquecer
Se toda canção que toca me lembra você
Tantas vezes eu tentei mas não consigo
Meu coração insiste em dizer
Te amar é preciso

Você me acostumou com seus carinhos
Abraços e beijinhos meu amor
Minha vida sem você não faz sentido
Você me acostumou com seu calor
Você me acostumou com seus carinhos
Abraços e beijinhos meu amor
Minha vida sem você não faz sentido
Você me acostumou com seu calor

Sou um peixinho fora d'água sem você
E não demore, volte logo bem querer
Sumiu por quê?
Venha me ver
Minha alma gêmea é você

Sou um peixinho fora d'água sem você
E não demore, volte logo bem querer
Sumiu por quê?
Venha me ver
Minha alma gêmea é você

Amor como é que eu posso te esquecer
Se toda canção que toca me lembra você
Tantas vezes eu tentei mas não consigo
Meu coração insiste em dizer
Te amar é preciso

Você me acostumou com seus carinhos
Abraços e beijinhos meu amor
Minha vida sem você não faz sentido
Você me acostumou com seu calor
Você me acostumou com seus carinhos
Abraços e beijinhos meu amor
Minha vida sem você não faz sentido
Você me acostumou com seu calor

Sou um peixinho fora d'água sem você
E não demore, volte logo bem querer
Sumiu por quê?
Venha me ver
Minha alma gêmea é você

Sou um peixinho fora d'água sem você
E não demore, volte logo bem querer
Sumiu por quê?
Venha me ver
Minha alma gêmea é você",pt
/chiclete-com-banana/,Perdido de Amor,/chiclete-com-banana/perdido-de-amor.html,"Preciso segurar essa onda
Que quer me afogar
Preciso segurar essa onda
Que quer me afogar
Foi o beijo que a morena me deu
Foi o beijo que o moreno me deu
Esse beijo que aconteceu
No abraço que a moreno a me deu
Foi no abraço que a morena me deu
aquele braço que aconteceu
Menina é bacana me enrola na cama me namora
me namora, me namora
me namora, me namora.

me namora, me namora
me namora, me namora

Fiquei louco de amor
Vem me namorar Girl
Estou perdido de amor
Vem me namorar céu",pt
/chiclete-com-banana/,Perdoa Na Boa,/chiclete-com-banana/perdoa-na-boa.html,"Mil loucuras, nada importa
Atenda o telefone ou abra sua porta
Seus motivos poderiam ser ate compreendidos
Se fosse me esquecer

Soube que você andou rondando em minha porta
Soube que você andou falando que um dia volta para mim

Para mim
Ai ai ai amor
Faz carinho depois da dor
Esquece o que passou e me enche de beijo
Ai ai ai amor
Faz carinho, por favor

Perdoa o coração
Refaz o meu desejo
Perdoa na boa, perdoa na boa, me perdoa
Perdoa na boa, perdoa na boa, me perdoa",pt
/chiclete-com-banana/,Perfume de Luar,/chiclete-com-banana/perfume-de-luar.html,"Quando te vejo desperto desejo
guardado no fundo do meu coração
Fico louco na ânsia de um beijo
fico perdido na contramão
Eu quero é te amar, me entregar ao prazer
Adormecer nos teus braços até o dia amanhecer Refrão (2x)
Cantando uma canção de amor
Te darei o perfume do luar
Trouxe comigo o brilho das estrelas, meu bem
E o mundo inteiro pra te dar
(Refrão)
Ooooouoouoo, digdigdigdipdiô(2x)
(Repete tudo)",pt
/chiclete-com-banana/,Pistolera,/chiclete-com-banana/pistolera.html,"Você tem cara de bobo
Tem pinta de trouxa
Não vê que essa mulher não te quer
Quando esta contigo paquera seu amigo
Se liga meu irmão, qual é...
Eu sei que ela e artista de cinema
A estrela de filme de cowboy
Deixa de bobeira
A sua gata e pistoleira

Ref.
Pistoleira sai sai sai
Pistoleira sai sai sai
Vai e deixe o pobre do rapaz",pt
/chiclete-com-banana/,Pode Chover,/chiclete-com-banana/pode-chover.html,"Pode chover, relampejar, trovão roncar
Raio cair, mas eu chego aí

Pra te ver, pra paquerar você
Pra te ver, pra paquerar

Não me castigue, natureza
Me perdoa, por favor
É que eu tô com tanta sede
Muita saudade do meu amor

Ah! Você me beija legal
Você é tão sensual
Eu nunca vi nada igual, não
Balança a roseira",pt
/chiclete-com-banana/,Pode Ser Uma Paixão,/chiclete-com-banana/pode-ser-uma-paixao.html,"Ê, ê, ê, ê, ê, ê, ê...
Lá, lá, lá, lá, lá, lá, lá, lá, lá...

Aquela lua que prateou o céu
No sorriso da manhã
Aquele sonho que libertou
O meu desejo de te ter
Danadinha linda, que é você

Todo o meu ciúme estremeceu
Quando a lua te beijou
Faço tudo agora pra te conquistar
Danadinha linda, eu vou te amar

Pode ser mais um capricho
Pode ser uma paixão
Pode ser coisa do bicho
Pode até ser ilusão

Oh... Oh... Oh...
Ai, ai, ai, meu bem querer
Ai, ai, ai, é bom te ver
Desfrutar do seu calor

Oh... Oh... Oh...
Ai, ai, ai, meu bem querer
Ai, ai, ai, eu e você
Quero tanto seu amor

Ê, ê, ê...
Aquela lua que prateou céu
Vem cá chamego, chegue mais perto
O que é que está por trás desse desejo?",pt
/chiclete-com-banana/,Por Um Beijo Seu,/chiclete-com-banana/por-um-beijo-seu.html,"Já me pediu a Ponta do Humaitá
A estrela D´alva, eu me lembro já te dei
O Farol da Barra também diz que é só seu
Comprei num beijo que me deu
Copacabana eu prometi e vou te dar
Em Maceió eu já cerquei a Praia do Francês
E o Camaleão quando passar
A gente vai ficar
Juntinhos de uma vez

Tudo o quero nessa vida
É o seu amor
Só quero seu amor
E um beijo seu
E eu só quero dessa vida seu amor
Só quero seu amor
E um beijo seu

Disse que quer a Ilha de Itamaracá
A lua nova no quarto minguante namorar
Não sei o que é que faço
Ela quer o Pelorinho
E o Campo Grande quer todinho
O Rio São Francisco tô querendo desviar
Prá molhar a flor do nosso amor que quer brotar
No Nana Banana te abraçar
E a gente então ficar
Juntinhos de uma vez.",pt
/chiclete-com-banana/,Potpouritmos Brasileiro (quadrilha),/chiclete-com-banana/potpouritmos-brasileiro-quadrilha.html,"Sonhei que eu era um balão dourado
e debruçado num canto estrelado do céu eu via
um povo cantando embalado
como na ginga de um carrossel
no sonho eu via a safona e zabumba batendo tão forte
parecendo um coração

no diguilingui do triângulo
da poeira que sai do chão
mais licor pra embebedar o coração
posi nesse passo ao som do arrasta-pé
até ao amanhecer seja la o que Deus quiser

voeei
voeei
pra o meu amor encontrar
e quando beijei teu rosto
a lua veio nos admirar é que era São João
e mais ardente o amor se dá
junto a chama da fogueira
novos sonhos vão rolar

Riacho do navio corre pro Pajeú
e o rio Pajeú vai despejar no São Francisco
E o Rio São Francisco vai bater no meio do mar, láiá láiá
o Rio São Francisco vai bater no meio do mar

se eu fosse um peixe
ao contrario do rio, nadava contras águas e nesse desafio
caia lá no mar pro Riacho do navio
eu ia diretinho pro Riacho do Navio
rever o meu ranchinho
fazer minhas caçadas ver as pegadas de boi
andar na vaquejada

dormi ao som do chocalho
e acordar na passarada láiá laiá, laiá, laiá
Sem radio e sem notícia da terra civilizada

Ó meu amor não vá se embora, não vá se embora
ó fique mais um bocadinho, um bocadinho
se você for seu nego chora, seu nego chora
vamos ficar mais um tiquinho, mais um tiquinho
pois quando eu entro numa farra
eu não quero sair mais não
eu vou até quebrar a barra
e pegar o sol com a mão

O candieiro se apagou
o sanfoneiro cochilou e a sanfona não parou
e o forró continuou (2x)

você vacilou, você vacilou
você vacilou, você vacilou
não quis, não viu, não dançou
aquela música alegre
olho com olho na praça na beira da fogueira
boca com boca se fala no dia da feira
o dia de feira

agora a sanfona começa a tocar
(agora a sanfona começa a tocar)
no céu há estrelas são muitas eu vejo
(são muitas, são muitas, são muitas eu vejo)
enquanto a espiga de milho não assa
(enquanto a espiga de melho não assa)
vem brincar de balão, vem
vem brincar de balão beijo, beijo
brincar de balão, brincar de balão beijo
mas você vacilou, derrê araueraraaa
mas você vacilou

Eu quero ver pega-pega no salão
é forró a noite inteira é noite de são joão (3x)

eu hoje quero ser pé de moleque
vou atrás de você pra ver qual é
pegar na tua mão numa ciranda
pra ver como é que anda o amor dessa mulher(2x)

que é de fogo arde dói no coração
sobe que nem um balão e faz a gente viajar
parece estrela em noite de são joão
feito chama de fogueira eu fico doido de tesão

Eu quero ver pega-pega no salão
é forró a noite inteira é noite de são joão (3x)

eu hoje quero ser pé de moleque
vou atrás de você pra ver qual é
pegar na tua mão numa ciranda
pra ver como é que anda o amor dessa mulher(2x)

que é de fogo arde dói no coração
sobe que nem um balão e faz a gente viajar
parece estrela em noite de são joão
feito chama de fogueira eu fico doido de tesão

Eu quero ver pega-pega no salão
é forró a noite inteira é noite de são joão (3x)",pt
/chiclete-com-banana/,Pra Brincar Com Meu Amor,/chiclete-com-banana/pra-brincar-com-meu-amor.html,"Hoje há noite
eu vou sair
e quero encontar

um amor que tanto espero
e vivo à procurar

libertar meu coração
dessa triste solidão

quem quizer sair comigo
é só me dar a mão

eu quero desfrutar
um mundo de prazer

dançar agarradinho
coladinho com você

ÔÔÔÔ...ÔÔÔÔ....
quero brincar com meu amor
ÔÔÔÔ...ÔÔÔÔ....

ÔÔÔÔ...ÔÔÔÔ....
quero brincar com meu amor
ÔÔÔÔ...ÔÔÔÔ....",pt
/chiclete-com-banana/,Pra Brincar de Vida,/chiclete-com-banana/pra-brincar-de-vida.html,"Vem pra cá eu não agüento
O teu chamego não me sai do pensamento
Vem viver comigo agora
Pegue o embalo
Arraste o pé
E vamos embora

Vamos embora
Pra brincar de vida
Doce vida feita de paixão
Paixão não me deixa delirar
Não há com o que se comparar
O amor
Quando dobrando a esquina
Vem de mansinho
Futucando o coração",pt
/chiclete-com-banana/,Preciso Dormir Princesa,/chiclete-com-banana/preciso-dormir-princesa.html,"Jogue a vida arrisque tudo e curta esse amor
Se livre dessa cara amarrada e saia como entrou
Um cochicho apimentado quero lhe falar
Eu não sei se apago a luz ou deixo como está
Procure, na sombra da flor de espinho
Num peixe de mar sozinho
Desnude esse amor
Tristeza, reflete no rio do meu rosto

Pintura de amor e desgosto
Você quem pintou


Refrão
E eu perco meu tempo pra lhe convencer
Fico com medo do dia amanhecer
Ieieieie quero amar você

É tarde, preciso dormir princesa
Rainha de toda beleza
Sonhar esse amor",pt
/chiclete-com-banana/,Quando O Chiclete Passar,/chiclete-com-banana/quando-o-chiclete-passar.html,"Quando o Chiclete passar
é pra você ficar colado em mim
Na Bahia é desse jeito
E você vai ter que viver assim
Venha logo pra fazer o meu carnaval
Meu amor, chegue mais perto
Pois eu quero te beijar

E a cidade de Salvador,
Desde a Barra até o Pelô
Foi romântica, foi histórica
E o Bomfim abençoou

No farol de Itapuã,
O baiano transformou o trio elétrico
em atômico
Pelo mundo se espalhou

Só pra lhe dizer que a liberdade, Morena
Praça Castro Alves para o nosso amor é pequena
Quero lhe encontrar na praia da Ribeira Verão
Esse chão é meu
E eu não vou parar

Quando o Chiclete passar
é pra você ficar colado em mim
Na Bahia é desse jeito
E você vai ter que viver assim
Venha logo pra fazer o meu carnaval
Meu amor, chegue mais perto
Pois eu quero te beijar

Eu fui atrás de um caminhão
Fazer meu carnaval
E o carnaval é feito no coração
Não sei ... Bateu a emoção
Meu bem, naquele ano
Eu me tornei camaleão",pt
/chiclete-com-banana/,Quando O Chiclete Toca,/chiclete-com-banana/quando-o-chiclete-toca.html,"Lêlêlêlêlê-lê
Lêlêlêlêlê-lê
Lêlêlêlêlê-lê

Menina, se você quer eu vou te dar
A toa, na boa
Um beijo, um chamego gostoso e um abadá
do Voa, na boa. (2x)

Me pega, me vira, me abraça e beija
Me ensina, que eu quero aprender com você
Menina bacana, me leva pro Nana.

Me usa, me lambuza de cerveja
Me abusa, me lambe e vem namorar.
Menina bacana, me leva pro Nana.

Ê quando o Chiclete toca!
Ê quando o Chiclete toca!
Eu te abraço eu te beijo
Chicleteiro eu te desejo
E é para mim o que importa",pt
/chiclete-com-banana/,Que Força é Essa?,/chiclete-com-banana/que-forca-e-essa.html,"Viver, cantar
Olhar a estrela
Parece até que é brincadeira
Viver, cantar
Brincar de roda
Imaginar poder voar

Galope vem, galope vai
E o mundo inteiro só
Me faz a mesma pergunta (BIS)

Nasceu o sol, raiou o dia
Por essa força se deduz
Que eu quero ver a tua lágrima
Brilhante como a luz

Pintei o meu dia com as cores do amor
Fantasmas e bruxos retornam pro além
E vejo sorrindo palhaços que sabem chorar
E uso essa força do mal para o bem

Responder
Todo mistério da vida
Pra quê
De onde vem essa força
Por quê
Se o importante é viver

by:|D|O|R|I|N|H|A|",pt
/chiclete-com-banana/,Que Gata é Essa,/chiclete-com-banana/que-gata-e-essa-letras.html,"Chiclete com Banana - Que Gata É Essa


Vixe Maria turbinada, gata manhosa danada
Gosta de uma feijoada, tem um corpo de avião
Só dorme de madrugada, brindou com uma limonada
Danada foi batizada a musa de estação

Ela curte reggae e axé, devora abará e acarajé
Andando tem muita fé, não reza comigo não
Seu sorriso é alto astral, é louca por carnaval
Seu bronze é sensual, Chiclete é sua paixão

Que gata é essa? Que coisa bonita no sol de verão?
Tatuada no peito do meu coração ela muda de cor como um
Camaleão!
Que gata é essa? Que coisa bonita no sol de verão?
Tatuada no peito do meu coração...EU SOU CAMALEÃO!!!

Adoro ver quando ela passa, tudo tem graça
Me faz, me faz enlouquecer
Adoro ver estrela pequenina, teu brilho me fascina
Quando eu olho pra você.

Cabelo cheira a mangaba, gosto de doce de goiaba
Como se fosse salada, mexe com meu coração
Abala a rapaziada, não se incomoda com nada
Ouve rock nas quebradas e também dança o baião

Formada, já é mestrada, adora uma lambada
Fala inglês nas paradas, que gata é essa meu irmão?
Malhando fica suada, zangada, bem apanhada
Danada foi batizada a musa da estação

Que gata é essa? Que coisa bonita no sol de verão?
Tatuada no peito do meu coração ela muda de cor como o
Camaleão!
Que gata é essa? Que coisa bonita no sol de verão?
Tatuada no peito do meu coração ela muda de cor como o Camaleão!",pt
/chiclete-com-banana/,Quem é Você?,/chiclete-com-banana/quem-e-voce.html,"Quem é você?
Quem é você?
Quem é você?
Por...que... entrou no planeta minado sem avisar?
Tocou seu sucesso gravado no disco voador
Tive que sonhar, meu querubim
Foi quando o vento me soprou
Estava sentado no quintal
Ilusão de pensamento
Não há flores no momento
Mas a festa do sonho
Vai continuar
Quando olho no espelho do teu horizonte
Sinto que eu sou a linha entre o céu e o mar
Quando olho no espelho do teu horizonte
E vejo no brilho da luz do luar
Sinto que sou a linha entre o céu e o mar
Quem é você?
Quem é você? Por quê?...",pt
/chiclete-com-banana/,Quer Ir Mais Eu?,/chiclete-com-banana/quer-ir-mais-eu.html,"Quer ir mais eu?
Vamos!
Quer ir mais eu?
Vambora!
Beber, raparigar, fazer zueira
Pra voltar não tem hora

Vou cair no mé
Amanhecer
Cheio de mulher
Fazendo aquele cabaré na calçada

Vou me embriagar
Tô nem aí
Eu quero é fazer putaria
Ver a noite virar dia
Tomar banho de gelada

E a mulherada
Sempre de pé no chão
Tamanco na mão
Cabelo assanhado

E eu na gandaia
Muito louco, doidão
Com um litro na mão
Bêbo envernizado

Quer ir mais eu?
Vamos!
Quer ir mais eu?
Vambora!
Beber, raparigar, fazer zueira
Pra voltar não tem hora

Vou cair no mé
Amanhecer
Cheio de mulher
Fazendo aquele cabaré na calçada

Vou me embriagar
Tô nem aí
Eu quero é fazer putaria
Ver a noite virar dia
Tomar banho de gelada

E a mulherada
Sempre de pé no chão
Tamanco na mão
Cabelo assanhado

E eu na gandaia
Muito louco, doidão
Com um litro na mão
Dormindo, envernizado

Quer ir mais eu?
Vamos!
Quer ir mais eu?
Vambora!
Beber, raparigar, fazer zueira
Pra voltar não tem hora

Vou cair no mé
Amanhecer
Cheio de mulher
Fazendo aquele cabaré na calçada

Vou me embriagar
Tô nem aí
Eu quero é fazer putaria
Ver a noite virar dia
Tomar banho de gelada

E a mulherada
Sempre de pé no chão
Tamanco na mão
Cabelo assanhado

E eu na gandaia
Muito louco, doidão
Com um litro na mão
Dormindo, envernizado

Quer ir mais eu?
Vamos!
Quer ir mais eu?
Vambora!
Beber, raparigar, fazer zueira
Pra voltar não tem hora",pt
/chiclete-com-banana/,Quero Esse Sonho Pra Mim,/chiclete-com-banana/quero-esse-sonho-pra-mim.html,"Dizer que você é a coisa mais pura
Que eu quis
Estou sentindo outra vez
Meu coração tá feliz
Está aqui com você

Deixe eu ficar mais um pouco
No brilho dos seus olhos
Eu quero estar
Choro sozinho
Por todos os caminhos
Sinto falta do mais nobre amor
Que você me dá
Eu sei que é difícil dizer
Às vezes o mundo se esconde
De mim e de você

Levar uma vida sossegada

Quero esse sonho pra mim
O sonho da quimera
Quero esse sonho pra mim
Que saudades eu tenho dela!
Quero esse sonho pra mim
Do sorriso de rosa amarela",pt
/chiclete-com-banana/,Quero Rimar Chiclete Com Banana,/chiclete-com-banana/quero-rimar-chiclete-com-banana.html,"Ei, ô, ôô... Chiclete com Banana

Gosto desse jeito que te quero
Rasgar o jeans, se tatuar
Dançar ao som de uma guitarra
Grunding
Mascar chiclete, cantarolar

Quero rimar Chiclete com Banana
Quero ver Chiquita mais bacana
Pegar um Surf lá no Hawaii
Cantar os Rolling Stones por aí

Ei, ô, ôô... Chiclete com Banana

Viver na Era do Computador
Carro importado e um jet-ski
Acenar de longe para o meu amor
Sair por aí

Quero te ver lá no Arpoador
Andar na praia com Rita Lee
Sobrevoar num disco-voador
Eu e você, por aí?",pt
/chiclete-com-banana/,Quiribamba,/chiclete-com-banana/quiribamba.html,"Eu quebro a cara em seguida pego a vida.
A sorte dela é que posso navegar.
Sem lero-lero não sei mais o que espero,
pegue o trapo, venha toda, eu só quero é namorar.

Bem na esquina para o banquete vou mais tarde.
Procuro a rima para rimar com seu amor,
então menina, você me desespera,
o que eu quero também dou, vai que eu vou.

Eeee quiribamba naiê
Eeee quiribamba naiá.

Quiribamba a noite inreita,
me poupe de besteira,
eu tenho a praia toda para surfar.

Eu sou da parafina,
meu carro é à gasolina,
jambo doce venha toda para amar, para amar...

Eeee quiribamba naiê
Eeee quiribamba naiá.

Vai que eu vou, tem lua cheia tem
onça pintada tem, pra me pintar
Vem mostrar seu requebrado, vem
Se ta cheirosa chega perto para eu cheirar

Roda de fogo tem, ovelha negra, tem
Saio à francesa, não quero me queimar
Toda faceira, vem, pintar a rosa, vem
fita amarela é linda, vem para ca.

Eeee quiribamba naiê, eeee quiribamba naiá.",pt
/chiclete-com-banana/,Rainha Negra,/chiclete-com-banana/rainha-negra.html,"Êta menina de canto nagô
Vem da Nigéria cantando afoxé
todas magia seu povo cantou
és a rainha eterna mulher

com toda alegria eu canto meu povo
entoa com fé esse canto de novo

pra iluminar a nossa terra vem pai Oxalá
pra iluminar a nossa terra vem pai Oxalá
Trazendo seu corpo com ginga de amor
Requebra menina que o canto é nagô
Morena brejeira me enfeitiçou
Me mostra o veneno que traz essa cor",pt
/chiclete-com-banana/,Saliva Seca,/chiclete-com-banana/saliva-seca.html,"Negro olha que não dá
Não curta essa onda que não dá
Branco olha que não dá
Não curta essa onda que não dá
Gatinha olha que não dá
Não curta essa onda que não dá
Não saia da kaya que não dá, que não dá
Quando o negro quer pintar
O branco faz a sombra, que não dá
Água na garganta é pra se molhar
Saliva seca é que não dá
Gosto de mentol que vai pintar
Assim não dá
Oi... Oi... Oi...
Ai... Ai... Ai...
Oi... Oi... Oi...",pt
/chiclete-com-banana/,Sara-sarará,/chiclete-com-banana/sara-sarara.html,"Leleleôôô Parte 1 (2x)
Lelele
Parte
2 (2x)
Te pego te beijo pra lá e pra cá

Me beija devagar, devagarinho (2x)

Ziziu tava no mercado

E ela lá na janela

Jogando água de cheiro

Novena na casa dela

Um banho de cachoeira

Debaixo daquele céu

Feliz é viver com ela

Morando no coração

O meu amor tá chamando

Espera que eu já vou

Eu vou levar meu carinho

Pros braços do meu amor

Sara, Sara

Sara Sarará
Refrão (2x)
Sara, Sara

Sara Sarará
(Repete tudo)
(Repete parte 2)",pt
/chiclete-com-banana/,Savassi,/chiclete-com-banana/savassi.html,"Foi na Savassi que vi você
dialogar com alabê de Olga
na linha vermelha lhe liberei
pra alojar no nosso apê Diana

Na matamba não vou sem você
não sou sem você
Aurina
Não farei papel de Paiakan
se voce quiser, me ensina

a minha vida é índia
dêodê
a minha vida é dadá
dêodê
a minha vida é minha iá
é minha iá iá
é minha",pt
/chiclete-com-banana/,Se Tem Chiclete Eu To Lá,/chiclete-com-banana/se-tem-chiclete-eu-to-la.html,"Heh, heh, heh, heh, heh
Heh, heh, heh, hehiah
Hoje vai ter chiclete
Pode vir que eu to lá

Se tem chiclete eu tô lá
Se tem chiclete eu tô lá
Se tem chiclete eu tô lá

No balanço do mar
Na pegada da areia
Tudo mudou de cor
Pra saldar iemanjá

Tá no brilho do olhar
O farol incendeia
Faço tudo
Grito, pulo, choro por você
É de arrepiar

Abra a janela,
Deixe o sol entrar
Mexa seu corpo
Vem chicletear

Abra um sorriso
Sinta o coração
Grite bem alto
Eu sou camaleão!!!",pt
/chiclete-com-banana/,Se Você É 25,/chiclete-com-banana/se-voce-e-25.html,"se você 25
Deus te abençoa
se você não é
Deus te perdoa

seja gente boa
vote de coração
com luciano e beto
caculé é emoção

faça coisa certa
não para não
no dia 5 de outubro
é luciano e o povão

com ou sem dinheiro também
se você é 25
você vai se dar bem

é chique de mais
conta com felicidade
é o bem que faz",pt
/chiclete-com-banana/,Se Você é Chicleteiro,/chiclete-com-banana/se-voce-e-chicleteiro.html,"Se você é chicleteiro
Deus te abençoa
Se você não é
Deus te perdoa (refrão)

Seja gente boa
Seja alto astral
Vá de Voa-Voa, Nana e Camaleão

Faça a coisa certa
Faça o carnaval
Chegue e faça a festa
Seja sempre alto astral

(refrão)

E dê a mão pra ela
Beijar na boca não faz mal pra ninguém
Com ou sem dinheiro também
Se você é chicleteiro, você vai se dar bem

(refrão)

Eeeeh, chique demais
Felicidade é um bem que faz
Eeeeh, chique demais
Isso é chiclete todo mundo se faz",pt
/chiclete-com-banana/,Segredo da Cor,/chiclete-com-banana/segredo-da-cor.html,"Todo canto que vem dos negros
Sempre vai nos ensinar
Toda dança que vem dos guetos
Todo mundo quer dançar

Mas com todo sofrimento
Dança a ginga que convém
Essa dor que sente o negro
Mostra a força que ele tem

Seu canto é vida vivida
Pra nos ensinar
O lindo mistério da cor
Ninguém vai roubar

Respira menino moreno
Jogando a energia pro ar
Respira menino caboclo
E grita comigo Ri-Rá",pt
/chiclete-com-banana/,Sei Viver Por Um Triz,/chiclete-com-banana/sei-viver-por-um-triz.html,"Se tudo tem
Tudo dá tudo de beber
Natureza quer ser feliz
O destino não quis

Direito e fé
Todos têm novo amanhecer
É melhor prevenir a você
Sei viver por um triz

O tempo que traz o segundo
Escreve o momento
Conduz luz e calor

Liberte seu grito contido
Em um só movimento
Meu primitivo amor

Tantos meninos perdidos
Que choram e que amam
Querendo apenas um lugar
Para descansar",pt
/chiclete-com-banana/,Selvagem Camaleoa,/chiclete-com-banana/selvagem-camaleoa.html,"Demorou mas chegou a hora
Estava pronto pra te encontrar
Toda linda maravilhosa
Mais que dengosa a me provocar

Pele linda de porcelana
Obra de arte do Caribé
Pagodeira na quebradeira
Cintura louca que dá no pé

Selvagem Camaleoa
Me ganha
Selvagem não chora à toa
Arranha",pt
/chiclete-com-banana/,Sementes,/chiclete-com-banana/sementes.html,"Semente de cores vivas
que acendem novas recordações
E o ventos solta faícas
bordando belas constelações
Que rondam o céu
e o coração
Embalançando nas ondas de um baião
Licor de mel, doce canção
Animando o carrossel, no luar do meu sertão
Refrão:
Deixa que fogo semeie na escuridão
O amor uô uô ô
Deixa que o fogo semeie na escuridão
O amor uô uô ô
Somente se fores vivo veras as cores desses baloes
que finjem se de estrelas bailando livres com seus claroes
e se descer estende a mao quem sabe o fogo te iluma a escuridao nao vai doer nao diga nao o fogo eh derreter o gelo do coraçao
Deixa que o fogo semeie na escuridão
O amor uô uô ô
Deixa que o fogo semeie na escuridão
O amor uô uô ô",pt
/chiclete-com-banana/,Sétimo Céu,/chiclete-com-banana/setimo-ceu.html,"Sétimo Céu
Chiclete Com Banana



Eu e você
No mundo da lua-de-mel
Você e eu
Voando no sétimo céu, ô ô ô ô
Dê no que dê
A gente não quer mais parar
Aconteceu, eu quero denovo
Quero você, ainda que faça chorar
Quero você, sorrindo querendo ficar, ô ô ô
Dá pra sentir o teu coração bater no meu
Dá pra saber aonde esse amor vai desaguar

Pois quem tem amor
Pode rir ou chorar
Pois quem tem amor
Pode rir ou chorar
Quem tem amor
Pode rir ou chorar
Pois quem tem amor
Pode rir ou chorar",pt
/chiclete-com-banana/,Sim Ou Não,/chiclete-com-banana/sim-ou-nao.html,"Escureceu na boca da mata
Faltou comida na boca do povo
É Carnaval na boca da vida

E quem pode não se move
A terra faz tremer
Poeta eu pergunto o que fazer

Pego o bonde dou traseira
Pra descer na contramão
Que solução
É jogo de cintura
Sim ou não

Viro Mandrake na boca da vida
Pouca emoção na boca do povo

Pego o bonde dou traseira
Pra descer na contramão
Que solução
É jogo de cintura
Sim ou não

Sim ou não
Sim ou não
Ser ou não ser
Eis a questão
Ser um poeta louco
Algo assim Zás-Trás
Na lucidez
Do seu olhar fugaz",pt
/chiclete-com-banana/,Só Mais Uma Vez,/chiclete-com-banana/so-mais-uma-vez.html,"Vou te encontrar
Depois da chuva
E procurar
Um novo jeito de fazer carinho

Deixa teu corpo e o meu
Se entender como as flores e o sol
Depois que o vento levar
Todas as promessas e juras também

Quero que seja a mulher dos meus sonhos
Quero conhecer seus defeitos e ir muito além

Vou me transformar no melhor que sou }
Quero te contar meus segredos amor }2x
Somente para estar com você mais uma vez }

O amor é sensivel
Quero estar no seu olhar
De felicidade
Quando eu te encontrar

O amor é sensivel
um dia poder dizer
Que nada foi em vão
Que tudo aconteceu
Entre nós",pt
/chiclete-com-banana/,Só Pra Viver,/chiclete-com-banana/so-pra-viver.html,"Nadaria num mar de gelo
Rasparia o meu cabelo
Faria loucuras por essa paixão
Moraria num deserto do sahara

Tocaria o sol por você jóia rara
Pra te ter enfrentaria furacão
Plantaria flores no mar
Na terra via o luar

Faria um planeta de amor e paixão por você
Andaria até o japão
Pisando em lava de vulcão
Faria um castelo de ouro pra te oferecer

Refrão: Só pra viver, Só pra viver, Só pra viver um sonho com você...


By: Jhonatha Rodrigo C. de Moura",pt
/chiclete-com-banana/,Só Vai Dar Você e Eu,/chiclete-com-banana/so-vai-dar-eu-e-voce.html,"O meu amor, que vai nascer
Na liberdade do meu viver
O meu amor chegou do mar
Trazendo as águas de Iemanjá

Me leva no balanço dessa vida
Que aqui vou eu
No barco, na prancha ou na vela
Bailando nas ondas do mar

Me leva no balanço dessa vida
Que aqui vou eu
Amando e cuidando da terra
Regando o amor a cantar

Só vai dar você e eu
Só vai dar você e eu

Só vai dar você e eu... e eu... e eu...
Só vai dar você e eu... e eu... e eu...",pt
/chiclete-com-banana/,Só Você É Meu Amor,/chiclete-com-banana/so-voce-e-meu-amor.html,"Aprendi a te amar eu não posso negar, menina
o seu modo de ser, o seu jeito de olhar, me ensina
O segredo do amor, o perfume da flor, me diga
onde posso encontrar o brilho do luar, me avisa

Quem dera eu ser ator
fazer parte dessa cena, de amor
numa tela de cinema, pro mundo ver
só você,só você, só você é meu amor

Me perco nos teus lábios de mel
e beijo a força da paixão
é fogo com pétalas de flor
provei do teu beijo
dei um saculejo no meu coração",pt
/chiclete-com-banana/,Solidão,/chiclete-com-banana/solidao.html,"Será
Que eu não fiz do teu jeito
Hoje sinto no peito
Eu não soube te amar

Por que
Hoje eu vivo sozinho
Sem você no meu ninho
Só me resta chorar,

De paixão
Você foi pura ilusão
Te procurei pra te dar um beijo, desejo
Você nem ligou

Solidão
Tô preso na sua mão
Andam falando por aí, tão dizendo
Que tudo acabou.

Acabou
Não mereço castigo
Faz as pazes comigo
Não me faça chorar

Acabou
Eu pisei na bola
Eu joguei carta fora
Hoje eu quero te amar

by : Malcom",pt
/chiclete-com-banana/,Solteiro Em Salvador,/chiclete-com-banana/solteiro-em-salvador.html,"Arrumei as malas, parti
Me deixe levar
Dei um até logo a meu bem
Que ficou por lá
Cheguei, avistei esse céu
Lindo, cor de anil
É bacana, é porreta, é legal
É coisa do brasil
(2x)
Agora eu quero sair todo dia
Vou deixar a alegria
Dizer sim ao meu viver
Dançar, tentar, beijar a noite inteira
Nessa cidade festeira
Tudo pode acontecer

Ai ai ai ai ai
Tô solteiro em salvador
Cadê o meu amor?
Ai ai ai ai ai
Eu tô solteiro em salvador
(2x)",pt
/chiclete-com-banana/,Sonifera Ilha,/chiclete-com-banana/sonifera-ilha.html,"Não posso mais viver assim ao seu ladinho
Por isso colo meu ouvido no radinho de pilha
Pra te sintonizar sozinha, numa ilha

Sonífera ilha
Descansa meus olhos
Sossega minha boca
Me enche de luz

Sonífera ilha
Descansa meus olhos
Sossega minha boca
Me enche de luz

Não posso mais viver assim ao seu ladinho
Por isso colo meu ouvido no radinho de pilha
Pra te sintonizar sozinha, numa ilha

Sonífera ilha
Descansa meus olhos
Sossega minha boca
Me enche de luz

Sonífera ilha
Descansa meus olhos
Sossega minha boca
Me enche de luz

Sonífera ilha
Descansa meus olhos
Sossega minha boca
Me enche de luz

Sonífera ilha
Descansa meus olhos

By Oluck",pt
/chiclete-com-banana/,Sorria,/chiclete-com-banana/sorria.html,"Ai... Lailô
Sorria, ai... lailô
Pra vida, ai... lailô
É como um sonho pra você (BIS)

Ser ou não ser
Mas o homem será
Paixão, fogo, vida tentando voar
Dia e noite o homem é fé
Tire a corrente e veja qual é

Vida que queima
O medo eterno e o desejo de amor
Mas tente lembrar
Vida é viver não chorar

Veja o que chorei... que chorei
Vale o que sonhei... que sonhei
Quero o que plantei... que plantei (BIS)",pt
/chiclete-com-banana/,Suínga Índia,/chiclete-com-banana/suinga-india.html,"Intro: (B C#m F# B F#7)

B C#m
Suinga índia, suinga índia
F# B
Suinga índia que eu também vou suingar
F#7
...(suinga índia)
B C#m
Suinga índia, suinga índia
F# B
Suinga índia que eu também vou suingar
F#7
Oh, ""Líndia""
Bm Em
Linda, tua canga de Bali
F# Bm
Vale mais que a luz dessa manhã
F#
Oh, linda
Bm Em
Linda, doce manga da costa
F# Bm F#7
Gosta mais de mim que eu sou teu fã
B
Se deixe levar como um rio
C#m
E vem fazer chuá, chuá
F#
E vem fazer chuá, chuá
B F#7
Comigo
B
Se deixe levar que eu te guio
C#m
E vou fazer chuá, chuá
F#
E vou fazer chuá, chuá
B
Contigo
F#7
...(suinga índia)
(repete refrão)
",pt
/chiclete-com-banana/,Swing Merengue,/chiclete-com-banana/swing-merengue.html,"Quero dançar merengue pra ver
Essa coisa que paira
Nesse gozo infinito bailar
Todo meu corpo usar (Bis)
É um pecado, é bom
Com um cheiro de rosa, é flor
Levanta morena, rebola
Remexe e sacode a poeira (Bis)
É a magia ardente
Uma coisa faceira
É como o grito final
Num momento de amor
Quero seu corpo colado
Mexendo e dançando
Nessa coisa que bole com a gente
E nos faz vibrar
Ouço seu grito calado
Com jeito cantando
No merengue que mexe com a gente
Nesse cha... cha... cha...",pt
/chiclete-com-banana/,Tá Lisinho,/chiclete-com-banana/ta-lisinho.html,"Eu ganhei o meu dia
Quando te encontrei
Aqui no meio da folia

Meus olhos em seus olhos
Paixão de carnaval
Já joguei meu charme tão sedutor
Já te fiz rainha em Salvador

E pra virar seu rei
Ganhar seu coração
Espera que já tenho a solução

Já passei gilette meu rosto ta lisinho
Agora tô de boa pra ganhar beijinho
Tá lisinho ta lisinho
Pra ganhar beijinho",pt
/chiclete-com-banana/,Tá Procurando Sarna,/chiclete-com-banana/ta-procurando-sarna.html,"Tá procurando sarna pra se coçar

Me leva nesse embalo, lá, laê, lá, lá, ilá

Ôlê, lê, lê, lê, ô lá, lá, lá,lá

Lá, lá, ê, lá, lá, ilá

E a maré de Março

Ainda vou me lembrar de você

Pra ver qual é, disfarço

Mas tô parado na sua como quê

Tá procurando sarna pra se coçar

Me leva nesse embalo, lá, laê, lá, lá, ilá

É luz de primavera

É fogo de verão

Você e eu quem dera

Amor é a solução
",pt
/chiclete-com-banana/,Te Amo Tiete,/chiclete-com-banana/te-amo-tiete.html,"Toda vez que eu olho pra você, ê ê..
Você me deixa louco
Um beijo é muito pouco
Eu sonho te desejo
Eu quero te abraçar

Virou, mexeu
Correu, chegou
Num bronze legal
Vestida na moda
Saiu pro show
Com jeito moderno
Ela faz biquinho
E com muito carinho
Começa a dançar

Me beija, me beija, me beija na boca
Me deixa louco com teu prazer
Me beija, me beija, me beija na boca
Me deixa louco, amo você

Toda vez que eu olho pra você, ê ê..
Você me deixa louco
Um beijo é muito pouco
Eu sonho te desejo
Eu quero te abraçar

Pintou, olhei
Então gritei (uau)
É uma beleza!
De cima do palco
Me apaixonei
Tiete tão linda
O tempo é curto
E não posso ficar
Começo a sonhar

Me beija, me beija, me beija na boca
Me deixa louco com teu prazer
Me beija, me beija, me beija na boca
Me deixa louco, amo você",pt
/chiclete-com-banana/,Te Quero Todo Dia,/chiclete-com-banana/te-quero-todo-dia.html,"Eu te quero todo dia, toda hora
E você sabe disso, amor
Não me deixe só
Não me deixe só
Quando a lua sair
Já quero estar nos seus braços
Me abraçar no teu abraço
Me espalhar e te envolver
Quando anoitecer
Teu sorriso me acalma
O teu beijo nos conduz
O amor é o caminho
Tô a fim de te abraçar
Tô a fim de te beijar
Tô a fim de ter de você esse amor

Diz pra mim
Em
Vem cá... esse jeito é um jeito lindo
De amar",pt
/chiclete-com-banana/,Tem Que Ter Chiclete,/chiclete-com-banana/tem-que-ter-chiclete.html,"Pererê Pererê Parabadá
Pererê Pererê Paramauêra
Pererê Pererê Paramauêbadá
Samba Sem Pandeiro
Selva Sem Leão
Novela Sem Beijo
Vatapá Sem Camarão
Rio De Janeiro Sem Copacabana
Se É Festa Tem Que Ter
Chiclete Com Banana
Chiclete Com Banana
Dancei De Graça
Comi Feijão Sem Farinha
Pra Fazer Love
Tem Que Ter A Camisinha
Canjica Sem Milho
Sem Você Camaleão
Banana Sem Chiclete
Não Tem Gosto Não
Lá Em São Paulo
A Noite Tem Que Ter Garoa
E Pro Gaúcho
Chimarrão Vai Numa Boa
Se São João A Gente Tem Que Ouvir Sanfona
Se É Festa Tem Que Ter
Chiclete Com Banana

Tem Que Ter Tem Que Ter 4x
Chiclete Com Banana",
/chiclete-com-banana/,Terra de Oxalá,/chiclete-com-banana/terra-de-oxala.html,"Ilê... Ilê... Ilê
Axé Babá... (BIS)
Na terra santa
De Oxalá

Vem do espaço a magia
Que mora na terra
No ar da cidade
Na beleza da arte
Que anda na liberdade

Vem do espaço a magia
Que mora e rebola
No meu coração
E essa intimidade
Bahiana maluca, da sola com o chão

Ilê... Ilê...
Axé Babá...",pt
/chiclete-com-banana/,Tiete do Chiclete,/chiclete-com-banana/tiete-do-chiclete.html,"Maluquete, de quem você é tiéte?
Eu sou, sou tiéte do Chiclete
Maluquete, de quem você é tiéte?
Eu sou, sou tiéte do Chiclete

Eu sou a neta da Chiquita Bacana
A fim de loucuras mil
Pernanbucana, carioca, mineira, baiana
Mechendo atrás do trio

Maluquete, de quem você é tiéte?
Eu sou, sou tiéte do Chiclete
Maluquete, de quem você é tiéte?
Eu sou, sou tiéte do Chiclete

Sou natural de Feira de Santana
Sou lá do Rio uma gatinha no cio
Sou paulistana uma nuvem cigana
De Jequié? Qual é, qual é, qual é?

Sou natural lá de Maragogipe
Sou alto-astral lá em Itajuípe
Sou luxo só lá em Maceió
De Jequié? Qual é, qual é, qual é?


by: Micareteiro®",pt
/chiclete-com-banana/,Tire O Cavalinho da Chuva,/chiclete-com-banana/tire-o-cavalinho-da-chuva.html,"Só tá dando você dentro da minha cabeça

Aquele beijo bom de beijar
Carinha de quem quer um colo
Sossega no teu jeito de me olhar
Tô precisando tanto te encontrar

Se acha que eu desisti de te ver
Tire o cavalinho da chuva
A vida muito longe de você
É um Deus nos acuda

Não diga que não vai voltar
Não diga que não vai voltar
Sem você eu não vivo
O coração não aguenta

Tibitibiê tibibiê ôô
paparaparapa....

Se vai chover então deixa molhar
Chuva de verão não esfria coração",pt
/chiclete-com-banana/,Tô Fazendo Falta,/chiclete-com-banana/to-fazendu-falta.html,"Ontem te encontrei
Você estava tão bonita
Demais...

Parecia até que nada aconteceu
Jeito de que está feliz
De quem está de bem com a vida
Demais

E ainda faz de conta que não está nem ai pra mim
Mas você não me engana sei que você ainda tá afim
Me diz pra que fazer assim

Você pode ter um tempo pra pensar
E uma eternidade pra se arrepender
Tá na cara dá pra ver no teu olhar
Tô fazendo muita falta pra você
É loucura não ouvir o coração

Desse jeito a gente pede pra sofrer
Eu não quero te ver na solidão
Tô fazendo muita falta pra você.

Tô fazendo falta..... Tô fazendo falta.....
Tô fazendo falta, falta pra você.... (BIS)

Ontem te encontrei
Você estava tão bonita
Demais...

Parecia até que nada aconteceu
Jeito de que está feliz
De quem está de bem com a vida
Sei la

Mas alguma coisa não me convenceu
E ainda faz de conta que não está nem ai pra mim
Mas você não me engana sei que você ainda tá afim
Me diz pra que sofrer assim

Você pode ter um tempo pra pensar
E uma eternidade pra se arrepender
Tá na cara dá pra ver no teu olhar
Tô fazendo muita falta pra você
É loucura não ouvir o coração

Desse jeito a gente pede pra sofrer
Eu não quero te ver na solidão
Tô fazendo muita falta pra você.

Tô fazendo falta..... Tô fazendo falta.....
Tô fazendo falta, falta pra você.... (BIS)",pt
/chiclete-com-banana/,Tô Na Multidão,/chiclete-com-banana/to-na-multidao.html,"Vem,
Tô na multidão
E o meu coração só tem olhos pra te ver
Vem,
Eu tô tão sozinho
Tô tão facinho, facinho pra você
Vem,
Eu tô te olhando
Você me olhando, não dá pra explicar
Ôooo
Não tem jeito, o amor está no ar

É, se seus olhos são meu combustível
Vem que eu quero te ver
Se seus braços são o meu presídio
Amor vem correndo me prender
Ôooo
Como eu te quero

Você é minha cura
Me faz essa loucura
Um beijo sem um final
Me diga que eu sou seu amor
E faça o meu carnaval

Onde você for eu vou
Tô do seu lado
Tudo me lembra você
Tô apaixonado

[By Gustavo Birro]",pt
/chiclete-com-banana/,Traz Os Montes,/chiclete-com-banana/traz-os-montes.html,"Por ser dez anos se canta
Por se cantar, alegria
Somos dez anos de força
No carnaval da Bahia

Traz os montes
De gente colorindo as ruas
Do punguista ao pingente
A cidade é sua

Em nosso carnaval
Serpente - Serpentina
Bicho - Portugal",pt
/chiclete-com-banana/,Tributo A Ghandhy,/chiclete-com-banana/tributo-a-ghandhy.html,"Ilê... Ilê... Ilê
Axé Babá... (BIS)
Na terra santa
De Oxalá

Vem do espaço a magia
Que mora na terra
No ar da cidade
Na beleza da arte
Que anda na liberdade

Vem do espaço a magia
Que mora e rebola
No meu coração
E essa intimidade
Bahiana maluca, da sola com o chão

Ilê... Ilê...
Axé Babá...",pt
/chiclete-com-banana/,Trópico Banana,/chiclete-com-banana/tropico-banana.html,"Na mistura da cor
Tabuleiro de damas
No gingado da nagô
Trópico Banana

Iê, iê agita Brasil
Mistura de cor
A crença na figa
No deus do amor

Olhe o samba daqui
Veja o frevo dobrado
Do Oiapoque ao Chuí
Um swing levado

Cheguei
Bota lenha no fogo
E não deixa apagar
Segure essa onda
Se cair vai quebrar

Ô Nairê olaraiô
Ô Nairê olaraiô

Tem feitiço Ipanema
No sol que nos queima
Sacode êh Bumba-meu-boi

Ô Nairê olaraiô
Ô Nairê olaraiô

Tem o dengo da fêmea Morena, tempero de cor
Fluindo esse amor",pt
/chiclete-com-banana/,Tudo No Crediário,/chiclete-com-banana/tudo-no-crediario.html,"Tudo que você cobiça
Eu compro
Tudo no crediário, morena
Você suplica
Eu caio, eu caio, eu caio

Tudo que você deseja
Eu faço
Doido pra me render, morena
Você se assanha
Eu danço, eu danço, eu danço

Sempre que você me envolve
Tudo que você resolve ter
Morena você rasteja
Eu rastejo com você
Morena você me beija
Me derreto por você
Ê... ê... ê... ô...

Tudo que você rebenta
Eu pago prá você
Sempre que você agita
Eu paro prá te ver
Morena que requebra
Eu piro com você
Te amar é aventura, loucura a prazer

Morena você suplica
Morena você se assanha
Morena você rasteja
Morena você requebra",pt
/chiclete-com-banana/,Uma Noiite Especial,/chiclete-com-banana/uma-noiite-especial.html,"Fico Contente quando você diz pra mim
Que vai fazer comigo tudo que quiser
E já começo a preparar-me
Para uma noite especial, meu amor
Ficar juntinhos que legal!

Se queres mesmo
se entregar ao meu amor
Então porque não vem de uma vez
me libertar
Dessa paixão que queima
dentro do meu peito
Tô precisando de você pra me encontrar

Estou tentando te dizer
Fique comigo
Pois não há nenhum perigo
Pra você se preocupar
Porque o homem quando está apaixonado
Deixa o orgulho de lado
Quer viver só para amar",pt
/chiclete-com-banana/,Uma Noite Especial,/chiclete-com-banana/uma-noite-especial.html,"Fico Contente quando você diz pra mim
Que vai fazer comigo tudo que quiser
E já começo a preparar-me
Para uma noite especial, meu amor
Ficar juntinhos que legal!

Se queres mesmo
se entregar ao meu amor
Então porque não vem de uma vez
me libertar
Dessa paixão que queima
dentro do meu peito
Tô precisando de você pra me encontrar

Estou tentando te dizer
Fique comigo
Pois não há nenhum perigo
Pra você se preocupar
Porque o homem quando está apaixonado
Deixa o orgulho de lado
Quer viver só para amar",pt
/chiclete-com-banana/,Vai Chorar Ou Vai Sorrir,/chiclete-com-banana/vai-chorar-ou-vai-sorrir.html,"Só existe uma coisa melhor do que a felicidade
É estar com você todo tempo no meu pensamento
Toda sua alegria no meio da nossa verdade
E guardar um segredo de amor, meu maior sentimento

Volta, vou repetir outra vez
Meu bem, o nosso amor se refez
Um cansaço, um desejo e um prazer começando de novo

Vai chorar ou vai sorrir
Chove flores de jasmim
Me embriaga de prazer
Nesse teu jeito
Tudo está no coração
Estou louco pra te ver
Sei que esse amor é distante mas quero você",pt
/chiclete-com-banana/,Vai La Mané,/chiclete-com-banana/vai-la-mane.html,"ê ê ê ê êoh
ê ê ê ê êoh
ê ê ê ê êoh

Pensava na moça de noite e de dia
Não sabia o que fazer
E quando na praia a gata ele via
Não parava de tremer
Bebeu o que pode, o que tinha direito
Pra acabar com a timidez
Mas nem a caxaça danada deu jeito
Mané tá pirando de uma vez

Todo mundo fala: vai lá, vai lá mané(3x)
E agarra ela, estica pra ti e pega no pé
Todo mundo fala: vai lá, vai lá mané
E agarra ela, etica pra ti e pega no pé eh eh eh

eh papirô peô paparauê peô paparauê piô paparuê peô

Mané perguntou pro seu pai de santo
Como agarrar essa mulher
Não existe feitiço com força pra tanto
Só cara, coragem e fé

Todo mundo fala: vai lá, vai lá mané(3x)
E agarra ela, estica pra ti e pega no pé
Todo mundo fala: vai lá, vai lá mané
E agarra ela, etica pra ti e pega no pé eh eh eh

ê ê ê êoh

Ai amor, aonde está você?
Ai amor vem me dizer
Ai amor, aonde está você?
Ai amor vem me dizer
Ai amor, aonde está você?
Ai amor vem me dizer

ê ê ê ê êoh
ê ê ê ê êoh




by: najinha chicleteira_AL",pt
/chiclete-com-banana/,Valeu,/chiclete-com-banana/valeu.html,"Um beijo em você eu quero dar
Saudade presa no meu coração
Eu ando louco alucinado
Muito doido e apaixonado por você
É pena que esse amor
Não possa mais voltar
É pena que esse amor
Não vá poder se eternizar

Então diga que valeu
O nosso amor valeu demais
Que lindo, ficou pra trás
Então diga que valeu
O nosso amor valeu demais
Que pena, ficou pra trás

Faz tanto tempo que eu te conheco
Mas você mudou comigo
Faz tanto tempo que eu te conheco
Mas você mudou comigo
Minha flor bonita, minha linda flor
Minha flor bonita, minha linda flor

Então diga que valeu
O nosso amor valeu demais
Foi lindo, ficou pra trás
Então diga que valeu
O nosso amor valeu demais
Que pena, ficou pra trás

Um beijo em você eu quero dar
Saudade presa no meu coração
Eu ando louco alucinado
Muito doido e apaixonado por você
É pena que esse amor
Não possa mais voltar
É pena que esse amor
Não vá poder se eternizar

Então diga que valeu
O nosso amor valeu demais
Que lindo, ficou pra trás
Então diga que valeu
O nosso amor valeu demais
Que pena, ficou pra trás",pt
/chiclete-com-banana/,Vamos Dar a Volta No Brasil,/chiclete-com-banana/vamos-dar-a-volta-no-brasil.html,"
B G#m B G#m
Vamos dar a volta no Brasil,
B G#m B G#m
Vamos descer subir ladeira do funil
B G#m B Refrão*
Vamos embora, venha pra cá
G#m B G#m B G#m
Minha terra tem palmeira onde canta o sabiá
C#m G#m
Encontro você lá na Bahia
C#m G#m
Vamos subir descer ladeira todo dia Parte1
F#
E berimbau venha cá, toca pra ela dançar
São Bento grande me chamou
Vamos embora...(Refrão)
C#m G#m
Ajeita o laço do cabelo da menina
C#m G#m
Tem roda de samba vem pra cá me ensina
F# G#m
Tem maculelê, tem zoeira pra valer
C#m G#m
Voar de asa delta só pra te encontrar Parte2
C#m G#m
E em Porto Seguro vamos ancorar
F#
Agora menina você me alucina
O mundo vai rodar pra você
Vamos embora...(Refrão)
Repete Parte1 emendando c/ a Parte 2
Vamos embora... (Refrão)
",pt
/chiclete-com-banana/,Vem,/chiclete-com-banana/vem.html,"Ê, ê, ê, ê, ô
Ê, ê, ê... ê, ô, ê, ô
Vem

O amor é um vício que a vida tem
Onde nasce se rompe no choro de alguém
Sem eco no fundo desse amor

Olha o que eu sou pra você, oh, meu bem
Só me dê alegria pra eu viver
Meu amor, meu amor, não me deixe sozinho

refrão
Pois a vida é uma só
Nossa vida é uma só
Lá, lá, lá, lá, lá, lá, ê, ô, ô, ô
Lá, lá, lá, lá, lá, ê, ô, ê, ô

Vem
Esquece meus erros perdoa e vem
Deixe de pirraça, me abraça e vem
Tudo se faz pelos braços de alguém",pt
/chiclete-com-banana/,Vem Naná,/chiclete-com-banana/vem-nana.html,"Vem nana... vem nana... ê
Vem nana... vem nana... ê
Adoro esse teu jeito de me
Falar de amor
E quando estou contigo me
Sinto no céu
No meu jardim florido e lindo
Você foi quem brotou sorrindo

Me beija, flor
Me beija, flor
Meu beija-flor
Por isso
Toda vez que você me olha
Me dá, me dá, me dá
Me dá mais desejo
Toda vez que você me olha
Me dá, me dá, me dá
Me dá mais um beijo",pt
/chiclete-com-banana/,Vem Pra Cá Meu Bem,/chiclete-com-banana/vem-pra-ca-meu-bem.html,"Quero seu abraco e beijo
Quero seu calor
Todo esse desejo
Quero esse amor

Vem, vem pra cá meu bem x5

Tô falando em ti mas eu tenho saudade
Desse amor que sufoca o coração
Teu perfume acaricia o meu rosto
Teu cabelo arranha o meu céu
Adoro esse amor de carnaval
Tem a forma tão linda de um cristal

Não quebre esse segredo agora
Não deixe a Lua se esconder
Não sei se deixo esse amor falar
o que é que eu sinto por você x2",pt
/chiclete-com-banana/,Viagem Alucinante,/chiclete-com-banana/viagem-alucinante.html,"Numa viagem da Bahia a Fortaleza
Vou curtir sua beleza, mas sei que vou voltar
E dou um pulo na cidade de Recife
Quem quiser que acredite nesse som que vai rolar

Paraná, Curitiba, Teresina
No olhar de uma menina
Que viaja sem parar
Que é minha estrela
É meu guia é meu som
Quando eu canto em qualquer tom
Faço seu corpo balançar

Dançar um Heavy-Reggae até que é legal
Curtir um som metal em pleno carnaval
Transas transcendentais podem lhe acontecer
E a parte que lhe falta você vai dizer

Pois tudo pode não lhe parecer real
O mundo em 3 por 4 é tão fenomenal
Viaje nesse som que eu vou lhe mostrar
Que ao som dessa guitarra Johny vai pirar",pt
/chiclete-com-banana/,Vou Deitar E Rolar,/chiclete-com-banana/vou-deitar-e-rolar.html,"Nada acabou, tudo vai começar
Se tudo é festa, eu não quero sair
Vou deitar
Vou deitar e rolar

Eu sei que vou e você como vai
Se é contramão vou calando conversa
Vou deitar
Vou deitar e rolar

Pra que chorar?
Vou gargalhar
Eu quero ouvir
êêê ah...
Vamos ver no que dá

Abra a janela, pra ver o verão,
Não deixe o inverno,
Vestir seu corpo e o seu coração

hey hey hey oaaa..
hey hey hey oaaa..

dig dig dig dig di eo..
dig dig dig dig di eo ouoo..

Nada mudou, tudo está como está
Não pulo na grama pois eu posso cair
Vou deitar
Vou deitar e rolar

Eu tô que tô, e você tá demais
Não penso na vida prá não me acostumar
Vou deitar
Vou deitar e rolar

Pra que chorar?
Vou gargalhar
Eu quero ouvir
êêê ah...
Vamos ver no que dá

Abra a janela, pra ver o verão,
Não deixe o inverno,
Vestir seu corpo e o seu coração

hey hey hey oaaa..
hey hey hey oaaa..

dig dig dig dig di eo..
dig dig dig dig di eo ouoo..",pt
/chiclete-com-banana/,Vou Voar,/chiclete-com-banana/vou-voar.html,"Eu preciso encontrar um amor
Que me deixe arrasado na cama
Um amor que desperte desejo
Um amor que me cale com um beijo
Um amor que mova montanhas

um amor que não tenha capricho
Um amor que me jogue no lixo
Um amor que esmague meu peito
Pode ser um amor infiel
Ou então que me leve pro céu
Um amor que me pegue de jeito

Eu vou voar, atrás desse amor
Vou encontrar, seja onde for
Eu quero esse amor (3x)

Um amor que bagunce minha vida
Que sufoque e não deixe saida
Ou então que acalme o meu coração
Não me importa
Eu quero encontrar um amor
É melhor do que a solidão",pt
/chiclete-com-banana/,Ylê Aiyê,/chiclete-com-banana/yle-aiye.html,"O sol brilhou
No Ylê Aiyê
E um lamento ao vento
Fez cantar
Toda essa nação malê
Vem pro terreiro festejar

Pois a força
De um povo e seu canto
(Ylê Aiyê)
pois o brilho de um povo
é poder dançar (ijêxá)

palmas ecoam num brilho
de rara beleza (Ylê Aiyê)
no movimento do corpo
profunda riqueza (Ylê Aiyê)

nos braços da mãe Oxum
na benção de Oxalá
poder cantar.

By Mauricio Jr.",pt
/chiclete-com-banana/,Ylê Farol,/chiclete-com-banana/yle-farol.html,"Orumilá aloja forte
O vulgo My God
Brother, brother, brother

Para arribar badala, som
Timbrado no batuque, Pop, Pop
Vai o rei na rua cuar
Tan-tan que dengoso
Tan-tan que dengoso

A moça da cura cora
Ele é o farol
Pra minha alma de berços
E lábios carnudos
Tan-tan que dengoso
Tan - tan que dengoso

Ylê farol
Na linha áurea de gueto
Soweto do Curuzu
Um tem um, outro outro
Outro um temos todos
Tan-tan que dengoso
Tan-tan que dengoso
1 2 3 Ylê

Aye Aleluya nossa
Tan-tan que dengoso
Tan-tan que dengoso

Me amarrei na sua corda
Ele é o Farol",
/chiclete-com-banana/,Zorra,/chiclete-com-banana/zorra.html,"Vou lhe mostrar
Pra ver como é que é
No meu Brasil
Não tem nada igual
Vem da Bahia, menina
No Guetho Square Candyall
Onde o cacique é o rei do carnaval...

Zorra Zorra
Dig, dig, dig, dig, dig, di
Zorra, zorra, zorra
Dig, dig, dig, dig, dig, dig
lá lá lá zorra
dig,dig dig dig
zorra zorra zorra
Dig, dig, dig, dig, dig, dig

É pra lá que eu vou
Só o amor dirá
O vento soprou
A favor do mar
É pra lá que eu vou
E eu vou te levar
Balançando o corpo inteiro",pt
/chiclete-com-banana/,Zum Zum Zum Pra Quê?,/chiclete-com-banana/zum-zum-zum-pra-que.html,"Se eu amar, você amar
Não vai faltar amor
Se eu amar, você amar
A gente faz o show

Tô piano copiando
Os teus passos, cigano
Tô no mimo agitando
Do teu lado vibrando

Pra quê zum zum zum
Pra quê zum zum zum
Zum zum zum pra quê
Zum zum zum pra quê
Zum zum zum pra quê zum zum

Não censure a minha farra
Deixe o desejo roubar
Quem pesca com linha e vara
Não precisa de alvará

Lalá meu camarada
Evoé a batucada
Cantando a luz ê
Cantando a luz ê
Cantando a luz ê
Cantando a luz

Já nasceu, vai nascer
Vai nascer, já nasceu
Zum zum zum pra quê
Zum zum zum pra quê
Zum zum zum pra quê zum zum",pt
/banda-eva/,Eva,/banda-eva/eva.html,"Meu amor, olha só hoje o sol não apareceu
É o fim da aventura humana na Terra
Meu planeta adeus,
Fugiremos nós dois na arca de Noé
Olha bem meu amor é o final da odisseia terrestre

Sou Adão e você será...
Minha pequena Eva (Eva)
O nosso amor na última astronave (Eva)
Além do infinito eu vou voar
Sozinho com você
E voando bem alto (Eva)
Me abraça pelo espaço de um instante (Eva)
Me cobre com teu corpo e me dá
a força pra viver...

Meu amor, olha só hoje o sol não apareceu
É o fim da aventura humana na Terra
Meu planeta adeus,
Fugiremos nós dois na arca de Noé
Olha bem meu amor no final da odisséia terrestre

Eu sou Adão e você será...
Minha pequena Eva (Eva)
O nosso amor na última astronave (Eva)
Além do infinito eu vou voar
Sozinho com você
E voando bem alto (Eva)
Me abraça pelo espaço de um instante(Eva)
Me cobre com teu corpo e me dá
a força pra viver...

E pelo espaço de um instante
Afinal não há nada mais que o céu azul pra gente voar
Sobre o Rio, Beirute ou Madagascar
Toda a Terra reduzida a nada,a nada mais
Minha vida é um flash
de controles, botões anti-atômicos

Olha bem meu amor,
é o final da odisséia terrestre
Sou Adão e você será
Minha pequena Eva (Eva)
O nosso amor na última astronave (Eva)
além do infinito eu vou voar
sozinho com você
E voando bem alto (Eva)
Me abraça pelo espaço de um instante (Eva)
me cobre com teu corpo e me dá
a força pra viver

Minha pequena Eva (Eva)
O nosso amor na ultima astronave (Eva)
alem do infinito eu vou voar
sozinho com você...",pt
/banda-eva/,Anjo,/banda-eva/anjo.html,"Anjo

Acredita em anjo?
Pois é, sou o seu
Soube que anda triste
Que sente falta de alguém
Que não quer amar ninguém
Por isso estou aqui
Vim cuidar de você
Te proteger, te fazer sorrir
Te entender, te ouvir
E quando tiver cansada
Cantar pra você dormir
Te colocar sobre as minhas asas
Te apresentar as estrelas do meu céu
Passar em Saturno e roubar o seu mais lindo anel
Vou secar qualquer lágrima
Que ousar cair
Vou desviar todo mal do seu pensamento
Vou estar contigo a todo momento
Sem que você me veja
Vou fazer tudo que você deseja
Mas, de repente você me beija
O coração dispara
E a consciência sente dor
E eu descubro que além de anjo
Eu posso ser seu amor.",pt
/banda-eva/,Só Eu E Você,/banda-eva/so-eu-e-voce.html,"Aconteceu
Em meio àquele mar de gente eu vi
Aconteceu
Nossos olhares se cruzaram eu vi
Aconteceu
Meu coração logo bateu mais forte por você

Você me deu
Aquele beijo que parou o mundo e se perdeu
Cada segundo se tornou maior e eu tão só
Até meu bloco na avenida se entristeceu

Você e eu
Logo senti que havia algo mais
Você e eu
Um beijo e um grande amor se faz
Você e eu
Meu sentimento vai além de qualquer carnaval

Um beijo seu
Foi o suficiente pra o meu corpo se render
E o seu sorriso de depois me fez compreender
Difícil te esquecer
Meu carnaval jamais será o mesmo sem você
É infinito o querer

Quando o meu Eva passar
E a avenida te receber
Meu fevereiro vai ser tão lindo
Só eu e você

Valeu a pena esperar
O ano inteiro só pra te ter
Nosso encontro foi tão bonito
Só eu e você",pt
/banda-eva/,We Are Carnaval,/banda-eva/we-are-carnaval-2.html,"Ah, que bom você chegou
Bem-vindo a Salvador
Coração do Brasil
Vem, você vai conhecer
A cidade de luz e prazer
Correndo atrás do trio
Vai compreender que o baiano é
Um povo a mais de mil
Ele tem Deus no seu coração
E o Diabo no quadril
We are Carnaval
We are, we are folia
We are, we are the world of Carnaval
We are Bahia",pt
/banda-eva/,Tão Sonhada,/banda-eva/tao-sonhada.html,"Arrumei a casa, preparei o coração
Esperando a sua chegada, tão sonhada
Vesti o melhor sorriso
Espalhei pelo chão, o perfume da rosa mais enfeitada
Pra te colorir e te cobrir de bem querer

Arrumei a casa, preparei o coração
Esperando sua chegada, tão sonhada
Vesti o melhor sorriso
Espalhei pelo chão, o perfume da rosa mais enfeitada
Pra te colorir e te cobrir de bem querer

Tá faltando você pra ficar perfeito
Aprendi a amar assim do seu jeito
E aceito ser seu e viver esse amor
E aceito ser seu e viver esse amor

Ôôôô... ôôô... ôôô
Ôôôô... ôôô... ôôô

Eu arrumei a casa, preparei o coração
Esperando a sua chegada, tão sonhada
Vesti o melhor sorriso
Espalhei pelo chão, o perfume da rosa mais enfeitada
Pra te colorir e te cobrir de bem querer

Tá faltando você pra ficar perfeito
Aprendi a amar assim do seu jeito
E aceito ser seu e viver esse amor
E aceito ser seu e viver esse amor

Tá faltando você pra ficar perfeito
Aprendi a amar assim do seu jeito
Táááááá faltando você pra ficar perfeito
Aprendi a amar assim do seu jeito

E aceito ser seu
Ôôô
E aceito ser seu
Ôôô
E aceito ser seu
Ôôô
E aceito ser seu e viver esse amor",pt
/banda-eva/,Beleza Rara,/banda-eva/beleza-rara.html,"Eu não posso deixar que o tempo te leve jamais para longe de mim
Pois o nosso romance minha vida é tão lindo

És quem manda e desmanda nesse coração que só
Bate em razão de te amar
Daria o mundo a você se preciso

Você tem o aroma das rosas, me envolve em teu
Cheiro e assim faz minar
A imensa vontade de estar ao seu lado

Nem o mar tem o brilho encantante como o dos teus olhos
Minha pedra rara
Eu não vou negar sem você meu mundo pára

Mil voltas e voltas que dei, querendo de uma vez encontrar
Alguém que levasse a sério amar
Mil voltas e voltas que dei, querendo de uma vez encontrar
alguém igual a você beleza rara

Hoje sou feliz e canto
Só por causa de você
Hoje sou feliz, feliz e canto
só porque amo,
amor você",pt
/banda-eva/,Amor de Carnaval (Não Vá Embora),/banda-eva/amor-de-carnaval-nao-va-embora.html,"Não vá embora você acabou de chegar
Está na hora de te encontrar pra ficarmos juntos
Eu e você
Quem me dera, ter um momento ao seu lado, é tudo
O nosso amor vai parar o mundo
No instante de nós dois nada vai separar

Amor de carnaval
Foi intenso, foi bonito nem parece que é real
Não posso mais viver 360 dias sem você

Quem me dera
Ter um momento ao seu lado é tudo
O nosso amor vai parar o mundo
No instante de nós dois nada vai separar

Amor de carnaval
Foi intenso, foi bonito nem parece que é real
Não posso mais viver 360 dias sem você

Quero respirar teu ar
Quero me entregar de vez
Esse é o nosso amor

Amor de carnaval
Foi intenso, foi bonito nem parece que é real
Não posso mais viver 360 dias sem você",pt
/banda-eva/,Brindar,/banda-eva/brindar.html,"Acordei feliz sem saber porque, porque
Sentimento bom, o dia vai ser colorido
Alguma coisa me diz que a nuvem cinza se escondeu
Vida linda minha, eu quero te aproveitar

A felicidade brinda, amor de verdade brinda
Saúde e amizade brinda, um brinde em forma de amor

Acordei feliz sem saber porque, porque
Sentimento bom, o dia vai ser colorido
Alguma coisa me diz que a nuvem cinza se escondeu
Vida linda minha, eu quero te aproveitar

A felicidade brinda, amor de verdade brinda
Saúde e amizade brinda, um brinde em forma de amor

Aproveite o hoje, o amanhã só amanhã
Chame os seus amigos, aproveite a vida
Seja feliz, faça alguém feliz
Vamos fazer um brinde em forma de amor
Vamo ae, vai!

Oh oh oh oh láia láia, láia láia oh oh oh oh

A felicidade brinda, amor de verdade brinda
Saúde e amizade brinda, um brinde em forma de amor
A felicidade brinda, amor de verdade brinda
Saúde e amizade brinda

A felicidade brinda, amor de verdade brinda
Saúde e amizade brinda, um brinde em forma de amor

Oh oh oh oh láia láia, láia láia oh oh oh oh",pt
/banda-eva/,Miragem,/banda-eva/miragem.html,"Intro:(Am7 Em7 F7+ Fm7) C F G


Verdadeira miragem do meu dia-a-dia

Naufraguei nesse mar

Me salvei no seu coração

Uma estrela me guia pra ter alegria

Na rota desse amor

Navego essa paixão

No vai-e-vem eu vou, felicidade amor

Vem me dar calor

Amanhecer a te amar

Beija-me como nunca fui beijada por ninguém

Toca-me como a peça preciosa de cristal
Ama-me com a força desse amor total

Diz que sou sua menina

Diz que sou seu carnaval

Junto a sua vida com o meu amor

Não tenho saída, sou sua, sou

Só quero estar contigo e ter você aqui

Junto a sua vida com o meu amor

Não tenho saída, sou sua, sou

Só quero estar contigo e ter você aqui

Ô ô ô ô ô

Ai ai ai ai ai",pt
/banda-eva/,Vem Meu Amor,/banda-eva/vem-meu-amor-letras.html,"Quando eu te vejo paro logo em seu olhar
O meu desejo é que eu possa te beijar
Sentir seu corpo
Me abrigar em seu calor
Hoje o que eu quero é ganhar o seu amor
E fico assim querendo o seu prazer
Eu não consigo um minuto sem te ver
Sua presença alegra meu coração
E é pra você que eu canto essa canção
Vem meu amor
Me tirar da solidão
Vem meu amor
Me tirar da solidão
Vem para o Olodum
Vem dançar no Pelô
Vem meu amor
Chega pra cá me dá a mão (BIS)

E fico assim querendo o seu prazer
Eu não consigo um minuto sem te ver
Sua presença alegra meu coração
E é pra você que eu canto essa canção
Vem meu amor
Me tirar da solidão
Vem meu amor
Me tirar da solidão
Vem para o Olodum
Vem dançar no Pelô
Vem meu amor
Chega pra cá me dá a mão (BIS)",pt
/banda-eva/,Me Abraça,/banda-eva/me-abraca.html,"Quando você passa eu sinto o seu cheiro
Aguça meu faro e disparo em sua caça Iaiá
O tempo inteiro a te admirar
Perco o tino paro de pensar
Seguindo os seus passos aonde quer que vá

Me abraça e me beija
Me chama de meu amor
Me abraça e deseja
Vem mostrar pra mim o seu calor (2x)

Eu vejo em seus braços
Um laço perfeito
Me dá essa chance meu bem
Me veste de beijos
Me dá essa chance meu bem
Me cobre de beijos


Me abraça e me beija
Me chama de meu amor
Me abraça e deseja
Vem mostrar pra mim o seu calor

Me abraça e me beija
Me chama de meu amor
Me abraça e deseja
Vem mostrar pra mim.... o seu calor

(Repete a música)",pt
/banda-eva/,Toda Linda,/banda-eva/toda-linda.html,"Olha lá ela passando
Toda linda
Ai meu Deus do céu
Me leva a loucura
Essa mina

(Diz...)

Olha lá ela passando
Toda linda
Ai meu Deus do céu
Me leva a loucura
Essa mina

Balançou o coração do seu nego
Com seu jeito de me olhar
To sambado de amor e desejo
Você quer me alucinar
Ô me diga qual é o seu nome ?
Que eu cansei de perguntar
Ô neguinha você mora aonde ?

Balançou o coração do seu nego
Com seu jeito de me olhar
To sambado de amor e desejo
Você quer me alucinar
Ô me diga qual é o seu nome ?
Que eu cansei de perguntar
Ô neguinha você mora aonde ?

Olha lá ela passando
Toda linda
Ai meu Deus do céu
Me leva a loucura
Essa mina

(Diz...)

Olha lá ela passando
Toda linda
Ai meu Deus do céu
Me leva a loucura
Essa linda.

Balançou o coração do seu nego
Com seu jeito de me olhar
To sambado de amor e desejo
Você quer me alucinar
Ô me diga qual é o seu nome ?
Que eu cansei de perguntar
Ô neguinha você mora aonde ?

Balançou o coração do seu nego
Com seu jeito de me olhar
To sambado de amor e desejo
Você quer me alucinar
Ô me diga qual é o seu nome ?
Que eu cansei de perguntar
Ô neguinha você mora aonde ?

Olha lá ela passando
Toda linda
Ai meu Deus do céu
Me leva a loucura
Essa mina
(Diz...)

Olha lá ela passando
Toda linda
Ai meu Deus do céu
Me leva a loucura
Essa linda.

ÔOOÔO ...
Essa mina ...
ÔOOÔO ...
Toda mina.

ÔOOÔO ...
Essa mina...
ÔOOÔO ...",pt
/banda-eva/,"Alô, Paixão",/banda-eva/alo-paixao-2.html,"Eu não vou perder você
Faz parte dessa história
Revelo segredo existente em minha memória,
vou aqui andando, caminhando pela vida
Quero te encontrar sonhando sempre em cada esquina
Vivo a embalar e dançar
Em plena multidão
De amor explode a paixão do meu coração.

2x
Não vou deixar
Vou me revelar pra esse amor, o o

Alô paixão
Alô doçura
Doce ilusão
De um coração

(Repetir tudo)",pt
/banda-eva/,Me Dê A Mão,/banda-eva/me-de-a-mao.html,"Pintou
Pintou carnaval, pintou
Eu vou

Eu já vou me preparar
Eu vou
Eu vou me acostumar ao ritmo da batisa
Ao novo jeito de dançar, eu vou

Eu vou
Eu vou me arrebentar na levada da avenida
Vou correndo te buscar, então vem

Vem me dê a mão
Vamos brincar, falar de amor e emoção
Fazer bater meu coração

Eu quero é mais
Brincar, pular, suar
A noite inteira com você
Até o dia amanhecer",pt
/banda-eva/,"Balanço, Rede e Mar",/banda-eva/balanco-rede-e-mar.html,"Ô ô ô ô ôô...
Lembro do tempo que a gente
Andava na beira da praia
Catando conchinhas
Pulando as ondas do mar

E naquele tempo tudo
Parecia tocar calmaria
Por mais que depressa passasse
Dava pra sonhar

Eu fui...
Fui, pedi ao astro rei
Um quarto de areia
E uma cama de luar
Pra fazer patacundum
Um groove com você
Balanço, rede e mar.

Ôô ôô ôô",pt
/banda-eva/,Anjo (parte 2),/banda-eva/anjo-parte-2.html,"Hoje eu acordei mais cedo e fiquei te olhando dormir.
Imaginei algum suposto medo para que tão logo pudesse te cobrir.
Tenho cuidado de você todo esse tempo,
Você está sob meu abraço, minha proteção.
Tenho visto você errar e crescer, amar e voar,
Você sabe onde pousar.
Ao acordar já terei partido,
Ficarei de longe escondido,
Mas sempre perto,
Decerto, como se eu fosse humano, vivo,
Vivendo para te cuidar, te proteger,
Sem você me ver,
Sem saber quem sou,
Se sou anjo ou se sou seu amor.",pt
/banda-eva/,Duas Medidas,/banda-eva/duas-medidas.html,"Vou levar duas medidas na balança
Caminhar entre avenidas do amor
Vertentes que caem do céu
Colares que trançam a flor
Verdades que doem no peito, a razão.

Bom te ver,
doces momentos
nessa estrada.

Beira-mar, acostamento já se foi
Presentes que joguei no mar
As flores que lá deixei
Ainda me lembro como fosse hoje o adeus,voltei

Só vou querer ter você aqui
Sorrindo te dar meu amor assim
É claro que a vida ensina, a gente a ser feliz

E vou te amar
Louco de paixão
Se ainda me quer cheia de prazer

Eu sou um barco-a-vela
E você é o vento que leva
Meu coração.",pt
/banda-eva/,Não Precisa Mudar,/banda-eva/nao-precisa-mudar.html,"Não precisa mudar
Vou me adaptar ao seu jeito
Seus costumes, seus defeitos
Seu ciúme, suas caras
Pra que mudá-las?

Não precisa mudar
Vou saber fazer o seu jogo
Deixar tudo do seu gosto
Sem guardar nenhuma mágoa
Sem cobrar nada

Se eu sei que no final fica tudo bem
A gente se ajeita numa cama pequena
Te faço um poema e te cubro de amor

Então você adormece
Meu coração enobrece
E a gente sempre esquece
De tudo o que passou...",pt
/banda-eva/,Dia de Frevo,/banda-eva/dia-de-frevo.html,"Mandei fazer uma canção de amor
Com uma flor pra te oferecer
Pra uma menina linda
De Olinda
Que eu me apaixonei

Eu fiz o frevo de ferver
Pra sacudir seu coração
Pra levantar a multidão
Fazer o chão estremecer

E você vai voltar pro meus braços
Que é seu aconchego
E na rua beijar minha boca
E perder o medo

Olinda se pinta de cores
Sombinha, de sopro e tambor
E aquela menina que eu amaria
De longe falou

Que hoje é dia de frevo
O Recife anunciou
Que hoje a felicidade transborda no meu amor",pt
/banda-eva/,Circulou,/banda-eva/circulou.html,"Circulou, circulou, circulou, circulou (Refrão - 2x)
É tão maravilhoso o nosso amor
É tão maravilhoso o nosso amor

A nossa química bateu
O nosso amor aconteceu
Se tem alguém que te quer bem,
Esse alguém sou eu
Cola meu corpo com o seu
Ser personagem do prazer
Ou simplesmente ser alguém na sua vida

Vem cá, pode chegar, deixa de besteira
Sou todo seu, todo seu (2x)

Circulou, circulou, circulou, circulou (Refrão - 2x)
É tão maravilhoso o nosso amor
É tão maravilhoso o nosso amor

A nossa química bateu
O nosso amor aconteceu
Se tem alguém que lhe quer bem,
Esse alguém sou eu
Cola meu corpo com o seu
Ser personagem do prazer
Ou simplesmente ser alguém na sua vida

Vem cá, pode chegar, deixa de besteira
Sou todo seu, todo seu (2x)

Vamos correr com a Lua
E perceber que ela corre com você
Não custa perceber que ela pode nos guiar

Vem cá, pode chegar, deixa de besteira
Sou todo seu, todo seu (4x)

""Jogou no Circulou pra acabar!""

Circulou, circulou, circulou, circulou (Refrão - 2x)
É tão maravilhoso o nosso amor
É tão maravilhoso o nosso amor

Circulou, circulou!


By @rafaelolipa",pt
/banda-eva/,Carnaval de Salvador,/banda-eva/carnaval-de-salvador.html,"Que bom você chegou, chegou
Tava te esperando
Coração chamou, chamou
Vem pra cá voando
Chega mais pra perto
Tudo vai dar certo
Vem pra balançar
Que bom você chegou, chegou
Tava te esperando
Coração chamou, chamou
Vem pra cá voando
Que vai ser tão bom
Vamos curtir o som
Que é bom pra namorar
Groove de primeira até quarta-feira
Vou atrás do caminhão
Som de samba reggae
Coração que segue
A alegria do povão

( Refrão )
Aêó, isso é carnaval de Salvador
Aêó, você vem de lá e eu também vou
Aêó, isso é carnaval de Salvador
Você vem, ta tudo bem e eu também vou",pt
/banda-eva/,Rua 15,/banda-eva/rua-15.html,"Ô suba subaiôba, oba oba oba,
oba oba oba
Ô suba subaiôba, oba oba oba, ôrereiom

Domingo rua 15
Festa da quizomba lá na casa de mãe
Ô sumalicara ô sumalaicara
Me dá me dá
Cheiro de feijão e de pipoca no ar.
Ninguém sem bater o pé no chão ao som da música.
Ninguém insensível a pulsação da tua casa.",pt
/banda-eva/,Levada Louca,/banda-eva/levada-louca.html,"Chegue, chegue, chegue

Tem festa no Candeal
Batuque no Canjerê
Eu vou levar meu timbal
Tocar samba pra você
Tem festa no Candeal
Batuque no Canjerê
Eu vou levar meu timbal
Tocar samba pra você
Não fico quieto quando vejo num boteco
Tamborim com reco-reco, xequerê a chacoalhar

Bate, bate, bate
Esquenta a mão nesse couro
Cante, cante, cante
Acorda que o dia nasceu
Bate, bate, bate
Esquenta a mão nesse couro
Cante, cante, cante
Acorda que o dia nasceu

Que levada louca
Levada louca
Levada louca pra dançar",pt
/banda-eva/,Carro Velho,/banda-eva/carro-velho.html,"Cheiro de pneu queimado
Carburador furado, coração dilacerado
Quero o meu negão do lado
Cabelo penteado no meu carro envenenado

Eu vou, eu vou
Então venha
Pois eu sei que amar a pé amor
É lenha

Eu vou pra la dançar, seja noite ou seja dia
E se eu beber alguma amor, ouou me guia

Quer andar de carro velho, amor
Que venha, pois eu sei que amar a pé amor
É lenha
",pt
/banda-eva/,Lugar da Alegria,/banda-eva/lugar-da-alegria.html,"Eu quero o que se dá
Do seu do meu
Não quero entender
Eu quero mais
Eu vivo de sentir
O que no coração
Dá paz

Eu quero me entregar
Pro seu olhar
E ver o seu bonito transparecer
Lugar da alegria
Entre nós, beijar você

Quem diria
O brilho do amor chegar
Plantar nesse lugar
Uma flor de sentimento
Você dizia
Que a luz que morava em mim
Iluminava o teu jardim no peito
E o coração ficou feliz

Pra viver, pra voar
Permitir, desaguar
O querer, o sonhar
E o coração fica feliz.",pt
/banda-eva/,40 Graus,/banda-eva/40-graus.html,"Eu acho que tô com febre de 40
Eu tô sentindo um arrepio
O termômetro quase arrebenta
Minha temperatura subiu

Eu tô com fogo que nem bombeiro apaga
Nem jogando água
Nem jogando água

Eu quero é ir atrás da batucada com você
Eu quero é me apaixonar
Eu quero é ir atrás da batucada com você
Eu quero é deixar rolar

Esse amor que pegou a gente
É muito quente que calor que me dá
Esse amor que pegou a gente.

É como chaminé
É como uma chaminé
É como uma chaminé
É como chaminé
Chaminé.",pt
/banda-eva/,A Princesa Mais Linda,/banda-eva/a-princesa-mais-linda.html,"Deus criou meu destino pro seu
Sonhos pra te encontrar coração pra te ninar
Fez da flor fragrância do teu cheiro
Fez o céu com o azul dos teus olhos
E o espelhou no mar

Pra clarear fez o sol
Dourado da cor do seu cabelo
As estrelas com o seu sorriso
E o amor repartiu pro mundo inteiro

Sou mais eu
Por que tenho a princesa mais linda
Que me ama e me faz sentir
Um amor sincero
Quero sim
Teus desejos por toda a minha vida
Sem tristezas e sem despedidas é como eu quero
Quero sim

Eu quero ser o seu amor pra sempre
Levar você no coração a cada canto que for
Deixar fluir essa paixão pra um beijo
Pode grudar pra sempre em mim amor que eu deixo

Eu quero ser o seu amor pra sempre
Levar você no coração a cada canto que for
Deixar fluir essa paixão pra um beijo
Pode grudar pra sempre em mim amor que eu deixo",pt
/banda-eva/,A Rosa,/banda-eva/a-rosa.html,"Olha que rosa desabrochou no meu jardim
Plantei paixão pra te dar amor , colhi pra mim
Me apaixonei quando te vi
Ela sorriu pra mim
rosa teu cheiro me enfeitiçou , fiquei assim
Descendo a ladeira sem eira nem beira, a te procurar
De quatro, jogado, largado, lenhado na mesa de bar

Rosa vem me buscar
Rosa vem me amar
(2x)",pt
/banda-eva/,Abadá,/banda-eva/abada.html,"Capoeira me levou
Carnaval em Salvador
Vou mudar a minha fantasia

Tô querendo é te ver
Só pra estar com você
Pelas ruas lindas da Bahia

Na avenida sou o céu
O seu beijo doce mel
Na cidade do meu coração
A poeira vai subir
E o EVA vai levar
Toda gente linda do verão

Eu vou sair de abadá
Eu vou sair de abadá
Eu vou sair de abadá
Meu amor, me leva",pt
/banda-eva/,Abaixa Aqui,/banda-eva/abaixa-aqui.html,"Mamãe não quer que eu saia da piscina
Por isso mãe não quer que eu saia do colégio
Mamãe não quer saber dessa menina
É que mamãe não quer saber de sacrilégio

Mãe tchau se ela não vem entre navios
Entre navios
Não saia se ela não vem
Não ter o batuque levar o trio nesse mar

Acaba de dar na televisão
Casas que caem como paredão
Planos precisando de saúde
Gente precisando de atenção
Atitude para educação
E pra violência diga não
Oh! Oh! Oh! Ah! Ah! Ah!
Oh! Oh! Oh! Ah! Ah! Ah",pt
/banda-eva/,Adão,/banda-eva/adao.html,"Pode viajar, pode viajar, pode viajar que nesse bloco eu vou (2x)

Vem vamos da uma saída
Dessa maresia de vento sul
Vamos ancorar a vida
No bloco mais lindo da zona sul

Por isso pode entrar
É no adão que agente esqueci a vida
E tudo vai me mudar
Pois esse paraíso eu vou entrar na sua vida
Na avenida o adão vai arrebentar
E essa galera linda não para de dançar

Como é que foi
Vamos ver depois

Pode viajar, pode viajar, pode viajar que nesse bloco eu vou(4x)",pt
/banda-eva/,Adeus Bye Bye,/banda-eva/adeus-bye-bye.html,"Quer ir embora vai
Adeus bye bye
Quando você me quiser
Estarei no ilê já não te quero mais

Até chorar chorei
Não pude suportar
Ao ver se acabar todo amor que eu te dei
E pra curar então
Meu pobre coração

Eu vou sair de ilê
Vou me esquecer de você no meio da multidão
Eu vou com o negro mais lindo
Desfilar na avenida e te matar de paixão",pt
/banda-eva/,Agradecer,/banda-eva/agradecer.html,"Banho de mar
Bateu na cabeça
Diferente
Eu vi um maluco
Enfeitado no Beco
Que figura
Queijinho na brasa
Pegou uma cor
Saiu contente
O cabelo da menina tem nagô

Pata Pata Pente

Oiá pra cantar
Seguir procissão
Vem ver meu povo de fé
Axé pra lavar
Benzer pra curar
Tambor para agradecer

Agradecer...
oba oba oba ê...
Agradecer...
oba oba oba ê...
Agradecer...
oba oba oba ê...

by:Nick",pt
/banda-eva/,Além de Todo Mal,/banda-eva/alem-de-todo-mal.html,"Eu prometi
Te dar um novo céu
Um universo só seu
E uma canção que faça refletir
Estrelas nos teus olhos
E o coração se encheu de luz
Sorriu em paz
E foi alem de todo mal
Que agora se disfez.

Laia laia laia laia
Laia laia laia laia
Laia laia.

Eu prometi
Te dar um novo céu
Um universo só seu
E uma canção que faça refletir
Estrelas nos teus olhos
E o coração se encheu de luz
Sorriu em paz
E foi alem de todo mal
Que agora se disfez.

Laia laia laia laia
Laia laia laia laia
Laia laia.

Todo mal agora se disfez...",pt
/banda-eva/,Amar,/banda-eva/amar.html,"Encontrei o céu
Quando a vi pela primeira vez
Um pote de mel
Lá no armário pra você curtir

Haviam flores, muitas flores
pois tem flores lá no meu jardim
De violeta à rosa-choque, cravo, graxa ou margarida
Amores ricos, pobres, magros, gordos, brancos ou mestiços
Amores fortes, fracos, cegos, ninguém tem nada com isso

Amor, amor I love you
Amor, amor, amor, amor
Ao chegar ao céu
Lindos anjos olhando pra mim
Rafa e Gabriel
Daniel e o anjo Serafim

De Santo Antônio à Santa Ana
qualquer santo se milagre faz
Faça com que todos amores sejam flores e não volte atrás
Amores pretos, novos, velhos
não são fáceis, eles são difíceis
Amor sincero, amor materno, esses com certeza existem

Amor, amor I love You
Amor, amor, amor, amor",pt
/banda-eva/,Amei Demais,/banda-eva/amei-demais.html,"Ai
Amei demais
Que hoje já não sei se sou capaz
De ter alguém no meu coração

Ai
Tem dó de mim
Minha vida é um sofrer que não tem fim
Só sei chorar por seu perdão

Tudo nesse mundo vai e volta
Mas você fechou a porta
Do seu coração
Perdoa, meu amor, fica comigo
Pois a vida é um castigo
E sem você não vivo não

Viver sem você é um tormento
Desse jeito eu não agüento
Tanta solidão
O meu amor é rio que deságua
Na represa do teu peito
Enchendo seu coração",pt
/banda-eva/,Amor na Rede,/banda-eva/amor-na-rede.html,"Você não sabe como é bom
Fazer amor na rede
Olhando as estrelas caírem lá do céu
Os anjos da noite ao redor da fogueira
Celembrando um novo dia que vai amanhecer

Experimenta
Fazer amor na rede
Experimenta
No balanço da rede

Experimenta, amor
Experimenta, amor",pt
/banda-eva/,Amuleto,/banda-eva/amuleto.html,"O meu caminhar é seu
O meu acordar é seu
Seu lado é meu, cuidado!
O lado de fora é meu
O canto da sala é seu
Parado, viajando nesse seu sorriso
Seja você!
Queira você!
Faça você de mim
Me beije, me abrace e pense
Que eu tenho aqui dentro só amor
Faça do meu coração seu amuleto
Seu porto seguro
Seu amanhecer sorrindo
Faça do meu coração sua criança
Sua aliança
Seu amanhecer sorrindo",pt
/banda-eva/,Anjo Bem,/banda-eva/anjo-bem.html,"Se uma flor beijar você
Entregue ao tempo devagar
E se longe eu estiver
Em cada perto canto algum

Amanheceu,
Eu acordei
Será que o Sol já vem?
Lhe procurei
Você não viu
Que era eu
Naquele sonho seu
Me encontrei

Só de imaginar você feliz... eu sorrio
Só de imaginar você feliz... eu sorrio

Sim, um vento até soprou
Que a luz ia me acompanhar
E quando a chuva vem
Não tenho medo e sei que você vai cuidar de mim

Apareceu
Um anjo bem
O céu então sorriu
Eu perguntei:
Será que a flor que eu beijei
naquele verso um
era você?

Só de imaginar você feliz... eu sorrio
Só de imaginar você feliz... eu sorrio

Então acabou-se a dor
A alegria mora nessa casa",pt
/banda-eva/,Arerê,/banda-eva/arere-letras.html,"Tudo que eu quero nessa vida
Toda vida é amar você, amar você
O seu amor é como uma chama acesa
Queima de prazer, de prazer
(repete)
Eu já falei com Deus
Que não vou te deixar
Vou te levar pra onde
Pra qualquer lugar
Já fiz de tudo pra não te perder
Arerê,
Um lobby, um hobby, um love
Com você, ê ê
Arerê,
Um lobby, um hobby, um love
Com você, ê ê
Cai cai cai, cai cai, cai cai pra cá
Hey, hey, hey
Tudo, tudo vai rolar...
Arerê,
Um lobby, um hobby, um love
Com você, ê ê E Arerê,
Um lobby, um hobby, um love
Com você, ê ê",pt
/banda-eva/,Bahia Com P,/banda-eva/bahia-com-p.html,"Psirico Para Periperi Praça Povo
Participa Proteja o Povo da Periferia
Pai Preta Percussão Poderosa Pele Pássaro
Pairando Pela Porta Parecendo Pétala Piano
Ponte Para Pero Vaz Pra Perto da Pureza
Primeiro Pezinho de Pitanga Pai Parado na Praia
Pensei em Passear os Pés Peraê Peraê Papá...",pt
/banda-eva/,Bate Paó Bahia,/banda-eva/bate-pao-bahia.html,"Ontem eu vi Jajá, vi Luís, abracei os dois
E um jamaicano belo como Jau
No timbau vi Antônio e Daniel
Dread solto de Milton
Luz de Carmem, fé da ilha

Fui ao Léu, pra ver João
Amar o santo protetor
Pra ver João vovô
E dar risada na calçada com Jandira
Se vira pra lá, ver a fruta cair do pé
Perto daqui, quem me disse
Foi um tal de Zé...

Que tem gente boa
Cartola e Rufino
Viola e menino
Tem chuva e Angola

Alá... Bate Paó Bahia!!!",pt
/banda-eva/,Batismo,/banda-eva/batismo.html,"Quem for batizar
Subir no alto da colina
E ver a Santa Cruz abençoando o Bonfim
Seguir a procissão
A comunhão da vida
E a luz que nos faz tão feliz

Vou de bem com a vida
Nos braços de uma morena
Carregando água de flor
Amor
Traz no ombro um balaio de fita e cor

Pero Vaz de Caminha caminhou
Pela beira do mar e não citou
Se excitou com a índia formosa e batizou

Ô, ô, ô, ô, ô ô ô ô
Batismo na Bahia
Ô, ô, ô, ô, ô ô ô ô
Oh, tem festa todo dia",pt
/banda-eva/,Batuque Badauê,/banda-eva/batuque-badaue.html,"Sou tambor em movimento
Se estou perto de você
Sou aberto
Sou do mundo
Vi Batuque Badauê

Toque ai neguinho
Me gusta ver-te balançar
Samba pelourinho
Me gusta, me gusta, amar-te

Lar de igreja
Fé de gente
Pedra para de chorar
Dessa ancestralidade
Nasce o dom de libertar

Toque ai neguinho
Me gusta ver-te balançar
Samba pelourinho
Me gusta, me gusta, amar-te

Agora que estou livre
Pra dançar
Eu saio carnaval
Vestindo cores vivas (2x)

Samba reggae, é now...",pt
/banda-eva/,Beijo Veneno,/banda-eva/beijo-veneno.html,"Teu beijo tem veneno
Teu carinho me enlouquece
Ah, meu bem, se eu pudesse
Me livrar do seu calor
Eu saía correndo
Me dando a quem me quisesse
Por que você não merece

Meu coração, meu calor
Mas, meu bem, acontece
Que você naquela hora
Me estraçalha, me devora
Com teu jeito sedutor

É muito bom
É bom demais
É tão gostoso
O mal que você me faz",pt
/banda-eva/,Beleza Pura,/banda-eva/beleza-pura.html,"Não me amarra dinheiro não
mas FORMOSURA
Dinheiro não
a pele escura
dinheiro não
a CARNE DURA
Dinheiro não

Moça preta do curuzú
FEDERAÇÃO
Boca do rio
BELEZA PURA
BELEZA PURA
Dinheiro não

Quando essa PRETA
Começa a tratar do cabelo
é de se olhar
Toda a trama da trança transa do CABELO
Conchas do mar
ela manda buscar pra botar no cabelo
toda MINÚCIA,
toda DELÍCIA

NÃO ME AMARRA
DINHEIRO NÃO
MAS ELEGÂNCIA
NÃO ME AMARRA
DINHEIRO NÃO
MAS A CULTURA
DINHEIRO NÃO
A PELE ESCURA
DINHEIRO NÃO
A CARNE DURA
DINHEIRO NÃO

Moço Lindo do BADAUÊ
BELEZA PURA
do ilê-aiê
BELEZA PURA
Dinheiro IÊ
BELEZA PURA
Dinheiro Não

Dentro daquele turbante
Dos FILHOS DE GANDHI
É O QUE HÁ
Tudo é CHIQUE Demais,
Tudo é muito ELEGANTE
manda botar
Fina palha DA COSTA
E que tudo se trance
Todos os BÚZIOS
Todos os ÓCIOS

Não me amarra DINHEIRO NÃO
MAS OS MISTÉRIOS

BELEZA PURA
DINHEIRO NÃO
BELEZA PURA
BOCA DO RIO
BELEZA PURA
FEDERAÇÃO
BELEZA PURA
O ILÊ-AIÊ
BELEZA PURA
E DO BADAUÊ
BELEZA PURA",pt
/banda-eva/,Belo Dia,/banda-eva/belo-dia.html,"Não é todo dia
Que a gente tem um dia
Tão bonito pra passear
Oh minha tia
Essa chaleira da senhora
Tem café?
Como é?
Vem timbau
Pra cá tocar
Botar pra ferver
To colado em você
Eu quero ver o sol
Oh espanhola
Eu quero ouvir o som
Dessa vitrola
Eu quero ver o sol
Oh espanhola
Eu quero ouvir o
Ta ta ta ta
Vou sair por aí
Por aí, por aí,
Por aí, por aí, por aí,
Pa pa pa pa pá",pt
/banda-eva/,Bem Mais (You and Me),/banda-eva/bem-mais-you-and-me.html,"Nos portais, you and me
Carnavais, you and me
Litorais, you and me
É bem mais, bem mais, bem mais

Antes era penas uma brincadeira
Hoje é apenas uma história sem fim
Antes era apenas sonho
Hoje é real e o sonho não tem mais fim

Antes era apenas eu
Hoje é apenas eu e você
Hoje eu disfarço um tanto
Amanhã te abraço tanto

Nos portais, you and me
Carnavais, you and me
Litorais, you and me
É bem mais, bem mais, bem mais

Antes era penas uma brincadeira
Hoje é apenas uma história sem fim
Antes era apenas sonho
Hoje é real e o sonho não tem mais fim

Antes era apenas eu
Hoje é apenas eu e você
Hoje eu disfarço um tanto
Amanhã te abraço tanto

Nos portais, you and me",pt
/banda-eva/,Bem-Vindo Amor (Part. Ivete Sangalo),/banda-eva/bem-vindo-amor-part-ivete-sangalo.html,"Seja bem-vindo amor
Faz um favor
Não esquece de mim
Que eu já te decorei
Tim tim por tim tim
Você é como um sonho bom
Canção no tom
É tudo pra mim
Se você ficar aqui, não deixo cê ir

Mesmo se o mundo acabar
mesmo se o sol não nascer
Saiba que eu vou te esperar... Por que
Mesmo se o mundo acabar
mesmo se o sol não nascer
Saiba que eu vou te esperar... Por que

Eu amo você, eu amo você
Eu amo você, eu amo você",pt
/banda-eva/,"Bem-Vindo, Amor",/banda-eva/bem-vindo-amor.html,"Seja bem-vindo, amor, faz um favor
Não esquece de mim
Que eu já te decorei
Tim tim por tim tim
Você é como um sonho bom
Canção no tom é tudo pra mim
Se você ficar aqui, não deixo cê ir

Mesmo se o mundo acabar
Mesmo se o Sol não nascer
Saiba que eu vou te esperar, por que
Mesmo se o mundo acabar
Mesmo se o Sol não nascer
Saiba que eu vou te esperar, por que

Eu amo você, eu amo você
Eu amo você, eu amo você

Seja bem-vindo, amor, faz um favor
Não esquece de mim
Que eu já te decorei
Tim tim por tim tim
Você é como um sonho bom
Canção no tom é tudo pra mim
Se você ficar aqui, não deixo cê ir

Mesmo se o mundo acabar
Mesmo se o Sol não nascer
Saiba que eu vou te esperar, por que
Mesmo se o mundo acabar
Mesmo se o Sol não nascer
Saiba que eu vou te esperar, por que

Eu amo você, eu amo você
Eu amo você, eu amo você

Eu amo você, amo você
Eu amo você, eu amo você
Eu amo você, eu amo você",pt
/banda-eva/,Bogarim,/banda-eva/bogarim.html,"Som de amanhecer
Flores do quintal
Pois se observar tempo no varal
Coisas por fazer podem esperar
Deixa entardecer
Quando o amor falar.

Olhos atentos outros sinais
Novos amores incondicionais
Livres de tudo
Braços abertos dentro de cada amar",pt
/banda-eva/,Bom Te Ver,/banda-eva/bom-te-ver.html,"Botaram até samba no meio da ladeira
Ensaio do gueto é no Curuzu
Menino moleque brincando na feira
O céu colorido
A imagem da felicidade

Botaram até samba no meio da ladeira
Ensaio do gueto é no Curuzu
Menino moleque brincando na feira
O céu colorido
A imagem da felicidade

Quem vem pra Bahia
É quem quer
Colher dessa terra o amor
E leva consigo
Por todos os cantos

Ginga, Capoeira, Quele
Turbante amarrado sem cor
Um colar no peito
E a força no canto

Bom te ver, bom te ver
Bom te ver, bom te ver
Na Bahia
(2x)

Botaram até samba no meio da ladeira
Ensaio do gueto é no Curuzu
Menino moleque brincando na feira
O céu colorido
A imagem da felicidade

Quem vem pra Bahia
É quem quer
Colher dessa terra o amor
E leva consigo
Por todos os cantos

Ginga, Capoeira, Quele
Turbante amarrado sem cor
Um colar no peito
E a força no canto

Bom te ver, bom te ver
Bom te ver, bom te ver
Na Bahia",pt
/banda-eva/,Bora Descer,/banda-eva/bora-descer.html,"Ê, aê, aê, aê, aê aê Aê
Bora descer aê!

Vem com a gente
Aqui embaixo o clima é diferente
Cabeça leve, Positiva mente
E o corpo chama para dançar, dançar, dançar

Simplesmente
Você se entrega inconscientemente
A rua é vip, é pop, a pele sente
Essa vontade de dançar, dançar, dançar

ÊÊ, tá difícil controlar
Eeu tô feliz, tô aqui, eu tô no Eva!

Desce daí e vem pro Eva
Desce daí que a alma leva
Desce daí que aqui embaixo
É o verdadeiro carnaval
Bora descer, bora pro Eva!

Ê, aê, aê, aê, aê aê Aê
Bora descer aê!",pt
/banda-eva/,"Bye, Bye",/banda-eva/bye-bye.html,"Vai, se você quer um tempo eu digo bye bye, não vou brincar de bola com meu coração, não dá pra esperar o teu medo passar...Quando eu me apaixonei, o coração sabia que era pra sempre, jurava que não tinha como ser diferente...O tempo passou pra você, não tinha de ser assim, agora você vem dizer q ainda gosta de mim...Quem pediu pra dar um tempo não fui eu, foi você quem escolheu, achou bem melhor fugir de mim, agora adeus, não há mais nada pra falar, bem melhor deixar como estar, faz de conta que o amor se acabou...",pt
/banda-eva/,Capoeira,/banda-eva/capoeira.html,"Na onda do berimbau
Esquidindau esquidindau
Agitarei meu carnaval
Esquidindau esquidindau

Bate com a mão que eu bato com pé
O samba virou camdonblé

Lê lê lê lê
Esquindindim Esquindindim
Lê lê lê lê
Esquindindim Esquindindim

Na praia de amaralina
Vi dois camarão sentado
Falando da vida alheia
Êta camarão malvado

Paranauê paranauê paraná
Paranauê paranauê paraná",
/banda-eva/,Cara do Prazer,/banda-eva/cara-do-prazer.html,"Já te dei o ar de minha graça
O meu sorriso, luar na ilha
Balancei o chão da tua praça
Senti teu lume, farol de milha

Emanei uma energia
No seu jardim em flor
Vou me perder de amor
Vou me perder de amor

Derramei minha alegria
Pra todo mundo ver
A cara do prazer, a cara do prazer
Já te dei o mel da minha casca
O meu abrigo, a minha fama
Balancei o ar nas minhas asas
Segui seu rumo, atua chama

Te vi solta no ar
Te vi solta no ar
Te vi solta no ar sem parar",pt
/banda-eva/,Carrossel,/banda-eva/carrossel.html,"Vem de você
A vontade de viver e ser
Ao seu lado poder me encontrar
E pensar em nós dois

Eu e você
De mãos dadas, num parque a rodar
O amor da maçã, carrossel
Eu te levo pro céu;

Pode um palhaço chorar
A tristeza chegar
Se você partir
Algo em mim vai mudar
A saudade virá
Mas eu vou estar aqui

Vem de você
Viver e ser
Me encontrar

Pode um palhaço chorar
A tristeza chegar
Se você partir
Algo em mim vai mudar
A saudade virá
Mas eu vou estar aqui
Aqui (3x)",pt
/banda-eva/,Cartaz,/banda-eva/cartaz.html,"Aaaaaii ai ai ai ai ai ai ai ai ai ai ai ai ai ai ai ai aaaii

Aaaaaii ai ai ai ai ai ai ai ai ai ai ai ai ai ai ai ai aaaii

Eu sonhei com você
Eu quero me deitar
Numa tarde assim namorar..

Entre o azul do céu
e o verde do mar
Tanta coisa ainda há...

Amanhã tudo pode acontecer
Hoje a nossa vida é pequena
Amanhã tudo pode anoitecer
Se você vem comigo eu não choro mais

O que eu quero dizer
O teu sorriso atrai
Muitas coisas mais lindas

Você me dá prazer
Você me dá cartaz
Tudo o que eu preciso

Amanhã tudo pode acontecer
Hoje a nossa vida é pequena
Amanhã tudo pode anoitecer
Se você vem comigo eu não choro mais

Aaaaaii ai ai ai ai ai ai ai ai ai ai ai ai ai ai ai ai aaaii

Aaaaaii ai ai ai ai ai ai ai ai ai ai ai ai ai ai ai ai aaaii

Amanhã tudo pode acontecer
Hoje a nossa vida é pequena
Amanhã tudo pode anoitecer
Se você vem comigo eu não choro mais

Não choro!

Aaaaaii ai ai ai ai ai ai ai ai ai ai ai ai ai ai ai ai aaaii

Aaaaaii ai ai ai ai ai ai ai ai ai ai ai ai ai ai ai ai aaaii

Se você vem comigo eu não choro..
Se você vem comigo eu não choro..
Se você vem comigo eu não choro maisss!

Se você vem comigo eu não choro..
Se você vem comigo eu não choro..
Se você vem comigo eu não choro maisss!",pt
/banda-eva/,Chama da Paixão,/banda-eva/chama-da-paixao.html,"você foi
meu primero, meu segundo, meu terceiro amor
talvez o último, o penúltimo que conquistou
e acendeu a chama dessa paixão

me fez feliz por muito e muito tempo
o bastante que durou
mas veio a chuva e essa chama logo se apagou
derretendo a chama do meu coração

voa gira girassol
tempo voa vai buscar (2x)
e assim seu coração
bateu por outra pessoa

bye bye adeus
meu coração você perdeu (2x)
bye bye agora
ainda te quero mas to indo embora

pode dizer
que tudo que fiz por você foi uma grande ilusão
mas era só abrir a porta do meu coração
e foi então que resolveu me abondonar laiá

e voa gira girassol
tempo voa vai buscar (2x)
e assim seu coração
bateu por outra pessoa

bye bye adeus
meu coração você perdeu (2x)
bye bye agora
ainda te quero mas to indo embora

(chalalalá)
bye bye adeus
(chalalalalalalalalá) (chalalalalalalalala) (2x)
bye bye agora
(chalalalalalalalalááá)",pt
/banda-eva/,Chama o Brasil Pra Dançar (Baiana),/banda-eva/chama-o-brasil-pra-dancar-baiana.html,"Baiana
Chama o Brasil pra dançar
Baiana
Chama o Brasil pra dançar

Se o coração mandar
Se o coração mandou, a gente para
Chegou bem na hora
Na hora do show meu amor

Se o coração mandar
Se o coração mandou, a gente para
Chegou bem na hora
Na hora do show meu amor

A hora é essa, tenho pressa
Desse jeito que eu vou
Fazendo a festa, curtindo solto
Com o meu amor

Tem muita gente, olhando a gente
Com olhar de lança que vai, balança
E cai na dança
Fica feito criança

Me diga como é que vai ser
Você tá com quem, pai?
Vamos pra avenida, pro Farol da Barra
Pra mim tanto faz

Me diga como é que vai ser
Você tá com quem, pai?
Vamos pra avenida, pro Farol da Barra
Pra mim tanto faz

A ladeira tá terminando, eu quero ver
Subir, descer, subir, descer, subir
A ladeira tá terminando, eu quero ver
Subir, descer, subir, descer, subir",pt
/banda-eva/,Chorando Saudade,/banda-eva/chorando-saudade.html,"Do começo ainda me lembro
No começo era tudo amor
No começo era tudo verdade
Sentimento, harmonia e calor

Mas agora que é tudo mentira
E agora que tudo acabou
Você vive chorando a saudade
E eu me vejo perdida na dor

Pois então acabou a malícia
Só restou sofrimento e rancor
É bobagem mexer na ferida
É loucura esse caso de amor

Não implora, não implora
Vou embora, vou embora
Amor...
Vou levar, vou levar...",pt
/banda-eva/,Chuva de Verão,/banda-eva/chuva-de-verao.html,"Quem dera ver a solidão sair por essa porta
Eu quero te dizer que na minha vida nada importa sem você, não
Te quero muito mais que ontem
E hoje muito menos que amanhã
Não posso e nem tento disfarçar
É tão bonito a gente se entregar
Como é bonito, é tão bonito amar

Toda vez que você vai embora
Sinto um vazio que me devora
Na cama fria o coração implora

Pedindo pra você voltar pra mim
Jamais amei alguém tão forte assim
Esse romance é a razão da minha vida

O amor não é como a paixão
Que vai e vem feito chuva de verão
O amor é uma solicitação
É o corpo quente que incendeia o coração",pt
/banda-eva/,Clara,/banda-eva/clara.html,"Ô Lua! Lua Clara,
A orla sem você,
não se compara.

E essa chuva, que não passa,
só aumenta minha ressaca.

Até o farol parece sentir,
saudades de você. Ô Clara.
E essa brisa que vem do mar,
só aumenta ainda mais,
o meu querer.

Preciso de você..
pra me clarear, clarear,
Quando eu tinha você,
Eu era só sorriso.

Vem me clarear, clarear,
Vem ser a Eva do meu paraiso.

Ô Clara, a, a, a,
Vem me clarear",pt
/banda-eva/,Clima Delicado,/banda-eva/clima-delicado.html,"Eu tô num clima delicado
É que eu tô apaixonada
É que eu tô apaixonada
Por essa senhora

Por todas as horas
Eu quero te ver
Dançar no Caribe
Te ver sempre livre

Eu quero te ver
Menina de Moçambique
Eu quero te ver bem chique
Menina de Moçambique

Eu quero te ver
Eu tô num clima delicado
É que eu tô apaixonada
É que eu tô apaixonada

É carnaval, é carnaval
Que praça é essa?
É Castro Alves
Que campo é esse?
É o Campo Grande

Essa Ajuda é de tirar o chapéu
Faraó do Farol
E Yemanjá da maré
Que bonita mulher
Que bonita ela é

Eu tô num clima delicado
É que eu tô apaixonada
É que eu tô apaixonada
Itapuã, Candeal
Cardeal, Calabar

Seu eu fosse um peixinho
E soubesse nadar
Mergulhava no copo
De cerveja ou guaraná

Que horas são?
Ainda é cedo
Dê uma olhadinha no relógio de São Pedro
Mas que horas são?
Ainda é cedo

Dê uma olhadinha no relógio de São Pedro
Menina de Moçambique
Eu quero te ver bem chique
Menina de Moçambique
Eu quero te ver...",pt
/banda-eva/,Coisa Linda,/banda-eva/coisa-linda.html,"Que coisa linda, maravilhosa,
coisa gostosa, da minha vida,
deixa eu te amar, te amar
E vai pra lá e pra cá,
pra lá e pra cá

Todo mundo quer fazer
todo o tempo parar
só pra ver você passar.
Todo mundo quer você
deixe o amor acontecer,
deixe a onda te levar.

Eu preciso te dizer
que eu sou louco por você
essa coisa linda assim.
Você sabe que eu te quero,
fico nesse lero-lero
só pra ver você sorrir.",pt
/banda-eva/,Coleção,/banda-eva/colecao.html,"Sei que você gosta de brincar de amores!
Mas, oh, comigo não, comigo não

Sei também que você eu não sei
Mais nada
Um dia você vai ouvir de alguém
O que ouvi de ti
Então irá pensar como eu sonhei em vão
Não vá, ou vá

Você é quem quer
Quer saber, eu amo você",pt
/banda-eva/,Cometa Mambembe,/banda-eva/cometa-mambembe.html,"Quando a estrela brilhar na cabeleira
E o galope acordar na beira-mar
Bem-te-vi e a canção da goiabeira
Brisa Lua no mato pra cheirar

O cometa da guitarra baiana
Ou nas cores da cauda do pavão
Zanzibar, tuaregues e batucas
Andaluzes de Gandhi, coração

E tenha fé no azul que tá no frevo
Que o azul é a cor da alegria
Um cavalo mambembe sem relevo
Um galope de Olinda pra Bahia",pt
/banda-eva/,Como Um Abraço,/banda-eva/como-um-abraco.html,"Desenhei você no braço
Pra levar
Seu amor sempre comigo
Aonde quer que eu vá depois

Eu pintei o universo
Colori
Com as coisas do seu mundo
Como um mar e seu futuro
Como o céu, cor dos teus olhos
Melhor filme que já vi
Como as frases do seu livro
Que sem ler eu pressenti

Você vai comigo
E eu te levo pelo braço e seu cansaço
Em meu descanso é como um abraço

Você vai comigo
E eu te levo pelo braço e seu cansaço
Em meu descanso é como um abraço

O mar e seu futuro
Como o céu, cor dos teus olhos
Melhor filme que já vi
Como as frases do seu livro
Que sem ler eu pressenti

Você vai comigo
E eu te levo pelo braço e seu cansaço
Em meu descanso é como um abraço
(4x)",pt
/banda-eva/,Coração de Timbaleiro,/banda-eva/coracao-de-timbaleiro.html,"Se eu lhe pedir pra ficar
Não vai adiantar
Me dizer disaforo

Tenho que me controlar
Quando telefonar
Pra não cair no choro

Dependurou
No coração do timbaleiro
Amarelou de desespero
Chiou, chiou o dia inteiro

Grita gostoso, hei
Solta energia, hei
E toda essa alegria",pt
/banda-eva/,Coração Sem Tum Tum Tum,/banda-eva/coracao-sem-tum-tum-tum.html,"Eu tô que nem passarinho na gaiola
Eu tô que nem pescador sem mar, sem rede
Fiquei assim desde que você foi embora
Levou meu coração, fiquei sem amor

Eu tô que nem passarinho na gaiola
Eu tô que nem pescador sem mar, sem rede
Fiquei assim desde que você foi embora
Levou meu coração, fiquei sem amor

Ceara, sem sol
Bahia, sem dendê
Fiquei assim
perdido sem você

Banana sem cacho
Dois sim, um mais um
Coração sem tum tum tum
Coração sem tum tum tum
Coração sem tum tum tum
Coração sem tum tum tum

Coração sem tum tum tum
Coração sem tum tum tum
Coração sem tum tum tum
Coração sem tum tum tum

Sexta-feira meu branco clareia
Vem de lá, vem do mar, da sereia
Brasileira
Meu povo canta
Purungundun, coração sem tum tum tum

Coração sem tum tum tum
Coração sem tum tum tum
Coração sem tum tum tum

Coração sem tum tum tum
Coração sem tum tum tum
Coração sem tum tum tum
Coração sem tum tum tum

Tum tum tum...

Eu tô que nem passarinho na gaiola
Eu tô que nem pescador sem mar, sem rede
Fiquei assim desde que você foi embora
Levou meu coração, fiquei sem amor

Sexta-feira meu branco clareia
Vem de lá, vem do mar, da sereia
Brasileira
Meu povo canta
Purungundun, coração sem tum tum tum

Coração sem tum tum tum
Coração sem tum tum tum
Coração sem tum tum tum

Coração sem tum tum tum
Coração sem tum tum tum
Coração sem tum tum tum
Coração sem tum tum tum...",pt
/banda-eva/,Cordão de Bloco,/banda-eva/cordao-de-bloco.html,"Lalalalalalalala
Ela dividiu seu coracao comigo
Ela dividiu um parto pao
E se dirigiu do umbigo

Com o umbigo preso no cordao
Ela até encheu
O seu cordao de carnaval
Com seu sorriso tentacao

E quem foi que disse
Que morena angelical
Tem o umbigo preso no cordao

Porque que bloco
Tem cordao de bloco
Poque que bloco tem cordao

Eu vou pra Bahia
Eu vou me casar
Vou com alegria
Vou com vatapá",pt
/banda-eva/,Crescer e Só,/banda-eva/crescer-e-so.html,"Quem de nós
Trouxe a flor
Que se fez maior
Sorte e paz
De onde vem
Esse amor que
Constrói um sol
Dentro faz

Sorrir
Supõe alguma coisa nova
Quem sabe até o amanhã
É sempre e você ficou
De me encontrar no mesmo tempo

Em mim
Ficou a impressão de que
Algum destino me soprou
Que um dia chegaria
Esse dia

E depois
Trago mais
Abraço tão sereno
Pequeno olhar gigante
Pra ver a flor crescer e só!

(Repete tudo)",pt
/banda-eva/,Cupido Vadio,/banda-eva/cupido-vadio.html,"Intro: F Bb C F Bb C F G C

F Bb C F
Eu já descobri que a minha vida é sua, a vida é uma só
Bb C F
Sou seu ursinho, sua gatinha, seu xodó
G C
Só durmo agarradinha com você
F Bb C F
É meu cobertor nas noites de frio e nas de calor
Bb C F G
Também sinto frio, me leva que eu vou apaixonada
C
Fissurada nesse amor! oh ! oh!
F Bb C F
Quem me flechou foi um cupido vadio e ele acertou
Bb C F
Meu coração de jeitinho me leva que eu vou
G C
Apaixonada, fissurada nesse amor oh! oh!
F Bb C F
Mas eu só quero te amar, não deixe essa canoa virar
Bb C F
Eu vou remar nas águas cristalinas do mar
G C
Vou navegar e me entregar de vez essa paixão!
F Bb C F
Mas eu só quero te amar, não deixe essa canoa virar
Bb C F
Eu vou remar nas águas cristalinas do mar
G C
Vou navegar e te entregar de vez meu coração!
F Bb C F G C
Oh ! oh! oh! oh! xálalalalala... oh! oh! oh! oh!oh oh! oh!
A) Introdução
B) Estrofe 1
",pt
/banda-eva/,Dar Risada,/banda-eva/dar-risada.html,"Deixa como está
Deixa tipo o mar
Dar risada, dar risada
Quando acalmar e o tempo melhorar
Dar risada, dar risada

E eu tinha o medo no olhar
Com a sensaçao de que o sol estava ali
Virado pra outro horizonte sem mim
Mais a sombra insistiram na luz.

Deixa como está
Deixa tipo o mar
Dar risada, dar risada
Quando acalmar e o tempo melhorar
Dar risada, dar risada.

E eu tinha o medo no olhar
Com a sensaçao de que o sol estava ali
Virado pra outro horizonte sem mim
Mais a sombra insistiram na luz.",pt
/banda-eva/,De Beco em Beco,/banda-eva/de-beco-em-beco.html,"Suor ritmado
Sou abençoado
Tá tudo ensaiado
Com a multidão
Não vou pensar em saudade
Já que a cidade já é carnaval
Abraço apertado
Sorriso alado

Ao lado de um monte de gente igual
Que eu nem sequer conhecia
Mas essa alegria se fez natural
Mas se por acaso eu me perder de ti
Vou te encontrar ali
E me perder de novo
Brinco de ser gente grande sou feliz
Te beijo por um triz
E tenho seu encanto

Paro de beco em beco e o beco não para não
Paro de beco em beco e não perco a direção
Paro de beco em beco e o beco levanta a mão
E quando te deixo levo no meu coração",pt
/banda-eva/,De Ladinho,/banda-eva/de-ladinho-2.html,"Não vou ficar sozinha
É de ladinho que eu lhe acho
Não vou ficar sozinha
É de ladinho que eu lhe acho
Vou invadir o teu mundo
Vou beber da tua água
Teu gostinho no copinho
Me deixa apaixonada
O teu cheiro vem
Invadindo a praça
Sem convite, vem
E não fecha as portas
De lado eu vou, De lado eu vou
Com meu amor, Com meu amor, Com meu amor",pt
/banda-eva/,Dê no Que Der,/banda-eva/de-no-que-der.html,"Tem jeito não, amor
Não vai ter fim
Tou na muvuca
Não sei o que será de mim
Tá mais de mil a batida do coração
Só não quero te perder na multidão

Não me deixe aqui, amor
Faço tudo por você
Eu vou na metaleira da zoeira
Eu tô que tô
Eu vou te dá uma prova de amor, oh, oh, oh

Dê no que der
Dê no que der
Tá pegando fogo
Mas não largo do seu pé

Dê no que der
Dê no que der
Quanto mais eu te abraço
Eu te acho, eu te amasso
Eu não largo do seu pé",pt
/banda-eva/,Demore Não,/banda-eva/demore-nao.html,"Num batuque
Que isso tudo começa
Baixa o santo
Sobe o fogo

Esquenta a panela
O som das tribos pelo amplificador
O sol dos trópicos regando toda cor
O circo é louco, louco, louco, louco

Tá tantã
Tutu é pouco, pouco, pouco, pouco
Pra amanhã
É dia da cidade balançar também

Me diga como é que você vem
Demore não, demore não
Acerte o passo no meu, no meu compasso

Quando eu me perco, meu bem, é que eu te acho
Demore não, demore não
Eu quero o sol, o som e a pele nua
A multidão, farol e a cor da lua",pt
/banda-eva/,Dias a Mais,/banda-eva/dias-a-mais.html,"Adoro andar descalço com você
Olhar pro alto
Escrever seu nome na areia
Esquecer que o mundo existe
Aconteça o que aconteça

Sem pressa de chegar o amanhã
Sem medo pois ao lado tem você
Adiante tem a linha do horizonte
Mais um monte de pegadas na areia
E pra melhorar!

O nosso beijo tem pétala
Tem eu e você
Tem dias a mais

Sempre tive medo de perder o nosso beijo
De sentir um outro cheiro que não fosse o seu
Lagrima que cai
Sentimento que não sai
Mais um dia que se vai e você é minha",pt
/banda-eva/,Digubelo,/banda-eva/digubelo.html,"Digo belo, digo belo,
digo belo, digo belo
Digo belo, digo belo,
digo belo na rua

Meu cabelo, seu cabelo,
com cabelo, sem cabelo
Tira o bebo, tira o bebo,
tira o bebo da rua

Como viajou digo belo, rasta
Como balançou a cabeleira, massa
Digo belo apaixonado

Só te encontro embriagado
Cai a noite, vem o dia
Beber dor e alegria

Digo belo, digo belo,
digo belo, digo belo
Digo belo, digo belo,
digo belo na rua

Meu cabelo, seu cabelo,
com cabelo, sem cabelo
Tira o bebo, tira o bebo,
tira o bebo da rua

Digo belo passa, ô, ô, ô
Tropeçando pela praça
Sufocado pela massa ô, ô, ô
Digo belo, arrasta

Digo belo, digo belo,
digo belo, digo belo
Digo belo, digo belo,
digo belo na rua

Meu cabelo, seu cabelo,
com cabelo, sem cabelo
Tira o bebo, tira o bebo,
tira o bebo da rua",pt
/banda-eva/,Diz Que Vai Voltar,/banda-eva/diz-que-vai-voltar.html,"Olha tanta falta que você me faz
Esse pensamento que de mim não sai
Ah! Mas se eu pudesse ter você aqui comigo
Baby, um grande amor não se acaba assim
Quando Deus te fez, te desenhou pra mim
Ah! Mas se eu pudesse ter de novo o teu sorriso

Porque que a gente não consegue se dar conta?
Tem que perder pra dar valor a quem se ama
O que mais quero e é tão pouco o que preciso
Meu coração implora
Tudo bem, não demora

Agora diz que vai voltar
Aaaaaaa...
Não me canso de esperar
Aaaaaaa...
Agora diz que vai voltar
Aaaaaaa...
Nunca mais vou te deixar

Meu amor...",pt
/banda-eva/,Doralice,/banda-eva/doralice.html,"Segunda é pranto
Terça é duro
Quarta é cinema
Na quinta clareia
Na sexta tem samba na veia

É dia de ver a Doralice dançar
Na ponta do pé
Levantando a saia pra não molhar
De baba de Bamba ôôôô

Tomara que chova
Tomara que a chuva caia
Doralice na roda
Descalça molhada, a saia rodada
Um convite pra mim

Eu vou
São Pedro mande um toró
Não vale chuvisco
Nem rola garoa
Deixa a Doralice sambar numa boa
2x",pt
/banda-eva/,Duas Almas,/banda-eva/duas-almas.html,"Por que você não fica aqui?
Ainda há tanto pra se dar
Não há limite que possa impedir
Tudo é possível quando existe amor

Bolei um plano pra gente fugir
Qualquer lugar com você, eu vou
Favela, te levo à Paris
Eu te apresento a linha do equador

Meu beijo, no teu beijo
Tua pele, no meu toque
O teu corpo completando o meu
A felicidade é encontrar o meu olhar no seu

Nosso amor acende a lua
E não precisa explicação
Juntou minha alma com a sua
Achei a direção

Nosso amor acende a lua
E não precisa explicação
Juntou minha alma com a sua
Achei a direção",pt
/banda-eva/,É Agora,/banda-eva/e-agora.html,"Eu tô te esperando
Há muito tempo
E é agora
Você se esquivando
Eu tô colado
E não esquento
Mas tudo na vida
Sempre tem a sua hora
Eu vou dar o bote
Não adianta,
Eu não aguento

É agora
Tá chovendo
É agora
Eu não aguento

Passo por você
E você quer que eu dê carona
Isso me parece
Mais um disco da Madona
Eu tô preparado
Pra encarar essa avenida
Esse pode ser
O grande dia da minha vida

É agora
Tá chovendo
É agora
Eu não aguento

Se cai uma gota
Me preparo pro momento
Oh meu bem querer
Será que os Deuses
Estão querendo
Quero me molhar
Na sua roupa encharcada
Vem meu novo amor
Nós não sabemos mais de nada",pt
/banda-eva/,É do Eva,/banda-eva/e-do-eva.html,"Sorria, você esta na Bahia
Sorria, você esta na Bahia
O carnaval é do povo

O acarajé da baiana
A cabaça do berimbau
e o surfista é da onda

De quem é essa galera?
É do Eva

Refrão:
aê aê aê ô
é do Eva
o povo atrás do trio
É do Eva
aê aê aê ô
é do Eva
a galera da pipoca
é do Eva

mandei um axé
pro povo da brilhantina
e um alô
pro povo do rock in roll

ainda me lembro
do tempo da Colombina
quando eu ia pra fanfarra
fanfarra fanfarra
atras do meu amor

Refrão..

aê aê aê ô
É do Eva
aê aê aê ô
É do Eva",pt
/banda-eva/,Encontro Marcado,/banda-eva/encontro-marcado.html,"Me deu saudade de você
Me deu vontade de surpreender
De fugir, pra ir te ver
Ficar contigo, se perder
Como é difícil entender...
Eu sinto falta sem ao menos conhecer
Talvez seja natural
Você pode ter sido feita pra mim
Embora não seja normal
Meu coração esta dizendo sim

Então pra variar
Me deixo levar
Penso nos seus braços me abraçando
Sua pele me tocando
Sua boca a me beijar

Já me imagino o seu homem
Te vendo linda e contente
Já roubo o seu sobrenome
Me entrego como um presente

E então ao chegar
O nosso cheiro estará no ar
Anunciando a hora de concretizar
Tudo que foi planejado

Desde o primeiro
Encontro marcado
(2x)",pt
/banda-eva/,Enfim Vencer,/banda-eva/enfim-vencer.html,"Mais um dia vem
Saio de casa
E vou em busca
De alguém
Que me sorria
Uma alegria
Pra felicitar a vida
Tão sofrida
Pra tentar fechar ferida
Que a vida sem querer
Me deu

Ontem eu sonhei
Que era feliz
E até me lembro
Que chorei
Quando pensei
Que na verdade ser feliz
É encontrar a paz
É ouvir Deus falar
E acreditar
Que a luz
Há de brilhar

Oh! Amado DEUS
Dá-me mais
Força pra seguir
Ao lado teu
Me ensina
Perdoar a quem
Um dia me fez
Algum mal
Ou quis magoar
Mostra como
Faz o amor
Planta no seu coração
Uma flor...

Posso prosseguir
Já recebi sua graça
Pronto pra viver
E confiar em mim
Incondicionalmente
Acordar e sorrir
Te agradecer por evoluir
E enfim vencer!",pt
/banda-eva/,Então Tá,/banda-eva/entao-ta.html,"Eu tenho andado
Sem eira nem beira
Fingindo não ver
Que tudo acabou
A minha luz
Vem da sua estrela
O meu calor
Do seu cobertor

Corro o passado
Com os meus pés descalços
E sempre passo
Onde eu não quero ir
E ver que tento
Juntar os pedaços
Mas é difícil
Sem você aqui

Gira, gira o mundo
Num compasso, volta e meia
Todo espaço que você deixou
Nada consegue preencher
Passo a passo
Só me acho em seu abraço
Apertado em mim
Eu colado assim em você

Então tá
Vou tentar aprender
Tentar imaginar
Meu mundo sem você

Então tá
Mas se eu sobreviver
Quem vai me ensinar
O que fazer
Pra te esquecer?",pt
/banda-eva/,Eparrê Baba,/banda-eva/eparre-baba.html,"Vela pra acender
Pra te ilmunar
Pra te proteger
No seu Ganzuá

Canto pra Oxalá
Azul é do mar
Verde pescador
Vermelho de fé

Eparrê baba, eparrê baba
Eparrê baba, eparrê baba
Eparrê baba, eparrê baba
Eparrê baba, eparrê baba",pt
/banda-eva/,Esse Amor,/banda-eva/esse-amor.html,"Esse amor parece tá no fim
Vai se distrair, mas sem mim
Ou talvez quem sabe
Nada em vão

Esse amor parece quer brincar
Esse amor padece ao acordar
Você sai sem me avisar
Então

Meu coração esses dias chorou
Com saudade de você
E você se despreocupou
Ignorou nem quis saber
(2x)

Esse amor parece tá no fim
Vai se distrair, mas sem mim
Ou talvez quem sabe
Nada em vão

Esse amor parece quer brincar
Esse amor padece ao acordar
Você sai sem me avisar
Então

Meu coração esses dias chorou
Com saudade de você
E você se despreocupou
Ignorou nem quis saber
(2x)

Alegria!",pt
/banda-eva/,Estado de Graça,/banda-eva/estado-de-graca.html,"Acorda que o sol raiou
Muito bom, muito bom
Meu dia começou legal
Nada mal, nada mal
Na praça tem um beijo bom
Natural
Me disse que era carnaval

Agora tá ficando bom
Muito som, muito som
O sol já esquentou geral
Não faz mal, não faz mal
É hora de sentir calor e achar legal
Saber que já é carnaval

Bonito é ver a praça em seu estado de graça
Quando a banda vai levando a multidão
E o povo vai passando, balançando, balançando
Bate palmas ao comando do refrão

Vai, vai, vai, vai, vai, vai
Bate palmas ao comando do refrão
Eu quero quero
Eu quero ver, quero ver...",pt
/banda-eva/,Eu Amo Você,/banda-eva/eu-amo-voce.html,"Toda vez que eu olho...
Toda vez que eu chamo...
Toda vez que eu penso...
Em lhe dar, o meu amor...
Meu coração... (pensa que não vai ser possivel)
Lhe encontrar... (pensa que não vai ser possivel)
De lhe amar... (pensa que não vai ser possivel)
Te conquistar...

Refrão:
Eu amo você, menino...
Eu amo você...
Eu amo você, menino...
Eu amo você...

Toda vez que eu olho...
Toda vez que eu chamo...
Toda vez que eu penso...
Em lhe dar, o meu amor...
Meu coração... (pensa que não vai ser possivel)
De lhe encontrar... (pensa que não vai ser possivel)
De lhe amar... (pensa que não vai ser possivel)
Te conquistar...

Refrão:
Eu amo você, menino...
Eu amo você... (juro)
Eu amo você, menino...(uuuhuuuu)
Eu amo você...",pt
/banda-eva/,Eu Vou No Eva,/banda-eva/eu-vou-no-eva.html,"Foi difícil te encontrar, morena
Nas ruas de salvador, fissura
Me cansei de procurar, que pena
Onde está o meu amor

Vejo um brilho diferente pintando na avenida
Vem trazendo um colorido de festa na bahia
Envolvendo toda gente bonita alegria
Foi aí que eu vi você
Nunca mais vou te deixar

Eu vou, eu vou, eu vou no eva
Eu também vou, eu vou no eva",pt
/banda-eva/,Eva Alegria/ Frevo do Eva,/banda-eva/eva-alegria-frevo-do-eva.html,"Onde estava você
Que não ouviu esse frevo?
Não sei se eu devo
Também te contar toda tristeza,
Bahia se transformar em alegria
E todos os mistérios do mundo
Em um segundo te amar
Magia é estar ao seu lado
Mas foi o pecado que o Eva veio ensinar

ô, ô, ô, ô, foi na cidade de São Salvador

Um dia te vi com riso
De quem quer se apaixonar
E assim se passaram os anos
Eu continuo com planos
De sempre te amar
E assim se passaram anos
Eu continuo com planos
De sempre cantar

Leva, meu amor disse que leva
Eva alegria
Leva, meu amor disse que leva
Pro carnaval da Bahia (2X)

Chorar corando meu coração
Se bate comigo no Eva e leva minha canção
Você que já se evaporou
Voe comigo no céu azul que a Eva pintou
Vem cantar que eu sou aquele que você amou
Um beijo, um riso, uma Eva
No carnaval que passou

Você que já se evaporou
Voe comigo no céu azul que a Eva pintou
Você que já se evaporou
Voe comigo no céu (vai lá)
Salvador, Salvador, onde eu encontrei meu amor
Pulando no sol, brilhando
Com os olhos cheios de cor

Chorar corando meu coração
Se bate comigo no Eva e leva minha canção
Você que já se evaporou
Voe comigo no céu azul que a Eva pintou (3X)",pt
/banda-eva/,"Eva, O Bloco",/banda-eva/eva-o-bloco.html,"Não posso perder um minuto dessa festa
Eu vou no Eva, nessa onda que tem no Eva
Pra você meu bem eu vou no Eva
Nessa onda que tem no Eva
Meu amor
não vou deixar
você aí, querendo namorar
é bem melhor você ficar aqui, só pra me amar
eu vou levando
eu sei que o bloco agora deve estar chegando
e vem pra te levar
ai eu sei que a gente acaba se encontrando
e vai
eu vou levando
eu sei que o bloco agora deve estar chegando
e vem pra te levar
ai eu sei que a gente acaba se encontrando
e vai
Não posso perder um minuto dessa festa
Alegria é tudo que nos resta
Não posso perder um minuto dessa festa
Não posso perder um minuto dessa festa
Alegria é tudo que nos resta
Não posso perder um minuto dessa festa",pt
/banda-eva/,"Eva, Você e Eu",/banda-eva/eva-voce-e-eu.html,"Levo a minha vida, ou ou ou
Sem o seu abraço, ou ou ou
Mas eu não me acho
Acho que fui eu que errei
E na despedida, ou ou ou
Um beco sem saída, ou ou ou
Te dei a minha vida, você me perdeu
Eu estava acostumada, a ser sua namorada
Não consigo te esquecer
Alguma coisa me diz, que eu só vou ser feliz
Com você ao meu lado

Vou te encontrar na avenida,
Tão lindo, tão lindo
Como Deus te fez
E te beijar na saída do bloco mais lindo
Eva, você e eu 2x",pt
/banda-eva/,Faltando um Beijo,/banda-eva/faltando-um-beijo.html,"Como mostrar que te quero pra mim?
Como dizer tudo que eu preparei?
Como fingir se eu já me entreguei a você?
Quando me debrucei nos teus braços e descansei...

Como lembrar de você e não sorrir?
Como falar de você e não cantar?
Como saber se é certo sonhar com você?
Se eu devo seguir os seus passos e acreditar
No amor que escolheu a nossa casa pra morar

Ta faltando um beijo no final
Pra mostrar o quanto é natural

Gostar de alguém como você
Que insiste em dizer
Que só me quer bem

Como lembrar de você e não sorrir?
Como falar de você e não cantar?
Como saber se é certo sonhar com você?
Se eu devo seguir os seus passos e acreditar
No amor que escolheu a nossa casa pra morar",pt
/banda-eva/,Feliz de Feliz Te Ver,/banda-eva/feliz-de-feliz-te-ver.html,"Me deixou em casa e foi passear,
Chegou de manhã e ainda pediu chá,
Pediu carinho e eu até tentei,
Mas tava um cheiro de mentira.

Me deixou em casa e foi passear,
Chegou de manhã e ainda pediu chá,
Pediu carinho e eu até tentei,
Mas tava um cheiro de mentira.


Me desiludi, porque você me trata assim ? Se eu vejo tudo e finjo não perceber
Mas meu coração, sente a sua ausência, e bate tão forte que chega à doer.
Mesmo que te ausentes, aos cuidados desse amor, insisto no que a gente combinou.

ôôôô, é tão fácil compreender,
eu fico feliz de feliz te ver.

papaparará, papaparará, papapararará, papaparararará.


- @peo67",pt
/banda-eva/,Feliz de Te Ver,/banda-eva/feliz-de-te-ver.html,"ME DEIXOU EM CASA
E FOI PASSEAR
CHEGOU DE MANHÃ
E AINDA PEDIU CHÁ
PEDIU CARINHO E EU até TENTEI
MAS TAVA UM CHEIRO DE MENTIRA
ME DESILUDI, PORQUE VOCÊ ME TRATA ASSIM?
SE EU VEJO TUDO E FINJO NÃO PERCEBER
MAS MEU CORAÇÃO SENTE A SUA AUSÊNCIA
E BATE TÃO FORTE QUE CHEGA A DOER
MESMO QUE TE AUSENTES
AOS CUIDADOS DESSE AMOR
INSISTO NO QUE A GENTE COMBINOU

OH...
É TÃO FÁCIL COMPREENDER
EU FICO FELIZ DE FELIZ TE VER...",pt
/banda-eva/,Fica na Luz,/banda-eva/fica-na-luz.html,"Sinto uma vontade de gritar
Fica na luz
Olhe pra dentro
Um sol gigante nasce todo dia
E você insiste
Em mora na nuvem
E aprende nada
Tempo tem pressa e voa tudo que e fugaz
E o que não e verdade não interessa
Não é profundo o suficiente
E não esqueça de crescer.",pt
/banda-eva/,Fico Zen,/banda-eva/fico-zen.html,"Olho no teu olho
Vejo no teu rosto
O que a alma sente e não consegue descrever

Tropeço nas palavras
Ai meu deus que coisa
Penso tantas coisas não consigo te dizer
Você vai rir quando lembrar
Que a vida muda tanto e volta pro mesmo lugar
E tudo que viveu passou
Passou de repente volta vem me ver amor

Tudo bem, você vem, fico bem, fico zen
Fico alegre de te ter comigo todo dia
Com amor, sem amor, vento frio, cobertor
Cubro nosso encontro de amor e alegria",pt
/banda-eva/,Fina Mistura,/banda-eva/fina-mistura.html,"Um molejo um jeito diferente
O que tem no sangue dessa gente?
O suor que escorre no rosto mas sempre feliz a cantar

Baiano faz festa todo dia
Na bagagem carrega alegria
O poeta abriu os seus braços pra te receber

Venha merenguear, vem comigo dançar na rua
Vem ver, vem ver
A beleza mais fina, mais pura mistura
Vem ver, vem ver
Preto, branco, um encanto
Faz ferver, faz esse chão tremer

A lua, a lua pirou e o coração bateu
Toda tristeza passou quando a guitarra tocou
Eletrizou Salvador, o chão da praça tremeu

Um molejo um jeito diferente
O que tem no sangue dessa gente?
O suor que escorre no rosto mas sempre feliz a cantar

Baiano faz festa todo dia
Na bagagem carrega alegria
O poeta abriu os seus braços pra te receber

Venha Caetanear, vem comigo dançar na rua
Vem ver, vem ver
A beleza mais fina, mais pura mistura
Vem ver, vem ver
Preto, branco, um encanto
Faz ferver, faz esse chão tremer

A lua, a lua pirou e o coração bateu
Toda tristeza passou quando a guitarra tocou
Eletrizou Salvador, o chão da praça tremeu",pt
/banda-eva/,Flor Bela,/banda-eva/flor-bela.html,"Meu coração dispara se vejo você
O tempo não revela
Como é bonita a espera
Eu simplesmente encontrei o amor

Meu coração balança
Como uma criança
Se estou com você
Eu tô de bem com a vida
Eu simplesmente encontrei o amor

Eu vou te dar
O azul do mar
Oh minha linda bela flor
E o paraíso doce
Que meu coração criou

Eu vou ligar
Pra te falar de amor
Tô precisando deste teu calor
Eu tô querendo ter voce pra mim
Vou te plantar no meu jardim",pt
/banda-eva/,Flores,/banda-eva/flores-letras.html,"Já me feri
No espinho daquela flor
Já lhe dei beijos
Que marcaram nosso amor
Queria ser Romeu e Julieta
No passado
Um sonho épico
Que eleva o ser amado, meu bem
Lhe dei amores
Venci rumores
Dessa moçada careta
Que não quer saber de amar, porém
Me dê amores
Venci rumores
Dessa moçada careta
Que não quer saber de amar, porém
Nunca amei ninguém
Mas você é quem
Eu que ando criando em meus sonhos
Castelos de areia
Nunca amei ninguém
Mas você é quem
Me afogava no mar
Da ilusão
Sou sua sereia
Já lhe dei flores,flores,flores
Que brotaram em meu jardim
Você brincou de bem-me-quer
Mal quer saber de mim",pt
/banda-eva/,Gratidão,/banda-eva/gratidao.html,"O encanto aconteceu
Você sorriu pra mim
E tudo se refez
Cor de coração
Quisera fazer bem
E sempre ser feliz
Quisera colo seu
Pra dormir em paz

A beleza mora no sossego
E a felicidade então ...
E a mais bela rosa
Sobre a alma
Significa gratidão",pt
/banda-eva/,Gratidão Apenas,/banda-eva/gratidao-apenas.html,"O mundo tá em crise
Mas a gente tá firme
Nada é pra sempre
Olha pra frente
A noite acaba quando o Sol chegar

Que todo pensamento seja positivo
Seja leve, doce e faça sentido
Gratidão apenas
Viva com a certeza de que tudo vale a pena

E se faltar o mundo pra nós
Que os problemas não calem a nossa voz
Vamos viver de amor, ô ô ô ô
De amor, de amor
E se faltar o mundo pra nós
Que os problemas não calem a nossa voz
Vamos viver de amor, ô ô ô ô
De amor, de amor

O mundo tá em crise
Mas a gente tá firme
Nada é pra sempre
Olha pra frente
A noite acaba quando o Sol chegar

Que todo pensamento seja positivo
Seja leve, doce e faça sentido
Gratidão apenas
Viva com a certeza de que tudo vale a pena

Se faltar o mundo pra nós
Que os problemas não calem a nossa voz
Vamos viver de amor (de amor)
De amor
E se faltar o mundo pra nós
Que os problemas não calem a nossa voz
Vamos viver de amor
De amor, de amor

Se faltar o mundo pra nós
Que os problemas não calem a nossa voz
Vamos viver de amor",pt
/banda-eva/,Gudibai,/banda-eva/gudibai.html,"A saudade vai no peito de quem vai partir
É tão lindo o que eu sinto por você
Eu não vou dizer adeus

Em breve estou aqui
Pra fazer essa alegria com você
Vou dizer

Gudibai, amor
Gudibai, amor
Nosso amor é tão bonito
Nunca vou te esquecer
Você é minha terra,
meu céu, meu mar
Como eu posso te deixar",pt
/banda-eva/,Hora H,/banda-eva/hora-h.html,"Intro: ( Bm A G A Bm ) 2x

Bm A Bm
Hora h, dia d eu vou até o fim do mundo amor com voçê
Bm A Bm
Hora h,dia d eu vou até o fim do mundo amor sem me
F#
Perder...
Bm A D ( F#)
Pois o amor é o caminho que nos leva ao céu..
Bm A D (F#)
Aperto,beijos e carinhos com gosto de mel...
Bm A Bm A Bm (F#)
Eh!oh!eh!ah!eh!ah!eh!oh! só quero é te amar, é te amar...
(REFRÃO)
Bm A Bm A
Eu sei que vai dar pé não vai dá bobeira, o amor tá aí,
Bm A G
Não é brincadeira,vem me seduzir,sacudir a poeira
Ai iá iá olha a poeira iá iá ! ( A G F# )

INTRODUÇÃO: ( Bm A G A Bm ) 2x
ESTROFE 2
REFRÃO
ESTROFE 3
SOLO: ( Bm A G A Bm) 2x
",pt
/banda-eva/,Idioma da Paixão,/banda-eva/idioma-da-paixao.html,"
G Em/G Gadd3
Quero falar a lingua do teu coração
Am7 C D7 D
idioma da paixão eu vou aprender
G
te entrego a minha vida
Gadd3
sem ter hora de partida
Am7 C D
sem pensar na despedida, sem sofrer
G Em/G Gadd3
Quero falar a lingua do teu coração
Am7 C D7 D
idioma da paixão eu vou aprender
G
te entrego a minha vida
Gadd3
sem ter hora de partida
Am7 C D
sem pensar na despedida, sem sofrer
G Gadd3
Fica pertinho de mim amor
Am7 C D
me derreto sim, pra você
G Gadd3
faz um denguinho de mim, iô, iô
Am7 C D G D
me ama como se fosse a primeira vez
G
Assim eu vou
Gadd3
me leva nesse balanço
Am7
adormeço com teu canto
C D
em teus braços como uma flor
G Gadd3
Vai me regando assim, me dando seu calor
Am7 D G
me enraizando entre nesse amor
G Gadd3
deixa eu entrar no teu coração
Am7 C
que eu jogo a chave fora
D
nunca mais vou ver a solidão
G Bm C
Iô, iô, iô
D G
Eu nunca mais vou ver a solidão
G Bm C
Iô, iô, iô
D G
",pt
/banda-eva/,Iluará,/banda-eva/iluara.html,"Ô luar ô luar
Ô luar que ilumina o meu Brasil ô luar
Ô luar ô luar
Ô luar que ilumina o meu interior ô luar

Ô luará ô luará
Oh vem me matar de desejo

Abracai o mundo e daí uma beijo
Tem gente que pensa em ficar por aqui
Tem gente que não quer mais sair
Tem gente que pensa em ficar e dizer
Que esse mundo sou eu e você
Eu e você

O brilho que existe em seu olhar
Você com esse jeito que quer me conquistar
Nós dois namorando com a luz do luar
É assim que eu quero te amar
Vem me amar",pt
/banda-eva/,Isso É Bom,/banda-eva/isso-e-bom.html,"Mereço uma pausa
O silêncio é possível
Serei sua fala
Zerei meu juízo

Guardei um segredo
No cio da maçã
Mais seda nas horas
De inspiração

Isso é bom (6x)

Mereço uma pausa
O silêncio é possível
Serei sua fala
Zerei meu juízo

Guardei um segredo
No cio da maçã
Mais seda nas horas
De inspiração

Isso é bom (6x)

Na ponta do cadarço
Não me amarro
Eu não apresso o passo
Só me calo

Nas coisas do amor
Jamais contido
Eu deixo de sofrer
E sobrevivo.

Isso é bom...",pt
/banda-eva/,Lá do Alto Céu,/banda-eva/la-do-alto-ceu.html,"Lá do alto céu
Lá do lado seu

Logo tudo em paz adormeceu
E acordei agora, já perdi a hora
Mas tô tão feliz, voltei ao centro de mim
Me encontro mais se estou só e não tô

Luz do teu olhar faz me ver além
Fez do amor razão pra lhe esperar
E aceitar os seu segredos
Viver, cuidar, você.",pt
/banda-eva/,Leva Eu (part. Durval Lelys),/banda-eva/leva-eupart-durval-lelys.html,"Venha durvalino meu rei...

Ô leva eu, Eva Eva
Leva também o meu amor, Eva Eva
E vamos juntos na avenida
É carnaval em salvador

Ô meu amor, quero saber
Se nosso bloco só vai dar eu e você
Me dê a mão, vamos brincar
Com alegria eu tô querendo te beijar

Ô meu amor, quero saber
Se o paraíso é tão bom quanto você
Venha pra cá, não diga não
Eu já conheço esse olhar na multidão
Me leva

Ô leva eu, Eva Eva
Leva também o meu amor, Eva Eva
E vamos juntos na avenida
É carnaval em salvador

Ô meu amor, quero saber
Se nosso bloco só vai dar eu e você
Me dê a mão, vamos brincar
Com alegria eu tô querendo te beijar

Ô meu amor, quero saber
Se o paraíso é tão bom quanto você
Venha pra cá, não diga não
Eu já conheço esse olhar na multidão
Me leva

Ô leva eu, Eva Eva
Leva também o meu amor, Eva Eva
E vamos juntos na avenida
É carnaval em salvador",pt
/banda-eva/,Levada do Amor,/banda-eva/levada-do-amor.html,"Levada do amor
Levada do amor
Empurra, empurra, empurra o coração
Se joga, pipoca
Na suingueira da paixão
Vou saindo de fininho
Devagar, devagarinho
Vou de frente, de ladinho
Vou atrás do meu amor
Vou gastar meu inglês
Pra dizer que te amo
Abrindo os braços
Lavando a alma
Sorrindo, pulando e cantando
I love you, I love you
I love you, I love you
I love you",pt
/banda-eva/,Loucura Maior,/banda-eva/loucura-maior.html,"Ai ai ui ê ê ê

E o tempo todo dela é dela pra ela
Pra mim sobra o que sobrar
Mas eu tou sossegado
No apego ou desapego
O coração vai agüentar
E se o esquema é festa ela franze a testa
E diz: quero descansar
Mas eu vou te contar
Mas nesse escuro que tá
Outra luz tem que pintar

Meu xodó universo
Que pra ter estrela
Já comprou constelação
E se ela tá se achando
É loucura maior
É perda de razão

Loucura maior nesse escuro
É ela achar que é estrela
Do meu xodó, do meu xodó",pt
/banda-eva/,Mais do Que Preciso,/banda-eva/mais-do-que-preciso.html,"Se bate forte o coração
É sinal
É sinal que pintou uma paixão
Se com você quero viver
Pode vir
Pode crer
Basta apenas esperar bis

Se quando você passa
Tão cheia de pirraça
Que vontade de te ter

Me chama, não disfarça
Que eu ja me entreguei de graça
Tô esperando acontecer

Se bate forte o coração
É sinal
É sinal que ficou uma paixão
E se com você quero viver
Pode vir
Pode crer
Basta apenas esperar bis

Você nunca imaginou em trazer
Muito mais do que eu preciso
E eu sei basta apenas esperar
Troco a lua, o céu e o mar
Tudo isso pelo seu sorriso

Se bate forte o coração
É sinal
É sinal que ficou uma paixão
E se com você quero viver
Pode vir
Pode crer
Basta apenas esperar bis",pt
/banda-eva/,Manda Ver,/banda-eva/manda-ver.html,"Vem correndo pros meus braços
Eu te peço por favor
Não consigo ficar longe
Do seu colinho
Meu amor

Não vai adiantar fugir
Nosso destino Deus traçou
Vamos amar e permitir
Meu bem, o que passou, passou

Vem, eu estou esperando você
Pra gente fazer um auê
Tome conta de mim do seu lado
Manda ver

Amar sem medo de ser feliz
Deixa o coração pedir bis
E quando o Eva passar
Amor, vem correndo
Me amar

Vem, eu estou esperando você
Pra gente fazer um auê
Tome conta de mim do seu lado
Manda ver

Amar sem medo de ser feliz
Deixa o coração pedir bis
E quando o Eva passar
Amor, vem correndo
Me amar",pt
/banda-eva/,Manda Ver / Flores,/banda-eva/manda-ver-flores.html,"Amar sem medo de ser feliz
Deixa o coração pedir bis
E quando o Eva passar
Amor, vem correndo
Me amar

Vem correndo pros meus braços
Eu te peço por favor
Não consigo ficar longe
Do seu colinho
Meu amor

Não vai adiantar fugir
Nosso destino Deus traçou
Vamos amar e permitir
Meu bem, o que passou, passou

Vem, eu estou esperando você
Pra gente fazer um auê
Tome conta de mim do seu lado
Manda ver

Amar sem medo de ser feliz
Deixa o coração pedir bis
E quando o Eva passar
Amor, vem correndo
Me amar


------------
Flores


Já me feri
No espinho daquela flor
Já lhe dei beijos
Que marcaram nosso amor
Queria ser Romeu e Julieta
No passado
Um sonho épico
Que eleva o ser amado, meu bem
Lhe dei amores
Venci rumores
Dessa moçada careta
Que não quer saber amar, porém
Nunca amei ninguém
Mas você é quem
Eu que ando criando em meus sonhos
Castelos de areia
Nunca amei ninguém
Mas você é quem
Me afogava no mar
Da ilusão
Sou sua sereia
Já lhe dei flores
Que brotaram em meu jardim
Você brincou de bem-me-quer
Mal quer saber de mim",pt
/banda-eva/,Mar Sem Fim,/banda-eva/mar-sem-fim.html,"Se lembra de mim
Que eu lembro de você
Eu lembro de te ouvir dizer
Que era assim
Que eu tive que cair pra me convencer
Pra saber porque
Toda sorte é por um triz

Todo acaso é sábio e diz
Os segredos de Deus pra mim
E transforma tudo em bem maior
E você se apóia em mim
Me disponho a você
E a gente se protege

Todo amor é um mar sem fim
Toda dor me faz aprendiz
Todo amor é um mar sem fim
Toda dor me faz aprendiz

Todo acaso é sábio e diz
Os segredos de Deus pra mim
E transforma tudo em bem maior

E você se apóia em mim
Me disponho a você
E a gente se protege

Todo amor é um mar sem fim
Toda dor me faz aprendiz
Todo amor é um mar sem fim
Toda dor me faz aprendiz
(2x)",pt
/banda-eva/,Mares de Ti,/banda-eva/mares-de-ti.html,"E tropeçar meus pés cansados
Nos mares de ti
Cuidar de mim cuidar de ti
As fases e frases
Desfazem nos jeans
Por que é só você que sabe
Aonde surfir
O mais bonito o magnífico
Se teu sorriso esculpe

(refrão)
Solidão ávida nos fez
Apesar de ter
Solidão

Não sei pisar no breque
Tomo charrete
Pros lares de rubis
Pensando nisso
Pensando nisso
Senti felicidade sem fim
Se for passar preciso sarar
É quase inutil
Ficar de ir
Ficar de vir
Ficar feliz isso sim

(refrão)
Solidão ávida nos fez
Apesar de ter
Solidão

Me abraça bem
Já me sinto bem
Sem chorar
Como guitarra grunge
Como escaramouche
Amor talhador

(refrão)
Solidão ávida nos fez
Apesar de ter
Solidão",pt
/banda-eva/,Marley,/banda-eva/marley.html,"Tanto tempo se passou e nada faz eu te esquecer
Vou no embalo, vou no reggae e o coração só quer você
Ficam sempre nas lembranças nossos momentos de amor
Se a maré me leva pra você, nesse reggae eu vou

Marley, traz o meu amor nesse reggae
Eu danço nesse embalo me leve
Eu chamo, clamo por você
Vem amor, vem me ver

Marley, traz o meu amor nesse reggae
Eu danço nesse embalo me leve
Meu céu azul, meu bem querer

Não dá pra esconder
Saudade pega a gente, olha o que faz
Uma vontade de te ver
E o coração só pede mais,
e mais e mais e mais",pt
/banda-eva/,Meu Coração Já Disse Sim,/banda-eva/meu-coracao-ja-disse-sim.html,"Sinto um perfume de flor
Sinto que chegou a hora
Sinto em mim tanto amor
Felicidade é agora
Quero tanto ouvir
E tenho tanto que quero te falar

Deixa o sorriso chegar
Deixa a tristeza lá fora
Deixa esse povo cantar
Que a escuridão vai embora
Quero tanto ouvir
E te falar

Me leva
Quero poder só cantar pra você
A nossa estória começa aqui
Meu coração já disse sim
Eva
Te encontrei não vou mais te perder
Dizem que um amor começa assim
Meu coração já disse sim

Fica a saudade no ar
Fica a alegria do agora
Fica a vontade de amar
Volta, vê se não demora
Quero tanto ouvir
E te falar

Muitas vezes um romance é breve e quer passar
Mas com você bateu
É verdadeiro
Não vou deixar você fugir",pt
/banda-eva/,Minha Galera,/banda-eva/minha-galera.html,"Não esqueco do seu olhar
Quando na minha cidade chegou
Por onde vou começar
Se seu encanto é demais meu amor

Eram turistas em clima de festa
Brincando com a minha galera
Mudando o conceito de amor
De amor de amor de amor de amor

Foi no Bahiano te vi numa festa
No Farol te cruzei bem depressa
Mas no Eva você não escapou
Não escapou e eu pedi meu bem

Me leva que eu vou
Me leva que eu vou
Leva me leva leva que eu vou
Meu amor",pt
/banda-eva/,Minha Menina,/banda-eva/minha-menina.html,"Minha menina
Minha doce pequenina
Meu grande amor
Eu te quero tanto bem

A tua presença é o bastante
Para me fazer ir alem
Eu descubro o horizonte
Quando voce vem

Meu coracao anda sempre emocionado
Descompassado
Se adormece sem te ver

Estou mais feliz
Mais bonito e mais completo
Se estou com voce a vida me sorrir

Por isso é que estou tão de bem
E rindo a toa
E vivo a cantar esse amor
ôuôô ...

Quando voce chegar
Abre as portas para o amor
O que eu tenho é pra te dar baby

Quando voce chegou
Avistei o teu amor
O que eu tenho
É pra te dar baby

Eu sei
A cada dia que eu viver
Eu quero mais é dividir
Contigo sem quebrar
Amor incontido",pt
/banda-eva/,Minha Paixão,/banda-eva/minha-paixao.html,"Chegou e dominou
A minha vida
Me deixou sem rumo, sem direção
Queria saber
O que foi que fez assim
Queria saber
O que foi que deu mim

Oh minha paixão
O que foi que fez assim
Pra ganhar meu coração
Eu queria saber
Onde eu olho
Onde eu ando
Eu só vejo você, minha paixão

Foi o amor
Que me pegou enfim
Quando o sino tocou
Você veio chegando
Nossa música rolou",pt
/banda-eva/,Moinhos de Amor,/banda-eva/moinhos-de-amor.html,"Nós dois, um mar, uma canção
Um bangalô e um violão
Caminhar na areia com você
Descobrir uma trilha pra nós dois
Procurar caminhos, moinhos de amor

Te abraçar, sussurrar canção
Revelar um amor de verão

Quero ser um barco a vela que revela e leva pra qualquer lugar
Mesmo se for longe espera, nosso sentimento há de perdurar
Eu quero ser um barco a vela que revela e leva a nossa canção

Além mar",pt
/banda-eva/,Mútuo,/banda-eva/mutuo.html,"Lá Lá Lá Lá Lá Lá Lá Lá }4 vezes

Algo aqui me diz você bem-me-quer
Dá pra perceber
Vejo teu olhar
Não posso nem falar
Pois comigo também
Não quero esconder
Gostei de você
E é mútuo o querer
Apareceu um beijo
E você se foi
Pra nunca mais voltar

Algo aqui me diz você bem-me-quer
Dá pra perceber
Vejo teu olhar
Não posso nem falar
Pois comigo também
Não quero esconder
Gostei de você
E é mútuo o querer
Apareceu um beijo
E você se foi
Pra nunca mais voltar

Apareceu um beijo
E você se foi
Pra nunca mais voltar

Lá Lá Lá Lá Lá Lá Lá Lá }4 vezes",pt
/banda-eva/,My Love,/banda-eva/my-love.html,"My love, eu amo você
É tanto amor que em mim não cabe
My love, a lua veio ver
Nosso caso
que paixão
Nós rolamos pelo chão (bis)

Você me chama pra dançar
chama pra dançar
Eu a sua estrela, você o meu mar
Você me chama pra dançar
chama pra dançar
E a lua veio ver
A lua veio abençoar (bis)",pt
/banda-eva/,Nabucodonosor,/banda-eva/nabucodonosor.html,"Na boca e na boquinha
E foi papai quem falou
Menina linda, dengosa
Sou sua naja

Sou seu amor
Silenciosa gatinha, fofinha
Sou sua abelha rainha

Beijo com gosto de sal
Vou consultar meu peji
Um alto astral
Jeito louco de ser

Uma babá por ali
Sou odalisca do seu metiê
Vou dançar com você

Ouvi dizer que Babilônia é Salvador
É Salvador, é Salvador
Ouvi dizer que Babilônia é Salvador
Ouvi da boca de Nabucodonosor

Na boca e na boquinha
E foi mamãe quem falou
Tremendamente dengosa
Esse meu-bem querer te viciou

Todo manhoso
Vem cá, meu gatinho
E me enche de beijinhos

Beijo com gosto de sal
Do Oiapoque ao Chuí
Um alto astral
Jeito louco de ser

Uma babá por ali
Sou odalisca do seu metiê
Quero casar com você

Ouvi dizer que Babilônia é Salvador
É Salvador, é Salvador
Ouvi dizer a que Babilônia é Salvador
Ouvi da boca de Nabucodonosor",pt
/banda-eva/,Nada Lhe É Proibido,/banda-eva/nada-lhe-e-proibido.html,"Pra ser feliz
Nada lhe é proibido
Sorrisos são beijos de coração
Os olhos têm sempre que dizer verdades
E o pensamento voar nas manhãs
E ser tudo eternamente

Pra ser real
Olhos de sinceridade
Verdades são luzes no coração
Saudade vem acalenta o teu silêncio
Felicidade nasceu
E o amanhã virá em um sol maior",pt
/banda-eva/,Naná Naná,/banda-eva/nana-nana.html,"É Naná, Naná
Naná, Naná
Quero sentir do teu corpo
Um abraço forte
E do seu olhar
A vontade de me ver

Sei que queres este momento
Eu também esperei tanto
Por você
Oh! Meu encanto

É Naná, Naná
É Naná, Naná

Eu vivo num mundo de sonhos
Querendo alguém pra me amar
Viver desse jeito, assim
Oh! Baby, não dá

Quero sentir do teu corpo
Um abraço forte
E do seu olhar
A vontade de me ter

Sei que queres este momento
Eu também esperei tanto
Por você
Oh! Meu encanto

É Naná, Naná
É Naná, Naná

Eu vivo num mundo de sonhos
Querendo alguém pra me amar
Viver desse jeito, assim
Oh! Baby, não dá

É Naná, Naná
É Naná, Naná",pt
/banda-eva/,"Naná,naná",/banda-eva/nananana.html,"É Naná, Naná
Naná, Naná
Quero sentir do teu corpo
Um abraço forte
E do seu olhar
A vontade de me ver

Sei que queres este momento
Eu também esperei tanto
Por você
Oh! Meu encanto

É Naná, Naná
É Naná, Naná

Eu vivo num mundo de sonhos
Querendo alguém pra me amar
Viver desse jeito, assim
Oh! Baby, não dá

Quero sentir do teu corpo
Um abraço forte
E do seu olhar
A vontade de me ter

Sei que queres este momento
Eu também esperei tanto
Por você
Oh! Meu encanto

É Naná, Naná
É Naná, Naná

Eu vivo num mundo de sonhos
Querendo alguém pra me amar
Viver desse jeito, assim
Oh! Baby, não dá

É Naná, Naná
É Naná, Naná",pt
/banda-eva/,Não Me Conte Seus Problemas,/banda-eva/nao-me-conte-seus-problemas.html,"Refrão:
Então não me conte seus problemas
Hoje eu quero paz eu quero amor
Então não me conte seus problemas
Nada de tristeza nem de dor

Esse sol tão lindo gostoso de se ver
Essa vida boa correndo pelas mãos
Esse povo todo cantando pra valer
Solte essa cabeça acelere o coração
Hoje eu to querendo falar de coisa boa
Hoje eu to querendo gostar mais de você
Vamo balançando que eu do risada à toa
Hoje só não dança quem gosta de sofrer

Refrão (2x)

Veja bem, ta tudo certo
Nós dois na avenida dançando no Eva de coração aberto
Veja bem, Deus não perdoa
Vamo joga essa mão pra cima que a vida é muito boa

Refrão

Veja bem, ta tudo certo
Nós dois na avenida dançando de coração aberto
Veja bem, Deus não perdoa
Vamo pensa positivo que essa vida é muito boa

Refrão",pt
/banda-eva/,Não Vá Embora,/banda-eva/nao-va-embora.html,"E no meio de tanta gente eu encontrei você
Entre tanta gente chata sem nenhuma graça, você veio
E eu que pensava que não ia me apaixonar
Nunca mais na vida

Eu podia ficar feio só perdido
Mas com você eu fico muito mais bonito
Mais esperto
E podia estar tudo agora dando errado pra mim
Mas com você dá certo

(Refrão)
Por isso não vá embora
Por isso não me deixe nunca, nunca mais
Por isso não vá, não vá embora
Por isso não me deixe nunca, nunca mais

Eu podia estar sofrendo caído por aí
Mas com você eu fico muito mais feliz
Mais desperto
Eu podia estar agora sem você
Mas eu não quero, não quero

(Refrão)
Por isso não vá embora
Por isso não me deixe nunca, nunca mais
Por isso não vá, não vá embora
Por isso não m
e deixe nunca, nunca mais",pt
/banda-eva/,Nayambing Blues,/banda-eva/nayambing-blues.html,"Intro: C / F /G

C F G
Peguei o trem do amor
A Jerusalém*
C F G
Na mala não levo a dor, não
C F G
E nem cabe no trem
C F G
Cantando e tocando eu vou
C F G
Vou para o além
C F G
E o anjo condutor, meu Deus
C F G
É músico também
C F
Canta Bahia Reggae |
Bb F
Nayambing Blues para você, meu rei | Refrão
C F
Canta Bahia Reggae, now |
Bb F
Nayambing Blues para você, meu rei |
C Em Am F G
Rabi vai ouvir mais uma vez
C Em Am F G
A tristeza vai embora
C Em Am F G
Alegria toda hora
C Em Am F G
Eu sei, que a semente já vai brotar
C Em Am F G
Já sei, como é grande a vontade de cantar
C Em Am F G
Eu sei, ""The Legalize"" não vai negar
Fogo na Babilônia...
C Em Am F G
",pt
/banda-eva/,Nega Retada,/banda-eva/nega-retada.html,"Cuidado, cumpadre
Compadre, com a nega
Tá querendo te pegar
Tá querendo te agarrar

Essa nega tem feitiço
Cuidado com o enguiço que vai te pegar
Ela trabalha com um santo forte
Que veio do Norte pra te segurar

A nega é retada
É boca de zero nove
A nega é retada
Não deve nada a ninguém

A nega é retada
E joga capoeira
Dá rabo-de-arraia
E pega ponga ""nin"" trem

Cuidado, cumpadre
Cumpadre, com a nega
Tá querendo te pegar
Tá querendo te agarrar",pt
/banda-eva/,Negra Jhô,/banda-eva/negra-jho.html,"Lá, lá, lá, laiá, laiá

Foi lá no Pelô
Foi apertar a trança
Beijou Negra Jhô
Se viu erê criança;

Foi lá no terreiro
Fazer uma oração
Passou na igreja
Joelho no chão

Quem conhece a graça desse amor
Não conhece a luz da ilusão
Quem te cuida sabe a tua a dor
Quer te ver feliz de coração

Quem conhece a graça desse amor
Não conhece a luz da ilusão
Quem te cuida sabe a tua a dor
Quer te ver feliz de coração

Se tenho esse amor
Sou filho de Deus
Sou merecedor
Trabalho pros meus;

Bonito te ver
Te ter é um encontro
Minhas alegrias
Depois eu te conto
Até o sol raiar (4x)

(Repete tudo)

Até o sol raiar (4x)

Lá, lá, lá, laiá, laiá",pt
/banda-eva/,No Meio Das Estrelas,/banda-eva/no-meio-das-estrelas.html,"Olha,
Se chora o meu coração
Eh noite de São João

Fiquei a noite inteira
Olhando pro céu
Pra ver se te encontrava
No meio das estrelas

Vai, andorinha, vai
Cai o seren, cai
A noite inteira que a fogueira já acendeu
Eu vou subir nesse balão
Pra descobrir qual estrela te escondeu

Ai, ai, moreno, ai, ai
Me dá um beijo, vai
Me dá um beijo, vai",pt
/banda-eva/,No Meu Jardim,/banda-eva/no-meu-jardim.html,"Encontrei o céu
Quando a vi pela primeira vez
Um pote de mel
Lá no armário pra gente curtir

Haviam flores, muitas flores, pois tem flores lá no meu jardim
De violeta à rosa-choque, cravo, graxa ou margarida
Amores ricos, pobres, magros, gordos, brancos ou mestiços
Amores fortes, fracos, cegos, ninguém tem nada com isso

Amor, amor i love you
Amor, amor, amor, amor
Ao chegar ao céu
Lindos anjos olhando pra mim
Rafa e Gabriel
Daniel e o anjo serafim

De santo Antônio à Santa Ana, qualquer Santo se milagre faz
Faça com que todos amores sejam flores e não volte atrás
Amores pretos, novos, velhos, não são fáceis, eles são difíceis
Amor sincero, amor materno, esses com certeza existem

Amor, amor i love you
Amor, amor, amor, amor",pt
/banda-eva/,Nosso Amor É Lindo,/banda-eva/nosso-amor-e-lindo.html,"NOSSO AMOR É LINDO

Chega de ficar bem longe, eu prefiro ter você aqui bem perto
Acordar bem cedo e sentir seu rosto no meu travesseiro
Por tanto tempo eu esperei você!
Vem ca, me abraça forte, da um cheiro e um carinho, vem brincar
Pela claridade nosso dia acabou de começar
Abra a janela e deixa o sol entrar

Grave amor, escreva amor
Isso que eu te digo
Sem você não vivo, nosso amor é lindo!",pt
/banda-eva/,Nunca Te Equecerei,/banda-eva/nuvca-te-equecerei.html,"EU COMEÇO HOJE
TERMINO AMANHÃ
MAS O QUE QUERO É NUNCA TERMINAR
E VOCE PODE ME AJUDAR
EU NÃO VOU TE ESQUECER
SE ME AJUDAR A NÃO TERMINAR
TERMINAR NOSSO ROMANCE QUER ACABA DE COMEÇAR

VOCE É MINHA VIDA
MAS EU NUM TENHO BOA MEMORIA
SE COMEÇO HOJE LOGO TERMINAREI
MAS COM VOCE NUM VAI SER IGUAL

E ASSIM NUNCA TE ESQUECEREI
NUNCA NUNCA NÃO
NÃO VOU TE ESQUECER",pt
/banda-eva/,Óculos Azul,/banda-eva/oculos-azul.html,"Ice kiss, drops, mentela, frutella
Na entrada da lapa
Três peças é um real!

Na promoção hot dog, kisuco
Da escada quebrada
Já vejo o circular

Que passa no dique
Não para no ponto
E nem dá desconto
No seu smart card

Tá rolando uma blitz ali
Os ""home"" não para no sinal
Cuidado baculejo
Aproveite e vá de bicicleta

Eu sou mais eu
Eu sou nenhum
Não sou mais um
Eu tenho um óculos azul



@TalitaCarvalh0",pt
/banda-eva/,"Oh,dó!",/banda-eva/ohdo.html,"Eu me sinto tão sozinha
Nessa minha vida sem ninguém
Eu preciso de carinho
Não consigo te esquecer, meu bem

Oh! dó, oh! dó, oh! dó
Tenha dó de mim

Eu não sei viver
Sem teu amor
Não sei viver
Sem teu calor
Posso morrer de frio
Vem me aquecer

Onde foi que eu errei
Onde foi que eu pequei
Tenha dó de mim
Tenha dó de mim
Tenha dó de mim
E não me trate assim",pt
/banda-eva/,"Ói Eu, Véia",/banda-eva/oi-eu-veia.html,"Menino, chama véia
Que o sorvete chegou
Pra matar a sede

Do meu grande amor
Não fique aí parado na janela
Chama véia logo pra comprar

Ói, eu, véia, ô, ô, ô, ô
Ói, eu, véia, ô, ô, ô, ô

Ô, tem sorvete de coco
E de framboesa
Sorvete de lima
Que é uma beleza
Tira, tira da caixa
Refresca a cabeça
E de mim não se perca
Cabeça fresca

Ô, chama a véia aqui
Ô, chama a véia lá (cá)
Chama véia, que o sorvete vai boiar
Quem quer tomar sorvete?",pt
/banda-eva/,Onda de Desejo,/banda-eva/onda-de-desejo.html,"Meu destino é andar por aí
Encontrar com você
Pra viver esse louco amor
Cada dia um novo lugar

E a gente escondido
Nunca vou te deixar
Toda vez que eu vou te amar
Eu descubro mais segredos

Seu corpo é feito o mar
Uma onda de desejo
Onda vai, onde vem
Amar não mata ninguém

Onda vai, onde vem
Vou mergulhar com meu bem
Onda vai, onde vem
Amar não mata ninguém

Onda vai, onde vem
Vou mergulhar com meu bem
No delírio da paixão
Eu me esqueço do perigo

E me entrego à emoção
Quero ser feliz contigo
Onda vai, onde vem
Amar não mata ninguém

Onda vai, onde vem
Vou mergulhar com meu bem",pt
/banda-eva/,Oranção do Terço,/banda-eva/orancao-do-terco.html,"To suave
To falando de coisas bonitas
Imaginando paisagens
Otimista
Deixando as dúvidas pra depois
Iluminando a sorte

Uma força maior
Me protege e diz
Que o sonho não morre assim
Tem uma coragem que grita
E acredita até o fim

To no começo, acordei
Quando nasci
Na última oração do terço!

(Repete tudo)",pt
/banda-eva/,Ou É,/banda-eva/ou-e.html,"Eu voltei
E nunca duvidei do nosso amor
E eu sei
Que está aqui
Sentindo tudo o que a gente passou

Vem cá
E traz aquela mala de saudade
Vem cá
Combina teu abraço com verdade
Eu quero desejo
Meu sonho é teu beijo
Lado de dentro lençol
Trago sol, venha só
E me abrace

Ou é, ou é
Vai ser de outro jeito
Ou é, ou é
Já foi
Ou é, ou é
Vai ser de outro jeito
Ou é, ou é
Pra sempre

Eu voltei
E nunca duvidei do nosso amor
E eu sei
Que está aqui
Sentindo tudo o que a gente passou

Sorri lembrando
De todos os momentos que passamos juntos
A saudade bateu, apertou
E eu sei, mas não desisti
A distância que separa
O que o amor uniu
E por isso eu voltei

Vem cá
E traz aquela mala de saudade
Vem cá
Combina teu abraço com verdade
Eu quero desejo
Meu sonho é teu beijo
Lado de dentro lençol
Trago sol, venha só
E me abrace

Ou é, ou é
Vai ser de outro jeito
Ou é, ou é
Já foi
Ou é, ou é
Vai ser de outro jeito
Ou é, ou é
Pra sempre


Pra sempre
Pra sempre",pt
/banda-eva/,Oxente Balance,/banda-eva/oxente-balance.html,"Oxente Balance
Tambor tá no sangue
Toda pulsação vem de onde?
Vem da Africa, Oh mama Ê

Oxente não negue esse nego
Que é toda beleza a raiz de verdade
Vem da Africa, Oh mama Ê

Vem de gueto
Vem de coração
Do semba
Do samba chulado
Da nossa expressão

Vem de gueto
Vem de coração
De torso
Trançado, Inspirado
Na nossa canção

De onde é que você vem?
Qual é sua raiz?
Essa lembrança que te faz feliz?

De onde é que você vem?
Qual é sua raiz?
Essa lembrança que te faz feliz?

De onde é que você vem?
Qual é sua raiz?
Essa lembrança que te faz feliz?

De onde é que você vem?
Qual é sua raiz?
Essa lembrança que te faz feliz?

Vem de gueto
Vem de coração
Do semba
Do samba chulado
Da nossa expressão

Vem de keto
Vem de coração
De torso
Trançado, Inspirado
Na nossa canção

De onde é que você vem?
Qual é sua raiz?
Essa lembrança que te faz feliz?

De onde é que você vem?
Qual é sua raiz?
Essa lembrança que te faz feliz?

De onde é que você vem?
Qual é sua raiz?
Essa lembrança que te faz feliz?

De onde é que você vem?
Qual é sua raiz?
Essa lembrança que te faz feliz?

De keto
De coração
Semba
Samba chulado
Da nossa expressão

Vem de keto
Vem de coração
De torso
Trançado, Inspirado
Na nossa canção

De onde é que você vem?
Qual é sua raiz?
Essa lembrança que te faz feliz?

De onde é que você vem?
Qual é sua raiz?
Essa lembrança que te faz feliz?

De onde é que você vem?
Qual é sua raiz?
Essa lembrança que te faz feliz?

De onde é que você vem?
Qual é sua raiz?
Essa lembrança que te faz feliz?

Essa lembrança que te faz feliz
Feliz


Karlinha :*",pt
/banda-eva/,Papel Crepom,/banda-eva/papel-crepom.html,"Como o azul papel grepom
O ceu envolve o mar na imensidao
A menina teve um sonho bom
E com as estrelas fez um coração
Se livrou do medo e se entregou ao amor
E jurou encontrar na imprevisão

Tao azul
Olho verde anjo a vigiar
As coisas que acontecem ao meu redor
Quando a gente sente que esta só
Vê a luz tocar a escuridão
E essa vida faz agente rir
Do tempo que chorou
E as cores que eu escolhi pintaram a razão
E eu pensei eu não vou mais pensar.

Repete a Letra.",pt
/banda-eva/,Parceria,/banda-eva/parceria.html,"Aconteceu do caminho encontrar você
Sobrevoou borboleta encantada e tudo mais
Sentava só, os seus sinais sopravam ventos de parceria

Tanto pra ter suas mãos e cuidar do melhor
Certo de não abrir mão desse bem me quer bem
Aí se fez os dois num só
Bem mais que amor, mais luz

Eu tenho a sorte de ter você, do meu lado
Eu tenho a sorte de ter você, do meu lado

Aconteceu do caminho encontrar você
Sobrevoou borboleta encantada e tudo mais
Se andava só, os seus sinais sopravam ventos de parceria

Tanto pra ter suas mãos e cuidar do melhor
Certo de não abrir mão desse bem, me quer bem
Aí se fez os dois num só
Bem mais que amor, mais luz

Eu tenho a sorte de ter você, do meu lado
Eu tenho a sorte de ter você, do meu lado",pt
/banda-eva/,Pássaro Doido,/banda-eva/passaro-doido.html,"Ê zuma ê (Ê zuma ê)
Ê zuma ê (Ê zuma ê)
Ê pássaro doido (Ê pássaro doido)
Ê pássaro doido (Ê pássaro doido)
(2x)

Hoje é dia de acarajé
Pipoca, procissão e afoxé iaiá
Deu saudade do beco de Gal
Que tem um samba bom no seu quintal

Meu quintal é na casa de mãe
No colo do litoral
Feito de mar
Tem tambor que é a fonte de nós
E que no fundo é a voz
De um povo só

(Repete Tudo)

Ê zuma ê (Ê zuma ê)
Ê zuma ê (Ê zuma ê)
Ê pássaro doido (Ê pássaro doido)
Ê pássaro doido (Ê pássaro doido)
(2x)",pt
/banda-eva/,Passinho do Amor,/banda-eva/passinho-do-amor.html,"Quando ele passa eu corro para o telefone
O telefone, o telefone
São poucas palavras
Mas com muito amor pra dar
Ah, se pelo menos eu soubesse o seu nome
Pra nessa canção eu poder te falar

O passinho que você me ensinou
(Pra lá, pra cá, pra frente e pra trás)
Aprendi pra dançar com meu amor
(Pra cima, pra baixo, pro lado e pro outro)

Quase todo dia ele passa em minha porta
Qual será o número daquele celular?
Tava na janela esperando
Ele não tem o telefone, o telefone

A gente se encontrou no baile da cidade
Felicidade, felicidade
Tava muito triste e você me animou
Quero o telefone pra matar minha saudade
E agradecer pelo que me ensinou

O passinho que você me ensinou...

Quando ele passa eu corro para o telefone
O telefone, o telefone
São poucas palavras
Mas com muito amor pra dar
Ah, se pelo menos eu soubesse o seu nome
Pra nessa canção eu poder te falar
(Comigo agora, vai!)

O passinho que você me ensinou...",pt
/banda-eva/,Pegue Aí,/banda-eva/pegue-ai.html,"Vamos unir o nosso pensamento,
vamos juntar a nossa filosofia
faremos você vibrar com a nossa melodia

nós temos a mesma mania (2x)
pare para reparar
alatelá
o que nós queremos é sempre cantar

Refrão:
pegue aí eu não sei esse passo, venha me ensinar (2x)
aprendi me deixe a vontade, quero é dancar

ao som da maré
a brisa do mar o sorriso envolvente ao poder te encontrar
eu danco na rua no beco, no gueto em qualquer lugar

solte o corpo, jogue o corpo pra lá
nao deixe a chama apagar... deixe esse fogo acender
eh nesse embalo que eu tambem quero ir
não me deixe aqui, aqui nao eh o meu lugar...",pt
/banda-eva/,Planta na Cabeça,/banda-eva/planta-na-cabeca.html,"Olha que planta
Que trança na cabeça
Espero que me proteja
Ilumine sensações

Ruas, vielas e guetos
Com certeza
Nosso jeito é nobreza
É a força de milhões

Quantos olhares terei que saber?
Quantos destinos verei
Acontecer?
O vento soprou

Madrugadas vão passear
A voz calou
Também pode fazer sonhar
Ninguém me entregou
As chaves do amor

Oi, vá, não chore
Chega pra cá

"" sabe aquele caruru, que ela vai oferecer?
Veja a cor da conta se é do santo que imagino ser"".",pt
/banda-eva/,Pot-pourri de Capoeira/na Onda do Berimbau/vi Dois Camarões Sentados/pa,/banda-eva/pot-pourri-de-capoeirana-onda-do-berimbauvi-dois-camaroes-sentadospa.html,"Na onda do berimbau
Esquidindau esquidindau
Agitarei meu carnaval
Esquidindau esquidindau

Na onda do berimbau
Esquidindau esquidindau
Agitarei meu carnaval
Esquidindau esquidindau

Bate com a mão que eu bato com pé
O samba virou camdonblé

Lê lê lê lê
Esquindindim Esquindindim
Lê lê lê lê
Esquindindim Esquindindim
Lê lê lê lê
Esquindindim Esquindindim
Lê lê lê lê
Esquindindim Esquindindim

Na praia de amaralina
Vi dois camarão sentado
Falando da vida alheia
Êta camarão malvado

Paranauê paranauê paraná
Paranauê paranauê paraná",
/banda-eva/,Pout-Pourri do Eva: Frevo Eva / Eu Vou no Eva / Leva Eu,/banda-eva/pout-pourri-do-eva-frevo-eva-eu-vou-no-eva-leva-eu.html,"Chorar corando o meu coração
Se bate comigo no Eva eleva minha canção
Vem cantar que eu sou aquele que você amou
Um beijo, um riso, a Eva
No carnaval que passou

Você que já se evaporou
Voe comigo no céu azul que a Eva pintou
Você que já se evaporou
Voe comigo no céu azul que a Eva pintou

Salvador, Slavador, onde encontrei meu amor
Pulando no sol brilhando
Com os olhos cheios de cor

Chorar corando o meu coração
Se bate comigo no Eva eleva minha canção
Chorar corando o meu coração
Se bate comigo no Eva eleva minha canção

Foi difícil te encontrar, morena
Nas ruas de salvador, fissura
Me cansei de procurar, que pena
Onde está o meu amor

Foi um brilho diferente pintando na avenida
Vem trazendo um colorido de festa pra Bahia
Envolvendo toda a gente bonita alegria
Foi aí que eu vi você, nunca mais vou te deixar

Eu vou, eu vou, eu vou no Eva
Eu também vou, eu vou no Eva
Eu vou, eu vou, eu vou no Eva
Eu também vou, eu vou no Eva

Eu vou, eu vou, eu vou no Eva
Eu também vou, eu vou no Eva
Eu vou, eu vou, eu vou no Eva
Eu também vou

Oh Leva eu, Eva, Eva
Leva também o meu amor, Eva, Eva
E vamos juntos na avenida
É carnaval em Salvador

Oh Leva eu, Eva, Eva
Leva também o meu amor, Eva, Eva
E vamos juntos na avenida
É carnaval em Salvador

Oh meu amor quero saber
Se nosso bloco só vai dar eu e você
Me dê a mão vamos brincar
Com alegria eu tô querendo te beijar

Oh meu amor quero saber
Se o paraíso é tão bom como você
Venha pra cá não diga não
Que eu já conheço esse olhar na multidão

Me leva

Oh Leva eu, Eva, Eva
Leva também o meu amor, Eva, Eva
E vamos juntos na avenida
É carnaval em Salvador

Oh Leva eu, Eva, Eva
Leva também o meu amor, Eva, Eva
E vamos juntos na avenida
É carnaval em Salvador",pt
/banda-eva/,Pra Abalar,/banda-eva/pra-abalar.html,"Toda vez que você se banha em meu suor
Fico feliz que até perco a cabeça
Meus olhos sentem prazer e brilham como o sol
Por isso meu bem não desapareça

Sinto a cor da sua alegria perfumando o meu coração
No brilho da lua eu visto a fantasia
prá cantar contente essa canção

Agora é prá valer
Confesso que meu xodó
nasceu só prá você
É prá abalar

A estrutura do amor
prá abalar
Seja como for",pt
/banda-eva/,Pra Colorir,/banda-eva/pra-colorir.html,"Vou cantar pra colorir seu rosto
Sua alegria me faz bem...
E se eu não lembrar da canção que mais gostas
Me perdoa amor, você é quem...
Sabe dar o doce na minha boca
Me cobrindo de prazer
Vamos dançar, pois essa vida é curta,
mas o nosso amor é eterno, eu sei...
Um segundo foi o bastante, pra me apaixonar...
E o trem pro paraíso, parte agora...
Oh oh oh oh oh oh, tow livre pra esse amor
Ah ah ah ah ah ah, me leve agora...
Oh oh oh oh oh oh, o trem já vai partir...
Ah ah ah ah ah ah, me dá sua mão vamos embora...",pt
/banda-eva/,Pra Ficarmos Sós,/banda-eva/pra-ficarmos-sos.html,"Hoje acordei mais cedo
Acordei com aquele medo
De não sermos mais, de não sermos nós

Hoje descobri segredos
Escondidos no teu cheiro
Pra ficar em paz
Pra ficarmos sós

Ah!
A vida ensina a ser capaz de viver bem, viver mais
Ah!
Assumo meus erros se voltar atrás
Pra me fazer feliz
Ah!
Tudo fora de lugar
Já não cabe mais em mim
Ah!
Do teu filme quero ser o rapaz do beijo no final
Me diz

Pra ficar tudo bem
Vai ficar tudo bem!",pt
/banda-eva/,Pra Lá E Pra Cá,/banda-eva/pra-la-e-pra-ca.html,"Venha pra cá, não marque bobeira
Que o meu balanço não é brincadeira!

Pega no timbau, caia na suingueira
Com essa galera eu vou até quarta-feira

Pega no timbau, caia na suingueira
Com essa galera eu vou até quarta-feira

Grite aê!
Mostre as mãos!
Bate palma!
Sai do chão!

Grite aê!
Mostre as mãos!
Bate palma!
Sai do chão!

Você que tá de fora se quiser pode chegar
Tô de tanque cheio vem correndo decolar!

Todo mundo pro lado de cá
Todo mundo pro lado de lá
Todo mundo pro lado de cá
Todo mundo pro lado de lá
E dá um grito aí! (4x)

Todo mundo pro lado de cá
Todo mundo pro lado de lá
Todo mundo pro lado de cá
Todo mundo pro lado de lá

Você que tá de fora se quiser pode chegar
Tô de tanque cheio vem correndo decolar!",pt
/banda-eva/,Preta,/banda-eva/preta.html,"Pandero dero
Pandero dero...

Agora diz que não me quer
Quer liberdade pra fazer o que quiser
Oxente, quem te deu axé?
Cadê a porra do juízo, perguntou José
Agora diz que não me amou
Que não me sufocou e quer me deixar
Até pensei em me perder
Mas penso em você e fico a esperar

Refrão:
Você me disse que não vai Preta
Preta Preta (4x)

Ate que ponto eu sou feliz?
Se eu não tenho você ate pra conversar
Você machuca o coração
Você me dá desilusão
E ao mesmo tempo paz
E agora eu choro pra viver
Sem ter o teu amor
Sem ter o teu querer
E pra cabeça respirar
Eu fico na viagem de você voltar

Refrão:
Você me disse que não vai Preta
Preta Preta (4x)",pt
/banda-eva/,Quando Ela Passa,/banda-eva/quando-ela-passa.html,"É impossível não notar
Quando ela passa
(Não dá pra não olhar)
É impossível não notar
Quando ela passa
(Lá vem ela vem ver)

Exoticamente transcendental
De um jeito fora do normal
Despercebida não passa jamais
Todo mundo nota tudo que ela faz

Parar o trânsito na contra-mão
É sua distração
Onde ela pisa vira passarela
E o seu jeito louco logo se revela

É impossível não notar
Quando ela passa
É impossível não notar
Quando ela passa
(Todo mundo vem ver)

Seu jeito nada discreto de ser
Sempre chama atenção
Irradiante, como a luz do sol
Aviso aos navegantes que ela é meu farol
Sei que ela pode até paralisar
Com a força de um olhar
Não sei se posso com tanto poder
Mas o que eu quero é pagar pra ver

É impossível não notar
Quando ela passa
É impossível não notar
Quando ela passa
(Todo mundo vem ver)

Não dá pra não olhar
Todo mundo vem ver
Eu só quero saber
Lá vem ela vem ver",pt
/banda-eva/,Que Batuque É Esse?,/banda-eva/que-batuque-e-esse.html,"QUE BATUQUE É ESSE?
QUE BATUQUE É ESSE?
QUE BATUQUE É ESSE?
QUE BATUQUE É ESSE?

Ô PRIMO DIGA AI QUAL É O ASSUNTO
não APAGUE, CHEGUE JUNTO... A LUZ
AMORES SÃO SENTIMENTOS PROFUNDOS
QUE EU DESEJO A TODO MUNDO...A LUZ

O AZUL É AZUL
NA BEIRA DO MAR
JOGA FLORES PRA ELA
O OURO VEM DA RIQUEZA DO LAR
QUANDO ACENDO UMA VELA

PRA ELA
PRA ELA
PRA ELA
PRA ELA

QUE BATUQUE É ESSE?
QUE BATUQUE É ESSE?
QUE BATUQUE É ESSE?
QUE BATUQUE É ESSE?

Ô PRIMO DIGA AI QUAL É O ASSUNTO
não APAGUE, CHEGUE JUNTO... A LUZ
AMORES SÃO SENTIMENTOS PROFUNDOS
QUE EU DESEJO A TODO MUNDO...A LUZ

O AZUL É AZUL
NA BEIRA DO MAR
JOGA FLORES PRA ELA
O OURO VEM DA RIQUESA DO LAR
QUANDO ACENDO UMA VELA

PRA ELA
PRA ELA
PRA ELA
PRA ELA

QUE BATUQUE É ESSE?
QUE BATUQUE É ESSE?
QUE BATUQUE É ESSE?
QUE BATUQUE É ESSE?

QUE BATUQUE É ESSE?
QUE BATUQUE É ESSE?
QUE BATUQUE É ESSE?
QUE BATUQUE É ESSE?

PAIÁ, PA, PA, PAIÁ
PAIÁ, PA, PA, PAIÁ

BATUQUE
BATUQUE, BATUQUE É ESSE",pt
/banda-eva/,Que Viagem,/banda-eva/que-viagem.html,"Antes de nós os arvoredos
Acima da verdade, os deuses
O futuro é tudo que no fims erá silêncio
E depois da vida, o amor

Que viajem
um velho a profetizar
E era lindo o olhar de herói
Que vem na frente o fim dessa vontade louca
E me diz que o mundo sonha, poesia e querer bem
Que a saudade é coisa boa de sentir, mas sem chorar

A cada amor, uma canção
É um sofrimento que nem dói
Sei que a chuva há de molhar se eu sair pra ver o sol
E ao longe a tempestade vai
Leva o medo e a dúvida
Se seremos 1 + 1, Se seremos 1 + 1
Há de ser um dia bom pra passear.",pt
/banda-eva/,Quem Ama,/banda-eva/quem-ama.html,"A gente tem brigado por coisa tão pouca
Parece até que dá prazer de desatinar
Chega, que lá fora a vide é muito louca
E a gente perdendo tempo em brigar

Sei que você me ama e quer ficar comigo
Eu também sou apaixonada por você
Têm coisas que enfraquecem o nosso amor amigo
Felicidade assim tem mais o que fazer

Quem ama de verdade
Perdoa que é pra não perder
Quem quer felicidade
Aprende junto um novo modo de viver

A cada ausência tua
O nosso amor aumenta
Procuro me entregar de corpo e coração
Chega de sofrer por uma coisa à-toa

O que interessa mesmo é o poder da paixão
Me chama cada vez que eu vacilar contigo
Que a gente encontra junto uma solução
Brigando tá correndo o risco do perigo
De terminar nós dois na dor da solidão
Quem ama de verdade
Perdoa que é pra não perder
Quem quer felicidade
Aprende junto um novo modo de viver
Quem quer felicidade
Alheia qualquer vontade
Melhor é ser feliz e escutar a voz do coração
Chega de temer, brigar, chorar, sofrer, se dar e se perder
Amor, me diga um sim
Eu só quero ter você",pt
/banda-eva/,Querer,/banda-eva/querer.html,"Você se foi e me deixou ou foi embora
Onde andará o meu amor ô essa hora (BIS)

Eu vou ô ô ô ô ô
me sentar lá beira do mar
e afogar a tristeza
Eu vou ô ô ô ô ô
me sentar lá mesa de um bar,
me embriagar com
Certeza.


Meu bem querer ô ô minha criança
Amo você o morro fica triste sem você
Meu bem querer minha esperança
É não sofrer eu morro e fico triste sem você
Meu bloco na rua não vai desfilar
Na roda de bamba eu não vou mais sambar
Você se foi e me deixou ou foi embora
Onde andará o meu amor ô essa hora
Eu vou ô ô ô ô ô me sentar lá beira do mar e afogar a tristeza
Eu vou ô ô ô ô ô me sentar numa mesa de um bar, me embriagar com
Certeza.",pt
/banda-eva/,Quero Te Pedir,/banda-eva/quero-te-pedir.html,"Por isso quero
Te pedir que me dê seu amor
Te pedir que me dê seu calor
Te pedir que me beije agora

Por isso eu quero
Te pedir que me dê seu amor
Te pedir que me dê seu calor
Te pedir que você não vá em embora
Pra mim também é difícil

Se tem que ser assim
Se vai ter que ser isso
Ter você longe de mim
Eu também choro aqui dentro

Quando penso o quanto amei
Alguém que viveu comigo e
Por algum motivo eu deixei",pt
/banda-eva/,Quero Voltar (part. Ricardo Chaves),/banda-eva/quero-voltar-part-ricardo-chaves.html,"Te sentes só
Vejo no teu olhar
Te conheço bem
Não podes negar
Pensa de novo
Para o nosso bem
Sei que a vontade
Do amor continuar
Quero sentir o que sentia
Estar contigo a toda hora
Tudo novamente

Eu quero voltar
Ao ponto de partida
Quando éramos um só
Eu quero voltar
A ser parte de ti
Antes que o tempo se acabe
Perdoa
Antes que o tempo se acabe

Onde estiver
Irei procurar
Estou a teu lado
Onde quer que vás
A vida é tão curta
Tão vaga tão só
Sem ti junto a mim
Não sei mais quem sou
Quero sentir o que sentia
Estar contigo a toda hora
Tudo novamente

Fomos tão longe
Vamos tentar de novo
Sei que me amas
E pensa em nós
Sei que juntos
Valemos demais",pt
/banda-eva/,Química Perfeita,/banda-eva/quimica-perfeita.html,"Quando ela me olhou,não vi mais nada, pura atração quando ela sorriu, uma parada,
que tentação tudo aconteceu tão de repente fogaréu, veneno de serpente ardendo nas minhas veias botando fogo no meu sofrimento
Química perfeita
quando os meus lábios te beijam
Química perfeita reação em cadeia o fogo do abraço me acende e faz minha cabeça
Química perfeita a ligação é direta fórmula perfeita entre loucura e paixão, a flecha de um anjo me alcança e explode o meu coração hHá muitas formas de amar com a alma, como amigos, com a pele quando se juntam a três
se faz a química perfeita
Química perfeita quando os meus lábios te beijam
Química perfeita reação em cadeia o fogo do abraço me acende e faz minha cabeça
Química perfeita
a ligação é direta fórmula perfeita entre loucura e paixão, a flecha de um anjo
me alcança e explode o meu coração quando teus lábios te beijam deixando em brasa o meu peito, eu sinto a...
Química perfeita reação em cadeia quando teus lábios te beijam e pouco a pouco vamos perdendo o controle
Química perfeita
me alcança e explode o meu coração seu olhar, não vi mais nada! Seu sorriso, uma parada! Química perfeita
Mis que receita! assim não tem igual",pt
/banda-eva/,Reciprofelicidade,/banda-eva/reciprofelicidade.html,"Seja bem vinda, fique à vontade
Multiplique a paixão!
Quando o amor é de verdade
Entrega o coração!

A lua me disse que o beijo marcou
Do alto falante o amor me chamou
Tudo se combina o livro e o autor
Estava sozinho e você me encontrou!

Se amarrou, se amarou em mim
Tinta, parede, sorriso e jardim
Isso é recirpofelicidade!

Se amarrou, se amarou em mim
Química, dengo, matéria sem fim
Isso é reciprofelicidade!

Deixa o sol nascer, deixa o amor bater, pode me abraçar!
Deixa o sol nascer, deixa o amor bater, pode me abraçar!",pt
/banda-eva/,Rede,/banda-eva/rede.html,"Então será que você vem
Desliga o celular e vem pro interior
Mas se não conseguir também
Me acostumei com o carnaval de salvador
Meu bem não se estressa
Que a gente faz a festa
Em cada esquina que o nosso amor passar
A gente se conversa e o que interessa
É você do meu lado quando o sol chegar

E eu vou montar a minha rede
Pegar meu violao pra tocar
Matar a minha sede, te jogar na parede
E a gente vai se amar ria riaa",pt
/banda-eva/,Rede (Part. Santti e Turkez),/banda-eva/rede-part-santti-e-turkez.html,"Então será que você vem
Desliga o celular e vem pro interior
Mas se não conseguir também
Me acostumei com o carnaval de salvador
Meu bem não se estressa
Que a gente faz a festa
Em cada esquina que o nosso amor passar
A gente se conversa e o que interessa
É você do meu lado quando o sol chegar

E eu vou montar a minha rede
Pegar meu violao pra tocar
Matar a minha sede, te jogar na parede
E a gente vai se amar ria riaa",pt
/banda-eva/,Refrão,/banda-eva/refrao.html,"Queria ter você por perto.
Pois tudo com você dá certo.
Seria bom te ver sorrindo.
Pois tudo com você é lindo.

O amor vai balançar essa cidade
Encher de felicidade
E cantar aquela música
Que eu te fiz, pra namorar

La, la, la, la, la ía
La, la, la, la, la ía
La, la, la, la, la ía
La, la, la, la, la ía
La, la, la, la, la ía
La, la, la, la, la ía
La, la, la, la, la ía
La, la, la, la, la ía

Queria desvendar segredos
Pois com você não tenho medo
Queria uma noite à toa
Ficar contigo numa boa

Nosso amor vai balançar essa cidade
Encher de felicidade
E cantar, aquela música
Que eu te fiz pra namorar

La, la, la, la, la ía
La, la, la, la, la ía
La, la, la, la, la ía
La, la, la, la, la ía
La, la, la, la, la ía
La, la, la, la, la ía
La, la, la, la, la ía
La, la, la, la, la ía",pt
/banda-eva/,Reggae do Porto,/banda-eva/reggae-do-porto.html,"Entardeceu lá no porto
Palmas que lá vem o sol
Menina sentada na areia
Na vibe de bobeira
Maluco se jogou no mar
A nado pra canoa

Numa onda da boa (x2)

Quando o sol se despedir
Namorada pra mim
Que é de se apaixonar
Ver a lua no mar (x2)
Deixa a noite correr
Deixa o vento parar
Deixa o beijo durar seu tempo

Deixa a noite correr
Deixa o vento parar
Deixa o beijo durar seu tempo",pt
/banda-eva/,Remador,/banda-eva/remador.html,"Embola, praticumbum, vai com jeito
Embola, praticumbum, vai rolar
Embola, praticumbum, vai com jeito
Embola, praticumbum, vai rolar

Oh, rema o barco, marinheiro
Vai correndo o mundo inteiro
Oh, rema, rema, remador
Rema o barco marinheiro
Vai buscar meu amor

Ai, ai, ai, ai, ai, ai, êh
Ai, ai, ai, ai, ai, ai, êh...
Ai, ai, ai, ai, ai, ai

Vai lá, embarcação
Não vai em outro lugar
Vai lá, embarcação
Meu amor encontrar

Rema, rema, rema, rema, rema, rema, rema marinheiro
Rema, rema, rema, rema, rema, rema, rema, remador
Rema, rema, rema, rema, rema, rema, rema marinheiro
Rema, rema, rema, rema, rema, rema, rema, remador",pt
/banda-eva/,Rua do Sossego,/banda-eva/rua-do-sossego.html,"Zumalaicara do cabelo
Rua do sossego

Zumalaicara do cabelo
Rua do sossego

Zumalaicara do cabelo
Rua do sossego

Zumalaicara do cabelo
Rua do sossego

Começa cedo o calor das américas
Derrete o gelo
E seca a flora
Calor imenso, intenso, humano
É o que eu chamo de fervo bahiano

Acorda cedo o balanço da métrica
Repete o coro em favor da alegria
Revela cores trazidas da Africa
sincretizando o axé da Bahia

Zumalaicara do cabelo
Rua do sossego

Zumalaicara do cabelo
Rua do sossego

Começa cedo o calor das américas
Derrete o gelo
E seca a flora
Calor imenso, intenso, humano
É o que eu chamo de fervo bahiano

Acorda cedo o balanço da métrica
Repete o coro em favor da alegria
Revela cores trazidas da Africa
sincretizando o axé da Bahia

Zumalaicara do cabelo
Rua do sossego

Zumalaicara do cabelo
Rua do sossego

Zumalaicara do cabelo
Rua do sossego

Zumalaicara do cabelo
Rua do sossego

Acorda cedo o balanço da métrica
Repete o coro em favor da alegria
Revela cores trazidas da Africa
sincretizando o axé da Bahia

Zumalaicara do cabelo
Rua do sossego

Zumalaicara do cabelo
Rua do sossego

Zumalaicara do cabelo
Rua do sossego

Zumalaicara do cabelo
Rua do sossego

Mais zu... mais zu... mais zu.. mais zumalaica!

Mais zu... mais zu... mais zu.. mais zumalaica!

Mais zu... mais zu... mais zu.. mais zumalaica!

Mais zu... mais zu... mais zu.. mais zumalaica!",
/banda-eva/,Saudade do Ilê,/banda-eva/saudade-do-ile.html,"A saudade bateu, quero te ver, te ver
No batuque gostoso do Ilê Ayê
A saudade bateu, quero te ver, te ver
No batuque gostoso do Ilê

Te esperei o ano inteiro
Até chegar fevereiro pra gente dançar
Me envolver na melodia
Com você nessa folia
Até o sol raiar

É dia de verão
É calor, é paixão
Quando o Ilê passar
O desejo se realizar
Seu corpo colado no meu, feliz",pt
/banda-eva/,Se,/banda-eva/se.html,"Você disse que não sabe se não
Mas também não tem certeza que sim
Quer saber, quando é assim
Deixa vir do coração

Você sabe que eu só penso em você
Você diz que vive pensando em mim
Pode ser... se é assim

Você tem que largar a mão do não
Soltar essa louca arder de paixão
Não há como doer pra decidir
Só dizer sim ou não
Mas você adora um ""se""

Eu levo à serio mas você disfarça
Você me diz a beça e eu nessa de horror
E me remete ao frio que vem lá do sul
Insiste em zero a zero e eu quero um a um

Sei lá o que te dá não quer meu calor
São Jorge por favor me empresta o dragão
Mais fácil aprender japonês em braile
Do que você decidir se da ou não",pt
/banda-eva/,Se Joga Por Cima de Mim,/banda-eva/se-joga-por-cima-de-mim.html,"Vumbora, cadê você
Vumbora, cadê você

Cervejinha gelada, vumbora
Churrasquinho picante, da hora
E você do meu lado viajando no som
Se ficar apertado, é que o bit tá bom

E quem gosta do reggae se dá bem
Energia arrastando toda a gente

Alegria espalhada pelo ar
E bota lenha na fogueira
Que o bicho vai pegar

Se Joga, se joga
Se joga, se joga
Se Joga, se joga

Se joga por cima de mim",pt
/banda-eva/,Sedução,/banda-eva/seducao.html,"Sedução, paixão, amor e emoção
Viver sem Ilê faz doer meu coração

Quanta gente é essa
Que sobe e desce só pra ver?
Que beleza é essa?
É a beleza do Ilê

Que banda é essa
Que afaga a união?
Que bloco é esse
Que arrasta a multidão

Se já vai, me leva
Me leva que sou mais um
Se já vai, me leva
Me leva eu pro curuzu

Ilê Ayê
Que coisa mais linda de se ver",pt
/banda-eva/,Sei,/banda-eva/sei.html,"Já corri
Meio mundo com os pés no chão
Vi o sol nascente do Japão
Já tomei banho de chuva
Já cumpri uma jura de amor

Já subi montanhas
E fui veloz
Vi o pescador atando nós
Fui para o mar de madrugada
Já falei pra lua alada
De nós dois

Já tomei sorvete até gripar
Já sonhei que eu sabia voar
Já lembrei do seu sorriso
E descobri que foi preciso
Amanhecer
Pra ver o dia me ensinar
Que tudo sei
E nada sei

Como plebeu que além do mar
Pode se revelar
Se transformando em rei
Eu sei...",pt
/banda-eva/,Simplesmente,/banda-eva/simplesmente.html,"Quando você me beijar pétalas de rosa do céu irão chover
Quando você me beijar pétalas de rosa do céu irão chover
Quando você me beijar pétalas de rosa do céu irão chover
Quando você me beijar pétalas de rosa do céu irão chover

Simplesmente, seu admirador troco tudo, faço qualquer coisa
Pulo de asa delta pra ganhar o seu amor
Simplesmente, seu admirador troco tudo, faço qualquer coisa
Pulo de asa delta pra ganhar o seu amor

Quando você me beijar pétalas de rosa do céu irão chover
Quando você me beijar pétalas de rosa do céu irão chover
Quando você me beijar pétalas de rosa do céu irão chover
Quando você me beijar pétalas de rosa do céu irão chover

Simplesmente, seu admirador troco tudo, faço qualquer coisa
Pulo de asa delta pra ganhar o seu amor
Simplesmente, seu admirador troco tudo, faço qualquer coisa
Pulo de asa delta pra ganhar o seu amor

Quando você me beijar pétalas de rosa do céu irão chover
Quando você me beijar pétalas de rosa do céu irão chover
Quando você me beijar pétalas de rosa do céu irão chover
Quando você me beijar pétalas de rosa do céu irão chover

A tarde vai cair Noite vai rolar Madrugada vai surgir
Tem um dia lindo e a gente não se larga mais
A tarde vai cair Noite vai rolar Madrugada vai surgir
Tem um dia lindo e a gente não se larga mais

Quando você me beijar pétalas de rosa do céu irão chover
Quando você me beijar pétalas de rosa do céu irão chover
Quando você me beijar pétalas de rosa do céu irão chover
Quando você me beijar pétalas de rosa do céu irão chover",pt
/banda-eva/,Sinais,/banda-eva/sinais.html,"VAI SABER QUE AMAR
É DAR BELEZA AO QUE SE VÊ
SABERÁ MANIFESTAR
O BEM QUE RECEBER

HÁ DE SER DESTINO
O SONHO QUE OUSE SONHAR
HAVERÁ VERDADE COMO SEMPRE
NOS SINAIS

E O MAR...
TROUXE UMA FLOR PRA ELA
E O CÉU...
CHOVEU SUAS ESTRELAS
E O SOL...
SORRIU UMA LUZ TÃO BELA
E O AMOR...
REVELARÁ",pt
/banda-eva/,Só Por Ti,/banda-eva/so-por-ti.html,"Banda Eva - Só Por Ti

Só de coisa boa eu vivo
E se ando à toa, não ligo
Praia e uma canoa preciso
Pra ficar de boa, sorriso

Só de coração me entrego
Só em uma canção, navego
Só no seu olhar sincero
Pra te ver chegar, espero

De viver em paz, desejo
Só um pouco mais seu beijo
Você viajar... depois
Se você ficar... nós dois

Só por te lembrar, saudade
Só por te querer, vontade
Pra te namorar, amor
Só por ti viver, eu vou",pt
/banda-eva/,Sobre o Amor,/banda-eva/sobre-o-amor.html,"Não!
Sobre o amor, eu tenho coisas a dizer
Você vai ter que ouvir
Se muitas vezes me calei
Só pra não ver
Nosso cristal partir
Será que fiz mal?

Sei
Que fui sincero, fui fiel a minha essência
Mas te fiz chorar
Se o combinado era fazer você sorrir
Pra não me machucar
Só quis o teu bem

Mas abrir mão dos meus desejos
Renunciar as minhas dores
Foi subornar minhas certezas
Minhas flores
E lá se vai mais uma ponte
Encontro o seu abraço lá

(Repete tudo)",pt
/banda-eva/,Sol Pra Mim,/banda-eva/sol-pra-mim.html,"Eu me olho no espelho
E acho que tá bom
Passo a mão no cabelo
E dou volume no meu som

Pego minha ""bike""
E vou correr na sua pista
Quero te encontrar
Não vou mais ficar só

Custe o que custar
Não vou perder você de vista
A lua avisou
Que tá pintando o sol

Só pra ver
O dia amanhecendo com você
O galo cocorocou
É de madrugada

Eu me lembro bem
Daquele dia que eu te vi
Era lindo o sol
Se preparando

Sol pra mim
E eu vou ver
O dia amanhecendo com você",pt
/banda-eva/,Solta O Breque,/banda-eva/solta-o-breque.html,"Meu bem me leva
Pra curtir o som dessa banda
So alegria
Nao tem papo de parou

O povo fala
Minha Chica tá bacana
Seu motorista porque voce parou

Solta o breque
Pise no acelerador
Solte o breque
Leva o carro seu motor

Sai da toca
Que a banda que toca
O seu coracao nessa multidao

Me abraça
Me beija
Me dá um chamego
Que eu quero ficar com voce

Amor, amor, amor
Só quero amor (bis)",pt
/banda-eva/,Sorriu Que Sim,/banda-eva/sorriu-que-sim.html,"Nem bem chegou, já te notei
Você também nem soube disfarçar
O teu sorriso me pegou de jeito
Meu coração quase pulou do peito
Pra me avisar que aquele era o dia
Que o amor nasceria

Eu me arrisquei à beira-mar
Pedi a lua para me ajudar
Você entendeu e me sorriu que sim
Aiai meu Deus, que bom te ter
Aiai, sorriu no ar
Aiai meu Deus, eu te amei
Aiai desde o primeiro olhar

Não sabe a alegria que me deu
A alegria de te ter
E hoje não consigo te esquecer



por
.:amanda andreghetti:.",pt
/banda-eva/,Tá Na Cara,/banda-eva/ta-na-cara.html,"Brasil não conhece a áfrica
Mas a áfrica sabe bem do brasil
Brasil não conhece a áfrica
O brasil não sabe bem do brasil
Brasil não conhece a áfrica
Mas a áfrica sabe bem do brasil
Brasil não conhece a áfrica
O brasil não sabe bem do brasil
O brasil não sabe bem do brasil
Não sabe bem do brasil
Não sabe bem do brasil

Tá na cara, ta na veia, ta na cor
Tá no som do tambor
Tá na boca e no olho do amor
Tá na cara, ta na veia, ta na cor
Tá no som do tambor
Tá na boca e no olho do amor

Tá no dia de branco
Tá nas almas de segunda-feira
Tá no brilho da fé
Dos filhos de yemanjá
Odoiá
Tá no suor e no sangue
Que a gente ainda derrama
Axé, brasil
África
Tá no suor e no sangue
Que a gente ainda derrama
Pois é, brasil
África",pt
/banda-eva/,Tá na Hora,/banda-eva/ta-na-hora.html,"Lá, lá
Meu amor chega mais perto
Pra saber do que sou capaz
Não complique nosso lance
Tudo é simples demais
Pode crer
Eu sou o cara

Mando flores você me responde via celular
Com uma foto deslumbrante pra me provocar
Esse jogo já esta ganho vou deixar rolar
É gol

Tá na hora de você tomar a decisão
Tá na hora de você falar pro meu coração
Te amo, te amo, te amo Tá na hora

De punhos fechados
Virados pro céu
Eu bato no peito
Eu digo: Te amo, te amo, te amo
Tá na hora",pt
/banda-eva/,Tá Vendo Aí?,/banda-eva/ta-vendo-ai.html,"Tá vendo aí? Como é que é? Eu tava só mais não houve jeito.
Você chegou, e me pegou.
Meu coração já não cabe no peito.
Será amor? Será paixão? É só o tempo que vai dizer
Mas olha só. Se ligue aí. Essa canção foi feita pra você!

Eita vida muito louca, vou beijar a sua boca
Sabe lá se isso vai durar!
Pelo quanto lhe conheço, essa sorte eu mereço
Abra os braços e vem me amar!

Olha nos meus olhos e veja como é bom esse carinho
Ninguém nessa vida pode mesmo é ficar sozinho
Olha nos meus olhos veja como é bom essa alegria
Ganhar o seu amor é tudo que eu queria !



By Ana Clara Marcello",pt
/banda-eva/,Tamanco Malandrinho,/banda-eva/tamanco-malandrinho.html,"Vista sua mortalha azul turquesa
Mais bonita que a beleza
Mais humana que o perdão

Calce seu tamanco malandrinho
Pintado de azul marinho
Que é a cor da solidão

Transe carnaval são só três dias
De cachaça e de folia
De alegria e de emoção

Chore quando chegar a terça-feira
Peito explode de saudade
Dilacera o coração

Que eu quero ver
Eu quero ver é
Meu bloco na Avenida Sete encontrar com você
Eu quero ver é
Na arquibancada da vida você se perder",pt
/banda-eva/,Tão Seu,/banda-eva/tao-seu.html,"Eu sinto sua falta
Não posso esperar tanto tempo assim
O nosso amor é novo
É o velho amor ainda e sempre

Não diga que não vem me ver
de noite eu quero descansar
Ir ao cinema com você
Um filme à toa no Patê

Que culpa a gente tem de ser feliz ?
Que culpa a gente têm, meu bem ?
O mundo bem diante do nariz
Feliz agora e não além...

Refrão :
Me sinto só, me sinto só
eu me sinto tão seu...
Me sinto tão, me sinto só
E sou teu
Me sinto só, me sinto só
eu me sinto tão seu
Me sinto tão, me sinto só
E sou teu

Faço tanta coisa
Pensando no momento de te ver
A minha casa sem você é triste
A espera arde sem me aquecer

Não diga que você não volta
Eu não vou conseguir dormir
À noite quero descansar
Sair à toa por aí...

Refrão

Sinto sua falta
Não posso esperar tanto tempo assim
O nosso amor é novo
É velho amor ainda e sempre

Que culpa a gente têm de ser feliz ?
Eu digo eles ou nós dois
O mundo bem diante do nariz
Feliz agora e não depois...

Refrão",pt
/banda-eva/,Tempestade de Paixão,/banda-eva/tempestade-de-paixao.html,"Você é que nem chuva de verão
É minha tempestade, me enche de paixão BIS

Se um pinguinho de você cair na minha mão
Vai germinar, vai florescer amor no coração
E se um pinguinho de você se mixar ao meu
A vida vira um paraíso pra você e eu

E a chuva pinga, pinga, pinga
E faz chuá, chuá
A gente ginga, ginga, ginga
E fica ao Deus dará BIS

Chove amor uô, uô
Mande embora essa tristeza uô, uô
Chove amor uô,uô
Que essa vida é uma beleza",pt
/banda-eva/,Tic Tic Tac,/banda-eva/tic-tic-tac.html,"Bate forte o tambor
Que eu quero é tic tic tic tic tac

Bate forte o tambor
Que eu quero é tic tic tic tic tac

É nesta dança que meu boi balança
E o povão de fora vem para brincar

É nesta dança que meu boi balança
E o povão de fora vem para brincar

As barrancas de terras caidas
Faz barrento o nosso rio mar

As barrancas de terras caidas
Faz barrento o nosso rio mar

Amazonas rio da minha vida
Imagem tão linda
Que meu Deus criou

Fez o céu a mata e a terra
Uniu os caboclos
Construiu o amor

Fez o céu a mata e a terra
Uniu os caboclos
Construiu o amor

Bate forte o tambor
Que eu quero é tic tic tic tic tac

Bate forte o tambor
Que eu quero é tic tic tic tic tac

É nesta dança que meu boi balança
E o povão de fora vem para brincar

É nesta dança que meu boi balança
E o povão de fora vem para brincar
Bate forte o tambor
Que eu quero é tic tic tic tic tac

Bate forte o tambor
Que eu quero é tic tic tic tic tac

É nesta dança que meu boi balança
E o povão de fora vem para brincar

É nesta dança que meu boi balança
E o povão de fora vem para brincar

As barrancas de terras caidas
Faz barrento o nosso rio mar

As barrancas de terras caidas
Faz barrento o nosso rio mar

Amazonas rio da minha vida
Imagem tão linda
Que meu Deus criou

Fez o céu a mata e a terra
Uniu os caboclos
Construiu o amor

Fez o céu a mata e a terra
Uniu os caboclos
Construiu o amor

Bate forte o tambor
Que eu quero é tic tic tic tic tac

Bate forte o tambor
Que eu quero é tic tic tic tic tac

Bate forte o tambor",pt
/banda-eva/,Timbaleiro,/banda-eva/timbaleiro.html,"Timbaleiro é timbaleiro é oh
Vou rondando a madrugada
procurando o meu amor

Não deixe a tristeza invadir seu coração
O brilho que vem de você ergue a voz da intuição
Palavra tem força tem vida é mais que expressão
Só devem ser ditas pra alegrar o coração

O zumbido do tambor do batuque se revela
Demostrando pra raça coragem e vontade de viver
Reluzindo meu coração e em forma de canção
Eu ficando feliz em te ver ê ê",pt
/banda-eva/,Torres de Babel,/banda-eva/torres-de-babel.html,"Deus do céu afasta a burrice humana
Dos homens e de suas torres de Babel
Deus do céu afasta a burrice humana
Não deixa lugar pra ele lá no céu

A Terra acorda cedo e veste um manto de beleza
E a guerra parece um seixo dentro desse caldeirão
Detona sua poeira do nariz da natureza
Arrasando a esperança verde desse chão

E a mão do homem desfaz o que levou tempo demais
Pra se construir debaixo desse céu azul
Vai ficar chorando paz
Vai ficar querendo sol
Mas não vai trilhar caminho nenhum",pt
/banda-eva/,Traz Axé,/banda-eva/traz-axe.html,"Lá vem o groove da Bahia
Lá vem carnaval
Lá vem o mantra da alegria
Levantando o astral

Lá vem a massa, o trio, a festa só falta você
Pegue o seu sapato velho, você vai usar

Esse groove é de maluco
Pra frente a fila anda (bis)

Trazendo o que
Traz axé, traz axé
Todo mundo vem na fé com axé
Traz axé, traz axé
Todo mundo vem na fé com axé",pt
/banda-eva/,Trem do Amor,/banda-eva/trem-do-amor.html,"Peguei o trem do amor
A jerusalém
Na mala não levo a dor, não
E nem cabe no trem
Cantando e tocando eu vou
Vou para o além
E o anjo condutor, meu Deus
É músico também
Canta Bahia reggae
Nayambing Blues para você, meu rei
Canta Bahia reggae, now
Rabi vai ouvir mais uma vez
A tristeza vai embora
Alegria a toda hora
Eu sei
Que a semente já vai brotar
Já sei
Como é grande a vontade de cantar
Eu sei
""The Legalize"" não vai negar
""The Legalize"" não vai negar
Fogo na Babilônia...
",pt
/banda-eva/,Tributo Ao Apache,/banda-eva/tributo-ao-apache.html,"Quem foi que disse que o Apache não vem?
Chega mais chega mais pra se dar bem
Voa pomba branca da paz
E vai dizer aos seus irmãos que o Apache hoje vive em paz
Ô laraiê ô laraiê ôi lailá

Quem de lá vem vindo quem de lá vem só
Quem de lá vem vindo quem de lá vem só
Foi nesse passo que eu saí do Tororó

Ô laraiê ô laraiê ôi lailá
Xi que barbaridade
É uma bola de neve rolando pela cidade
Ô laraiê ô laraiê ôi lailá",pt
/banda-eva/,Tudo Bem Pra Mim!,/banda-eva/tudo-bem-pra-mim.html,"Eu vim da Bahia pra tentar ouvir sua voz e te dizer
Que samba foi feito pra sambar, a vida foi feita pra viver
Viver sem você é solidão, viver com você é multidão!
Fazer poesia de amor ouvindo a voz

Que chama pra ouvir aquela música que fala de nós dois
Não deixa pra depois

Sorrindo vejo cor em tua face
Sorrindo vejo cor em teu olhar e mais!
De longe sinto falta do teu toque
De longe sinto falta de você!

Amanhã tá tudo bem pra mim!
? Tô? louco pra viver você
Amanhã tá tudo bem pra mim
? Tô? louco pra viver você",pt
/banda-eva/,Tudo Certo Na Bahia,/banda-eva/tudo-certo-na-bahia.html,"TUDO CERTO NA BAHIA
BRISA BOA DE MEU DEUS
QUEM DIRIA QUE EU ENCONTRARIA
MEU OLHAR DENTRO DO SEU

PRECISO DE CALMARIA
PRA LEVAR O MEU VIVER
ANCORAR MEU BARCO JUNTO AO SEU
LIBERDADE DEUS ME DEU

E DE MANHÃ
ACORDAR COM CHEIRO
MISTURADO SEU E MEU
POR TUDO QUE ACONTECEU
E DE NOITINHA
FAÇA UM CAFUNÉ MAINHA
TOME UM BANHO DE BAHIA
QUE PAINHO É TODO SEU(2X)

OH, OH!

MAS TUDO CERTO NA BAHIA
BRISA BOA DE MEU DEUS
QUEM DIRIA QUE EU ENCONTRARIA
MEU OLHAR DENTRO DO SEU

PRECISO DE CALMARIA
PRA LEVAR O MEU VIVER
ANCORAR MEU BARCO JUNTO AO SEU
LIBERDADE DEUS ME DEU


E DE MANHÃ
ACORDAR COM CHEIRO
MISTURADO SEU E MEU
POR TUDO QUE ACONTECEU
E DE NOITINHA
FAZ UM CAFUNÉ MAINHA
TOME UM BANHO DE BAHIA
QUE PAINHO É TODO SEU(2X)

OH, OH!
TUDO CERTO NA BAHIA",pt
/banda-eva/,Tudo Massa,/banda-eva/tudo-massa.html,"Tá tudo massa
O santo tá forte
O povo na praça
Cantou liberdade
E o sonho de ver a cidade igual
Tá clareando uma luz natural

Pra mim, pra você
Pra Zé, pra Dedê
Pra um, pra dez mil
Pra Chico e Maria também
(2x)

Água de cheiro pra crer
Tapa de tambor
Pra oferecer
Bata lá Nagô.
(2x)

Pra mim, pra você
Pra Zé, pra Dedê
Pra um, pra dez mil
Pra Chico e Maria também
(2x)

(Repete tudo)",pt
/banda-eva/,Tudo Nosso (Hands Up),/banda-eva/tudo-nosso-hands-up.html,"Bota pra descer, solte o pé do chão
Pra fazer valer, bate na palma da mão

Hoje é um dia especial
Coisa mais bela nunca vi igual
Entra na brincadeira
Entra na brincadeira

Hoje é um dia especial
Coisa mais bela nunca vi igual
Entra na brincadeira
Entra na brincadeira


Chama a galera pra dançar
Que hoje é tudo nosso e não tem hora pra acabar

Put your hands up
Joga a mão pra cima e sacode aê!
Put your hands up
Joga para um lado e para o outro
Eu quero ver",pt
/banda-eva/,Tudo Nosso! (Hands Up),/banda-eva/tudo-nosso-hands-up-2.html,"Bota pra descer, solte o pé do chão
Pra fazer valer, bate na palma da mão

Hoje é um dia especial
Coisa mais bela nunca vi igual
Entra na brincadeira

Hoje é um dia especial
Coisa mais bela nunca vi igual
Entra na brincadeira

Chama a galera pra dançar
Que hoje é tudo nosso e não tem hora pra acabar

Put your hands up
Joga a mão pra cima e sacode aê!
Put your hands up
Joga para um lado e para o outro
Eu quero ver",pt
/banda-eva/,Uma Canção,/banda-eva/uma-cancao.html,"Às vezes bate
Uma vontade de saber
Onde está você
Naquela tarde
Eu vi tudo se perder
E era pra valer
Foi melhor assim
Você quem quis o fim
E agora
Mas era pra sempre
Meu amor
Fiz uma canção
Só pra aliviar minha solidão
Pensei em te ver
Ou até mesmo escrever
Tive que me conter
Sozinho no carro
Vendo o dia amanhecer
E onde está você
Foi melhor assim
Você quem quis o fim
E agora
Mas era pra sempre
Era pra sempre
Meu amor
Fiz uma canção
Só pra aliviar minha solidão",pt
/banda-eva/,Vadiê,/banda-eva/vadie.html,"Ê Maria Preta
Vestiu roupa branca toda moderna
Se a boca tá nua, dentadura nela

Chama o doutor
Que ajeita tudo
Chama o doutor
que groova tudo

Ê tem um tal de surdo
Tocando virado
Bem compassado
Todo arrumado
Todo arretado -> na segunda vez se diz: ""Todo engomado""
Fazendo o som
Daqui pro mundo
Fazendo o som
Pra todo mundo

Se a fruta tá madura
Tira logo da pendura
Deixe o doce adoçar

Ô vadiê, vadiê, vadiê
Ô vadiê, vadiê, vadiá
Ô vadiê, vadiê, vadiê
Ô vadiê, vadiê, vadiá

É no samba duro
É no samba duro
É no samba duro
É no samba duro


Enviado por Thiago Axézeiro",pt
/banda-eva/,Vagabundo Absoluto,/banda-eva/vagabundo-absoluto.html,"Foi na aba da manhã
Foi na aba da manhã
Que cismei de mastigar meu hortelã
Foi na aba da manhã

Nós dois nunca pisamos
do chapéu da poesia
Aonde eu ia

Você ia
E tudo virava dia
Virava

Nós nunca gelamos
No chapéu do não podia
Boa tarde
Boa noite
Como vai é todo dia

Foi na aba da manhã
Foi na aba da manhã
Que cismei de mastigar meu hotelã
Foi na aba da manhã

Quando creio no absurdo
Em geral na contramão da fé
Folhas caem de outro mundo
Num retrato exato de mulher
E ficamos sem saber a razão
Do princípio
Desses frutos
Desses versos grãos",pt
/banda-eva/,Vai,/banda-eva/vai.html,"Vai
Se você quer um tempo eu digo
Bye, bye
Não vou brincar de bola com meu coração
Não dá pra esperar o teu medo passar
Quando eu me apaixonei
O coração sabia que era pra sempre
Jurava que não tinha como ser diferente
O tempo passou pra você
Não tinha de ser assim
Agora você vem dizer que ainda gosta de mim
Quem pediu
Pra dar um tempo não fui eu
Foi você quem escolheu
Achou bem melhor fugir de mim
Agora adeus
Não há mais nada pra falar
Bem melhor deixar como está
Faz de conta que o nosso amor se acabou.",pt
/banda-eva/,"Vai Sacudir, Vai Abalar",/banda-eva/vai-sacudir-vai-abalar.html,"Vai sacudir, Vai Abalar
Quando meu amor passar
Explode coração
È muita emoçao no ar
(2x)

Vou abrir mão de tudo pra gente fica junto
não vou deixar você fugir de mim
Amor
Por terra, céu e mar, eu vou te acompanhar
Preciso de você
(2x)

Vai sacudir, Vai Abalar
Quando meu amor passar
Explode coração
È muita emoçao no ar
(2x)

Não há quem resista a esta sinfonia
tambores e pepiques a soar
Namagia desse dia de festa(é pra levantar poeira)
Ficar parado é bobeira

Vai abalar quando meu amor passar
Explode coração
È muita emoçao no ar
Mais vai, vai sacudir, Vai Abalar
Quando meu amor passar
Explode coração
È muita emoçao no ar


Vou abrir mão de tudo pra gente fica junto
não vou deixar você fugir de mim
Amor
Por terra, céu e mar, eu vou te acompanhar
Preciso de você


Vai sacudir, Vai Abalar
Quando meu amor passar
Explode coração
È muita emoçao no ar
Mais vai, vai sacudir, Vai Abalar
Quando meu amor passar
Explode coração
È muita emoçao no ar",pt
/banda-eva/,Velocidade Luz,/banda-eva/velocidade-luz.html,"O amor nasceu, cresceu, morreu em nós
E o sol se pôs atrás de um céu azul

E estrelou quando você chegou
A flor do seu cabelo
E fugiu levando minha paz
Velocidade luz
E lançou um abraço, desabraço
Coragem vira medo
Revelou pra mim o seu sorriso
E o escuro virou luz

A flor vermelha se despetalou
E a casa construiu ares de amor

Ainda bem que você despertou
E me acordou mais cedo
Ser feliz é a arte do sabor
É o nome da luz
Ainda bem que o seu cheiro vem
E faz minha cabeça
Esqueça, me perca
Não desapareça amanhã...
Esqueça, me perca
Não desapareça amanhã

Oiá oiá oiá oiaiá...",pt
/banda-eva/,Visceral,/banda-eva/visceral.html,"Bragadá passou e abriu o caminho
Bragadá chegou não fique sozinho
Bragadá passou e abriu o caminho
Bragadá chegou não fique sozinho

O som é forte o peso da percussão
Visceral vê se não mete bragadá e boladão
Temos a música uma de proteção
Uma tribo mascarada com a força no coração

Oh ah bragadá já vai passar
Vai ter coisa boa
Vou fazer você dançar
Oh ah bragadá já vai passar
Vai ter coisa boa
Vou fazer você dançar

Vamos decolar nesse swing fluindo o bragadá
Olha que já tá pegando fogo lá no sul do bragadá
Vamos decolar nesse swing fluindo o bragadá
Olha que já tá pegando fogo lá no sul do bragadá",pt
/banda-eva/,Vô Descer,/banda-eva/vo-descer.html,"Chegou, chegou
Mas quem não viu
Essa é a galera
Animada do brasil!

Vou descer, vou descer
Pra brincar com você
Vou descer, vou descer
Pra fazer o auê

Nada vai me segurar
Nada vai me impedir
Eu quero estar juntinho de ti

Vai ser tão bom, amor
Esperei muito tempo
Pra esse momento chegar

E nos teus olhos eu vejo
Toda alegria do mundo
Quem não quer ser feliz e amar

E nos teus olhos eu vejo
Toda alegria do mundo
Quem não quer ser feliz e cantar",pt
/banda-eva/,Você Não Está,/banda-eva/voce-nao-esta.html,"Olha o que tava combinado
era você ""tá""
do meu lado amor
Não tá

O era certo é que você
vinha direto para Salvador
Não dá

Espero o dia espero
a noite perco o sono
Eu não durmo e você não está
Tô pensando em dar o fora

Não aguento essa demora
assim não dá
Eu só quero é ser feliz também
Não me faça infeliz meu bem

Se você chegar já vai me encontrar
No Pelourinho desfilando com alguém
E não vá pensar que eu
só vou cantar a melodia

Só arranja amor quem tem
Quem tem",pt
/banda-eva/,Z de Zazá,/banda-eva/z-de-zaza.html,"Zoada, zunido
Zoeira, zumbido
Zazuêra, zum zum

Zé de Zazá
Z de Zaragoza
Zico zerou
Os zóio da zaga

Zabelê, Zumbi
Zumarazul
Asa de zoom
Zarpei às onze
Desencontro deu zum zum

Zica reza na quizumba
Zinco faz sorriso
Outrazora
De zureta deu zum zum",
/e-o-tchan/,Pau Que Nasce Torto/ Melô do Tchan,/e-o-tchan/pau-que-nasce-torto-melo-do-tchan.html,"Pau que nasce torto nunca se endireita
Menina que requebra... mãe, pega na cabeça
Pau que nasce torto nunca se endireita
Menina que requebra... mãe, pega na cabeça

Olha Domingo, ela não vai (vai, vai)
Domingo, ela não vai, não (vai, vai, vai)
Olha Domingo, ela não vai (vai, vai)
Domingo, ela não vai, não (vai, vai, vai)

Pau que nasce torto nunca se endireita
Menina que requebra... mãe, pega na cabeça
Pau que nasce torto nunca se endireita
Menina que requebra... mãe, pega na cabeça

Olha Domingo, ela não vai (vai, vai)
Domingo, ela não vai, não (vai, vai, vai)
Olha Domingo, ela não vai (vai, vai)
Todo mundo segurando essa tchan, vamo embora (vai, vai, vai)

Segura o Tchan, amarra o Tchan
Segura o Tchan, Tchan, Tchan, Tchan, Tchan
Segura o Tchan, amarra o Tchan
Segura o Tchan, Tchan, Tchan, Tchan, Tchan

Este é o Gera Samba arrebentando no pedaço
Joga ela no meio, mete em cima, mete em baixo
Este é o Gera Samba arrebentando no pedaço
Joga ela no meio, mete em cima, mete em baixo

Segura o Tchan, amarra o Tchan
Segura o Tchan, Tchan, Tchan, Tchan, Tchan
Segura o Tchan, amarra o Tchan
Segura o Tchan, Tchan, Tchan, Tchan, Tchan

Pau que nasce torto nunca se endireita
Menina que requebra... mãe, pega na cabeça
Pau que nasce torto nunca se endireita
Menina que requebra... mãe, pega na cabeça

Olha Domingo, ela não vai (vai, vai)
Domingo, ela não vai, não (vai, vai, vai)
Olha Domingo, ela não vai (vai, vai)
Domingo, ela não vai, não (vai, vai, vai)

E Tudo que é perfeito a gente pega pelo braço
Joga ela pro meio, mete em cima, mete em baixo
Tudo que é perfeito a gente pega pelo braço
Joga ela pro meio, mete em cima, mete em baixo

Depois de nove meses você vê o resultado
Depois de nove meses você vê o resultado
Depois de nove meses você vê o resultado
Depois de nove meses você vê o resultado

Segura o Tchan, amarra o Tchan
Segura o Tchan, Tchan, Tchan, Tchan, Tchan
Segura o Tchan, amarra o Tchan
Segura o Tchan, Tchan, Tchan, Tchan, Tchan

Este é o Gera Samba arrebentando no pedaço
Joga ela no meio, mete em cima, mete em baixo
Este é o Gera Samba arrebentando no pedaço
Joga ela no meio, mete em cima, mete em baixo

Segura o Tchan, amarra o Tchan
Segura o Tchan, Tchan, Tchan, Tchan, Tchan
Segura o Tchan, amarra o Tchan
Segura o Tchan, Tchan, Tchan, Tchan, Tchan

Segura o Tchan, amarra o Tchan
Segura o Tchan, Tchan, Tchan, Tchan, Tchan
Segura o Tchan, amarra o Tchan
Segura o Tchan, Tchan, Tchan, Tchan, Tchan",pt
/e-o-tchan/,Danca do Bumbum,/e-o-tchan/danca-do-bumbum.html,"""Cheguei, hein ! Estou no paraiso!
Que abundancia meu irmao!""

Conheci uma menina que veio do sul
Pra dancar o tchan e a danca do tchu tchu
Deu em cima, deu em baixo,
na danca do tchaco
E na garrafinha deu uma raladinha
Agora o Gera Samba mostra pra voces
A danca do bumbum que pegou de uma vez
Bota a mao no joelho
E da uma baixadinha
Vai mexendo gostoso,
Balancando a bundinha

Agora mexe vai, Mexe, mexe mainha
Agora mexe, Mexe, mexe lourinha
Agora mexe, Mexe, mexe neguinha
Agora mexe Balancando a poupancinha
Mexe, mexe, pro lado
Mede, mexe, pro outro
Vai mexendo embaixo
Vai mexendo gostoso
Vai no sapatinho, vai
Remexendo gostosinho, vai

No sapatinho, olho o sapatinho vai,
Vai mexendo gostosinho vai
No sapatinho, olho o sapatinho vai,
Vai mexendo gostosinho vai
""Ah, que beleza, que maravilha, isso eh magnifico, mae!""",pt
/e-o-tchan/,É O Tchan No Havai,/e-o-tchan/e-o-tchan-no-havai.html,"Ula, ula de lá, Tchan
Quebra, quebra daqui, Tchan
Ô Bahia iaiá
É o Tchan no Havai
Toca esse pandeiro
Taca a mão no couro
Que esse suingue tá pra lá de ouro
Colar havaino, abadá
Pareô, saruniguê, coqueiral
Guitarra havaiana(abadá)
O Tchan é a mistura tropical
Ula, lá
Ula, ula daqui pra lá
Ula lá
Ula, ula de lá pra aqui
A baiana desce que desce
Que desce, que desce, que desce, que desce, que desce
Balaçando a bundona
Havaiana sobe e sobe
Que sobe, que sobe, que sobe, que sobe, que sobe
Sacudindo as mamonas
Ula, ula de lá, Tchan
Quebra, quebra daqui, meu Tchan
ô Bahia, iaiá
Éo Tchan no Havai
Colar havaino....",pt
/e-o-tchan/,A Nova Loira do Tchan,/e-o-tchan/a-nova-loira-do-tchan.html,"Luz na passarela que lá vem ela
Luz na passarela que lá vem ela
A nova loira do Tchan é linda
Deixa ela entrar
É linda, deixa ela entrar
É linda
Tem sessenta de cintura
Que gostosura
105 de bundinha
Que bonitinha
1,70 de altura
Ninguém segura
Mas que loirinha danadinha
Abra a roda e deixa ela entrar
Quero ver a loirinha quebrar
Oi, abre a roda e deixa ela entrar
Quero ver a galera pirar
Ela é um aereoró pleaplan neonó
Um avião
Ela é um aereoró pleaplan neonó
Um avião
Ela é um aereoró pleaplan neonó

Luz na passarela que lá vem ela
Luz na passarela que lá vem ela
A nova loira do Tchan é linda
Deixa ela entrar
É linda, deixa ela entrar
É linda
Tem sessenta de cintura
Que gostosura
105 de bundinha
1,70 de altura
Ninguém segura
Mas que loirinha gostosinha

Ela é um aereoró pleaplan neonó
Um avião
Ela é um aereoró pleaplan neonó
Um avião
Ela é um aereoró pleaplan neonó",pt
/e-o-tchan/,A Dança do Ventre,/e-o-tchan/a-danca-do-ventre.html,"Neguinha maravilhosa, mulher bonita mostra esse
agito pra mim vá, demais...
Esse agito quente que nem areia no Saara, me queima vá!
Danada... ordinária... vamo embora, mostra pra mim juntinho,
Vamo embora!
Essa é mistura do Brasil com o Egito
Tem que ter charme pra dançar bonito
Essa é a mistura do Brasil com o Egito tem que ter
Charme pra dançar bonito
Quem vem de fora, vem chegando agora
Mexe a barriguinha sem vergonha e entre
Balance o corpo, meu bem, não demora
Que chegou a hora da dança do ventre
Quem vem de fora, vem chegando agora
Mexe a barriguinha sem vergonha e entre
Balance o corpo, meu bem, não demora
Que chegou a hora da dança do ventre, olha o Ali Babá aí ó!
Ali Babá...
Ali Babá...
O califa tá de olho no decote dela
Tá de olho no biquinho do peitinho dela
Tá de olho na marquinha da calcinha dela
Tá de olho on balanço das cadeiras dela
Vai ralando o Tchan comigo!
Rala, ralando o Tchan, aê
Rala, ralando o Tchan, rala mainha!
Rala, ralando o Tchan, aê
Rala, ralando o Tchan
Gostei minha odalisca, agora faz essa cobra coral subir vai
Assim comigo juntinho vai, subindo, subindo, subindo que
Maravilha cheguei no oásis sua ordinária, estou todo molhadinho!
Ela fez a cobra subir, a cobra subir, a cobra subir
Ela faz a cobra subir, a cobra subir, a cobra subir, diga aí!
Ela fez a cobra subir, a cobra subir, a cobra subir
Ela faz a cobra subir, a cobra subir, a cobra subir
Quem vem de fora...
Rala, ralando o Tchan, aê
Rala, ralando o Tchan, olha o quibe!
Rala, ralando o Tchan, aê
Rala, ralando o Tchan
Rala, ralando o Tchan, aê
Rala, ralando o Tchan, rabib!
Rala, ralando o Tchan, aê
Rala, ralando o Tchan é...",pt
/e-o-tchan/,Dança da Cordinha,/e-o-tchan/danca-da-cordinha.html,"Passa negão, passa lourinha
Quero ver você passar
Por debaixo da cordinha
Passa lourão, passa neguinha
Quero ver você passar
Por debaixo da cordinha
Essa é a nova onda
Que eu vou lhe ensinar
Por debaixo da cordinha
VocÊ vai ter que passar
Remexendo ao som da Gera
A menina e o rapaz
É o bicho da cara preta
Mostrando como é que faz
PPassa gordão, passa magrinha
Quero ver você passar
Por debaixo da cordinha
Passa magrão, passa gordinha
Quero ver você
Por debaixo da cordinha
Vai, vai, vai baixando
Vai, vai, vai passando
Vai, vai, vai que eu tambem vou
Essa ai passou, essa ai passou, essa ai passou",pt
/e-o-tchan/,Na Boquinha da Garrafa,/e-o-tchan/na-boquinha-da-garrafa.html,"No samba ela me disse que rala
No samba eu já vi ela quebrar

No samba ela gosta do rala, rala
Me trocou pela garrafa
Não agüentou e foi ralar

Vai ralando na boquinha da garrafa
É na boca da garrafa
Vai descendo na boquinha da garrafa
É na boca da garrafa

Desce mais, desce mais um pouquinho
Desce mais, desce devagarinho

Vai saindo da boquinha da garrafa
É da boca da garrafa
Vai subindo na boquinha da garrafa
É da boca da garrafa

Sobe mais, sobe mais um pouquinho
Sobe mais, sobe devagarinho

Sim, ela gosta do rala, rala e no embalo do samba
Ela só pensa em ralar
Ela gosta do rala, rala, viu a boca da garrafa
Não agüentou e foi ralar

Vai ralando na boquinha da garrafa
É na boca da garrafa
Sobe e desce na boquinha da garrafa
É na boca da garrafa",pt
/e-o-tchan/,Chicotinho Queimado,/e-o-tchan/chicotinho-queimado.html,"Já é verão na Bahia, eu vou me embalar
Gente com pele macia, venha bronzear
Quero bronze no corpo, morená
Fazer tudo de novo, morená
Bamboleia esse corpo
Quero ver todo mundo quebrar

Samba, ê, sambá
Samba, menina, pra lá e samba, ê, sambá
Samba, menina, pra lá e pra cá, pra cá
Chicotinho queimado vale dois cruzados
Quem olhar pra trás vai levar chicotada
Chicotinho queimado vale dois cruzados
Quem olhar pra trás vai levar chicotada. *-*",pt
/e-o-tchan/,Pega No Bumbum,/e-o-tchan/pega-no-bumbum.html,"Menina linda, não vá embora
Está chegando a hora
E você vai ter que pegar
No cabelinho, ai
Mão no queixinho, ai, ai, ai
No umbiguinho
E desce, desce, remexe sem parar
Pega, pega
Pega, pega, pega, pega
Pega, pega, pega, pega
Pega, pega, pega
Já peguei
Pega, pega, pega, pega
Pega, pega, pega, pega
Pega
Vê se pega de uma vez
Já pegou no cabelinho
Já peguei
Já pegou no narizinho
Já peguei
Já pegou na barriguinha
Já peguei
Agora, pare
Pegue no bumbum
Agora, desce
Pegue no compasso
Se o verão chegou
É só alegria
Estou no pega, pega amor
No campasso da Bahia
Pega, pega, pega, pega...
Agora, pare",pt
/e-o-tchan/,Desce,/e-o-tchan/desce.html,"Que coisa louca, que tentação eu nunca vi nada igual
Linda envolvente com seu jeito sensual, ai meu Deus do céu o que é que eu vou fazer?
Ta me deixando, ta me deixando, alucinado
Menina eu lhe pego e mostro meu gingado
Ate embaixo vê se desce pra valer
Me mostra como desce
eu quero ver, desce!
com a mão na cabeça e vai descendo, desce
a outra na cintura e vai mexendo, mexe
eu quero ver você quebrar
e vivo sem censura balançar
Desce, com a mão na cabeça e vai descendo, desce
a outra na cintura e vai mexendo, mexe
Esse teu corpo todo eu quero ver você quebrar
Com esse jeito meigo que me deixa louco
Eu já to fissurado olha que tesão
Agora vem comigo, vem sentir essa emoção
Com esse jeito meigo que me deixa louco
Eu já to fissurado olha que tesão
Agora vem comigo, vem sentir essa emoção",pt
/e-o-tchan/,Dança do Ventre,/e-o-tchan/danca-do-ventre.html,"Essa é a mistura do Brasil
com o Egito
Tem que ter charme pra dançar bonito
Essa é a mistura do Brasil
com o Egito
Tem que ter charme pra dançar bonito

Quem vem de fora,vem
chegando agora
Mexe a barriguinha sem vergonha
e entre
Balance o corpo, meu bem,
não demora
Que chegou a hora da dança do ventre

Quem vem de fora,vem
chegando agora ...

Ali Babá
O califa tá de olho no decote dela
Tá de olho no biquinho
do peitinho dela
Tá de olho na marquinha da
calcinha dela
Tá de olho no balanço das cadeiras dela

Rala, ralando o Tchan, aê
Rala, ralando o Tchan
Rala, ralando o Tchan, aê
Rala, ralando o Tchan

Ela fez a cobra subir
a cobra subir
Ela fez a cobra subir
a cobra subir

Rala, ralando o Tchan, aê ...",pt
/e-o-tchan/,Paquerei,/e-o-tchan/paquerei.html,"É o novo som de Salvador
É o novo som de Salvador
Paquerei, paquerou

Tira a cadeira
E abre a roda, menina (2x)
É hora de quebrar

E vai descendo, vai
E vai descendo, mãe
E vai descendo, vai
E vai descendo, mãe
E vai subindo, vai
Se requebrando, mãe
Bem gostosinho, vai
Se rebolando, mãe

Essa menina não é capaz
De botar o peão pra rodar

E vai descendo, vai
E vai descendo, mãe
E vai descendo, vai
E vai descendo, mãe
E vai subindo, vai
Se requebrando, mãe
E vai subindo, vai
Se rebolando, mãe

Oh! Meu Deus (2x)
É só você e eu

É o novo som de Salvador
É o novo som de Salvador (4x)
Paquerei, paquerou

Esse pagode gostoso que trouxe pra nós
Como é o nome dele? É assim como nós
Esse samba gostoso que só tem gente bamba
O nome dele é o Gera Samba
Bota mão na cabeça e começa a descer
A mão na cintura e começa a mexer
A mão na cabecinha e começa a descer
A mão na cinturinha e começa a mexer

Oh! Meu Deus (2x)
É só você e eu

É o novo som de Salvador
É o novo som de Salvador
Paquerei, paquerou",pt
/e-o-tchan/,Brincadeira da Tomada,/e-o-tchan/brincadeira-da-tomada.html,"Olha a brincadeira da tomada
chega pra cá pra brincadeira da tomada
Seus braços vão ficar bem lá no alto
o seu par também coloca as mãos no alto

Olha a brincadeira da tomada
chega pra cá pra brincadeira da tomada
Seus braços vão ficar bem lá no alto
o seu par também coloca as mãos no alto

Pluga a mão direita
Pluga a mão esquerda, deixa coladinho, vai, vai vai

Encaixa, encaixa, encaixa, encaixa, encaixa, encaixa
Remeche e agacha
Encaixa, encaixa, encaixa, encaixa, encaixa, encaixa
Remeche e agacha
Encaixa, encaixa, encaixa, encaixa, encaixa, encaixa
Remeche e agacha
Encaixa, encaixa, encaixa, encaixa, encaixa, encaixa
Remeche e agacha",pt
/e-o-tchan/,Flinstchan,/e-o-tchan/flinstchan.html,"iabadabadu,iabadabadu
os flinstchan vão bulir com tu

vou te levar na idade da pedra
vamos dançar , vamos cantar
matar a pau
vou te levar pra idade da pedra
vamos dançar, vamos fazer um luau

no sapatinho, no sapatinho
chamar avilma pra dancarno sapatinho
no miudinho,no miudinho
chamar a Bete pra dançar mo miudinho

oh ! Vilma, oh! Bete
quebra que quebra
desce que desce
sobe que sobe
mexe que mexe

pedrita,ta
cadê bambam?
vou chamar o dino
pra dançar o tchan,tchan,tchan
mas o dino quer quebrar

quebra ,quebra,dino
quebra,quebra,dino
quebra",pt
/e-o-tchan/,"Mexe, Mexe, Mainha",/e-o-tchan/mexe-mexe-mainha.html,"Você mexe comigo
Quando começo a mexer
Mexe, mexe, mainha
Quero sambar com você
Roda, roda, mainha
Quero quebrar com você

Você requebra bonito
Eu nunca vi coisa igual
Vai descendo, mainha
Depois sobe legal
Desce, desce, mainha
Sobe, sobe, legal

Nesse corpo gostoso, eu me acabo ainda
Vou te amar
Nesse corpo dengoso, vou te querer
Eu vejo só prazer
A galera quer saber onde tu moras
O Gera Samba pirou em você

Mexe, mexe, mainha
Quero sambar com você
Desce, desce, mainha
Quero quebrar com você

Você requebra bonito
Eu nunca vi coisa igual
Vai descendo, mainha
Depois sobe legal
Desce, desce, mainha
Sobe, sobe, legal",pt
/e-o-tchan/,Gera Samba/tomás do Sul,/e-o-tchan/gera-sambatomas-do-sul.html,"Vocês conhecem Tomás?

Gera samba, samba tão gostoso de sambar (4x)

Vocês conhecem Tomás? Tomás do Sul
Vocês conhecem Tomás? Tomás do Sul

Ele é um amigo é um velho companheiro
Que veio pra nossa terra pra dançar tchu tchu (2x)
Alô, galera você não me leve a mal
Ele é um cara legal e veio de “buzu”

Vocês conhecem Tomás? Tomás do Sul
Vocês conhecem Tomás? Tomás do Sul",pt
/e-o-tchan/,Tribotchan,/e-o-tchan/tribotchan-e-o-tchan.html,"Tribotchan - É o Tchan


Eu quero ver a índia mexer
Eu quero ver a índia mexer
Também quero ver a índia mexer
Eu quero ver a índia mexer
O Tchan vem contar o que
A história não contou
Que por uma índia baiana
Cabral se apaixonou
Que por uma índia baiana
Cabral se apaixonou
Pelo gingado requebrado
Que ela dança
Pelo seu corpo bronzeado
Que balança
Fantasiado português entrou
No samba
E a índia pataxó chamou assim:
Tchancurú, tchanxegô, catchanbá,
Tchan popô
Paquetchan, tchanrerê
Tchansambá, tchanmexê
Vou traduzir:
Na cabeça, no joelho, no peitinho
No bumbum, barriguinha, cinturinha
Essa índia ainda mata um
Cacique quer ver bumbum mexer
E o pajé quer samba no pé
E o curandeiro tá de olho
No pandeiro
Do Brasil a Portugal sambando
Foi Cabral
Do Brasil a Portugal sambando
Foi Cabral
Enquanto o cabra samba pedro vaz caminha
pegando o compasso dessa indiazinha",pt
/e-o-tchan/,Tchan Na Selva,/e-o-tchan/tchan-na-selva.html,"uo, uo, uo, o, o, o, o
uo,uo,uo,o,o,o,o
olha o grito do tarzan
uo,uo,uo,o,o,o,o
e olha o grito e olha o grito

uo,uo,uo,o,o,o,o
olha o grito do tarzan
todo mundo segurando o tchan
hoje na floresta
vai rolar a festa
hoje na floresta
quem quiser pode chegar

ate tarzan
ta botando pra quebrar

a bicharada fica toda assanhada
e um tal de quebra, quebra
quebra aqui, quebra acola
e nessa onda de sambar no miudinho
ta tudo maluquinho
ta gostoso pra danar

a galera vai chegar doida pra sambar
vamos na ponta do pe, que nem jacare
e jane vem que nem saci, dancando o tititi
e tarzan pega cipoe a cobra deu um no
e o leao que fez um""ü"" virou canguru

parece de mola, ae, ae,ao
mas quando rebola, ae, ae, ao
pegando pressao, ae, ae, ao
alucina a mutidao

oi, pula, pula, pula
circulando o bumbum
no sapatinho, patinho
circulando o bumbum
e pega no cipo
circulando o bumbum
e a cobra da um no
circulando o bumbum",pt
/e-o-tchan/,Dança do Põe Põe,/e-o-tchan/danca-do-poe-poe.html,"Olha o Tchan que já chegou
Levantando o seu astral
Balançando essa galera
Requebrando bem legal

Alô,lourinha,ô,lourinha
Você sabe mexer
Moreninha,moreninha
Você sabe mexer

Olha no põe,põe,põe
Me fazendo enlouquecer

Corpinho para frente
Bundinha para trás
É na dança do põe,põe
A galera pede mais

Alô,lourinha,ô,lourinha
Você sabe mexer
Moreninha,moreninha
Você sabe mexer
Olha no põe,põe,põe
Me fazendo enlouquecer

Pra você que põe o ""a""
bota as mãozinhas para o ar
Pra você que põe o ""e""
sobe na ponta do pé
Pra você que põe o ""i""
só não pode se inibir
Pra você que põe o ""o""
desce e sobe de uma vez só
Pra você que põe o ""u"",ú,ú,ú
só não pode ficar nu

Pra você que põe o ""a""
vire um pouquinho para cá
Pra você que põe o ""b"",
bota a bundinha pra tremer
Pra você que põe o
""c"",cê,cê,cê

Alô,lourinha,ô,lourinha...

Galo,eu,galinha,você...",pt
/e-o-tchan/,Rebola,/e-o-tchan/rebola.html,"Rebola
Rebola esse seu corpo de mola
Rebola, vai, mãe
Pega na cintura e desembola, viu
Rebola
Rebola pra galera aplaudir
Simbora mãe
Eu quero ver
O seu corpo bulir
Flor da manhã
Mostra esse sorriso só pra mim
Carinha de anjo
Denguinho de ""papai sabe tudo"", sabe tudo
Mulher brasileira
Tu és a estrela do meu mundo
Maravilhosa
Eu quero ver
O seu gingado novo
Você quebrando
E assanhando o povo
Tá todo mundo querendo
Lhe passar a mão
Tá todo mundo querendo
Lhe passar a mão
Tá todo mundo querendo
Lhe passar a mão
Tá todo mundo querendo
Lhe passar a mão

Rebola
Rebola esse seu corpinho de mola, gostosa
Rebola, vai mãe
Pega na cintura e desembola assim
Rebola
Rebola pra galera aplaudir
Simbora mãe
Eu quero ver
O seu corpo bulir
Flor da manhã
Mostra esse sorriso só pra mim
Carinha de anjo
Denguinho de ""papai sabe tudo"", sabe tudo
Mulher brasileira
Tu és a estrela do meu mundo
Maravilhosa
Eu quero ver
O seu gingado novo
Você quebrando
E assanhando o povo
Eu quero ver
O seu gingado novo
Você descendo
E assanhando o povo
Eu quero ver
O seu gingado novo
Você mexendo assim
E assanhando o povo
Ta todo mundo querendo...",pt
/e-o-tchan/,Arigatchan,/e-o-tchan/arigatchan.html,"A dança é fácil
Não tem bicho papão
Vem lá da Ásia
Vem das bandas do Japão
O latino - americano o Tchan do Brasil
Chega ensinando
Pra quem nunca viu
Vem do Oriente
Pra mexer com a gente
Vem quebrar gostoso, aqui no Ocidente
Sei que você gosta
Sei que você deixa
Todo mundo ligado na dança da gueixa
Arigatô, ô, ô, ô, ô
Saionará, á, á, á, á
Samurai quer ver bumbum mexer
Samurai quer sushi pra comer
Samurai quer amarrar o Tchan
Samurai quer tchan, tchan, tchan, tchan",pt
/e-o-tchan/,Talquinho,/e-o-tchan/talquinho.html,"Menina linda,não te aborreças
Se eu não fizer o cafuné em tua cabeça
Depois de te dar um banho com carinho
Te enxugar e te passar talquinho(2x)
Passa talquinho Carlinha
Passa talquinho Débora
Passa talquinho Sheila
Passa talquinho Mainha
Passa talquinho no seu corpo cheirosinho
Quando tu eras pequenininha
Tua mãe passava talquinho nas tuas dobrinhas
Agora, menina, como você já cresceu
Quem vai passar talquinho nas tuas dobras sou eu
Passa talquinho Nega
Passa talquinho mainha
Passa talquinho no teu corpo cheirosinho(4x)
Menina linda não te aborressas
Se eu não fizer o cafuné em tua cabeça
eu vou te dar,um banho com carinho
Te enxugar e te passar talquinho
Passa talquinho Nega
Passa talquinho mainha
Passa talquinho no teu corpo cheirosinho",pt
/e-o-tchan/,Quebradeira,/e-o-tchan/quebradeira-e-o-tchan.html,"Quebradeira - É o Tchan

Ele queria sim
Fazer uma declaração de amor
Apaixonado
Um tchan de idéias começou a rolar
E levanta as mãos
Em cima e embaixo
Pra chamar atenção
Mas a quebradeira da Dicinha não ligava não
Seu rebolado é tão envolvente
Vai até o chão
Requebra gostoso
Parece um pião
Fiquei empolgado
E entrei pra sambar
Você sabe quem é Dicinha
Dona Dicinha
É prima de Mariazinha
Mariazinha
Você sabe quem é Dicinha
Dona Dicinha
É prima de Mariazinha

Aquela que me fez entrar na roda
Pra sambar

Aquela que me fez entrar na roda
Pra jogar
Por isso jogo, num jogo, num jogo
Pr'um lado e pro outro
Na swingueira, virando o pescoço
Joelhinho, cabeça
Joelhinho, cabeça
Ela sambava, ela sambava
De montão
E a galera só na palminha da mão
Se encantou logo com o som de Salvador
E com o grupo É o Tchan se balançou
Chegou trazendo essa receita
Você que sofre de coluna não esqueça
Levante a cabeça, não esmoreça
Porque a onda agora é pra jogar
Jogo, num jogo, num jogor, jogo",pt
/e-o-tchan/,Ralando O Tchan,/e-o-tchan/ralando-o-tchan.html,"Essa é a mistura do Brasil com
o Egito
Tem que ter charme pra dançar bonito(2x)

Quem vem de fora,vem chegando
agora
Mexe a barriguinha sem vergonha e entre
Balance o corpo,meu bem,não demora
Que chegou a hora da dança do ventre(2x)

Ali Babá
O califa tá de olho no decote dela
Tá de olho no biquinho do peitinho dela
Tá de olho na marquinha da calcinha dela
Tá de olho no balanço das cadeiras dela

Rala,ralando o Tchan,aê
Rala,ralando o Tchan
Rala,ralando o Tchan,aê
Rala,ralando o Tchan

Ela faz a cobra subir,a cobra subir,a cobra subir
Ela faz a cobra subir,a cobra subir,a cobra subir

Rala,ralando o Tchan,aê...",pt
/e-o-tchan/,Aruga Tchan,/e-o-tchan/aruga-tchan.html,"A dança é fácil
Não tem bicho papão
Vem lá da Ásia
Vem das bandas do Japão
O latino - americano o Tchan do Brasil
Chega ensinando
Pra quem nunca viu
Vem do Oriente
Pra mexer com a gente
Vem quebrar gostoso, aqui no Ocidente
Sei que você gosta
Sei que você deixa
Todo mundo ligado na dança da gueixa
Arigatô, ô, ô, ô, ô
Saionará, á, á, á, á
Samurai quer ver bumbum mexer
Samurai quer sushi pra comer
Samurai quer amarrar o Tchan
Samurai quer tchan, tchan, tchan, tchan",pt
/e-o-tchan/,A Lourinha,/e-o-tchan/a-lourinha.html,"Sei que a lourinha geladinha é gostosa de tomar
Também sei que a lourinha bem quentinha é boa de namorar
Gostosa, cheirosa, demais
Sei que a loura me atrai

Essa lourinha é um tesão
Me deixa na fissura
Quando eu tomo uma lourinha geladinha
Ninguém me segura

Venha pra cá, venha quebrando
Tá todo mundo te olhando
Venha pra cá, venha mexendo
Tá todo mundo te querendo

No tcha tcha tcha
No tchu tchu tchu
No Gera Samba de Norte a Sul
No tcha tcha tcha
No tchi tchi tchi
Se requebrando, venha pra mim",pt
/e-o-tchan/,A Moçada do Samba,/e-o-tchan/a-mocada-do-samba.html,"O Gera Samba já chegou
A moçada do samba que não come nada
O Gera Samba já pintou
A menina bonita que samba
Esse pagode é de arrepiar

Bole, bole, bota a mão na cintura
Desce, desce, oi segura, segura
Sobe, sobe, dá três pulinhos pra trás

Em Salvador você nos encontra
Fazendo um sambinha
Pra você quebrar
Salvador é o espaço do reggae, do axé, do samba
Por aqui todos têm que passar

Bole, bole, bota a mão na cintura
Desce, desce, oi segura, segura
Sobe, sobe, dá três pulinhos pra trás",pt
/e-o-tchan/,A Múmia,/e-o-tchan/a-mumia.html,"Cadê o faraó? Cadê o faraó?
Eu trouxe pro Brasil pro samba ficar melhor
Cadê o faraó? Cadê o faraó?
Eu trouxe pro Brasil pro samba ficar melhor

Ela vem vindo toda arrumadinha
Nesse balanço você vai se amarrar
Ela vem durinha toda esticadinha
Ela vem muda e a gente faz o blá-blá-blá

Toda de branco, enroladinha, enroladinha
Toda de branco, enroladinha, enroladinha
Ela sai da tumba para dar uma voltinha
Ela sai da tumba para dar uma quebradinha

Desengonçada, vai pra frente, vai pra trás
Desengonçada, vai pra frente, vai pra trás
Alô, galera essa múmia tá demais

A múmia quer falar: blá blá blá blá
A múmia quer falar: blá blá blá blá
E quer dançar

Aqui no É o Tchan até múmia dança
Aqui no É o Tchan até múmia dança

Assim ó, assim ó
Eu trouxe pro Brasil pro samba ficar melhor
Assim ó, assim ó
Vem de lá do Egito vem do sábio Faraó

Essa múmia dança
Ela dança, ela dança, ela dança, ela dança
Essa múmia balança
Balança, balança, balança, balança

Assim ó, assim ó
Eu trouxe pro Brasil pro samba ficar melhor
Assim ó, assim ó
Vem de lá do Egito vem do sábio Faraó",pt
/e-o-tchan/,A Tomada,/e-o-tchan/a-tomada.html,"Olha a brincadeira da tomada
Chega pra cá, pra brincadeira da tomada
Seus braços vão ficar bem lá no alto
O seu par também coloca as mãos pro alto
Pluga a mão direita
Pluga a mão esquerda
Deixa coladinha e vai, vai, vai, vai
Encaixa (6 vezes)
Remexe e agacha",pt
/e-o-tchan/,Abelha,/e-o-tchan/abelha.html,"olha a flor!
zzzzzzzz
abelha!

abelha joga esse mel
levantando a mão pro céu abelhinha joga esse mel
levantando a mão pro céu

diga que sim
e vem pousar no meu jardim
e vem voando, vem voando, vem voando de ladinho
decolando, decolando, decolando bonitinho

de flor em flor eu vou (6 x)
vou procurando o meu amor
olha a flor!
abelha!",pt
/e-o-tchan/,Abra Cadabra,/e-o-tchan/abra-cadabra.html,"Dedo na viola
Que ela quer sambar
O coelho ta saindo
Ta saindo da cartola
Ela ta mexendo
Com a varinha de condão
Esse e a magia do e o tchan agora

Remexendo ela faz tudo subir
Revantando o rapaz que faz assim
Plim,plim,plim
E vai ficando todo mundo doido
E vai deixando essa galera tonta
No sobe,desce,some,aparece
E tao gostoso esse faz de conta

Abra cadabra
Essa loirinha e magica
Essa loirinha e magica
Essa loirinha
Essa loirinha e magica

Faz aparecer a marquinha
Faz aparecer a bundinha
Faz aparecer,danadinha
Faz que eu quero ver

Faz aparecer as curvinhas
Faz aparecer as coxinhas
Faz aparecer ,danadinha
Faz que eu quero ver

Quebra daqui de la
Quebra tambem,abra cadabra",pt
/e-o-tchan/,Aeróbica do Tchan,/e-o-tchan/aerobica-do-tchan.html,"Vem pra aeróbica, aeróbica do tchan
Tchan, tchanram, ram
Tchan, tchanram, ram
Aquece o pescocinho, levantando os bracinhos
Aquece a cinturinha
Na palma da mão, vem pra malhação
Na palma da mão, faz bem bro coração.

Refrão:
Joga de ladinho e descendo, vem
Vem pro joelhinho e provoca, bem
Faz batata, faz coxa, peitinho e barriguinha
Seu corpinho dividido fica uma gracinha.

Nada de fritura, de gordura, de loucura, de farturDiet, light, tem que comer bem... bem, bem, bem
Vai pra frente, pra frente, pra frente, pra frente
Dá uma reboladinha
Vai pra trás, pra trás, pra trás
Dê uma tremidinha.",pt
/e-o-tchan/,Agora Manda Ver (morena Tchan),/e-o-tchan/agora-manda-ver-morena-tchan.html,"VEJA QUE BELEZA QUE PINTURA DE MULHER
QUEM É, QUEM É, QUEM É, QUEM É
QUANDO ELA PASSA, VEM FAZENDO CHARMINHO
BOTA A MÃO NA CABEÇA E TAMBÉM NO JOELINHO
EU FICO TODO EMPOLGADO, QUANDO ELA COMEÇA A GRITA A A
VOCE QUER ME NAMORAR
SAFADO, SAFADO, VOCE QUER ME NAMORAR
SAFADO, SAFADO, VOCE QUER ME NAMORA

CAUSO O MAIOR FRISSON
É UM ABALO GERAL
MAS QUE QUADRIL PERFEITO
EM FORMA ESCULTURAL
AGORA ELA É DO TCHAN
O MUNDO APROVOU
SEU JEITO É FÊNOMENAL (2x)

AGORA MANDA VER, MANDA VER, MANDA VER
OU MOSTRA TODO ESSE GINGADO PRA GALERA ENLOUQUECER
AGORA MANDA VER, MANDA VER, MANDA VER
OU MOSTRA TODO ESSE GINGADO

SAM SAMBA MÃE, REQUEBRA MÃE
REMEXA TCHAN TCHAN
SAM SAMBA MÃE, QUE QUEBRA MÃE
REMEXA TCHAN TCHAN",pt
/e-o-tchan/,Alabumbunê,/e-o-tchan/alabumbune.html,"Hoje é sexta-feira, vou cair no reggae ôôô
Peço por favor que ninguém
Me pegue ôôô (bis)
O samba vai rolar, eu já tô lá
E vai comer no centro, eu já tô dentro
Não quero nem saber, tô nem aí
Eu vou pro pagode, vou me divertir
E todo mundo vai mexer
A-la-la-bumbum-nê
A galera sacudir a-la-la-bumbum-nê
A mãozinha pra cima, a-la-la-
bumbum-nê
Caia nesse samba que
eu caio com você
Ai, ai, ai, ai, ai, ai
O samba vai rolar",pt
/e-o-tchan/,Arrasta-pé,/e-o-tchan/arrasta-pe.html,"No arrasta-pé do Tchan
É gostoso de dançar
Começou de tardezinha
Vai até o sol raiar

Anarriê, olhe o tchaco, anavantu
No piu, piu do Cafuné, aprendi dançar tchu-tchu
Anarriê, paquerê, anavantu
Maxixando o sanduíche quase quebre o mucumbu

E o trenzinho da sacanagem, píui, tchan, tchan, píui, tchan, tchan
Por debaixo da cordinha, píui, tchan, tchan, píui, tchan tchan
Olha a cobra, é brincadeira
Vai na dança da bundinha
Cuidado que a fogueira vai queimar a passarinha
Vai queimar, vai queimar
Vai queimar a passarinha
Vai queimar, vai queimar
Vai queimar a passarinha

Cumpade Washington, vou tomar a saideira
É licor, Beto Jamaica, vamos levantar poeira
É licor, Beto Jamaica, vamos levantar poeira

Barba de bode
Bico de pato
Calcanhar de sapo
Uha! Uha! Uha!
Tchan!",pt
/e-o-tchan/,Arrêgo,/e-o-tchan/arrego.html,"Você... que fica me tirando não sabe da qual é

Saia de baixo lá vem o arrasto abalando estruturas e o coração...
Saia de baixo lá vem o arrasto abalando estruturas e o coração...

quando minha banda passa vai arrasta vai levar e você vai pedir...

(REFRÃO)
Arrego na moral, arrego na moral negão, arrego na moral, arrego
na moral negão, arrego na moral, arrego na moral negão, arrego
na moral, arrego na moral

Viu que eu te disse que a vida tem altos e baixos e você naum levou fé
naum levou fé...Viu que eu te disse que a vida tem altos e baixos e você
naum levou fé, naum levou fé...

Agora você vai pedir pra mim...

(REFRÃO)
Arrego na moral, arrego na moral negão, arrego na moral, arrego
na moral negão, arrego na moral, arrego na moral negão, arrego
na moral, arrego na moral",pt
/e-o-tchan/,Assalto No Pagode,/e-o-tchan/assalto-no-pagode.html,"Mexer, assim é bom, mexer, mexer, mexer no swing desse som
Faça o que quiser, homen e mulher
Aqui não tem besteira, tem quebrança e também samba no pé
Atenção, atenção, atenção, vou falar
Rolou um assalto no pagode e agora eu vou contar
Mãos para o alto, mão na cabeça
Mexendo, mexendo, mexendo
Pra que ninguém perceba
Apontou, apontou, apontou na minha direção
Me baculejou e foi passando a mão
No bolso direito, no bolso esquerdo
Na parte de traz tomou todo meu dinheiro e mandou mexer mais

Mexer, assim é bom, mexer, mexer, mexer no swing desse som
Faça o que quiser, homen e mulher
Aqui não tem besteira, tem quebrança e também samba no pé
Atenção, atenção, atenção, vou falar
Rolou um assalto no pagode e agora eu vou contar
Mãos para o alto, mão na cabeça
Mexendo, mexendo, mexendo
Pra que ninguém perceba
Apontou, apontou, apontou na minha direção
Me baculejou e foi passando a mão
No bolso direito, no bolso esquerdo
Na parte de traz tomou todo meu dinheiro e mandou mexer mais

Mexer, assim é bom, mexer, mexer, mexer no swing desse som
Mexer assim não é legal
Socorro, chamem um policial, aqui tem um laulau",pt
/e-o-tchan/,Auê do Tchan,/e-o-tchan/aue-do-tchan.html,"Pra esquerda e pra direita
O corpo vai mexendo
Mãozinha no joelho
Vai subindo e vai descendo
Dedinho na boquinha
Pra ficar mais sensual
Mãozinha na cintura
Todo mundo tá legal

Rebola, rebola, rebola, rebola
Rebola, rebola, rebola
Ê, ê
Rebola, rebola, rebola, rebola
Rebola, rebola, rebola

Todo mundo no auê, auê, auê
Joga os braços para cima
Quero ver mexer
Todo mundo no auê, auê, auê
Joga os braços para cima
Quero ver mexer

Rebola, rebola, rebola, rebola
Rebola, rebola, rebola
Ê, ê
Rebola, rebola, rebola, rebola
Rebola, rebola, rebola

Essa galera quando dança
É coisa de cinema
Vai pra frente, vai pra trás
Sem nenhum problema
O Tchan do Brasil
A eterna maravilha
Entre nesse clima, com as duas mãos pra cima

Rebola, rebola, rebola, rebola
Rebola, rebola, rebola
Ê, ê
Rebola, rebola, rebola, rebola
Rebola, rebola, rebola

Todo mundo no auê, auê, auê
Joga os braços para cima
Quero ver mexer
Todo mundo no auê, auê, auê
Joga os braços para cima
Quero ver mexer",pt
/e-o-tchan/,Baixo Desafinado,/e-o-tchan/baixo-desafinado.html,"Ton, ton, ton, ton
Ton, ton, ton, ton (8 vezes)

Contrabaixo véi desafinado
Danava a tocar no mesmo tom
A banda com um swing danado (bis)
Mas o sucesso é o ton, ton, ton
E a banda vai ton, ton, ton
E o povo vem ton, ton, ton (bis)
E o povo pede ton, ton, ton
Isso é que é bom
Quando o Tchan invade o verão
Botando todo mundo pra dançar
Não é samba nem labamba, não
É contrabaixo véi da contra-mão",pt
/e-o-tchan/,Bambolê,/e-o-tchan/bambole.html,"Vem na pegada do bambo, do bambo, bambo, do bambo do bambolê
Vem na pegada do bambo, do bambo, bambo, do bambo do bambolê

Você pode sambar com um bambolê
É só se ligar pra você aprender
É samba no pé, ai que gostosura
Menina que quebra é beleza pura
Menina que quebra é beleza pura

Roda no dedinho, bambolê
Vai no pescocinho, bamboleê
Passa no ombrinho, bambolê
Cai na cinturinha, bambolê
Dá uma rodadinha
Uma quebradinha
Mexe a traseirinha
Minha Pithulinha

Roda,roda,roda
roda,roda e avisa
Quem remexe deslisa
E nao deixa parar

Roda,roda,roda
roda,roda e agita
Quem remexe deslisa
No bambolear",pt
/e-o-tchan/,Bate Tchan,/e-o-tchan/bate-tchan.html,"Ô Ô Ô Ô Ô bate tchan, bate tchan, bate tchan
Ô Ô Ô Ô Ô bate tchan, bate tchan, bate tchan
Se segure gotham city
Que eu vou mexer, que eu vou quebrar
Que eu vou sambar
Vou de ladinho, vou agachadinho
Pra bat caverna balançar
Vou no passo do pingüin
Fazendo assim, fazendo assim
Chamando o coringa
Tingalagatinga, Tingalagatinga
Chamando o charada
Pra ver a popozada, pra ver a popozada
Fazer a parada.

Refrão:
Robin,
Quero ver a mulher gato
Tá de frente, tá de lado
Tá em cima tá em baixo, remelexo no bumbum
Robin, Vá chamar a batgirl
Pra quebrar no miudinho
Pra dançar devagarinho
Remexendo bonitinho e chama a gente pra sambar.

Pegando vôo, voando baixinho
Quero te ver no passo do morceguinho
Levantando vôo que nem aviãozinho
Quero te ver no passo do morceguinho.

Batchan, ran, ran, tchan, ran, ran
Batchan, ran, ran, tchan, ran, ran
Batchan, ran, ran, tchan, ran, ran
Olha o bate tchan.",pt
/e-o-tchan/,Beco do Siri,/e-o-tchan/beco-do-siri.html,"O ai que ela fazia
O ui que ele dizia
Era a moqueca de siri
Que eles tanto comiam
E tinha uma pimenta
Que tanto ardia
Ela gritava: ai!
Ele gritava: ui!
Ai, ui, tá ardendo, ui
Ai, ui, tá ardendo, pai
Lá na rua tem um beco
Beco do siri
Quando escurece
A galera grita assim:
Ai, ui, tá ardendo, ui
Ui, ai, tá ardendo, pai
No silêncio da noite
A mulher me chama
Estou travado
Vou cair na cama
Ai, ui, tá ardendo, ui
Ui, ai, tá ardendo, pai",pt
/e-o-tchan/,Beleza de Mulher,/e-o-tchan/beleza-de-mulher.html,"Olha que beleza
que pintura de mulher
quem é,quem é,quem é
Quando ela passa vem fazendo charme né
põe a mão na cabeça e também no joelhinho e eu fico todo empolgado,quando ela começa a gritar
Você quer me namorar
safado,safado
e você quer me namorar
safado,safado
e você quer me namorar
Mas quando chega assim ela abala geral
Mas que corpinho perfeito em
plano estrutural
Seu jeito é fenomenal
Agora manda ver,manda ver,manda ver
Samba mãe
requebra mãe
remexe a tchan,tchan
Samba mãe
requebra mãe
remexe a tchan,tchan.",pt
/e-o-tchan/,Bota a Cara no Sol,/e-o-tchan/bota-a-cara-no-sol.html,"Sua beleza incomparável, é difícil encontrar
Quero ver tua autoestima e você se balançar
Seja gordinha ou magrinha
Na pegada de se apaixonar
Eu gosto muito
O que é bonito é pra se mostrar

Tira a armadura que esconde a silhueta do seu corpo
Não fique dando bola para opinião dos outros
E por nada nesse mundo não deixe de ser você
Faça sempre aquilo que dá vontade de fazer

Saia da sombra mostre o seu melhor
Bota a cara no sol
Ó, ó... Bota a cara no sol
Ó, ó... Bota a cara no sol

Esculhambambou, esculhambambou
Esculham, bam, bam, bambou
Pele na cor do pecado, você abalou",pt
/e-o-tchan/,"Cabelo, Joelho",/e-o-tchan/cabelo-joelho.html,"Assim que eu cheguei
Modifiquei com meu balanço invocado
Pirei na direção
Que coisa louca
Encontrei o meu amor

Eu faço tudo por voçê
Só para chamar sua atenção
Jogo beijo com amor
Então ""vumbora"" bora
Eu jogo, jo , jogo a minha dança
Entre no clima e vem agora

Cabelo,cabelo,joelho,joelho
Esfrega, esfrega,joga lá emcima
Pegou mexeu, sambou

Cabelo,joelho,esfrega
Joga lá em cima

Pule, cante, dance
Faça o que quiser
Chame atenção,acene para mim
Deusa presa no corpo de uma mulher
Desnude esse libido
E venha nesta dança

Cabelo, cabelo, joelho, joelho
Esfrega, esfrega,joga lá em cima
Pegou, mexeu, sambou",pt
/e-o-tchan/,Cacu Cara Tchan,/e-o-tchan/cacu-cara-tchan.html,"O tchan sempre traz uma surpresa
é contagiante o que você vai aprender
demos uma volta no estrangeiro
vê que som maneiro
que trouxemos pra você
Mão na cabeça cacu cara tchan
mão na cintura cacu cara tchan
no reboleio cacu cara tchan
jogou no meio cacu cara tchan
Cacu cara tchan tchan cacu cara tchan tchan cacu cara tchan tchan cacu cara tchan.
Mão pra riba vem dançando vem bailando o tchá tchá tchá cacu cará tchan tchan
é diferente essa dança sempre lembra uma barata louca.",pt
/e-o-tchan/,Calma,/e-o-tchan/calma.html,"Calma, calma, calma, calma, calma
Calma, calma, calma, calma, calma
Tá ficando vermelhinha, vermelhinha
Quem mandou você pegar tanta prainha
Quem mandou você pegar tanta prainha
Tá ficando sem
Vergonha, sem vergonha, sem vergonha
Tá querendo namorar, tá?
Tome cuidado com a danada da cegonha
Tome cuidado com a danada da cegonha
Ai, meu Deus, que dança boa, relaxa
'Cê na frente e eu atrás, encaixa
Olha só que maré mansa, balança
Abraçadinho fica massa, me abraça
Não sabe se entra, se entra, se entra
Não sabe se sai, se sai, se sai
Se senta, levanta
Se senta, levanta
Sacudindo vai
Calma, calma, calma, calma, calma
Calma, calma, calma, calma, calma
Calma, calma, calma (neném)
Ai, meu Deus, que dança boa, relaxa...
Calma, calma, calma, calma, calma....",pt
/e-o-tchan/,Chamadinha,/e-o-tchan/chamadinha.html,"Chama essa loirinha pra sambar
Chama essa morena pra quebrar
Chama esse neguinho pra mexer, mexer, mexer, mexer, mexer
Agora que o bicho vai pegar
Chama essa galera pra dançar
É o Tchan que tá chegando pra você. você, você, você, você
Dá uma chamadinha, meu amor
Dá uma chamadinha, que eu vou
Eu vou cantando
Vou levando
Alegria
Sou o Tchan
Sou da Bahia, da Ladeira do Pêlo
Eu sou Washington malandro, sou cumpadre
Todo mundo louco sabe que eu sou lá de Salvador
É só me chamar
Que eu vou te ensinar como tem que fazer
Bote a mão pra frente, chama no dedinho
E vem, vem painho
Bote a mão pra frente, chama na mãozinha
E vem vem mainha",pt
/e-o-tchan/,Cheia de Manias,/e-o-tchan/cheia-de-manias.html,"Cheia de manias
toda dengosa
seu rebolado é de enlouquecer
Eu fico assustado
abismado, parado
doidinho pra chegar
e dançar com você
Joana, Maria, Paulinha
Tereza, Lurdinha
Adriana, Poliana e Dinorá
Quando entra
na roda do samba
fica com a perna bamba
de tanto sambar
Sheilinha, Cristina, Lucinha
Sabrina, Aninha
Marcinha, Juliana,
D. Chica
Quando entra
na roda de samba
fica com a perna bamba
de tanto sambar
não faz assim, não(bis)
você sambando desse jeito
eu me derreto de paixão
não faz assim, não (bis)
eu tô ficando alucinado,
tô perdido, tô doidão
tô azoado, tô
tô azoado, tô
não me segura, não
tô azoado, tô
eu to perdido de paixão",pt
/e-o-tchan/,Choquinho,/e-o-tchan/choquinho.html,"A gente tem atitude
A gente é virado no Tchan
Na pele também negritude
E na área sou bam bam bam
A gente não manda recado
Tá querendo pagar pra ver
Agora eu vou mandar descer

Pega a menina, bota no trenzinho
Joga pra frente pra trás bonitinho
Choquinho, choquinho, tome tome tome choquinho (3x)

A gente fez o tchu tchu
Começou com a dança do tchá
Na cordinha você já passou
Essa vai ser um arraso

Pega a menina, bota no trenzinho
Joga pra frente, pra trás bonitinho
Choquinho, choquinho, tome tome tome choquinho (3x)

A gente tem atitude
A gente é virado no Tchan
Na pele também negritude
E na área sou bam bam bam
A gente não manda recado
Tá querendo pagar pra ver
Hoje eu vou mandar descer

Pega a menina, bota no trenzinho
Joga pra frente, pra trás bonitinho
Choquinho, choquinho, tome tome tome choquinho (3x) (toma mãe, toma mãe)

A gente fez o tchu tchu
Começou com a dança do tchá
Na cordinha você já passou
Essa vai ser um arraso

Pega a menina, bota no trenzinho
Joga pra frente, pra trás bonitinho
Choquinho, choquinho, toma mãe, toma mãe

Pega a menina, bota no trenzinho
Joga pra frente, pra trás bonitinho
Choquinho, choquinho, tome tome tome choquinho (2x)

Choquinho, choquinho, tome tome choquinho,hoquinho, choquinho, tome tome tome choquinho...

Bota a mão no joelho, agora dá aquela abaixadinha, vá tomar no choquinho, vá tomar no choquinho, vá tomar no choquinho, vá tomar no choquinho mainha...",pt
/e-o-tchan/,Cipó Empenado,/e-o-tchan/cipo-empenado.html,"Comendo com coentro
Rastaa que dá
Roda de capoeira
No meio da multidão
Todo mundo ta olhando
Bananeira, mão no chão
Meia-lua de compasso martelou meu coração
Fazendo ritmo, levando um buticum
No mundo místico
Eu sou mais um
Valha-me Deus
Meu Senhor São Bento
Buraco fundo tem cobra dentro
Foi a menina que me chamou
A manteiga derramou
Vara, vara verde
Cipó empenado
Vara, vara verde
Cipoempenado
Roda de capoeira...",pt
/e-o-tchan/,Colar de beijos,/e-o-tchan/colar-de-beijos.html,"Colar de beijos pro recalque
Colar de beijos pro recalque
Colar de beijos pro recalque
Colar de beijos pro recalque

Beijinho, beijinho, beijinho
Beijinho, beijinho, beijinho
Beijinho, beijinho, beijinho
Beijinho, beijinho, beijinho

Tudo que ela faz recalcada contraria
Te segue no instagram vigiando sua vida
Tempo é dinheiro, ela não gasta com você
Quem vive de Ibope é rádio e Tv

Tem espaço pra você, na sola da bota dela
Quer ser igual a ela ( é impossível invejosa)
Apesar de espelhar faz fofoca e fala mal
Passa óleo de peroba na sua cara de pau

Colar de beijos pro recalque
Colar de beijos pro recalque
Colar de beijos pro recalque
Colar de beijos pro recalque

Beijinho, beijinho, beijinho pra inimigas
Beijinho, beijinho, beijinho pra inimigas
Beijinho, beijinho, beijinho pra inimigas",pt
/e-o-tchan/,Dança da Motinha,/e-o-tchan/danca-da-motinha.html,"Dança da motinha
Dança da motinha
Dança da motinha
As popozudas perdem a linha (2x)

-Dança da motinha-

-Dança da motinha-

Dança da motinha
Dança da motinha
Dança da motinha
As popozudas perdem a linha
(2x)

Mãozinhas para a frente
bundinha empinada
Vou dar o meu rolé na minha moto envenenada
(2x)

-moto envenenada-

-moto envenenada-

dança da motinha
moto envenenada (3x)
dança da motinha
as popozudas perdem a linha

Mãozinhas para a frente
bundinha empinada
Vou dar o meu rolé na minha moto envenenada

-moto envenenada-

-moto envenenada-",pt
/e-o-tchan/,De Bem Com A Vida,/e-o-tchan/de-bem-com-a-vida.html,"No É o Tchan
É só felicidade
O amor não tem idade, querida
Estou de bem com a vida, de bem com a vida
De bem com a vida, de bem com a vida

Ai, morena linda, hoje eu sou seu fã
Nessa viagem, vou dançar É o Tchan
Se você dançar, seu corpo embalança, amor
Minha flor

Embola, não enrola, se seu corpo é uma mola
Mexe, mexe, mexe, vambora, morena assanhada
De vez em quando sinto uma dor no peito
Mais um pretexto só pra lhe conquistar
Eu vou lá

Se você dançar, dou um docinho
Doinho, doinho
Se você quebrar, dou um bombom
Do bom, do bom
Levante as mãos, levante as mãos
Que sensação
Agora vai pro coração
Paixão, paixão

Embola, não enrola, se seu corpo é uma mola...",pt
/e-o-tchan/,Dengo de Mulheres,/e-o-tchan/dengo-de-mulheres.html,"Toda moça tem um dengo
Todo o dengo tem um dom de mulher
Dom de mulher

Se você quiser me amar, te dou o meu coração de criança
Levarei você comigo sempre guardado na lembrança

Mas você me prometeu amor, ai, ai
Seu amor, mas não me deu, amor, ai, ai
Hoje não vou mais sofrer

Toda moça tem um dengo
Todo dengo tem um dom de mulher
Dom de mulher

Eu quebro daqui, você samba de lá
Bote a mão na cabeça e começa a girar, pra gerar
Ah, pra gerar, ah, pra gerar

Eu quebro daqui, você samba de lá
Bote a mão na cabeça e começa a girar, pra gerar
Ah, pra Gera Samba

Vamos brincar de corre-corre
Pega-pega, sem parar
Na lagoa
Foi lá que a gente começou a namorar",pt
/e-o-tchan/,Desafio do Manequim,/e-o-tchan/desafio-do-manequim.html,"Oh para tudo
Oh para tudo
Oh para tudo

Pa-pa-pa-pa-pa
Paralisou!
Quebra, quebra, quebra vai!
Pa-pa-pa-pa-pa
Paralisou!
Quebrando, sambando
E vam'bora
Swing do Tchan meu irmão
Música do verão

Já virou moda no mundo inteiro
Você também vai participar
Do desafio do manequim
No meu comendo todo mundo vai parar

Já virou moda no mundo inteiro
Você também vai participar
Do desafio do manequim
No meu comendo todo mundo vai parar

Pa-pa-pa-pa-pa
Paralisou!
Vam'bora vai!
Pa-pa-pa-pa-pa
Paralisou!
Que que é isso
Que pose bonita
A vida é mais gostosa compadre
Eu gosto muito

Essa é a modinha (essa é a modinha)
Congela a cabeça e também a cinturinha
(Congela a cabeça e também a cinturinha)
A criançada congelou, e o Brasil congelou
E a família congelou e a seleção congelou

Pa-pa-pa-pa-pa
Paralisou!
Gostei, gostei, gostei
Pa-pa-pa-pa-pa
Paralisou!
Todo mundo quebrando
Já pensou isso no carnaval?

Essa é a modinha (essa é a modinha)
Congela a cabeça e também a cinturinha
(Congela a cabeça e também a cinturinha)
E o Brasil congelou, a criançada congelou
Compadre Washington congelou
E a família congelou",pt
/e-o-tchan/,Disque Tchan (alô Tchan),/e-o-tchan/disque-tchan-alo-tchan.html,"Pega no compasso
No passo dessa menina
Sei que é seu dom
Sei que é sua sina

Cheguei lá na Bahia
Ví seu corpo quebrar
Mas que bumbum bonito
Só sei que vou ligar

Ei, Tchan, alô, é Tchan
Ei, Tchan, alô, é Tchan
Ei, Tchan, alô, é Tchan
Ei, Tchan, alô, é Tchan
Ei, Tchan, alô, é Tchan
Ei, Tchan, alô, é Tchan

Disquei pra turma do Bicho da Cara Preta
Pra poder me ajudar
Em um concurso dentro da roda-de-samba
Onde eu tinha que julgar
Tinha baiana, americana, italiana
Gente de todo lugar
Mas a gatinha escolhida
Era a tcheca bem sapeca pra sambar
Ô, lá, lá

Ô pega a tcheca, solta a tcheca
Leva a tcheca, põe a tcheca pra sambar
Ô pega a tcheca, solta a tcheca
Leva a tcheca, põe a tcheca pra sambar

Vem sambar aqui no Tchan,
Vem sambar
Vem sambar que é bom
Tic, tic, tic, tic...

Tcheca, ô, solta a tcheca
Ô, leva a tcheca
Ô, põe a tcheca pra sambar

Pega no compasso
No passo dessa menina
Sei que é seu dom
Sei que é sua sina...

Ô pega o gringo
Leva o gringo
Põe o gringo
Bota o gringo pra sambar
Segure o gringo
Pega o gringo
Põe o gringo, bota o gringo pra sambar

Segure o gringo
Pega o gringo
Põe o gringo, bota o gringo pra sambar
Ô, pega o gringo
Ô, solta o gringo
Ô, leva o gringo
Ô, põe o gringo pra sambar

Vem sambar aqui no Tchan,
Vem sambar
Vem sambar que é bom
Vem sambar aqui no Tchan!",pt
/e-o-tchan/,É de Babado,/e-o-tchan/e-de-babado.html,"É de babado com a voz
Bem afinada
Que a moçada encantada
Anuncia o carnaval
No treme-treme, o corpo fica bam-bam-bam
E agente segura o tchan
Pra levantar o seu astral
Na suinguera misturada com cereja
Eu peço que Deus proteja
A quebrança nacional
Nesse momento
O corpo fica bem juntinho
E o povo dá um gritinho
Tá na hora de sambar
E nessa hora
O corpo já ta bem quentinho
E o povo dá um gritinho, hei
Pra poder miscigenar
É carnaval, amor
O Tchan ta em Salvador
E pegue ai
Pra dar um selinho na boca
Passe a mão no cabelinho
Mexendo o bumbunzinho, pare no umbiguinho
Agora levante as maõzinhas
Bata duas palminhas
Até parar no tchan, tchan, tchan
É de babado com a voz
Bem afinada
Que a moçada encantada
Anuncia o carnaval
No treme-treme o corpo fica bam-bam-bam
E a gente segura o tchan
Pra levantar o seu astral
E nessa hora
O corpo já ta bem quentinho
E o povo dá um gritinho, hei!
Pra poder miscigenar
É carnaval, amor",pt
/e-o-tchan/,É Pra Sacudir,/e-o-tchan/e-pra-sacudir.html,"O vento balança a roseira
E a galera vai sambando (BIS)
Que som é esse que o povo ta dançando
É o Tchan de novo arrebentado (BIS)
Eu venho chegando de novo
Pra sacudir esse Brasil
Rebola, embola no balanço das cadeiras
Ponha um pouco de charminho
E começe a requebrar
Samba de roda começou foi na Bahia
Hoje o mundo inteiro sabe
Que o É o Tchan vai ensinar
Então vamos quebrar
Caia na quebrança e deixe o corpo saltitar
Ta, ta, ra, ta, ta, ta, ta
Me ensine esse balé
Que vai pra lá e vem pra cá
Ta, ta, ra, ta, ta, ta, ta
E se você é bom no samba
Quero ver você quebrar
Ta, ta, ra, ta, ta, ta, ta
Caia na quebrança e deixe o corpo saltitar
Ta, ta, ra, ta, ta, ta, ta",pt
/e-o-tchan/,Embolada do Tchan,/e-o-tchan/embolada-do-tchan.html,"Botaram na zabumba
Pra tocar com um pandeiro
Triangulo tocando junto com o cavaco
Enquanto o tamborim faz marcação

Tinha uma sanfoninha
Comendo por baixo
Todo mundo dança, requebra, rebola
Senta a mão no couro
O dedo na viola

E não é pra quem quer
É só pra quem pode
Botaram uma embolada
Dentro do pagode

Vem embolar comigo, embolar
Quem tá afim de embolar
Rebola, rebola, bola
Quem tá afim de rebolar

Ô, meu cumpadre, quero a fruta e o caroço
Carne de filé sem osso
Cheiro de mulher menina
Tererê, cintura fina

Lá em baixo, lá em cima
Na quebrança dessa rima
Quero ver você rimar
Zabumba, bumba, dedo no pandeiro, deiro
E o bubum é brasileiro

Quero ver você rimar
E tá gostoso mas também tá perigoso
Dentro da gem da ovo
Quero ver você sambar

Embola, comigo, embola
Quem tá afim de embolar
Rebola, rebola, bola
Quem tá afim de rebolar

Embola, sim
Embola vai
Rebola aqui
Rebola pai",pt
/e-o-tchan/,Entre No Clima,/e-o-tchan/entre-no-clima.html,"Nunca me esqueço daquela noite gostosa
todo mundo requebrando
no balanço ta legal
Bem radiante eu jogava uma dança
e a galera acompanhava
o gingado foi demais

Pro lado, todo mundo vai que vai
pro outro, ta gostosa ta demais
Pra cima, hei
bate na pakma da mão
entre no clima e vem quebrando de montão

Sei que ninguém vai ficar parado, vai cair na dança
nessa suingueira todo mundo se balança
peço pra moçada chegar mais pra trás, pra trás, pra trás
Eu vou abrir minha contagem
todo mundo vai q vai
1,2,3, vai...

Oh, detona, detona, tona, tona, tona, detona...",pt
/e-o-tchan/,Estátua,/e-o-tchan/estatua.html,"Venha comigo requebrar
Olha o que eu vou lhe dizer
Ao som do Gera Samba pra você não endurecer
Remexendo e mexendo dos pés a cabeça
Ao som do Gera Samba para que não endureça
Se quiser endurecer, olha o que eu vou lhe falar

Vá parando, vá parando
Pa, pa, pa paralisar
Vá parando, vá parando

Estátua
Estátua não anda
Estátua não fala
Estátua não dança
Estátua não rala

Estátua
Venha comigo requebrar...

Estátua
Estátua não olhha
Estátua não pisca
Estátua só faz pose bonita

Estátua!!",pt
/e-o-tchan/,Festa do Passa Mão,/e-o-tchan/festa-do-passa-mao.html,"tchan do brasil lhe convida para a festa
vai ter zoeira e pagode bem legal
vai ter a dança do passa a mão
voce vai aprender e vai achar fenomenal
vou de bundinha, vou de lado ou vou de frente
e com certeza voce vai me acompanhar
vamos levar essa galera ao delírio
e com certeza todo mundo vai cantar

o tchan do brasil e boca
e mesmo uma coisa louca
na festa do passa a mão
corre a mão,corre a mão
corre a mão, corre a mão

venha com seu saci
ou então no pererê

de norte a sul
de leste a oeste
todo mundo mexe
todo mundo mexe
fala mas não pega,fala mas não pega
passe a mão e escorrega",pt
/e-o-tchan/,Fissura,/e-o-tchan/fissura.html,"Que coisa louca
Que tentação eu nunca vi coisa igual
Tão linda envolvente com seu jeito sensual
Ai meu Deus do céu o que é que eu vou fazer???
Tá me beijando, tá me deixando alucinado
Menina eu lhe pego e te mostro meu gingado
Até em baixo vê se desce pra valer
Me mostra como desce
Eu quero ver..

Desce!
Uma mão na cabeça e vai descendo....
Desce!
A outra na cintura e vai mexendo...
Mexe!
Com esse corpo todo eu quero ver você quebrar
Vem pro é o tchan se balançar!....

Com esse jeito meigo que me deixa louco
Eu já tô fissurado olha que tesão
Agora vem comigo vem sentir essa emoção! Oh! Oh!
2X

Desce!
Uma mão na cabeça e vai descendo...
Desce!
A outra na cintura e vai mexendo...
Mexe!
Com esse corpo todo eu quero ver você quebrar
Vem pro é o tchan se balançar! Se balançar!....


Escrita por: Lívia Rocha e Rafael Ferreira do Colégio Objetivo Mário Moraes de Jacareí, interior de São Paulo, no dia 11/08/2003 às 13:40.",pt
/e-o-tchan/,Funk do Tchan,/e-o-tchan/funk-do-tchan.html,"Levante as mãos pro céu
E comece a balançar
Sacode o popozão
Que o Tchan vai te acompanhar
Pra baixo, pra cima
Dance até de manhã
Sacode mamãe, sacode papai
Vem no funk do tchan
Então,
Pegue no bumbum, peque no compasso
Vem no funk do Tchan e é só correr pro abraço
Pegue no bumbum, peque no compasso
Vem no funk do Tchan e é só correr pro abraço
Jacaré já tá quebrando
E o Compadre ri a toa
Com tanta popozuda
tô ficando numa boa
Falando de coisa bonita, essas gatas dão trabalho
Tem a Scheila que é Melo
E a Scheila que é do Carvalho
Pegue no bumbum, peque no compasso
Vem no funk do Tchan e é só correr pro abraço
Pegue no bumbum, pegue no compasso
Vem no funk do Tchan e é só correr pro abraço",pt
/e-o-tchan/,Geração 2000,/e-o-tchan/geracao-2000.html,"Olha o visual, olha o visual
O Gera Samba tá matando a pau
Olha o visual, olha o visual
Olha o visual, olha o visual

Sou da Bahia, sou do Gera, ra
Sou da Bahia, sou do samba, ba
Sou da Bahia, sou do Brasil
Sou Gera Samba, geração 2000

Se gostou bate palma, mainha
Se gostou bate o pé, neguinha
Olha o gute-gute, lourinha
Venha ver como é, gatinha

Sacudiu, balançou
Foi no Gera que a galera quebrou
Balançou, sacudiu
Foi o Gera que a galera pediu",pt
/e-o-tchan/,Gol de Placa,/e-o-tchan/gol-de-placa.html,"Na torcida do meu time
Eu vou sambar com a minha gata (2x)
Joga ela pra cima
Mata ela no peito
Bota no joelho
E faz um gol de placa

Pá, pá, pá, pá...

Pra vida ser gostosa tem que ser assim
É na base do amor
No pirão de aipim
É no grito de gol
É ter você pra mim
No sambão do É o Tchan
No prazer sem fim

Ô, Ô, Ô, Ô...

Pra vida ser gostosa tem que ser assim
Tem que ter jogo de cintura
Pra não se ferir
É na base do dengo que eu chego aí
Pra ver você sambar

Na torcida do meu time
Eu vou sambar com a minha gata (2x)
Joga ela pra cima
Mata ela no peito
Bota no joelho
E faz um gol de placa",pt
/e-o-tchan/,I Love You,/e-o-tchan/i-love-you.html,"Ô, ô, ô, ô...

Tá gostoso
Tá gostoso
Tá gostoso, tá
Tá gostoso
Tá gostoso

Quando a banda tocar, vou cair nos seus braços
Ficar agarradinho
Sem sair do compasso
Vou querer lhe beijar
Vou cantar, vou bailar
Vou ficar com você
Até o dia ""diar""
Vou ficar com você
Até o dia ""diar""

Cochichando na orelha
I love you, I love you
Vou lhe fazer delirar
I love you, I love you
Tá quase saindo centelha
I love you, I love you
Não dá mais pra segurar

Bem, não vá ficar vermelha
I love you, I love you
Não dá pra se apavorar
I love you, I love you
Faça o que der na telha
I love you
Deixe o coração falar
I love you, I love you

I love you, I love you
I love you, I love you
I love, love you!",pt
/e-o-tchan/,Jeitinho Manhoso,/e-o-tchan/jeitinho-manhoso.html,"Eu conheci uma menina aqui
Que gostava de pagode,sambava como ninguem

Ela entrou no samba
E falou pra mim
Vem sambar,meu nego
Vem sambar,tambem

Ela desce,descedesce, desce, desce
Com dedinho na boca
E sobe tambem
Ela tem um jeitinho manhoso
Um corpinho gostoso
E um bumbum tambem

Ninguem aguenta quando ela chega
Espinhando a bundinha
E começa a rebolar
A galera agita,todo mundo grita
Em uma so voz e começa a catar

Linda,gostosa,debochada maravilhosa

Samda ai, que eu quero ver
Quebra ai, que eu quero ver
Dança ai, que eu quero ver
Treme ai, que eu quero ver

Linda,maravilhosa e gostosa",pt
/e-o-tchan/,Kawasaki,/e-o-tchan/kawasaki.html,"Kawasaki (Scheila Carvalho)

Pode vir, meu bem
De Kawasaki e dinheiro no bolso
Baile arregado não faz mal pra ninguém

Pode vir, meu bem
De Kawasaki e dinheiro no bolso
Baile arregado não faz mal pra ninguém

Ir pra casa a pé
Essa onda acabou
Vou sentar na Kawasaki
Empinando meu popô

Se liguem, meus amigos
Eu não sou mercenária
Só não agüento mais
Essa situação precária

Não quero acabar
Com um cara ferrado
Só limpando chão
Lavando pilhas de prato

Eu quero ir pro shopping
O resto é que se dane
Comprar várias peças
E vários trajes da gangue

Pode vir, meu bem
De Kawasaki e dinheiro no bolso
Baile arregado não faz mal pra ninguém

Pode vir, meu bem
De Kawasaki e dinheiro no bolso
Baile arregado não faz mal pra ninguém

""Iny weeny teeny weeny
Shriveled little short dick man...""
""Iny weeny teeny weeny
Shriveled little short dick man...""

Eu quero ir pro baile
Com você ao meu lado
Mas pra me conquistar
Tu tem que tá preparado

Porque no fim da noite
Pode pagar pra ver
Vou dançar o tchaca tchaca
Até o dia amanhecer

Faço cena obscena
Rebolo a noite inteira
Viro a Tiazinha
Incorporo a Feiticeira

E quando amanhecer
Vou te deixar no osso
Beijar dos pés a cabeça
E começar tudo de novo!

Pode vir, meu bem
De Kawasaki e dinheiro no bolso
Baile arregado não faz mal pra ninguém

Pode vir, meu bem
De Kawasaki e dinheiro no bolso
Baile arregado não faz mal pra ninguém",pt
/e-o-tchan/,Lamba Tchan,/e-o-tchan/lamba-tchan.html,"Pi para pirou
Pi para pirou...
Dance, dance, dance o lamba tchan, tchan, tchan
Dance, dance, dance o lamba tchan, tchan, tchan
Vai, vai, vai levante as mãos que eu quero ver
Ver vo...cê, balance os braços sem parar, (sem parar)
Batendo na palma da mão, no tum, tum tum do coração
Que é pra gente delirar, (de...li...rar)
Girando que nem carrossel,
(Vai, vai, vai), deslize nas ondas do mar,
Vai que dá,
Na frente que eu vou atrás
Que tá gostoso até demais
E no gogó vamos cantar
(Ai, ai, ai), beleza é ter você comigo
(Ai, ai, ai), beleza é ver você bailar
(Ai, ai, ai), faz uma gracinha, ai, ai
Quebra de bandinha, ai, ai
Que o lamba tchan vai começar
Pi para pirou, meu amor
Pi para pirou, que calor
Pi para pirou, juntinho...
Dance o lamba Tchan!!!!!",pt
/e-o-tchan/,Madeira,/e-o-tchan/madeira.html,"A nega perigosa
Tá me dando bola
Eu vou entrar de sola
E quando o nego dela
Enche a cara dela
e dá o fora
Eu vou entrar de sola
Aumento a radiola
Na hora do rala e rola
Jogo a nega pra cima
E aparo ela pela rabiola
As minas, os mano
De butuca me filmando
Eu vou ficar calado
Pra não dar bobeira
A nega é de primeira
Eu vou ficar calado
Pra não dar bobeira
Se segura que lá vem madeira
Maçaranduba Cerejeira
Ripa nela
Senta a madeira
A nega pagodeira madeira de lei
Cante com a gente outra vez",pt
/e-o-tchan/,Malhação,/e-o-tchan/malhacao.html,"Vou lhe dizer é bom malhar
Dançando com o Gera você vai suar
Meninha gostosinha vá se controlar
Um dia sua barriga pode aumentar

E de noite no pagode
Com seu corpinho violão
Vai requebrando gostosinho
Com seu shortinho da malhação

A malhação faz bem ao coração
O corpo fica igual a um violão
Abdominal não será em vão
Agachamento, barra, supino e flexão

Quando pega na maromba
Não quer mais largar
Quando você malha no Gera Samba
Não quer mais parar

Você corre todo dia
Pra lá e pra cá
Essa é sua alegria
""Segredos de versar"" também faz suar",pt
/e-o-tchan/,Mão Boba,/e-o-tchan/mao-boba.html,"Boba,boba
Boba,boba

Tira essa mão boba daí(2x)
Essa mão é muito abusada, ordinária
Tá danada, querendo se
divertir

Não pode ver perna bonita
Quer pegar
Bochecha gostosa,fofinha
Quer apertar
Se vê uma bunda mexendo
Quer passar

Êta,mãozinha assanhadinha
Está querendo te agarrar
Olhe pro lado,tome cuidado
Que ela pode te pegar

Aquele que não tem mão boba
Levanta que eu quero ver

E bata na palma da mão
É o Tchan,É o Tchan
Que chegou pra você",pt
/e-o-tchan/,Me Solta,/e-o-tchan/me-solta.html,"Fiquei maluco só de ver vc
O seu jeitinho ja me fez pirar
Eu fico louco, perco os sentidos
Faço de tudo pra poder te conquistar
Eu fico louco, muito louco, malucão
Eu vou abrir os braços pra chamar sua atenção

Balança a cabecinha pra dizer que sim
E desse jeito eu vou trazer vc pra mim
Nem que eu tenha que pular, de avião

Me solta, me solta, me solta, oh..
me solta, me solta, ah..
me pega não!",pt
/e-o-tchan/,Melô da Batedeira,/e-o-tchan/melo-da-batedeira.html,"Eu sou o tchan do brasil
Bom de samba bom de tudo


Eu vou mostrar para vocês
Uma nova swingueira
Você fica de frente
E faz a batedeira

Bate que bate
Faz a batedeira


Bate que bate

Não precisa ter vergonha
Só precisa rebolar
Joga o corpo pra frente
E comece a empinar

Você que está de fora
Deixe de besteira
Venha aqui pro tchan
Fazer a batedeira

Bate que bate
Faz a batedeira


Bate que bate",pt
/e-o-tchan/,Melô do Tchaco II (dança Gostosa),/e-o-tchan/melo-do-tchaco-ii-danca-gostosa.html,"Iô, iô, iá, iá
Iô, iô, iô, iô, iô, iô, iá, iá

Frente do tchaco pro lado e pra trás

A dança do tchaco é uma dança gostosa
Que tem uma mistura de samba de roda
E o clima gostoso quem faz é você
Junto com o Gera Samba e ""Coisa de Acender""

E diga iô, iô
Iô, iô, iá, iá

Olha o tchan, olha o tchan
Tchan, tchan, tchan

Em cima, em baixo, vai
Em baixo, em cima, fui
Pro lado direito vai
Pro lado esquerdo vem, vem, vem
Pra frente, pra frente, fui
Pra trás e pra trás fui, fui, fui

Na palma da mão",pt
/e-o-tchan/,Meu Cumpade Dá Licença,/e-o-tchan/meu-cumpade-da-licenca.html,"Abra o seu coração
Faça esse povo cantar
Agora chegou sua vez
O show tem que continuar...

Ô, meu cumpade, de chegar
Eu vim aqui pro povo balançar
Ô, meu cumpade, eu tô chegando de fininho
Firulando bonitinho, gostosinho pra danar.

Essa morena ja me enfeitiçou
Essa loirinha já me fez pirar
No remelexo do meu brother jacaré
Cai o queixo, embala, embola quebra na ponta do pé.
Ô criatura, segura, segura

Requebra, quebra
Sai quebrando, eu quero ver
Rebola, vai, rebola, vem na descidinha
Eu tô chegando pra dar minha quebradinha.

É um tchan, ram, tchan, tchan
É um tche, re, tche, tche
No dim dim dom do cavaquinho, eu mexo com você
No dim dim dom do cavaquinho, eu vou queixar você
No dim dim dom do cavaquinho, eu cantar você.",pt
/e-o-tchan/,Mexa Amor,/e-o-tchan/mexa-amor.html,"Mexe comigo
Tenha certeza vou enlouquecer
Só com um sorriso
Lindo, envolvente parei em você

É deslumbrante amor, é muito sensual
Quando rebola mexe com minha cabeça mãe
Seu corpo lindo assim tremendo visual, por isso eu canto meu bem pra você dançar!

Mexa amor mexa mexa mexa
Joga na cabeça a mão e começa a descer assim
Desca amor desca desca desca
Se você convida então eu danço com você!

Sambe comigo vai!
Vem desse jeito assim
Venha mexendo, mexendo pertinho de mim

O som tá bom a ""bessa""
Isso é de enlouquecer
Eu fico alucinado em ver você mexer
Mexa mexa mexa...",pt
/e-o-tchan/,Nêga Vá,/e-o-tchan/nega-va.html,"Quem nasceu pra você
Fui eu nêga
Você é minha
E eu sou todinho seu

De quem é a boquinha, nêga?
Ela é sua, meu neguinho
De quem é o queixinho, nêga?
Ai, é seu também
De quem é o pescocinho, nêga?
Ele é seu, meu bem
Então chega pra cá
Pra recomeçar esse vai-e-vem

Venha, nêga, vá
Venha, nêga, vá
Venha, nêga, vá
Venha, nêga, vá, venha

De quem é o peitinho, nêga?
Eu falei que é seu, meu bem
De quem é o umbiguinho, nêga?
Mas ele é seu também

E esse lindo requebrado?
Eu falei que é seu, meu bem
Então, venha pra cá
Pra recomeçar
Esse vai-e-vem
Vai-e-vem, vai-e-vem, venha

Venha, nêga, vá...

Quem nasceu pra você?
Fui eu
Sou toda sua
Você é todinho meu

Quem nasceu pra você ?
Fui eu, nêga
Você é minha
E eu sou todinho seu

De quem é a boquinha, nêgo?
Ai, ela é sua, meu bem
De quem é o queixinho, nêgo?
Ai, ele é seu também, todo seu
De quem é o pescocinho, nêgo?
Ele é seu, meu bem, loirinha

Então, chega pra cá
Pra recomeçar
Esse vai-e-vem

Venha, nêgo, vá...

De quem é o peitinho, nêgo?
Ele é seu, meu bem
De quem é o umbiguinho, nêgo?
Ele é seu também
E esse lindo corpinho , neguinho?
Todo, todo seu
Então, chega pra cá
Pra recomeçar
Esse vai-e-vem

Venha, nêgo, vá...",pt
/e-o-tchan/,O Funk do Tchan,/e-o-tchan/o-funk-do-tchan.html,"Levante as mãos pro céu
E comece a balançar
Sacode o popozão
Que o Tchan vai te acompanhar

Pra baixo, pra cima
Dance até de manhã
Sacode mamãe, sacode papai
Vem no funk do Tchan

Pegue no bumbum
Pegue no compasso
Vem no funk do Tchan
E é só correr pro abraço

Pegue no bumbum
Pegue no compasso
Vem no funk do Tchan
E é só correr pro abraço

Jacaré já tá quebrando
E o Compadre ri à toa
Com tanta popozuda
Tô ficando numa boa

Falando de coisa bonita
Essas gatas dão trabalho
Tem a Sheila que é Melo
E a Scheila que é do Carvalho

Pegue no bumbum
Pegue no compasso
Vem no funk do Tchan
E é só correr pro abraço

Pegue no bumbum
Pegue no compasso
Vem no funk do Tchan
E é só correr pro abraço",pt
/e-o-tchan/,O Trenzinho,/e-o-tchan/o-trenzinho.html,"Gera, trem do amor
Gera mais amizade
Eu disse gera cadê

Gera oh, oh, oh
Trem do amor ah, ah, ah
Gera mais amizade

Todo mundo na viagem (2x)
No trenzinho da sacanagem

Olha só como assovia (2x)
O trenzinho da alegria

Vou no tchaco ou no tchu tchu (2x)
No trenzinho de norte a sul

Quero todo mundo já
Nesse pega pra cá pá",pt
/e-o-tchan/,Oba!,/e-o-tchan/oba.html,"Oba, saia da frente que já vem, vem, vem, vem
A moçada cantando o hit do verão
Oba, Oba
Oba, saia da frente que já vem, vem, vem, vem
A moça cantando o hit do verão
Tem gringo com mulata, loura com negão
Tem criança e adulto, é tanta emoção
Ninguém fica de fora, é grande a união
E quem nao dança se balança, a, a
E quem nao dança se balança, a, a
E quem nao dança se balança, a, a
E quem nao dança se balança, a, a,a,a Oba...
Pra essa galera eu tiro o meo chapéu
Saudando a alegria e o amor
É de paz minha fantasia
Vamos nessa, galera, que o Tchan já chegou
Oba... Tem gringo...",pt
/e-o-tchan/,Papo Quente,/e-o-tchan/papo-quente.html,"Solte o corpo
Cai na dança
Rebola devagar
Pra nao embolar
Esse teu corpo me fascina
Essse teu riso de menina me deixa ,menina entra na roda
E rebola e rebola
Diz que rola,nao enrola
Faz meu corpo delirar
Menina,papo quente
Que suinga,engana a gente
Pensoque ate estou contente
Me deixa,deu agua na boca
Ai que coisa louca
Essa menina quando mexe
Mexe,mexe
Ela e de arrepiar
Me sinto acrente
Mas te espero na avenida
Toda linda
So pra gente namorar",pt
/e-o-tchan/,Parece Um Furacão (rebola),/e-o-tchan/parece-um-furacao-rebola.html,"Entre nesse passo, é pura emoção
Erga a mão pro céu e bata de montão
Solte adrenalina, o show já vai rolar {bis}
Vem nesse balanço que é de arrepiar
Parece um furacão quando passa
Ninguém se dá, ninguém segura
Faz cara de boba, deixa de pirraça {bis}
O É o Tchan te leva á loucura
Rebola, rebola, rebola, rebola
Rebola, rebola, rebola bola sem parar
Mexendo, descendo, mexendo, descendo {bis}
Mexendo, descendo, que ta gostaso pra danar
Faz um movimento assim
Da uma quebradinha pra mim
Deixa de besteira, vem no passo dessa dança {bis}
Como o É o Tchan, todo mundo se balança

> CD : LIGADO EM 220 V",pt
/e-o-tchan/,Pega No Ganzá,/e-o-tchan/pega-no-ganza.html,"Ela por baixo, negão
Ele por cima (2x)
Essa dança faz menino
Essa dança faz menina

Pega no ganzá
Pega no pensar
Pega no cansar
Vai no pescocinho (2x)
Pega no umbiguinho
Vai no joelinho
Pega

Se ele é ouro
Ela é tesouro
Se ele arde
Ela é pimenta
Se ele canta
Ela faz coro
Se ele é pedra
Ela é noventa",pt
/e-o-tchan/,Pisa No Milho,/e-o-tchan/pisa-no-milho.html,"Cheguei no samba cheguei todo duro
Só preciso de alguém para me ensinar
Quero aprender quero aprender direito
Aprender a pisar no milho pra poder mostrar
Cheguei no samba cheguei todo duro
Só preciso de alguém para me ensinar
Quero aprender quero aprender direito
Aprender a pisar no milho pra poder mostrar

Olha o molejo da linda menina
Menininha bonita vem me ensinar
Nesse molejo eu vou entrar em cena
Não sou ator mas posso contracenar
Pisa no milho, pisa no milho
Pisa no milho, pisa no milho
Pisa no milho, pisa no milho
Pisa no milho, pisa no milho",pt
/e-o-tchan/,Pode Falar Quem Quiser,/e-o-tchan/pode-falar-quem-quiser.html,"Fala, pode falar quem quiser
Eu sou da Bahia, meu rei (2x)
E tenho samba no pé
Pode falar quem quiser

Esse samba que veio de lá
É pra quem sabe mexer (2x)
Cavaco comendo no centro
Pandeiro, viola e eu com você

Sambou, mexeu, caiu, levantou (2x)
Sacode a poeira que o Tchan já chegou

Quem foi que disse
Que homem não quebra
Eu vou mostrar pra você (2x)
Eu tenho molejo no corpo
É só pra quem sabe fazer",pt
/e-o-tchan/,Popô,/e-o-tchan/popo.html,"Popô, Popô, Popô, Popô
Foi o carioca que falou
Popô, Popô, Popô, Popô
O tchan do Brasil arrebentou

É paixão de brasileiro
É chamada de pandeiro
É o charme de raimunda
Ai meu Deus, aquela bunda

Anda parecendo um tanque
Aprendi no baile funk
Que a moçada ensinou
Que bundinha é bumbum

Agora é chamada de popô
Bote a mão na cabeça
E a outra no joelinho
Jogue o popô de ladinho
Bota pra mexer esse popô moreninho

Mexe com a bundinha ligeirinho
Bota pra mexer esse popô, lourinho
Treme, treme, treme o bumbumzinho
No popôzinho, zinho, zinho, zinho, zinho
Eu também quero um pouquinho",pt
/e-o-tchan/,Pot-pourri (a Cancela; Minha Guia Azul; Mentirosa),/e-o-tchan/pot-pourri-a-cancela-minha-guia-azul-mentirosa.html,"Sinto a beleza da vida
Num despertar do amanhã
Venha comigo, querida
Curtir e sentir o sabor da maçã

Ao findar da madrugada
Surgiu um sol de verão
Esse é o tchan do Brasil
Cantando e encantando
Esta linda canção

A cancela, a cancela, a cancela
A cancela bateu

Meu amor que era moreno
E moreno era você, ia, ia
Você, ia, ia
Você, ê, ê, ê, ê, ê

No bicho da cara preta
Tudo fica bem legal
É o tchan na minha vida

Nesse país que é tropical
Papai, como eu sofri
Não tive pra onde correr
Botei minha guia azul
Pra poder me defender

Eu fui subindo a ladeira
Pra pedir sua permissão
No bicho da cara preta
O senhor me deu a mão
Eu sou negão, chega mais pra ver
A bandeira azul e branca
Que eu carrego é pra você
Na minha vida só posso agradecer
Eu vou seguindo a minha estrada
Pois meu samba é de valer

Meu samba é de valer, ê, ê, ê
Ogum de valer, ê, ê
É de valer, ê, ê
O tchan é de valer
Você vive falando
Só vive lamentando
Que eu não saio contigo
E que eu não quero te amar

E me nega um sorriso
Até mesmo um abraço
Eu te juro, menina
Já não sei mais o que faço

Pra te conquistar
Pra te namorar
Deixa de orgulho
E vem comigo quebrar
Pra te conquistar
Pra te namorar
Deixa de orgulho
Evem pro tchan sambar

Eu disse moça
Moça metida a besta
Metida a besta, metida a besta
Não quer sambar
Moça metida a besta
Metida a besta, metida a besta

Iá, iá, olhe a cara dela
Iá, iá, olhe a cara dela
Tá com três meses de barriga
Dizendo que é donzela",pt
/e-o-tchan/,Pot-pourri (sambas da Bahia),/e-o-tchan/pot-pourri-sambas-da-bahia.html,"Já é verão na Bahia, eu vou me embalar
Gente com pele macia, venha bronzear
Quero bronze no corpo, morena
Fazer tudo de novo, morena
Bamboleia esse corpo
Quero ver todo mundo quebrar
Quero ver todo mundo quebrar

Samba, ê, samba
Samba, menina, pra lá e pra cá
Ê samba,
Samba, menina, pra lá e pra cá
Pra cá

Chicotinho queimado vale dois cruzados
Quem olhar pra trás leva chicotada
Chicotinho queimado vale dois cruzados
Quem olhar pra trás leva chicotada

Mamãe, mamãe
Minha estrela do mar
Eu vou pra samba, eu vou lá pra sambar
Da cabeça aos pés, toda bronzeada
Vem quebrar o corpinho
Todo queimadinho com a rapaziada

Que desce, que desce, que desce
Que sobe, que sobe, que sobe
Chicotinho queimado vale dois cruzados
Quem olhar pra trás leva chicotada
Chicotinho queimado vale dois cruzados
Quem olhar pra trás leva chicotada

Por onde o Tchan passar
Todo mundo vem pra ver
O cantor do Tchan cantar
Pra fazer seu Erê descer

Se meu Erê quiser dançar
Dança, meu Erê, dança, meu Erê
Se meu Erê quiser cantar
Canta, meu Erê, canta, meu Erê
Se meu Erê quiser pular
Pula, meu Erê, pula, meu Erê
Se meu Erê quiser gritar
Grita, meu Erê, grita, meu Erê

Samba, ê, samba
Samba, menina, pra lá e pra cá
Samba, ê, samba
Samba, menina, pra lá e pra cá",pt
/e-o-tchan/,"Pot-pourri (Tá Legal, Dançando Ligeirinho)",/e-o-tchan/pot-pourri-ta-legal-dancando-ligeirinho.html,"Vivi, vivi, vivi, vivi, vivi, vivi

Foi um vento forte que passou
Deixou ecoar o novo som
Sou nossa juventude, vou dizer
Vem pra roda, menina, que é bom

É viola, é viola, tá legal
Tá legal, tá legal, é viola
É viola, é viola, tá legal
Tá legal, é viola

Se entra na roda, menina
Volte logo, por favor, menina
Volte logo, por favor
Andam dizendo por aí, que você disse
Que não gosta de pagode

E que não sabe sambar
Olha, menina
Eu te digo, não se zangue
Pois eu tenho uma proposta pra te falar

Viola, tá legal
Tá legal, é viola
Viola, tá legal
Tá legal, é viola

Dance, menian
Dançando desse jeito é legal
Curtindo esse pagode em alto astral
Assim vai me fazendo passar mal

É só mexer
Botando as cadeiras pra tremer
Assim tá me fazendo enlouquecer
Já estou enlouquecendo de paixão

Bem ligeirinho
Dá uma rodadinha, ligeirinho
Mexe a cabeça, ligeirinho
Sapateia, menina, ligeirinho

Sapateando pra um lado e para o outro
Eu tô gostando
Gostando do teu jeito de sambar
Pro é o tchan, menininha,
Vem pra cá
Sapateando para um lado e para o outro
Eu tô gostando
Gostando do teu jeito de sambar
Passarela, menininha
Venha, venha, ligeirinho

Bem ligeirinho
Dá uma rodadinha, ligeirinho
Mexe a cabeça, ligeirinho
Sapateia no bicho, bicho
É o bicho, é o bicho, é o bicho
Bicho, é o bicho, bicho, bichão
Foi!",pt
/e-o-tchan/,Pot-pourri Maria Swinguera,/e-o-tchan/pot-pourri-maria-swinguera.html,"E gente cobiçada
E mulher de primeira
E fogo na brasa
E lenha na fogueira
E uma tentaçao,la no caminho da feira
E pura seduçao,num samba de madeira

Maria nao resiste
E vem pro tchan sambar
E levanta a poeira
Maria nao resiste
E vem pro tchan sambar
Ela nao e brincadeira

Maria de verdade
Maria do pelô
Maria do brasil,maria salvador
Maria de verdade
Maria sambadeira
Maria que e o tchan
Que e samba de primeira

Oi,levanta a poeirasambadeira
Zum,zum,zum
Na ladeira faz zoeira, e lauera
O swingue do tchan,nao e brincadeira

Na swinguera,na swinguera
Na swinguera,na swinguera",pt
/e-o-tchan/,Procurando Tu,/e-o-tchan/procurando-tu.html,"Morena diga
Onde é que tu tava
Aonde é que tu tava
Onde é que tava tu
Passei a noite procurando tu
Procurando tu, procurando tu

Eu vivo triste, meu amor me beija
Mesmo que não seja beijo de amor
Esse teu beijo sei que me envenena
Mas não tenha pena se ele é matador

Eu quero um beijo de lascar o cano
Pois eu sou baiano
Cabra beijador
Pra você ver

Chega pra perto, me dá um arrocho
Que eu já tô roxo de tato roer
Acende o fogo da minha fogueira
Que a noite inteira eu só faltei morrer
Te procurando, meu amor te dando
E tu me enganando, fazendo eu sofrer",pt
/e-o-tchan/,Quem Gosta do Tchan?,/e-o-tchan/quem-gosta-do-tchan.html,"Quem gosta do Tchan
Bate palma e grita ahá, uhu
Quem segura o Tchan
Bate palma e grita ahá, uhu
Quem amarra o Tchan
Bate palma e grita ahá, uhu
A festa vai ficar bonita ahá, uhu

Tchutchuca, tchutchuco
Tô doido pra ficar maluco
Potranca, cabrita
Mexe bem a pepita

Sacode, balança a tcheca
Não deixe cair a peteca
Festa boa, boazuda
Só tem popozuda

Quem gosta do Tchan
Bate palma e grita ahá, uhu
Quem segura o Tchan
Bate palma e grita ahá, uhu
Quem amarra o Tchan
Bate palma e grita ahá, uhu
A festa vai ficar bonita ahá, uhu

Quem gosta do Tchan
Bate palma e grita ahá, uhu
Quem segura o Tchan
Bate palma e grita ahá, uhu
Quem amarra o Tchan
Bate palma e grita ahá, uhu
A festa vai ficar bonita ahá, uhu

Bota a mão no joelho
E dá uma abaixadinha
Só tem gata gostosa
Balançando a bundinha

Na selva, no Havaí
Na Bahia ou no Japão
Tá tudo dominado
Então, solta o pancadão

Quem gosta do Tchan
Bate palma e grita ahá, uhu
Quem segura o Tchan
Bate palma e grita ahá, uhu
Quem amarra o Tchan
Bate palma e grita ahá, uhu
A festa vai ficar bonita ahá, uhu

Quem gosta do Tchan
Bate palma e grita ahá, uhu
Quem segura o Tchan
Bate palma e grita ahá, uhu
Quem amarra o Tchan
Bate palma e grita ahá, uhu
A festa vai ficar bonita ahá, uhu",pt
/e-o-tchan/,Rasta Chinelo,/e-o-tchan/rasta-chinelo.html,"Ajari-ô, hei
Ajari-ô, hei
Quero todo mundo no pagode
Balançando sem parar, thu, thu, thu
Quando o guitarrista na guitarra
Começar a suingar
Quero todo mundo no pagode
Balançando sem parar, balançando
Sem parar, sem parar
Quando o guitarrista na guitarra
Começar a suingar
Rasta chinelo
Alisa o céu
É som de rap
Hip hop, funk rock
Tá gostoso pra danar
É som de rap
Hip hop, funk rock
É gostoso pra danar
Toca pandeiro, toca pandeiro
Dá-lhe agogô, dá-lhe agogô
Som brasileiro, nagô
Dança maneiro, dança maneiro
Bate tambor, bate tambor
Um pas-de-deux de amor
Ôooooo, bota tempero na cintura
Ôooooooo, mexe, remexe, remexe, remexe
Quero todo mundo no pagode....",pt
/e-o-tchan/,Rebata,/e-o-tchan/rebata.html,"Bata, rebata, finja que rebata, congela
descongela
Bata, rebata, finja que rebata, congela
descongela
Chamego dela, eu vou com ela
Menina bela, eu tô na dela
Vem, vem me namorar
Que coisa louca, batom na boca
Bate garota, não é mão boba
Vem, vem me ensinar
Vem me ensinar, que eu só quero
Bater um papinho com você
E essa dança aprender (2 vezes)
Sabe por quê?
Bata, rebata, finja que rebata, congela, descongela
Bata, rebata, finja que rebata, congela, descongela
Chamego dela, eu vou com ela
Menina bela, eu tô na dela
Vem, vem me namorar
Que coisa louca, batom na boca
Bate garota, não é mão boba
Vem, vem me ensinar
Vem me ensinar, que eu só quero
Bater um papinho com você
E essa dança aprender (2 vezes)
Sabe por quê? Sabe por quê?
Bata, rebata, finja que rebata, congela, descongela
Bata, rebata, finja que rebata, congela, descongela",pt
/e-o-tchan/,Reggae Tchan,/e-o-tchan/reggae-tchan.html,"Biriba, biriba

Segure aquí, segure ali
Segure o reggae do Tchan (4x)

Reggae, no reggae, no reggae, reggae
No reggae, no reggae, reggae (2x)
No reggae do Tchan

Esse reggae vai balançar as tranças dela
Pra te lembrar de Marley, de Jimmy (2x)
De Peter, do som da galera

Aiô, iô
Aiô, iô
Aiô, iô, iô (2x)
Aiô, iô, iô

Já cantei rock
Sertanejo, remelexo
Venha, venha no suingue reguiar
Bota essa Jamaica no seu corpo na cabeça
Liberdade pra dança

Bata na mão
Reggae na cabeça
Balança a trança (2x)
A benção na terça

E jogue pro lado e pro outro
Pro lado e pro outro (2x)
Pro lado e pro outro",pt
/e-o-tchan/,Rock do Tchan,/e-o-tchan/rock-do-tchan.html,"Preste atenção no que agora
vou falar
Essa é a nova moda que chegou
para ficar
Todos embalados nessa
nova sensação
tudo,tudo,tudopra chamar
sua atenção

Não agüento mais,não agüento mais
Olha,olha só o que ela faz
Não agüento mais,não agüento mais
Olha,olha só o que ela faz

Roupa coladinha
Coxa bem grossinha
Vive balançando a cabeça
Sabe que é bonita
Sabe que é charmosa
Mas é bom que nunca se esqueça

Tá matando o velho
Estou desesperado
O bicho tá pegando,tô ficando
agoniado
Tá dando tremedeira,suadeira e aflição
A zorra tá pegando,se segura,
meu irmão

Não agüento mais,
não agüento mais...

Roupa coladinha...

Abre a roda e deixa ela
Bem no meio da folia
Esse rock aqui no pagode
É o Tchan,É o Tchan,É o Tchan
Tchan,Tchan,Tchan

Não agüento mais...",pt
/e-o-tchan/,Samba Que Manda,/e-o-tchan/samba-que-manda.html,"Que requebrado é esse, gostoso
Que criatura é essa, dengosa
E vem de lado e vem de banda,
Segure o samba
Que agora manda
E vem de lado e vem
De banda, se requebrando
No Gera Samba

Fazendo um remelexo
Molejo, molejo, molejo, morena

Pega na cabeça e na cintura
Na cabeça e na cintura
Na cabeça e na cintura

Deixa de bobeira, venha requebrar
Comigo a noite inteira

Vamos sambar, a, a, a, a, a, a
Traga mulher, é, é, é, é, é, é
Estou aqui, i, i, i, i, i, i
No Tororó, ó, ó, ó, ó, ó, ó
Vem de buzú, ú, ú, ú, ú, ú, ú

Tô ""comeno"" água, tô ""comeno"" água, tô ""comeno"" água
Pra me refrescar
Tô ""comeno"" água, tô ""comeno"" água, tô ""comeno"" água
Pra te esperar",pt
/e-o-tchan/,Samba Rap Arrepiado,/e-o-tchan/samba-rap-arrepiado.html,"Vai, vai, requebra até o chao, vai
Como se fosse um bambolê, vai
Cê ja ganhuo meu coração, vai, mãe, vai
Vai, vai, como é bom te ver

Você todinha a remexer, mãe
Com esse corpinho violão vai, mãe, vai
Menina bonitinha do corpinho agraciado
Pra você fiz esse samba meio rap arrepiado

E fica bem gostosa quando canto pra você
E vem bem de mansinho, até o chão devagarinho
E vem, sobe um pouquinho, pare no meio, danadinha
Balance esse bumbum, assim, de um lado para o outro

Desse jeito, minha neguinha, cê vai matar painho
Vai, vai, requebra até o chão vai...
Menina bonitinha, do corpinho rebolado
Se você fizer o que eu digo eu serei seu namorado

Coloque a mão direita na bandinha da bundinha
Agora a mão esquerda pegue bem na cabecinha
E vem estremecendo, estremecendo até o chão
E vem rodopiando e sobe que nem um pião

Só falta agora você desfilar na passarela
Dar bye-bye pra todo mundo e um beijo na galera",pt
/e-o-tchan/,Samba Sertchanejo (com Rionegro e Solimões),/e-o-tchan/samba-sertchanejo.html,"O tchan botou uma viola nesse samba
E a moçada toda vai se amarrar
é um mexe mexe
Um quebra quebra
Sacolejo nesse samba sertanejo
Todo mundo vai pirar

é um quebra quebra
Um mexe mexe
Sacolejo nesse sambasertanejo
Todo mundo vai pirar

Dilinguidim diliguindim
A viola no pagode começa
Fazendo assim
Dilinguidim diliguidim diliguidim
A viola no pagode começa
Fazendo assim

Eu vou mostrar pra você
Como toca uma viola
Eu vou mostrar pra você
O gingado da viola
A mao na barriguinha dessa viola
Alisando a cinturinha dessa viola
Segurando o tchan dessa viola
Depois da uma paradinha
Na boquinha da viola",pt
/e-o-tchan/,Sapatinho(cinderela),/e-o-tchan/sapatinhocinderela.html,"Onde ela mora não sei
Seu endereço ainda não encontrei
Passei a noite em claro
Só pensando nela
Gata cinderela nunca foi tão bela

A primeira vista eu me apaixonei
Só tenho de lembrança o sapatinho 36...

Coloque o pé, bote o pezinho
Quero saber quem de vocês
Perdeu esse sapatinho...

São longuinho, são longuinho
Se eu achar essa menina
Vou dar três pulinhos...
(Eu vou dar 100 viu Jamaica...)

São longuinho, são longuinho
Se eu achar essa menina
Vou dar três pulinhos...
(Oh, meu santinho...)

São longuinho, são longuinho
(Agora só falta você loirinha...)

Só falta você de santinha
Bem alta no meio do salão
(A neguinha também...)
Experimente esse sapatinho
Se der direitinho te dou meu coração...

Coloque o pé, bote o pezinho
Quero saber quem de vocês
Perdeu esse sapatinho...",pt
/e-o-tchan/,Saravá,/e-o-tchan/sarava.html,"Sara já vem, tá pra chegar, no samba
Quando ela chega dá um show
Mão na cabeça, bote que bote, amor
Mão na cintura, bote que eu também vou

Saravá, saravá, saravá, saravá, saravá, saravá
Sara não para de quebrar (2x)
Saravá, saravá, saravá, saravá, saravá, saravá

Linda, vaidosa e sorridente
Tá sempre de bem com a vida
Me chama, me chama pra quebrar

Eu vou com todo gás
Vou sim, Sarinha vem atrás
Vou sim, eu vou com todo gás
Vou sim, Sarinha vem atrás
Vou sim, eu vou com todo gás

Guitarra comendo no centro (2x)
Somente pra ver Sara quebrar

Saravá, saravá, saravá, saravá, saravá, saravá
Sara não para de quebrar
Saravá, saravá, saravá, saravá, saravá, saravá

Contrabaixo comendo no centro (2x)
Somente pra ver Sara quebrar

Saravá, saravá, saravá, saravá, saravá, saravá
Sara não para de quebrar
Saravá, saravá, saravá, saravá, saravá, saravá

Cavaquinho comendo no centro (2x)
Somente pra ver Sara quebrar

Saravá, saravá, saravá, saravá, saravá, saravá
Sara não para de quebrar
Saravá, saravá, saravá, saravá, saravá, saravá",pt
/e-o-tchan/,Se Bulindo,/e-o-tchan/se-bulindo.html,"Eu conheci uma bela garota
Que não sabia que sabia sambar
Igual a ela eu nunca vi, quase louca
Uma nova dança ela queria mostrar

Primeiro ela mexeu o pezinho direito
Depois mexeu o pezinho esquerdo
Primeiro ela mexeu o pezinho direito
Depois mexeu o pezinho esquerdo

E foi bulindo, foi toda se bulindo, foi toda se bulindo
Foi toda se bulindo pra trás
E foi bulindo, foi toda se bulindo, foi toda se bulindo
Foi toda se bulindo pra trás

Primeiro ela mexeu o pezinho direito
Depois mexeu o pezinho esquerdo
Primeiro ela mexeu o pezinho direito
Depois mexeu o pezinho esquerdo

E foi bulindo, foi toda se bulindo, foi toda se bulindo
Foi toda se bulindo pra trás
E foi bulindo, foi toda se bulindo, foi toda se bulindo
Foi toda se bulindo pra trás

Vamos sambar bonito (3x)

Tá direito tá demais!",pt
/e-o-tchan/,"Simbora Neném (olha A Lua, Alah)",/e-o-tchan/simbora-nenem-olha-a-lua-alah.html,"Simbora neném
Um tiquinho de vintém
Uma vida na outra

Uma coca pra dois
Um cochilo depois
E o perfume na roupa

A folia do mar
É maré cheia
É o Tchan na avenida
Incendeia
E a lua clareia, areia, areia, areia

Alegria do mar
É maré cheia
É o Tchan na avenida
Incendeia
E a lua clareia

Olha a lua, olha a lua, olha a lua, olha a lua, olha a lua
Olha a lua, alá, alá, alá, alá, alá
Olha a lua, olha a lua, olha a lua, olha a lua, olha a lua
Olha a lua, alá, alá, alá, alá, alá",pt
/e-o-tchan/,Tá Com Raiva de Mim/ Mão Boba/ Festa do Passa Mão,/e-o-tchan/ta-com-raiva-de-mim-mao-boba-festa-do-passa-mao.html,"eu vou andando todo alegre sossegado
que eu não vou levar pra casa desaforo de ninguém
eu vou andando todo alegre sossegado
que eu não vou levar pra casa desaforo de ninguém
tá com raiva?
tá com raiva de mim?
eu não, meu bem
tá com raiva de mim?
eu não, meu bem
eu tô dormindo, você vem, ah
eu tô dormindo, você vem, ah
eu tô dormindo, você vem, ah
eu tô dormindo, você vem, ah

Boba,boba
Boba,boba
Tira essa mão boba daí(2x)
Essa mão é muito abusada, ordinária
Tá danada, querendo se divertir
Não pode ver perna bonita
Quer pegar
Bochecha gostosa,fofinha
Quer apertar
Se vê uma bunda mexendo
Quer passar
Êtá,mãozinha assanhadinha
Está querendo te agarrar
Olhe pro lado,tome cuidado
Que ela pode te pegar
Aquele que não tem mão boba
levanta que eu quero ver
E bata na palma da mão
É o Tchan,É o Tchan
Que chegou pra você

O tchan do brasil e boca
E mesmo uma coisa louca
O tchan do brasil e boca
E mesmo uma coisa louca
Na festa do passa a mao
Corre a mao, Corre a mao
Corre a mao, Corre a mao
Fala mais não pega fala mais não pega
Passe a mao e escorrega",pt
/e-o-tchan/,Tarde de Domingo,/e-o-tchan/tarde-de-domingo.html,"Tenho um mundo inteiro todo pra você.
O meu abraço pra lhe proteger.
Vejo o mistério neste teu olhar.
Que me atrai.
Tudo fica mais bonito quando você está.
Com esse jeito novo de amar.
Sua presença enche de desejo no ar.
Nunca vou me esquecer desses momentos lindos.
Qualquer dia com você é tarde de domingo.
Eu sei...

Andei andei andei
O dia inteiro a lhe procurar.
Eu não Posso esquecer.
O seu amor jamais.
Andei andei andei
O dia inteiro a lhe procurar
Eu não posso perder.
O teu amor jamais.",pt
/e-o-tchan/,Tchan do Amor,/e-o-tchan/tchan-do-amor.html,"Eh, la vem o grupo
Que comanda as mutidoes
Le,le,le,le,le,le
Esse e o grupo tchan
Que alegra coraçoes
Le,le,le,le,le,le, venho com honra e gloria
Mostrar minha historia
Mostrar meu valor ô,ô
O tchane amor ô ô
O tchan e amor, hoje nao quero tristezas
So quero alegria
O tchan ja chegou , ô,ô o povo delirou,ô,ô
O povo delirou, levante as maos e bate
Vai, vai, vai/ vai, vai, vai pro lado de la
Levante as maos e bate
Ve, vem ,vem
Vem,vem,vem pro lado de ca",pt
/e-o-tchan/,Tchan É Bala,/e-o-tchan/tchan-e-bala.html,"Abra os braços, de carinho
Nesse passo você não está sozinho

Se roda pião
O mundo gira num segundo
O É o Tchan quando passa
Vai levando todo mundo

O Tchan é bala, é bala de canhão
O Tchan é bala, é fogo no seu coração
O Tchan é amor
O Tchan é amor

Seroda pião
O mundo gira num segundo
O É o tchan quando passa
Vai levando todo mundo

É a levada brasileira
É alegria e emoção
É a parada agora

Tudo, tudo, tudo Tchan tchan tchan a toda hora",pt
/e-o-tchan/,"Tchan, A Grande Sacada",/e-o-tchan/tchan-a-grande-sacada.html,"E preciso ter tchan
E dar de uma vez uma grande sacada
Tchan , tchan , tchan
Ponto de partida mais tambem de chegada
Tchan, Tchan, Tchan
Curticão de quem sabe tirar tudo do nada
Tchan,tchan,tchan
Aditivo maneiro vale mais que dinheiro
Tchan,tchan,tchan
E um so sentimento, algo mais um tempero
Tchan,tchan,tchan
Quando pinta um sol num domingo cinzento
tchan,tchan,tchan
E correr pela rua contra o sol e o vento
E preciso ter tchan
E dar de vez uma grande sacada",pt
/e-o-tchan/,Tchan.com.br,/e-o-tchan/tchan-com-br.html,"Esse samba é pra você que não sabe ligar o computador
Ô, ô, o computador, ô ô
Você vai aprender como é que se faz
Você vai aprender vai, vai
Aperte o botão pra telinha acender.

Espere um puquinho pra ver
Espere um puquinho pra ver
Aperte o botão pra telinha acender

Espere um pouquinho, tudo vai acontecer
Espere um pouquinho, tudo vai acontecer

Segure o bichinho de rabinho cumpridinho
Leve a setinha onde tem um telefone
Com o dedo indicador você dá um ""cliquezinho""

Aparece a janelinha...
E aí? Bote sua senha, venha, venha, venha
Bote sua senha já rolou
E aí? Bote sua senha, venha, venha, venha
Que a viagem da internete começou
Pran quebrar, pra balançar, digite tchan.com.br.


Pra remexer, pra rebolar, digite tchan.com.br
Esse samba é pra vocÊ...
Click, Click, ai
Click, Click, ui
Click, Click, ai eu já fui
Click, Click, ai
Click, Click, ui
Click, Click, ui, ui, ui, ui, ui",pt
/e-o-tchan/,Têca Têrereca,/e-o-tchan/teca-terereca.html,"Quem não conheçe Têca Têca Têrereca
Têca Têrereca, Têca Têrereca
Que adora quebrar lá no Bicho da Cara Preta
Da Cara Preta, da Cara Preta
E na roda-de-samba mexe com a mão na cabeça
Têca Têrereca, Têca Têrereca Quem não conheçe Têca Têca Têrereca
Que no final de semana foi pro pagode quebrar
Mas (olha) ela quebra na boca da garrafinha
E no tcha, tcha, tcha
E nessa onda todo mundo ela engana
Quem não conheçe essa pessoa popular?
Quem não conhece Têca Têca Têrereca
Têca Têrereca, Têca Têrereca
Que adora quebrar lá no Bicho da Cara Preta
Da Cara Preta, da Cara Preta
E na roda-de-samba desce com a mão na cabeça
Têca Têrereca, Têca Têrereca
Segunda a sexta ela é uma faxineira
Lava, passa, lavadeira até a semana acabar
E no domingo, todo mundo ela engana
Bota uma roupa bacana
E no pagode vai quebrar
No É o Tchan (Na Companhia) ela quebra gostosinho
Com seu jeitinho de quem sabe o que faz
E vem quebrando com o dedo na boquinha
Fazendo uma carinha de quem gostou demais
E vem quebrando com o dedo na boquinha
Fazendo uma carinha de quem gostou demais
Quem não conhece Têca Têca Têrereca...",pt
/e-o-tchan/,Teimosinha,/e-o-tchan/teimosinha.html,"Ela tem charme e beleza
Ela sabe o jogo
Não adianta pedir pra parar
Que ela pede pra tocar de novo

Já que não vai obedecer

Deixa a teimosinha descer
Deixa a teimosinha descer

Pedi pra parar (PARA)

Deixa a teimosinha empinar
Deixa a teimosinha empinar",pt
/e-o-tchan/,Tempero do Amor,/e-o-tchan/tempero-do-amor.html,"Você me prendeu no seu tempero de amor
Pode me levar que eu vou
Pode me levar que eu vou
Eu também vou
Pode me levar que eu vou
E eu já disse, eu já disse, eu vou, eu vou (Ah, me leva, me leva que eu vou)
Pode me levar que vou
Pega, pega, pega, pega pega na cintura do negão
E vamos formando um cordão
Pega, pega, pega, pega pega na cintura do negão
Pega, pega, pega, pega pega na cintura do negão

'Cê mandou bem, eu mandei legal
Eu mandei bem, cê mandou legal
É (Agora) batendo na palma da mão, oh, oh, oh, oh, oh, oh
Agora cantando na palma da mão ah, ah, ah, ah, ah ah
Pega no ombrinho dela, que ela adora!
Agrra nas anquinhas dela, que ela adora!
Funga no cangote dela, que ela adora!
E bote o bumbum pra tremer
Dá uma bundada nela, que ela adora!
Uma umbigada nela, que ela adora!
Um saramussum com ela, que ela adora!
E deixa o couro comer!
Você me prendeu no seu tempero de amor....
'Cê mandou bem, eu mandei legal
Eu mandei bem, cê mandou legal",pt
/e-o-tchan/,Tempo Bom,/e-o-tchan/tempo-bom.html,"Quem lembra, não esquece não
Fogão de lenha, do ferro a carvão
Eu lembro, já faz um tempão
Água de moringa, luz de lampião
No Kombi lá do Quatro Rodas
Tomava uma gelada e comia o feijão
Prato de barro, comia de mão
Meu cabelo já era pimpão
Quem lembra, não esquece não
Fogão de lenha, do ferro a carvão
Eu lembro, já faz um tempão
Água de moringa, luz de lampião
Era menino e já via a menina ralando no chão
Din, din, din, tempo bom(4 vezes)
Capanga debaixo do braço
E o povo cantando o refrão
Din, din, dim, tempo bom (4 vezes)
Capanga debaixo do braço
E o povo cantando o refrão
Din, din, din, tempo bom (4 vezes)
Quem lembra, não esquece não
Fogão de lenha, do ferro a carvão
Eu lembro, já faz um tempão
Água de moringa, luz de lampião
Na Kombi lá do Quatro Rodas
Tomava uma gelada e comia o feijão
Prato de barro, comia de mão
Meu cabelo já era pimpão
Era menino e já via a menina ralando até o chão
Din, din, din, tempo bom (4 vezes)
Não tinha espaço e achava normal
Casa de sopapo, espeto de pau
Boca de sino, calça de tergal
A moda era black power.",pt
/e-o-tchan/,Tira E Bota,/e-o-tchan/tira-e-bota.html,"Essa menina quando quebra
Joga a cara pro lado
Até homem sério
Vira descarado

Quais, quais, quais, quais
Essa loirinha realmente tem
Um tchan a mais
Quais, quais, quais, quais
Essa morena realmente tem
Um tchan a mais
Quais, quais, quais, quais
Esse moreno realmente tem
Um tchan a mais
Quais, quais, quais, quais
Essa Bahia realmente tem
Um tchan a mais

Pede um abraço que eu te dou
Pede um cheiro que eu te dou
Pede um beijo que eu te dou

Dou um, dou dois, dou três, dou quatro
Vou quebrando à lá baina
Pra ficar bacana
Pra ficar bacana
Pra ficar bacana, ô, iaiá
Pra ficar bacana

Ai, que arerê, êta confusão
Essa menina quando quebra
Não sabe onde bota a mão

Bota, bota, bota, tira e bota, bota
Bota, bota, bota, tira e bota e vai até o chão

Quais, quais, quais, quais
Essa loirinha realmente tem
Um tchan a mais
Quais, quais, quais, quais
Essa morena realmente tem
Um tchan a mais
Quais, quais, quais, quais
Esse moreno realmente tem
Um tchan a mais
Quais, quais, quais, quais
Essa Bahia realmente tem
Um tchan a mais",pt
/e-o-tchan/,Tô Pirado,/e-o-tchan/to-pirado.html,"Essa menina tem um jeito doce,dengoso,manhoso gostoso
Que mexe comigo,eu sei
E bom demais
Toda vez que ela passa,meus olhos,coitados,se enchem de lagrimas
E ficam pedindo
Um beijo talvez
Ela tem um jeito faceiro que eu piro,meu deus
Parece criança
Rosto lindo,bem desenhado,nariz afilado
Ai, ai, meu dengo
Pirei em voce
Eu pirei de vez nessa mina , eu pirei
Eu tô pirado
Eu pirei de vez, quero ser
Seu namorado",pt
/e-o-tchan/,Toing,/e-o-tchan/toing.html,"Fui num pagode muito engraçado
E aquilo tudo me chamou a atenção
O contrabaixo era desafinado
Atravessando estava a marcação.

O couro do pandeiro estava furado
Só se ouvia o chilique, a chiadinha
E a galera era desendonçada
Fora do tom, todo mundo ia.

E o cantor tava preocupado
Tava nervoso que fazia dó
E quando largou pro cavaquinho
O coitado só tinha uma corda só

Toing, Toing, Toing, Toing, Toing
Toing, Toing, Toing, Toing

Quem gostou bate palma aí
Quem gostou bate palma
O cavaco que tem tchan não chora
O cavaco que tem tchan sorri",pt
/e-o-tchan/,Tome Choquinho,/e-o-tchan/tome-choquinho.html,"Agente tem atitude
Agente é virado no tchan
Na pele não tem negritude
Na area eu sou bam bam bam
Agente não manda recado
tá querendo pagar pra ver...

agora eu vou contar a você...


Pega a menina,bota no trenzinho
joga pra frente, pra trás bonitinho
choquinho, choquinho...
tome, tome, tome choquinho


Agente fez o tchu tchu
começou com a dança do tchan
na cordinha você já dançou ...
essa vai ser um arraso ...

Pega a menina,bota no trenzinho
joga pra frente, pra trás bonitinho
choquinho, choquinho...
tome, tome, tome choquinho

Pega a menina,bota no trenzinho
joga pra frente, pra trás bonitinho
choquinho, choquinho...
tome, tome, tome choquinho


Éo tchan a nova geração eletrizando tudo !",pt
/e-o-tchan/,"Três, Três Passará",/e-o-tchan/tres-tres-passara.html,"Vem cá
vem ver
A dança que agora eu vou mostrar pra você

E um balanço gostoso
Eu sei que você vai se amarrar
A censura e livre
Homem e mulher também
podem brincar
Estique o braço formando
Um túnel e comece a cantar
Um passa e o outro espera sua vez
de passar

E eu te convido agora pra dançar
vem, vem, vem, vem
Não custa nada você me acompanhar
A brincadeira já vai começar
Três,três passará
O derradeiro, deiro, ficará",pt
/e-o-tchan/,"Trim, Trim",/e-o-tchan/trim-trim.html,"Trim, deu hora
Trim,trim, deu duas horas
Trim,trim,trim,ja deu tres horas
Trim, trim, trim, trim, quatro horas deu agora


E na sacanagem
Vai pegando no ponteiro
Vai descendo ate embaixo
Vai subindo bem ligeiro

E nessa dança
Tem que ter muita energia
Pra nao descer ate embaixo
Nao acabar a bateria

Falei pra ela
Pra nao pegar no segundo
Pegar no ponteiro grande
Que isso aqui da um minuto

Deu uma hora,duas horas
Deu tres horas,quatro horas
Ela ainda esta no samba
Que menina e essa
Vem quebrando de ladinho
Da em cima, da em baixo
Nao consegue ficar bamba",pt
/e-o-tchan/,Turma do Batente,/e-o-tchan/turma-do-batente.html,"Chegou que chegou a turma do batente
Chegou que chegou a turma do batente
Chegou que chegou a turma do batente

Venha cá seu carpinteiro
Serra serra marceneiro
é com quatro paus que se faz uma cadeira

é na madeira é na madeira é na madeira
é na madeira é na madeira é na madeira
é na madeira é na madeira é na madeira
é na madeira é na madeira é na madeira

um padre sargento pra chama toda batente
quero ve cabo tenente
quero vevocê faze
Direita mover
Esquerda mover
Direita mover
Esquerda mover

Atenção pelotão sentido
Barriga pra dentro peito pra fora
Chama o pedreiro marreteiro
Ajuda a quebra
Quebra que quebra quebra
Quebra que quebra quebra
Quebra que quebra quebra
Quebra que quebra quebra

Aí vem a infermeira
Vem maneira vem parceirapra examinar
e ela vem bailando ariba ela vem na salsa
e elapega na cabeça e o dodoi passa
e o dodoi passa e o dodoi passa
e elapega na cinturae o dodoi passa
e o dodoi passa e o dodoi passa
e elapega no joelho e o dodoi passa
e o dodoi passa e o dodoi passa

Vem bombeira vem apagar o fogo
Vem bombeira joga essa água no povo
Vem com a escadinha da uma subidinha
da uma subidinha da uma subidinha da uma subidinha
Abre a torneirinha tira a mangueirinha
Mexe b omb eiri nh a paga o fogo ai
Molha essa galera
Molha essa galera
Molha essa galera
Minha bombeirinha vem aagar o fogo do meu coração

Chegou que chegou a turmado batente
Chegou que chegou a turmado batente

Se liga o carpinteiro
é na madeira é na madeira é na madeira
é na madeira é na madeira é na madeira

E o sargento direitamover esquerda mover
pedreiro marreteiro
Quebra que quebra quebra
Quebra que quebra quebra

Infermeira
e elapega na cabeça e o dodoi passa
e o dodoi passa e o dodoi passa
e elapega na cinturae o dodoi passa
e o dodoi passa e o dodoi passa
e elapega no joelho e o dodoi passa
e o dodoi passa e o dodoi passa

Chama a bombeirinha pega a escadinha da uma subidinha
da uma subidinha
da uma subidinha
da uma subidinha
da uma subidinha


subiu danada",pt
/e-o-tchan/,Twist Tchan,/e-o-tchan/twist-tchan.html,"Já rolou até biquini de bolinha
Amarelinha, amarelinha
E nessa onda do twist, vou atéde manhazinha, de manhazinha
E nessa onda do twist só não dança quem não quer
Pois é, balança o pé
Pois é, pra ver como é
Pois é balança o pé
Pois é
Come on baby
Vamos dançar p twist
Ua, thu, ba, ua, thu, ba
Come on baby (Baby)
Coisa melhor não existe, ua, thu, ba, ua, thu, ba
Come on baby
Vamos dançar o twist
Come on baby
Coisa melhor não existe
Aaaa, aaa
Oooo, ooo
Aa, oo
Ooooooo
Quebra, o, o ,o ,o
Quebra as cadeiras o, o ,o
Quebra as cadeiras o, o, o
Que essa levada
o, o, não é brincadeira
Já rolou até biquini de bolinha amarelinha
Quebra o, o, o
Quebra as cadeiras o, o, o
Que essa levada o, o, o é
brincdeira
Ciranda, cirandinha, vamos todos
Quebra o, o, o
Quebra as cadeiras, o, o, o
Que essa levada o, o, o não é brincadeira",pt
/e-o-tchan/,Um Dia,/e-o-tchan/um-dia.html,"Um dia pra te amar
Quem sabe em alto-mar
Ou na varanda da imaginação
Me leva, amor
Me leva
Talvez nesse lugar
O vento vai soprar
Levar a gente em outra direção
Me leva, amor
Me leva
Espero que você
Me encontre amanhã
Estou tão só
Carente de prazer
Saudade faz chorar
Não sei aonde ir pra te alcançar
Te amar e ser feliz
Com você o amor faz sentido
Vem ficar comigo, vem me procurar
Só você vai saber o que sinto
Vem ficar comigo, que é tempo de sonhar
Espero que você
Me encontre amanhã...",pt
/e-o-tchan/,Única Paixão,/e-o-tchan/unica-paixao.html,"Algum tempo atrás eu não agia assim
Nunca pensei em te encontrar
Eu era tão jovem pra pensar no amor
Você chegou pra me conquistar

Vem, já chegou o dia, a minha vida está vazia
Sem você, oh baby, não
Vem, já chegou o dia, a minha vida está vazia
Sem você

Esse sentimento me deixou assim
Me fez sofrer, me fez te amar
Você sabe que eu nunca amei ninguém
Foi só você, agora quer me deixar

Vem, já chegou o dia...

Volta, minha paixão,
Estou sem rumo, sem direção
Luz doi meu viver é que ilumina o meu coração

Esse sentimento me deixou assim
Me fez sofrer, me fez te amar
Você sabe que eu nunca amei ninguém
Foi só você, agora quer me deixar

Vem, já chegou o dia...",pt
/e-o-tchan/,Vamos Malhar,/e-o-tchan/vamos-malhar.html,"Ê!!!
Em cima, em baixo
Arriba, em baixo
Em cima, em baixo
Arriba, em baixo
Barriga de chope
Só queres beber
Pneu na cintura, só queres comer
Preste atenção no que vou lhe dizer
Vamos malhar
Em cima, em baixo
Vamos malhar
Com o Tchan é fácil
Vamos malhar
A barriga de chope nós vamos drenar
Pneu na cintura, nós vamos furar
Preste atenção no que vou lhe ensinar
Vai descendo, mexendo as cadeiras
Segura as mamonas pra não balançar
Bote as mãos no joelho
Barriga pra dentro pra não estourar
Vai subindo com as mãos na traseira
Dê um remelexo pra lá e pra cá
Em cima, em baixo
Vamos malhar
Com o Tchan é fácil
Vamos malhar
Ê!!!
Em cima, em baixo
Em cima, em baixo
Em cima, em baixo
Em cima, em baixo
Barriga de Chope
Só queres beber
Pneu na cintura, só queres comer
Preste atenção no que vou lhe ensinar
Vamos malhar
Em cima, em baixo
Vamos malhar
Com o Tchan é fácil
Vumbora malhar
Em cima, em baixo
Pra melhorar
Com o Tchan é fácil
Vamos malhar
A barriga de chope nós vamos drenar
Pneu na cintura, nós vamos furar
Preste atenção no que vou lher ensinar
Vai descendo, mexendo as cadeiras
Segura as mamonas pra não balançar
Bote as mãos no joelho
Barriga pra dentro pra não estourar
Vai subindo com as mãos na traseira
Dê um remelexo pra lá e pra cá
Em cima, em baixo
Vamos malhar
Com o Tchan é fácil
Pra melhorar
Em cima, em baixo
Pra relaxar
Com o Tchan é fácil
Pra ficar bonito
Em cima, em baixo
Pra curtir o verão
Com o Tchan é fácil
Pra dançar no Tchan
Em cima, em baixo
Pra fazer o melhor carnaval do Brasil
Vamos malhar
Ê!!!!
Em cima, em baixo
No chão, em baixo
Em cima",pt
/e-o-tchan/,Verdadeira Compostura,/e-o-tchan/verdadeira-compostura.html,"Menina faceira, toda linda, meus olhos passeiam na sua beleza.
Tô todo arrepiado, tô de calafrio, mulher maravilhosa, mais que perfeição.
Eu fico alucinado quando vc mexe assim.
Quebra
REFRÃO
Mexa, com a cintura desse jeito me enloqueça, na paranóia da um branco na cabeça, que coisa louca, estou ficando assim, doidão doidão, doidão.

Lembra quando vc me mostrou aquele seu gingado, que coisa louca, fiquei encantado, essa é a verdadeira compostura de uma dança em uma mulher, desse jeito eu vou pirar
Coisa linda vem pra cá!",pt
/e-o-tchan/,Vovó No Samba,/e-o-tchan/vovo-no-samba.html,"Vovó, toda envergonhada
Ficou toda debochada
Quando tomou licor
A cabeça da velha endiabrou
Eu falei:
Tira a vovó daí
Tira a vovó daí

Vovó no samba
Ela não quer sair

Ela bota a mão na cabeça
Ela bota a mão na cintura
Ela joga pra lá e pra cá, ela fica dizendo
Que tá em água dura

E gritou:
É Gera Samba ou não é ?
É Gera Samba ou não é ?
É Gera Samba ou não é ?
Ou não é, ou não é ou não é, ou não é ?
Vovó no samba, ela não quer sair
Vovó no samba, ela não quer sair",pt
/claudia-leitte/,Amor Perfeito,/claudia-leitte/amor-perfeito.html,"Fecho os olhos pra não ver passar o tempo
Sinto falta de você...
Anjo bom, amor perfeito no meu peito
Sem você não sei viver

Então vem
Que eu conto os dias, conto as horas pra te ver
Eu não consigo te esquecer
Cada minuto é muito tempo sem você, sem você...

Os segundos vão passando lentamente
Não tem hora pra chegar
Até quando te amando,te querendo
Coração quer te encontrar

Então vem...
Que nos teus braços esse amor é uma canção
Eu não consigo te esquecer
Cada minuto é muito tempo sem você, sem você...

Eu não vou saber me acostumar
Sem suas mãos pra me acalmar
Sem seu olhar pra me entender
Sem seu carinho, amor, sem você
Vem me tirar da solidão,
Fazer feliz meu coração
Já não importa quem errou
O que passou, passou",pt
/claudia-leitte/,Insolação do Coração,/claudia-leitte/insolacao-do-coracao.html,"Paz
Me traga paz
Desejo paz amor e paz
Eu quero paz
Me traga paz
Se não for paz me deixe em paz!

Paz, carnaval, futebol
Não mata, não engorda e não faz mal
Carnaval, futebol
Se joga para cima e vira sol!
Paz, carnaval, futebol
Não mata, não engorda e não faz mal
Carnaval, futebol
Se joga para cima e vira sol!
Vai vai vai fica aqui meu avião
Vem vem vem no Brasil não tem vulcão
Vai vai vai suba aqui na minha moto
Vem vem vem aqui não tem terremoto
Eu canto...
Paz, carnaval, futebol
Não mata, não engorda e não faz mal
Carnaval, futebol Se joga para cima e vira sol!
Temporal, de calor
Tome um sorvete, o tempo é bom para o amor
No pólo sul tem vento frio
Pra namorar, vem todo mundo atrás do trio!
Beija docinho, que estou doidinho, pra te molhar a boca

Insolação é de paixão
Dei férias ao meu coração
Paz, carnaval, futebol
Não mata, não engorda e não faz mal
Carnaval, futebol Se joga para cima e vira sol!",pt
/claudia-leitte/,Pensando Em Você,/claudia-leitte/pensando-em-voce.html,"Estava satisfeita em te ter como amigo
Mas o que será, que aconteceu comigo?
Aonde foi que eu errei?
Às vezes me pergunto se eu não entendi errado
Grande amizade com estar apaixonada
Se for só isso logo vai passar
Mas quando toca o telefone será você?
O que eu estiver fazendo eu paro de fazer
E se fica muito tempo sem me ligar
Arranjo uma desculpa pra te procurar
Que tola mas eu não consigo evitar

Porque eu só vivo pensando em você
E é sem querer, você não sai da minha cabeça mais
Eu só vivo acordada a sonhar
Imaginar nós dois
Às vezes penso ser um sonho impossível
Uma ilusão terrível será?
Hoje eu pedi tanto em oração
Que as portas do seu coração
Se abrissem pra eu te conquistar
Mas que seja feita a vontade de Deus
Se ele quiser então, não importa como, onde, quando
Eu vou ter seu coração.

Eu faço tudo pra chamar sua atenção
De vez em quando eu meto os pés pelas mãos
Engulo a seco o ciúme
Quando outra apaixonada quer tirar de mim sua atenção
Coração apaixonado é bobo
Sorriso seu ele derrete todo
O teu charme, teu olhar
Tua fala mansa me faz delirar
Mas quanta coisa aconteceu e foi dita
Qualquer mínimo detalhe era pista
Coisas que ficaram para trás
Coisas que você nem lembra mais
Mas eu guardo tudo aqui no meu peito
Tanto tempo estudando teu jeito
Tanto tempo esperando uma chance
Sonhei tanto com esse romance
Que tola mais eu não consigo evitar

Porque eu só vivo pensando em você
E é sem querer, você não sai da minha cabeça mais
Eu só vivo acordada a sonhar
Imaginar nós dois
Às vezes penso ser um sonho impossível
Uma ilusão terrível será?
Hoje pedi tanto em oração
Que as portas do seu coração
Se abrissem pra eu te conquistar
Mas que seja feita a vontade de Deus
Se ele quiser então, não importa como, onde, quando
Eu vou ter seu coração !!! (2X)",pt
/claudia-leitte/,Don Juan,/claudia-leitte/don-juan.html,"Por muito tempo eu calei meu coração, quis sufocar
Esse sentimento que floresceu, como eu te explicar?
Eu sempre te vi como um amigo, um irmão
Por isso eu tive medo de arriscar errado
e perder de vez o teu coração

Por muito tempo evitei te olhar nos olhos, me escondia
Eu sempre me contentei, um beijinho, um abraço,
isso já me servia
Quantas coisas já perdi, com medo de perder?
Mas agora eu aprendi, não vou perder você

[Refrão]
Te quero, comigo,
mais que uma amiga eu quero ser tua namorada
Te peço uma chance, pense com carinho
nessa eterna apaixonada (2x)

Eu não sou nenhum Don Juan conquistador
Muito pouco eu sei do amor
Então eu entreguei tudo em oração a quem sabe
Quem melhor que o inventor do coração?

Sei que Deus está comigo e o amor esta me mudando
Aceitei o desafio, estou aqui me declarando
Te quero muito mais que ontem,
e hoje, muito menos que amanhã
Eu me escondi por tanto tempo,
mas hoje eu confesso
eu sou seu fã

[Refrão]
Te quero, comigo,
mais que um amigo eu quero ser teu namorado
Te peço uma chance, pense com carinho
nesse pobre apaixonado (2x)",pt
/claudia-leitte/,Extravasa,/claudia-leitte/exttravasa.html,"Dominou geral
Sacudiu a praça
Venha que o som é massa
Rock de timbau
Groove de cabaça
E a galera embala

Dominou geral
Sacudiu a praça
Venha que o som é massa
Rock de timbau
Groove de cabaça
E a galera embala

Tem que ter
Bola na rede pra dizer que é gol
Vem dizer
A todo mundo que no nosso amor
Tem que ter
Uma balada pra gente dançar, ah, ah

Extravasa
Libera e joga tudo pro ar
Eu quero ser feliz antes de mais nada
Extravasa
Libera e joga tudo pro ar, ar, ar, ar, ar, ar, ar (bis)

Dominou geral
Sacudiu a praça
Venha que o som é massa
Rock de timbau
Groove de cabaça
E a galera embala

Tem que ter
Bola na rede pra dizer que é gol
Vem dizer
A todo mundo que no nosso amor
Tem que ter
Uma balada pra gente dançar, ah, ah

Extravasa
Libera e joga tudo pro ar
Eu quero ser feliz antes de mais nada
Extravasa
Libera e joga tudo pro ar, ar, ar, ar, ar, ar, ar, ar


O entusiasmo no movimento
A atividade na balada
Mais veloz que o vento
Cheio dito na idéia do meu papo reto
Aumenta o som e dance quando tiver por perto
Chega de problema quero solução
Ô cale a boca, escute a voz que vem do coração
Radicalizando mas com limite
Hoje é dia de extravasar, meu irmão

Tem que ter
Bola na rede pra dizer que é gol
Vem dizer
A todo mundo que no nosso amor
Tem que ter
Uma balada pra gente dançar, ah, ah, ah

Extravasa
Libera e joga tudo pro ar
Eu quero ser feliz antes de mais nada
Extravasa (ê)
Libera e joga tudo pro ar, ar, ar, ar, ar, ar, ar

Extravasa
Libera e joga tudo pro ar
Eu quero ser feliz, ser feliz, ser feliz
Extravasa (ê, ê)
Libera e joga tudo pro ar, pro ar, pro ar.",pt
/claudia-leitte/,Famo$a (Billionaire),/claudia-leitte/famosa-billionaire.html,"Eu quero ser muito famosa
E ter o seu amor
Mas quero sentar no sofá do Jô

Eu quero casar com você
E estar na TV
Faturar milhões no BBB

Sempre que eu vou me deitar
Eu vejo o meu nome brilhar, ô, ô, ô
Mas sinto que se estou com você eu tenho paz
E o que eu vou fazer, se eu quero muito mais?

[RAP - Travis ""Travie"" McCoy]

Yeah I would have a show like Oprah
I would be the host of, everyday Christmas
Give Travie a wish list
I'd probably pull an Angelina and Brad Pitt
And adopt a bunch of babies that ain't never had sh-t
Give away a few Mercedes like here lady have this
And last but not least grant somebody their last wish
It's been a couple months since I've single so
You can call me Travie Claus minus the Ho Ho
Get it, hehe, I'd probably visit where Katrina hit
And damn sure do a lot more than FEMA did
Yeah can't forget about me stupid
Everywhere I go Imma have my own theme music

Sempre que eu vou me deitar
Eu vejo o meu nome brilhar
Mas sinto que se estou com você eu tenho paz
E o que vou fazer, se eu quero muito mais?
O, o, o, o, o, o, eu quero muito mais
O, o, o, o, o, o, eu quero muito mais

[RAP - Travis ""Travie"" McCoy]

I'll be playing basketball with the President,
dunking on his delegates
Then I'll compliment him on his political etiquette
Toss a double milli in the air just for the heck of it
But keep the fives, twentys, tens, and bens
completely separate
And yeah I'll be in a whole new tax bracket
We in recession but let me take a crack at it
I'll probably take whatever's left and just split it up
So everybody that I love can have a couple bucks
And not a single tummy around me would know what
hungry was, Eating good, sleeping soundly
I know we all have a similar dream
Go in your pocket pull out your wallet
And put it in the air and sing

Eu quero ser muito famosa
E usar apenas Loboutins
Ter no twitter um milhão de fãs
Eu quero um carrão blindado
E você do lado
Quero o selinho da Hebe Camargo

Sempre que eu vou me deitar
Eu vejo o meu nome brilhar, oh não, não
Mas sinto que se estou com você eu tenho paz
E o que eu vou fazer, se eu quero muito mais?
O, o, o, o, o, o, eu quero muito mais

Eu quero ser muito famosa
E ter o seu amor",pt
/claudia-leitte/,Dois,/claudia-leitte/dois.html,"Olhando no espelho
Eu sei, já não me vejo
Quem um dia eu fui já se desfez
E não há receios
Que mereçam os meus anseios

Quando você veio eu despertei.
Deu medo, mas veio o sol
Cuidar de alguém? Já sei de cor
E eu venço o mundo porque sei que o seu amor
Foi bálsamo que me salvou.

Vou mimar você
E estar sempre aqui
Mesmo quando você partir

Vou mimar você.
E vou te ensinar
Que no mundo o amor é seu lugar

Você olha pra mim
Já não importa não
O que veio ou o que virá
O segredo é viver
Pelo invisivél,
Pelo que olhos não podem alcançar",pt
/claudia-leitte/,Reboladinha,/claudia-leitte/reboladinha.html,"Eu acho que eu vou te convidar hein ?

Refrão :
Riririshãn timbaleia
Badala,badala, badala
Rucutú tãn tã tãn
(2x)

Vem, entre nesse passo que é bom
Pra balançar, bumbumbum, pra requebrar
Jogue a mão pra cima, solte o corpo,o que é que dá ?
Ei! Jogue para o lado de bandinha
Stop it !
Dê uma reboladinha

Reboladinha,reboladinha
Reboladinha,boladinha,boladinha
(2x)

(Venha balançar essa é a sensação)
Agita aê! Hei !
(Ouça o tum tum tum que vem do coração)
Badala,badala,badala
Rucutum tãn tãn tãn

Riririshãn timbaleia
Badala,badala, badala
Rucutum tãn tã tãn
(2x)

Vem, entre nesse passo que é bom
Pra balançar, bumbumbum, pra requebrar
Jogue a mão pra cima, solte o corpo,o que é que dá ?
Ei! Jogue para o lado de bandinha
Stop it !
Dê uma reboladinha

Reboladinha,reboladinha
Reboladinha,boladinha,boladinha
(2x)

(Venha balançar essa é a sensação)
Agita aê! Hei!
Agita aê! Hei!
(Ouça o tum tum tum que vem do coração)
Bada,badala,badala
Rucutum tãn tãn tãn

Riririshãn timbaleia
Badala,badala, badala
Rucutum tãn tã tãn
(2x)",pt
/claudia-leitte/,Agradece (Com Natiruts),/claudia-leitte/agradece-com-natiruts.html,"Sinta a vibração, fica numa boa
Tire os pés do coração, do chão que o tempo voa
Viaje na canção, seja avião
Deixa o bem te invadir
Não dê espaço à solidão
O mundo quer te ver sorrir

Mentalize a paz, respire o amor
Seu pensamento é o seu lar
Você é capaz de conquistar o que for
Chegar aonde quer chegar

Agradece que vem
Positividade, amém
Tem que desejar o bem
Pro bem te desejar

Agradece que vem
Positividade, amém
Tem que desejar o bem
Pro bem te desejar também

Não leva tudo a sério
Esquecе o problema e foca na solução
A felicidadе é simples
Como aperto de mão

Mentalize a paz, respire o amor
Seu pensamento é o seu lar
Você é capaz de conquistar o que for
Chegar aonde quer chegar

Agradece que vem
Positividade, amém
Tem que desejar o bem
Pro bem te desejar

Agradece que vem
Positividade, amém
Tem que desejar o bem
Pro bem te desejar

Agradece que vem gratidão é vida
Espalha a semente dessa vibe positiva
Agradece que vem fica numa boa
Sorria para alegrar o pessoal de uma pessoa

Agradece que vem
Positividade, amém
Tem que desejar o bem
Pro bem te desejar",pt
/claudia-leitte/,Cartório,/claudia-leitte/cartorio.html,"Você me amou e eu brinquei de amar
Tive a chance de valorizar
Judiei demais, você sofria
Dei valor a uma vida vazia

Percebi que te fiz muito mal
Acordei e cai na real
Vacilei, fui boba sem noção
Vim aqui pra te pedir perdão

Meu coração é seu, tome
Ele é todo seu, tome
Vamos lá no cartório
Passar ele pro seu nome

Meu coração é seu, tome
Ele é todo seu, tome
Vamos lá no cartório
Passar ele pro seu nome

Você não me amou
E nem soube aceitar meus cuidados
Meu dom de amar
Judio de mim quando eu sofria
Deu valor a uma vida vazia

Mas eu nunca deixei de te amar
Sabia que ia voltar
Você me enlouquece de paixão
E por isso te dou meu perdão

Meu coração é seu, tome
Ele é todo seu, tome
Vamos lá no cartório
Passar ele pro seu nome

Meu coração é seu, tome
Ele é todo seu, tome
Vamos lá no cartório
Passar ele pro seu nome

Eu tô aqui pra poder te falar
Que cansei de ficar no sofá
Abraçada com a solidão
Meu dengo, chegue cedo no lugar marcado
Pra poder assinar o contrato
E ser dono do meu coração

Meu coração é seu, tome
Ele é todo seu, tome
Vamos lá no cartório
Passar ele pro seu nome",pt
/claudia-leitte/,Falando Sério,/claudia-leitte/falando-serio.html,"Falando sério
É bem melhor você parar com essas coisas
De olhar pra mim com olhos de promessas
E depois sorrir como quem nada quer

Você não sabe,
Mas é que eu tenho cicatrizes que a vida fez...
E tenho medo de fazer planos
De tentar e sofrer outra vez

Falando sério
Eu não queria ter você por um programa
Apenas ser mais uma em sua cama
Por uma noite apenas, nada mais

Falando sério
Entre nós dois tinha que haver mais sentimento
Não quero o seu amor por um momento
E ter a vida inteira pra me arrepender...

Falando sério
É bem melhor, é bem melhor você parar com essas coisas
De olhar pra mim com olhos de promessas
E depois sorrir como quem nada quer

Você não sabe
Ah eu já tenho cicatrizes que a vida fez
Eu tenho medo de fazer planos
De tentar e sofrer outra vez

Falando sério
Eu não queria ter você por um programa
Apenas ser mais uma em sua cama
Por uma noite apenas, nada mais

Falando sério
Entre nós dois tinha que haver mais sentimento
Não quero o seu amor por um momento
E ter a vida inteira pra me arrepender...

Me arrepender...

A vida inteira pra me arrepender...

Pra me arrepender...

Pra me arrepender...",pt
/claudia-leitte/,Beijar Na Boca,/claudia-leitte/beijar-na-boca.html,"Eu estava numa vida de horror
Com a cabeça baixa sem ninguém me dá valor
Andava atrás (thururu) da minha paz (thururu)

Agora que mudou a situação
Choveu na minha horta vai sobrar na plantação
Deixei pra traz (thururu), pois tanto faz (thururu)

(Refrão)
Eu quero mais é beijar na boca
Eu quero mais é beijar na boca (eu quero mais)
Eu quero mais é beijar na boca
E ser feliz daqui pra frente... Pra sempre (2x)

Já me livrei daquela vida tão vulgar
Me vacinei de tudo que podia me pegar
Corri atrás (thururu)
Quem tenta faz (thururu)

Eu ando muito a fim de experimentar
Meter o pé na jaca sem ter que me preocupar
Eu quero mais mais mais mais...

(Refrão)
Eu quero mais é beijar na boca
Eu quero mais é beijar na boca (eu quero mais)
Eu quero mais é beijar na boca
e ser feliz daqui pra frente...pra sempre (2x)

Eu estava numa vida de horror
A cabeça doida sem ninguém me dá valor
Andava atrás (thururu) da minha paz (thururu)

Agora que mudou a situação
Choveu na minha horta vai sobrar na plantação
Deixei pra trás (thururu), pois tanto faz (thururu)

(Refrão)
Eu quero mais é beijar na boca
Eu quero mais é beijar na boca (eu quero mais)
Eu quero mais é beijar na boca
E ser feliz daqui pra frente... Pra sempre (2x)",pt
/claudia-leitte/,Largadinho,/claudia-leitte/largadinho.html,"Eu já falei pra você deixar de maresia
Eu quero ver você na coreografia (2x)

Mas se você quiser pode dançar largadinho
(largadinho, largadinho)
Vai no balanço do vento dançando gostosinho
(largadinho, largadinho)
Mas se você quiser pode dançar largadinho
(largadinho, largadinho)
Vai no balanço do vento dançando gostosinho
(largadinho, largadinho)

Em baixo, em baixo, em baixo, em baixo, em baixo
Se prepare pra subir
Em cima, em cima, em cima, em cima, em cima
Balança dai que eu balanço daqui!

A dança é essa, a dança é boa
Entre na onda, não fique à toa
Rádio de pilha lá na Gamboa
Tá tocando esse sucesso
Se espalhou na cidade
e a galera todinha já sabe dançar o largadinho!

Mas se você quiser pode dançar largadinho (Largadinho)
Vai no balanço do vento dançando gostosinho
(Venha venha venha vem dançar o largadinho)
Se você quiser pode dançar largadinho (Largadinho)
Vai no balanço do vento dançando bonitinho
(Venha venha venha vem dançar o largadinho)

Eu já falei pra você deixar de maresia
Eu quero ver você na coreografia (2x)

Mas se você quiser pode dançar largadinho
(largadinho, largadinho)
Vai no balanço do vento dançando gostosinho
(largadinho, largadinho)
Mas se você quiser pode dançar largadinho
(largadinho, largadinho)
Vai no balanço do vento dançando bonitinho
(largadinho, largadinho)

Em baixo, em baixo, em baixo, em baixo, em baixo
Se prepare pra subir
Em cima, em cima, em cima, em cima, em cima
Balança dai que eu balanço daqui!

A dança é essa, a dança é boa
Entre na onda, não fique à toa
Rádio de pilha lá na Gamboa
Tá tocando esse sucesso
Se espalhou na cidade
e a galera todinha já sabe dançar o largadinho!

Mas se você quiser pode dançar largadinho
(largadinho, largadinho)
Vai no balanço do vento dançando gostosinho
(largadinho, largadinho)
Mas se você quiser pode dançar largadinho
(largadinho, largadinho)
Vai no balanço do vento dançando bonitinho
(largadinho, largadinho)


Carolina Duarte",pt
/claudia-leitte/,Flores no Meu Jardim,/claudia-leitte/flores-no-meu-jardim.html,"Flores no meu jardim
Só me resta cuidar
Sei que uma beleza assim
É tão dificil de encontrar

Vivo pra que tudo corra bem
Você receba coisa boa
O melhor da vida

Eu serei céu e chão
Sua força de prontidão
Caso a tristeza e a dor
Ouse em te visitar


Saiba que é pra amadurecer
Tudo aquilo que acontecer
Fará sentido se nos ensinar a amar

Ver você crescer e ser melhor
Faz minha alegria, vira poesia",pt
/claudia-leitte/,"Sorri, Sou Rei (com Natiruts)",/claudia-leitte/sorri-sou-rei-com-natiruts.html,"Quando a esperança de uma noite de amor
Lhe trouxer vontade para viver mais
E a promessa que a chance terminou
É bobagem é melhor deixar pra trás


Eu tô cansado de sofrer,
Quero dançar sentir calor
E poder só olhar o universo em torno de você
Brilhando em vida, Sorrindo à toa
Só vibrando amor e paz
Sinto a noite, Penso em você
Lembro como é bom amar

REFRÃO

Quando você se foi
Choreeei, Choreeei, Choreeeei
Agora que voltou
Sorri, Sorri, Sou Rei
(2x)


(part. Claudia Leitte)
Saiba que o simples perfume de uma flor
Pode vir, e ser um grande amor na sua vida
Não gaste palavras pra viver
De iludir, os seus sonhos tão raros com mentiras
Não maltrate o coração,
Que dedicou, ao seu sorriso as suas batidas
Será livre pra sentir
Anseios de uma paixão, a ser uma história linda


(Claudia Leitte e Alexandre)
Diga que me adora
Deixe o orgulho e venha, porque já
Está na hora, da gente se encontrar e sermos um
Mas não demora, que é pra chama não desencantar
Se esvair no ar, e só restar lembrança


Eu tô cansado de sofrer,
Quero dançar sentir calor
E poder só olhar o universo em torno de você
Brilhando em vida, Sorrindo à toa
Só vibrando amor e paz
Vejo a Lua, lembro do sonho
Torço pra realizar
Sinto a noite, Penso em você
Lembro como é bom amar


REFRÃO

Quando você se foi
Choreeei, Choreeei, Choreeeei
Agora que voltou
Sorri, Sorri, Sou Rei
(2x)",pt
/claudia-leitte/,Você Existe em Mim,/claudia-leitte/voce-existe-em-mim.html,"Vim amar você até o final
Da chuva que navega no seu corpo tropical
Espero amar você até durar
A lua que esclarece esse sol sem descansar jamais

(Refrão)
Amar o quanto precisar que ame
E então recuse a escuridão te amo
Pra que chorar
Chorar é fim
Você existe em mim.

Vim servi amor e aterrissar
Os anjos dos meus versos
Pra você não me deixar de amar
Será que em Deus os versos nascem assim
Como em toda primavera nascem flores
Pra mimar jardim

(Refrão)
Amar o quanto precisar que ame
E então recuse a escuridão te amo
Pra que chorar
Chorar é fim
Você existe em mim

A areia lambe o sal
já passou o temporal e a solução so você e eu
A alma bebe o mar que vazou do coração
E você me faz me fazer feliz

(Refrão)
Amar o quanto precisar que ame
E então recuse a escuridão te amo
Pra que chorar
Chorar é fim
Você existe em mim.


By: Murillo Alencar",pt
/claudia-leitte/,Cidade Elétrica,/claudia-leitte/cidade-eletrica.html,"Fibra lúdica
Energia solar
Festa histórica
Ótica da crença
Tudo aqui tá ligado
Aqui tudo é dança
Fevereiro apaixonado
Tudo aqui balança
Chuveiro de água benta pra lavagem de escada
Alma lavada de fé
Um choque de alegria
Na força da fantasia

Axé, axé, axé
Cidade elétrica
Cidade elétrica
Nova, antiga, ginga, toca, liga, liga, liga
Cidade elétrica, cidade elétrica

Usina de emoção
Plug, poesia e canção
Na estética
Na prática
Na mágica
Na corrente do coração",pt
/claudia-leitte/,Bola de Sabão,/claudia-leitte/bola-de-sabao.html,"Baby baby
Queria tanto te ver
Vê se me liga as vezes
Só pra dizer um oi
Talvez quem sabe
Não seja assim tão tarde
Queria ter uma nave
Pra te levar
Pra dar um rolé
Nas nuvens
E te vestir com a luz do sol
Te beijar infinito
Admirar as suas asas
Anjo venha voar sobre o meu céu
Me pegue no teu colo
Que eu viajo além do horizonte

Refrão x 3
Pirou minha cabeça
E o coração
Feito bola de sabão
Me desmancho por você

Ô ô ô
Ô ô ô
Ô ô ô

Nas nuvens
E te vestir com a luz do sol
Te beijar no infinito
Admirar as suas asas
Anjo venha voar só no meu céu
Me pegue no teu colo
Que eu viajo além do horizonte


Pirou minha cabeça
E o coração
Feito bola de sabão
Me desmancho por você",pt
/claudia-leitte/,De Passagem,/claudia-leitte/de-passagem.html,"Eu tô distante
De toda negatividade
Já que tamo de passagem eu vou
Pra longe de quem não é…

Pequena nessa dimensão
Mas sem medo da correnteza
Eu posso ser sereia
Aprendi desde cedo a não cair na rede
Ir na contramão

A vida é uma contradição
Só sei, tenho a certeza, que a incerteza
Do amanhã me faz agradecer toda manhã

Só quero amor, minha família, meu Salvador
Sinto o sol no farol, carnaval, vou que vou
Um abraço como brasa quente
Aconchegante, paz de Jah na mente

Eu tô distante
De toda negatividade
Já que tamo de passagem eu vou
Pra longe de quem não é de verdade

Atrás da minha felicidade
Pra perto de onde bate a vibe, eu vou
Não abro mão da minha liberdade

Deixa o sol bater, deixa iluminar
Vai resplandecer, deixa a luz entrar
O seu renascer no seu bem-estar
Vai acontecer, pode acreditar",pt
/claudia-leitte/,Doce Paixão,/claudia-leitte/doce-paixao.html,"Toda vez que eu te vejo
o meu coração dispara
perco a fala quando você está perto

Se você me pede um beijo
fico louca de desejo
eu viajo ao paraíso
Vou de carona na luz dos teus
olhos ououou
Te quero tanto
a verdade é que

Seu amor é a minha cura
é doce paixão ninguém segura!
ououourouou

Toda vez que eu te vejo
o meu coração dispara
perco a fala quando você está perto

Se você me pede um beijo
fico louca de desejo
eu viajo ao paraíso
Vou de carona na luz dos teus
olhos ououou
Te quero tanto
a verdade é que

Seu amor é a minha cura
é doce paixão ninguém segura!
ououourouou",pt
/claudia-leitte/,Baldin de Gelo,/claudia-leitte/baldin-de-gelo.html,"Há 3 dias, abandonada ela perdeu o namorado
Soltaram a fera o coração tá liberado
Coitado quem ficou apaixonado
Agora a bela recatada revoltou
Pois um tubinho sexy foi para abalar
Que até cego parou para olhar
E até cantor pausou o show para bater palma
Roubou a cena, o capítulo e a temporada inteira
Mexendo ela não é brincadeira

Tudo o que ele quer é uma garrafa de champanhe
E um baldin de gelo
Ôôhh e vai descendo
Ôôhh e vai descendo
Ela só quer curtição, chão, chão, chão, chão
muita curtição, chão, chão, chão, chão
E vai descendo até o chão
E vai descendo até o chão
Ela só quer curtição, chão, chão, chão, chão
Muita curtição, chão, chão, chão, chão
E vai descendo até o chão
E vai descendo até o chão

Ahora estoy bailando
Estoy pura adrenalina
Ahora estoy solita
Pero calientita
Te dejo loquito con mi boom boom
Te bailo apretatito con mi boom boom

E até cantor pausou o show para bater palma
Roubou a cena, o capítulo e a temporada inteira
Mexendo ela não é brincadeira
Tudo o que ele quer é uma garrafa de champanhe
E um baldin de gelo
Ôôhh e vai descendo
ôôhh e vai descendo

Ela só quer curtição, chão, chão, chão, chão
muita curtição, chão, chão, chão, chão
E vai descendo até o chão
e vai descendo até o chão
Ela só quer curtição, chão, chão, chão, chão
Muita curtição, chão, chão, chão, chão
E vai descendo até o chão
E vai descendo até o chão

Tudo o que ele quer é uma garrafa de champanhe
E um baldin de gelo
Ôôhh e vai descendo
Ôôhh e vai descendo
Ôôhh e vai descendo
Ela só quer curtição
Ahora estoy bailando
Estoy pura adrenalina
Ahora estoy solita
Pero calientita
Te dejo loquito con mi boom boom
Te bailo apretatito con mi boom boom",pt
/claudia-leitte/,Lirirrixa,/claudia-leitte/lirirrixa.html,"Lirirrixa
Dibaleia
Badala, badala, badala
Rucutum, tan tan, tan (bis)

Vem
Entre nesse passo que é bom
Bom, bom, bom pra balançar
Bumbumbum pra requebrar
Jogue a mão pra cima
Solta o corpo
O que que dá? Ei!
Jogue para o lado de bandinha
Stop!
Dê uma reboladinha

Venha balançar
Essa é a sensação
Agita, ê, hei
Ouça o Tum, Tum, Tum
Que vem do coração
Badala, badala, badala
Rucutum, tan, tan, tan

Lirirrixa
Dibaleia
Badala, badala, badala
Rucutum, tan tan, tan (bis)",pt
/claudia-leitte/,Preto (Com Os Hawaianos),/claudia-leitte/preto-com-os-hawaianos.html,"Claudia:

Preto se você me der amor
(Com certeza preta),
Tudo de mim você terá
(Que isso amor, será?),
Preto se você pisar na bola
(Isso nunca amor, pode deixar),
boto outro em seu lugar..
(Faz isso não, faz isso não)

Preto se você me der amor
(Eu te dou meu amor),
Tudo de mim você terá
(Tem certeza, tem?),
Preto se você pisar na bola
(Para com isso, não pensa isso não..),
Boto outro em seu lugar..

Porque o carro é meu, o celular
E meu, o silicone é meu, não foi você
quem deu..
Tô cheia do vazio, do que me prometeu,
Quem manda em mim, sou eu!
(Calma amor, calma!) (2x)

Eu não vou servir de escada pra você,
E nem vou implorar por um carinho seu,
Agora jaz aqui no peito, aquele homem
Que me perdeu..

Os Hawaianos:

Pode confiar em mim,
Que eu prometo te amar, você não
Vai se arrepender, não vou te magoar
Traição é traíção, mas isso não faz parte,
Prometo andar na linha, só usar sinceridade,

Amor é amor, comigo tu vai ter demais,
Preta ai ai ai ui ui, vamos viver em paz,
Eu sei que a vida é sua, isso tudo é seu,
Tu merece muito mais, inclusive eu!

Claudia:
Eu não vou servir de escada pra você,
E nem vou implorar por um carinho seu,
Agora jás aqui no peito, aquele homem
Que me perdeu..

Preto se você me der amor,
Tudo de mim você terá,
Preto se você pisar
Na bola, outra vez, boto outro em seu lugar! 2x

Boto outro em seu lugar.. 2x
(Faz isso não amor..)",pt
/claudia-leitte/,Pássaros,/claudia-leitte/passaros.html,"Eu conheço a imensidão do céu
Pássaro que sou,
Mergulharei de vez
Uma vez ou três.
Duzentos por hora, ou algo mais,
Na velocidade de encontrar você,
Te merecer
Voar, sem ter onde chegar.
E de lá do céu
Formaremos dois em um só,
Fugirei da chuva,
Beijarei o sol.

Amanheceu
É hora de voar,
Amanheceu
É hora de voar.

Sigo meu instinto animal,
Cruzo mil fronteiras
Garimpando amor,
Semeador.
De tanto voar achei você,
Multicolorido exatamente igual
Ao meu astral.
Melhor é voar a dois
E de lá do céu
Formaremos dois em um só,
Fugirei da chuva,
Beijarei o sol,

Amanheceu
É hora de voar,
Amanheceu
É hora de voar.

Amanheceu, Amanheceu
É hora de voar,
Amanheceu
É hora de voar.",pt
/claudia-leitte/,Sinais,/claudia-leitte/sinais.html,"No escuro do quarto tão só
Eu sinto um sopro qualquer
Será que isso vem de você?
Eu me rendo ao que você quiser
Se o amor toma conta de mim
Porque eu não me sinto no céu
Me perdi já não vejo sinais
Ou interpretei algum papel
Ainda sinto aquele arrepio
É o mesmo de tempos atrás

Dos meus olhos saem feito um rio
Essas lágrimas que imploram sinais
Não há medo e se não faz sentido
Sua presença é forte demais
Mesmo com esse coração partido
Você me ama além da vida e dos as?
Vejo sinais
Vejo sinais

Não há o que decidir
Eu deixei tantas dores pra trás
Que uma vez já me fez tanto mal
Esses olhos precisam de paz
Se o amor toma conta de mim
Porque eu não me sinto no céu
Se eu me vejo como no filme
Será que eu sei o seu papel?

Ainda sinto aquele arrepio
É o mesmo de tempos atrás
Dos meus olhos saem feito um rio
Essas lágrimas que imploram sinais
Não há medo e se não faz sentido
Sua presença é forte demais
Mesmo com esse coração partido
Você me ama além da vida e dos as?
Vejo sinais
Vejo sinais...",pt
/claudia-leitte/,A Fórmula do Amor (com Jammil E Uma Noites ),/claudia-leitte/a-formula-do-amor-com-jammil-e-uma-noites.html,"Eu tenho o gesto exato, sei como devo andar
Aprendi nos filmes pra um dia usar
Um certo ar cruel de quem sabe o que quer
Tenho tudo planejado pra te impressionar

Luz de fim de tarde, meu rosto em contra-luz
Não posso compreender, não faz nenhum efeito
A minha aparição será que errei na mão
As coisas são mais fáceis na televisão

Mantenho o passo alguém me vê
Nada acontece, não sei porque
Se eu não perdi nenhum detalhe
Onde foi que eu errei

Ainda encontro a fórmula do amor
Ainda encontro a fórmula do amor
Ainda encontro a fórmula a fórmula do amor

Eu tenho a pose exata pra me fotografar
Aprendi nos livros pra um dia usar
Um certo ar cruel, de quem sabe o que quer
Tenho tudo ensaiado para te conquistar

Eu tenho um bom papo e sei até dançar
Não posso compreender, não faz nenhum efeito
A minha aparição será que errei na mão
As coisas são mais fáceis na televisão

Eu jogo um charme, alguém me vê
Nada acontece, não sei porque
Se eu não perdi nenhum detalhe
Onde foi que eu errei

Ainda encontro a fórmula do amor
Ainda encontro a fórmula do amor
Ainda encontro a fórmula a fórmula do amor...",pt
/claudia-leitte/,A Noite Dos Jangadeiros (Clareou),/claudia-leitte/a-noite-dos-jangadeiros-clareou.html,"Tudo escuro e sem sentido
Tudo da terra foi pro mar
Desesperar nem num dilúvio
Ventania é que faz voar

Com um giz, eu fiz dois riscos
Uma ponte a nos libertar
Quem tem asas, vive em perigo
Por querer um céu pra voar

Sei que o amor é luz e que brinca de cegar
A lua que me conduz faz a noite clarear
Clareou, clareou

Clareou a noite inteira
Amarelou a lua cheia
E o sol raiou na areia
Clareou, clareou
A noite inteira
Amarelou a lua cheia
Na areia, o sol raiou
Clareou, clareou

Tudo posto nessas barcas
Nosso dom de acreditar
Agrados, palmas e cartas
Vivemos do que vem de lá

A noite dos jangadeiros
Do quando lhe vi chegar
Você é o meu pedido
Na noite de Yeshuá
Clareou, clareou

Clareou a noite inteira
Amarelou a lua cheia
E o sol raiou na areia
Clareou, clareou
A noite inteira
Amarelou a lua cheia
Na areia, o sol raiou
Clareou, clareou
Clareou, clareou

Clareou a noite inteira
Amarleou a lua cheia
Na areia, o sol raiou
O sol raiou
Clareou, clareou
A noite inteira
Amarelou a lua cheia
Na areia, o sol raiou
Clareou, clareou",pt
/claudia-leitte/,Abraço Coletivo,/claudia-leitte/abraco-coletivo.html,"Pra confraternizar ou pra ficar no grude
Pra comemorar que a gente tem saúde
Momento pra gravar, postar no youtube
Recorde mundial pra entrar no guinness book

Pra confraternizar ou pra ficar no grude
Pra comemorar que a gente tem saúde
Momento pra gravar, postar no youtube
Recorde mundial pra entrar no guinness book

Pega ombro do amigo, do namorado ou do irmão
Porque sozinho a vida é sem graça
Daqui ou do estrangeiro, sem ter discriminação
Bote sorriso no rosto e abraça

Pega ombro do amigo, do namorado ou do irmão
Porque sozinho a vida é sem graça
Daqui ou do estrangeiro, sem ter discriminação
Bote sorriso no rosto e abraça

Abraço coletivo
Quero ver, quero ver, quero ver, quero ver
Branco, preto, rico, pobre
Vem comigo

Abraço coletivo
Quero ver, quero ver, quero ver, quero ver
Branco, preto, rico, pobre
Vem comigo

Se liga meu rei
Todo mundo é igual
O que importa é o amor
Vamos mostrar para o mundo como se faz carnaval em salvador

Abraço coletivo
Quero ver, quero ver, quero ver, quero ver
Branco, preto, rico, pobre
Vem comigo

Eu quero ouvir!
Abraço coletivo
Quero ver, quero ver, quero ver, quero ver
Branco, preto, rico, pobre
Vem comigo",pt
/claudia-leitte/,Acontece Que Eu Sou Baiano (Com Dudu Nobre),/claudia-leitte/acontece-que-eu-sou-baiano-com-dudu-nobre.html,"Acontece que eu sou baiano
Acontece que ela não é
Acontece que eu sou baiano
Acontece que ela não é

Mas, tem um requebrado pro lado
Minha Nossa Senhora, meu senhor São José
Tem um requebrado pro lado
Minha Nossa Senhora, ninguém sabe o que é!

Há tanta mulher no mundo, só não casa quem não quer
Por que é que eu vim de longe, pra gostar dessa mulher
Por que é que eu vim de longe, pra gostar dessa mulher?

Essa que tem um requebrado pro lado
Minha Nossa Senhora, meu senhor São José
Essa que tem um requebrado pro lado
Minha Nossa Senhora, ninguém sabe o que é!

Acontece que eu sou baiano,
Acontece que ela não é
Acontece que eu sou baiano,
Acontece que ela não é

Já plantei na minha porta, um pezinho de guiné
Já chamei um pai-de-santo, pra benzer essa mulher
Já chamei um pai-de-santo, pra benzer essa mulher!

Essa que tem um requebrado pro lado
Minha Nossa Senhora, meu senhor São José
Essa que tem um requebrado pro lado
Minha Nossa Senhora, ninguém sabe o que é.


by Gabriel Leite",pt
/claudia-leitte/,Afaste-Se de Mim (Alejate de Mi),/claudia-leitte/afaste-se-de-mim-alejate-de-mi.html,"Afaste-se de mim agora mesmo antes que eu minta
Seu céu acinzentado anuncia a chuva que atormenta
Afaste-se de mim, escape, fuja, já não devo te ver
Entenda que eu te peço que se vá, mas não quero te perder

Minha prece, te alcança
Não queira caminhar sobre essa dor descalça
Um anjo te cubra
Acene em seu caminho a verdade e te mostre a saída

Afaste-se de mim, amor
Perceba que eu não te mereço
Não sou aquilo que aparento
E, perdão, não há beleza em ser tão sincera

E eu peço que se afasta, amor
Se você quer correr o risco
Vai ver que sou realmente boa em enganar
Fazer sofrer
Quem eu mais quero
Quem eu mais quero

Afaste-se mim, você já sabe bem quem eu sou
Queria por você não ser eu mesma, merecer teu amor
Afaste-se de mim, escape, fuja, já não devo te ver
Entenda que eu te peço que se vá, mas não quero te perder

Minha prece te alcança
Não queira caminhar sobre esse dor descalça
Que um anjo te cubra
Acene em seu caminho a verdade e te mostre a saída

Aléjate de mi, amor
Yo sé que aun estas a tiempo
No soy quien en verdad parezco y perdón no soy quien crees
Yo no caí del cielo

Si aun no me lo crees, amor
Se quieres tu correr el riesgo
Verás que soy realmente buena en engañar y hacer sufrir
Y hacer llorar
A quién mas quiero

Si aun no me lo crees, amor
Yo sé que aun estas a tiempo
No soy quien en verdad parezco y perdón no soy quien crees
Yo no caí del cielo

Si aun no me lo crees, amor
Y quieres tu correr el riesgo
Verás que soy realmente buena en engañar y hacer sufrir

Quem eu mais quero
Quem eu mais quero
Quem eu mais quero",pt
/claudia-leitte/,Afrontosa (Part. Dadá Boladão),/claudia-leitte/afrontosa-part-dada-boladao.html,"Olha ela solteira saindo a primeira vez
Pra alegria do baile
Pra tristeza do seu ex
Já chegou chegando
Jogando o bumbum no chão
E ele nos stories com o coração na mão

Vingativa beijando na boca
Toda linda metendo a louca

Afrontosa
Ela tira onda
Ela sabe que é gostosa
Vacilou, perdeu
Essa mulher maravilhosa
Deliciosa
Agora chora, chora, chora

Afrontosa
Ela tira onda
Ela sabe que é gostosa
Vacilou, perdeu
Essa mulher maravilhosa
Deliciosa
Agora chora, chora, chora
Afrontosa
Afrontosa",pt
/claudia-leitte/,Agonia (aonde Está Você?),/claudia-leitte/agonia-aonde-esta-voce.html,"Aonde está você?
Seu mentiroso
Por que se esconde?
Já não me liga
Por que não responde?

Tá me evitando
Com medo de que?

Não venha me dizer
Que ela carrega o seu sobre nome
Viu minhas mensagens
No seu telefone

Abra teu olho
Ou vai me perde

Será que eu te falei
Um monte de besteiras?
Será que eu te assustei
Pensando em namorar

O que é que eu faço agora?

E aquela chamada
Que ela recebeu
Não identificada
Quem te ligou fui eu

Eu tô desesperada
Não posso suportar

Aonde está você?
Seu mentiroso
Por que se esconde?
Já não me liga
Por que não responde?

Tá me evitando
Com medo de que?

Não venha me dizer
Que ela carrega
O seu sobre nome
Viu minhas mensagens
No seu telefone?

Abra teu olho
Ou vai me perder

Boca com boca
Encaixo perfeito
Deixa rolar

A minha roupa
Guarda teu cheiro
Pra relembrar

Eu quero um beijo agora

E aquela chamada
Que ela atendeu
Não identificada
Quem te ligou fui eu

Eu tô desesperada
Não posso suportar

Aonde está você?
Seu mentiroso
Por que se esconde?
Já não me liga
Por que não responde?

Tá me evitando
Com medo de que?

Não venha me dizer
Que ela carrega
O seu sobre nome
Viu minhas mensagens
No seu telefone?

Abra teu olho
Ou vai me perder

Aonde está você?
Seu mentiroso
Por que se esconde?
Já não me liga
Por que não responde?

Tá me evitando
Com medo de que?",pt
/claudia-leitte/,Água,/claudia-leitte/agua.html,"High, high
Vem que a vida é boa
Life, life
tô sorrindo à toa
High, high
Vem que tá na hora de dançar

Alegria estampada no rosto
Eta povo que sabe mexer
Vem cá pra ver
Vem cá pra ver

Mistura que mexe com a gente
Deixa o corpo quente
Corra pra ver
Mexa pra ver
Deixa ferver

Água
Tô pedindo água
Pode jogar água
Essa é a mistura do amor

Iê, iê, iê, iê (4x)

[Rap]
Kuduro é a sintonia de Brasil e Angola
Quem espera sempre alcança
Mas comece agora
Jogue logo o seu corpo a favor do vento
Kuduro é poesia
Kuduro é movimento
E no embalo
Deixa a onda te levar
Se for kuduro Angola-Brasil
Tô lá

Shake, shake
Shake, shake
Eu quero água
Eu quero água",pt
/claudia-leitte/,Amor - Tema do Teleton,/claudia-leitte/amor-tema-do-teleton.html,"Qual a graça mais sagrada?
Além da dádiva da vida
Qual a benção mais bonita?
Que só quem sente acredita
Qual a emoção mais bela?
Que o coração traduz
Quem de nós resiste a ela?
Que converte a treva em luz

Que palavra poderosa,simples e maravilhosa
É pequena e tão divina
Quem não tem,não imagina

Do que ela é capaz
O que ela faz...

Amor,Amor,Amor...
Palavra mágica,que alivia a dor
Faz brilhar o Sol,faz brotar a flor
Não importa a idade,sexo,credo ou cor
Seja onde,quando,como for...

O que pode ser mais lindo?
Do que a felicidade
Dum sorriso de criança,a esperança e a vontade

O que pode ser melhor?
E transformar em realidade
Nossos sonhos,nossas crenças
E saber que nunca é tarde
Juntos já fizemos muito,mas a tanto por fazer
E depende só de nós,só depende de você

Deixar falar a voz,do coração...

Amor,Amor,Amor...
Palavra mágica,que alivia a dor
Faz brilhar o Sol,faz brotar a flor
Não importa a idade,sexo,credo ou cor
Seja onde,quando,como for...

Amor,Amor,Amor...
Palavra mágica,que alivia a dor
Faz brilhar o Sol,faz brotar a flor
Não importa a idade,sexo,credo ou cor
Seja onde,quando,como for...

Não importa onde,quando,como for...",pt
/claudia-leitte/,Amor Amor,/claudia-leitte/amor-amor.html,"Deu ruim pra mim
Porque ele não vai mais ficar comigo
Disse que vai me deixar de castigo
Para aprender a dar valor mas ele se enganou

Tô indo aí pra gente conversar pessoalmente
Vai ter que falar tudo na minha cara
Essa história mal contada parece até piada

Então deixa a minha boca encostar na tua boca só pra tu ver
Sua raivinha logo vai passar
A demora é a gente se encontrar
Vê se para de brincar comigo de se esconder
Você sabe que eu vou te achar
Quando menos você esperar

Amor, amor, amor
Amor, amor, me perdoa, por favor
Amor, amor, amor
Amor, amor, me perdoa, por favor

Então deixa a minha boca encostar na tua boca só pra tu ver
Sua raivinha logo vai passar
A demora é a gente se encontrar
Vê se para de brincar comigo de se esconder
Você sabe que eu vou te achar
Quando menos você

Amor, amor, amor
Amor, amor, me perdoa, por favor
Amor, amor, amor
Amor, amor, amor

Amor, amor, amor, amor
Amor, amor, amor
Amor, amor, amor, amor
Amor, amor, amor
Me perdoa, por favor
Me perdoa, por favor
Me perdoa, por favor
Me perdoa, por favor
Me perdoa, por favor
Me perdoa, por favor",pt
/claudia-leitte/,Amor Super-Herói,/claudia-leitte/amor-super-heroi.html,"Acorda todo dia e veste sua armadura feita de alegria
E mesmo tão cansado veste sua capa cheio de euforia
Ele quer nos salvar e quer nos proteger
Dos seus maiores inimigos, se assim podemos dizer

A ignorância, a impaciencia e a covardia
E vem lutar por nos, não estamos sos...
E vem nos ensinar, a viver em paz...
Deixa eu te apresentar o nosso grande herói
Seu nome é Amor

E está pra nos salvar e pra nos proteger
De uma solidão maior que vem pra enfraquecer
É ele quem constrói... Amor Super - Herói

Eu já sabia que logo no início muitos não o notariam
Que mesmo conscientes de sua existencia o ignorariam
Lutou contra o desprezo, era um vilao de peso
E muitas vezes tão sozinho se feria e machucado ele caia
Enquanto o ódio era vencido

Mas se cai por mim, levanta meu herói...
Se agarre em minhas mãos, e seremos um só...
Abra seu coração pro nosso grande herói
Seu nome é Amor

E está pra nos salvar e pra nos proteger
De uma solidão maior que vem pra enfraquecer
É ele quem constrói... Amor Super - Herói",pt
/claudia-leitte/,Amor Toda Hora,/claudia-leitte/amor-toda-hora.html,"O seu... o seu amor me embebedou.
É amor toda hora, é amor toda hora,
É amor toda hora, é amor toda hora,
É amor toda hora, é amor toda hora,

Aí aí de mim.
É amor toda hora, é amor toda hora,
É amor toda hora, é amor toda hora,
É amor toda hora, é amor toda hora,
Eu tô feliz.

É água do meu deserto,
É minha dose de amor,
Eu tô feliz, não me negue,
Nunca mais desse calor.
Me embriaguei no seu cheiro
Me viciei no seu beijo
Oh nego bom, tem chamego
Vem me amar

O seu... o seu amor me embebedou.
É amor toda hora, é amor toda hora,
É amor toda hora, é amor toda hora,
É amor toda hora, é amor toda hora
Aí aí de mim.

É amor toda hora, é amor toda hora
É amor toda hora, é amor toda hora,
É amor toda hora, é amor toda hora,
Eu tô feliz.

Vem com calor, que eu tô que tô, doida pra amar
Vem logo correndo, não pode esperar.

Vem com calor, que eu tô que tô, doida pra amar
Vem logo correndo, não pode esperar.


É amor toda hora, é amor toda hora
É amor toda hora, é amor toda hora,
É amor toda hora, é amor toda hora,
Aí aí de mim.

É amor toda hora, é amor toda hora,
É amor toda hora, é amor toda hora,
É amor toda hora, é amor toda hora
Eu tô feliz.",pt
/claudia-leitte/,Arriba (Xenhenhém),/claudia-leitte/arriba-xenhenhen.html,"Arriba, hey! (4x)

Pare com essa água errada
Álcool demais não lhe faz bem
Tá espantando a mulherada
Com esse bafo de cachaça
Você não pega ninguém

Antes de sair de casa
Passe no meu armazém
Um copo de leite
Um beijo de cara
Uma água gelada
Que tá tudo bem

No xenhenhen, no xenhenhen
Você vai se dar bem (2x)

No xenhenhen, no xenhenhen
Você vai ficar bem (2x)

A vida é muito preciosa, amor
Pra você desperdiçar
Tome água com açucar
Muito cuidado para não exagerar

No xenhenhen, no xenhenhen
Você vai se dar bem (2x)

No xenhenhen, no xenhenhen
Você vai ficar bem (2x)

Arriba, hey! (4x)

Antes de sair de casa
Passe no meu armazém
Pra você chegar em casa
Deixa o carro lá na vaga
Pode até pegar um trem

No xenhenhen, no xenhenhen
Pode até pegar um trem

No xenhenhen, no xenhenhen
Você vai se dar bem (3x)

Arriba, hey! (4x)",pt
/claudia-leitte/,Arriba (xenhenhém) / Versão da Turnê,/claudia-leitte/arriba-xenhenhem-versao-da-turne.html,"Arriba, hey! (8x)

Pare com essa água errada
Álcool demais não lhe cai bem
Tá espantando a mulherada
Com esse bafo de cachaça
Você não pega ninguém

Antes de sair de casa
Passe no meu armazém
Um copo de leite
Um beijo de Claudia
Uma água gelada
Lhe cai muito bem

No xenhenhém, no xenhenhém
Você vai se dar de bem (4x)

A vida é muito preciosa amor
Pra você desperdiçar
Tome água com açucar
Muito cuidado para não exagerar

No xenhenhém, no xenhenhém
Você vai se dar de bem (4x)

Arriba, hey! (8x)

Hasta abajo
Hasta arriba
Hasta abajo, así!

Se a latinha tá gelada
A cerveja lhe cai bem
Pra você chegar em casa
Deixe o carro lá na vaga
Pode até pegar um trem

No xenhenhém, no xenhenhém
Pode até pegar um trem
No xenhenhém, no xenhenhém
Você vai se dar de bem (2x)

***

claudialeitte.com.br",pt
/claudia-leitte/,Artemanha,/claudia-leitte/artemanha.html,"O amor é artemanha
Chega Mais perto e assanha
Ele está no cantinho Acanhado
Prefere você do Meu Lado

O amor é artemanha
Chega Mais perto e assanha
Ele está no cantinho Acanhado
Prefere você do Meu Lado

Pra ser feliz
Meia hora com você, só
Uma hora com você, só
A vida inteira com você só

Pra ser feliz
Meia hora com você, só
Uma hora com você, só
A vida inteira com você só

Amor amor, amor amor, amor amor
Eu quero te amar de novo
Amor amor, amor amor, amor amor
Preciso tanto do seu corpo

REFRÃO
Volta volta logo Amor
Vem que está chovendo Saudade
Não consigo te esquecer
Viver longe de você
Bobagem

Amor amor, amor amor, amor amor
Eu quero te amar de novo
Amor amor, amor amor, amor amor
Preciso tanto do seu corpo

O amor é artemanha
Chega Mais perto e assanha
Ele está no cantinho Acanhado
Prefere você do Meu Lado

Pra ser feliz
Meia hora com você, só
Uma hora com você, só
A vida inteira com você só

Pra ser feliz
Meia hora com você, só
Uma hora com você, só
A vida inteira com você só

Amor amor, amor amor, amor amor
Eu quero te amar de novo
Amor amor, amor amor, amor amor
Preciso tanto do seu corpo

REFRÃO
Volta volta logo Amor
Vem que está chovendo Saudade
Não consigo te esquecer
Viver longe de você
Bobagem

Amor amor, amor amor, amor amor
Eu quero te amar de novo
Amor amor, amor amor, amor amor
Preciso tanto do seu corpo",pt
/claudia-leitte/,As Máscaras,/claudia-leitte/as-mascaras.html,"As máscaras vão cair
E tudo que você vestiu
Agora você vai despir

Tire o fone do ouvido
Sinta o som que vem do chão
Sacudindo os sentidos
Vem comigo, atenção!

Deixa a onda te levar
Na pista, na rua, no ar.
Deixa a música dizer
Como você vai dançar

Levanta, sacode, balança, não pode parar
Se lança, se joga na dança, se deixa levar... (x2)

Tire o fone do ouvido
Sinta o som que vem do chão
Sacudindo os sentidos
Vem comigo, atenção!

Deixa a onda te levar
Na pista, na rua, no ar.
Deixa a música dizer
Como você vai dançar

Levanta, sacode, balança, não pode parar
Se lança, se joga na dança, se deixa levar... (x2)

Liberte sua mente do que a mentira contou
Vista-se com o novo
Dispa-se da máscara
Venha quem quiser
Seja como for",pt
/claudia-leitte/,As Máscaras (Se deixa levar) (Feat. Lira),/claudia-leitte/as-mascaras-se-deixa-levar-feat-lira.html,"Can you hear the call?
All you have to do is let yourself feel it
A spirit moving everywhere
It's like magic, drawing you nearer
We're loving how we feel
This is something real
This is why we're here
Let the fun begin

Can you feel the beat?
Let is set you free
Let yourself go and come with me

It doesn't matter who you are
Feel the music in the air
Feel the beating in your heart
Let the rhythm take you there
Uul

Levanta, sacode, balança, não pode parar, uou
Se lança, se joga na dança, se deixa levar

Get up, now
Stand up, now
Let go, now
And don't you hold back
Yeah
Get with it
Get lifted and live it
...

Tire o fone do ouvido
Sinta o som que vem do chão
Sacudindo os sentidos
Vem comigo, atenção

Deixa a onda te levar
Na pista, na rua, no ar.
Deixa a música dizer
Como você vai dançar

Levanta, sacode, balança, não pode parar, uou
Se lança, se joga na dança, se deixa levar (2×)

[Sons vocais]

Levanta, sacode, balança, não pode parar, uou
Se lança, se joga na dança, se deixa levar (2×)
Se deixa levar.",pt
/claudia-leitte/,Balancinho,/claudia-leitte/balancinho.html,"A onda chegou
Arrepia a pele
O corpo vibrou
Vai seguindo o baile
A onda chegou
Arrepia a pele
O corpo vibrou
Vai seguindo o baile

Nas plataformas só se ouve (balancinho)
E no radinho só se ouve (balancinho)

Tres, dos, uno
Balancinho
Balancinho
Balancinho
Cabeça, cintura, joelho, quadril
Balancinho
Balancinho
Balancinho
Cabeça, cintura, joelho, quadril

Subiu a taxa de swing
Eu vejo o povo se jogando
Geral entra na dança
Não resiste
O balanço vai empurrando

Todo mundo larga o passito
Todo mundo faz, tá bonito
Todo mundo larga o passito

Todo mundo larga o passito
Todo mundo faz, tá bonito
Todo mundo larga o passito

Tres, dos, uno
Balancinho
Balancinho
Balancinho
Cabeça, cintura, joelho, quadril
Balancinho
Balancinho
Balancinho
Cabeça, cintura, joelho, quadril

Se entrega
Se joga nessa vibe
Vem aqui e me pega
Me beija com vontade
E vê se não me nega
Eu tô querendo mais
Eu quero amor
Eu quero você

Se entrega
Se joga nessa vibe
Vem aqui e me pega
Me beija com vontade
E vê se não me nega
Eu tô querendo mais
Eu quero amor
Eu quero você

Todo mundo larga o passito
Todo mundo faz, tá bonito
Todo mundo larga o passito

Tres, dos, uno
Balancinho
Balancinho
Balancinho
Cabeça, cintura, joelho, quadril
Vai no balancinho
Balancinho
Balancinho
Cabeça, cintura, joelho, quadril

Vai ai ai ai ai no balancinho
Balancinho
Balancinho
Cabeça, cintura, joelho, quadril",pt
/claudia-leitte/,Bandera,/claudia-leitte/bandera.html,"If all that you have is money
(You don't really have nothing)
All that I have is my dream
(I'm gonna be something)
Right now is only a seed
(But It's gonna be a tree)
Tall as the giant in me
(Tall as the giant in me)

Oh yeah, this goes out to mi gente
Let's go, dancing out en la calle
Sweat all over your bodies
Oh yeah, this goes out to mi gente
Gente

I wanna see you
Pull up your bandera
Bandera, bandera, ráh!
Pull up your bandera
Bandera, bandera, ráh!

Boricua, Dominicana
Cuba, Colombiana
Pull up your bandera
Bandera, bandera, ráh!

If all that you have is my love
(maybe even that's enough)
All that I have is your heart
(And that's a perfect start)
You know that if push comes to shove
(I'm gonna fight for us)
March to the beat of my drums
Po rom pom pom

Oh yeah, this goes out to mi gente
Let's go, dancing out en la calle
Drip in, sweat all over your bodies
Oh yeah, this goes out to mi gente
Gente

I wanna see you
Pull up your bandera
Bandera, bandera, ráh!
Pull up your bandera
Bandera, bandera, ráh!

Brasil, Barcelona
Represent wherever you from, up!
Pull up your bandera
Bandera, bandera, ráh!

Wave your bandera
Wave your bandera

Pra quem não foge à luta
Àquele que não teme o que há de chegar
Vista a sua armadura
Há alegria agora em todo lugar
Finque sua bandeira
Viva à sua maneira
Tem que espalhar o bem
Sem ter que olhar a quem
Bota a mão no seu peito e começa a cantar
Yê aa
Yê aa
Yê aa

I wanna see you
Pull up your bandera
Bandera, bandera, ráh!
Pull up your bandera
Bandera, bandera, ráh!

Boricua, Dominicana
Cuba, Colombiana
Pull up your bandera
Bandera, bandera, ráh!

Pull up your bandera
Bandera, bandera, ráh!",en
/claudia-leitte/,Barracos / Beijo na Boca / Preciso de Você,/claudia-leitte/barracos-beijo-na-boca-preciso-de-voce.html,"Pra quem mora lá no morro
Pra quem vive nas encostas
Aonde o diabo faz fogo
Pra onde Deus virou as costas
Pra quem vive nas esquinas
Onde a luz não ilumina
Onde a morte começa

Esse barraco (vai cair)
Eu não me canso (de avisar)
Ele não tem (alvenaria)
Não tem coluna pra apoiar
Ai eu não quero ver o dia

Ô ô ô ô ô
Vai desabar
Ô ô ô ô ô
Não dá pra viver lá
Ô ô ô ô ô
Vai desabar
Ô ô ô ô ô
Não dá pra viver lá

Pra quem vive nas esquinas
Sem poesia e sem paixão
Sem mar sem céu sem sonho
Com o coração na mão
Pra quem tá no fim da fila
Tá num beco sem saída
Tá perdendo a graça

Esse barraco (vai cair)
Eu não me canso (de avisar)
Ele não tem (alvenaria)
Não tem coluna pra apoiar
Ai eu não quero ver o dia

Ô ô ô ô ô
Vai desabar
Ô ô ô ô ô
Não dá pra viver lá
Ô ô ô ô ô
Vai desabar
Ô ô ô ô ô
Não dá pra viver lá

Olha o babado, olha o babado, olha o babado, olha o babado
Nô nô nô nô nô nô nô nô
Olha o babado, olha o babado, olha o babado, olha o babado
Nô nô nô nô nô nô nô nô

Foi sem querer que eu beijei a sua boca
Menina tão louca eu quero te beijar
Beijo na boca seu corpo no meu suado
Tem sabor de pecado com jeito de bem me quer
Foi sem querer que eu beijei a sua boca
Menina tão louca eu quero te beijar
Beijo na boca seu corpo no meu suado
Tem sabor de pecado com jeito de bem me quer

Todo dia é festa na Bahia
E o trio irradia alegria
A galera que manda é Salvador (êoêo)
Todo dia é festa em Salvador (êoêo)
Suor swing maneiro pegada e amor

Fui atrás do restou
Foi tão belo o nosso amor eu não creio
Que tudo acabou
Tenho um mundo pra te dar
E um brilho no olhar tão sincero
Vem viver comigo
Tudo que eu sempre quis
Foi te fazer feliz traduzir o melhor do amor
Vou tão longe pra buscar
A luz só pra te satisfazer
As estrelas do céu
De saturno um anel
E até as ondas do mar
Tente me compreender
Só terei total prazer
Contigo

Preciso de você
Sentir o seu calor e a sua companhia
Quando você chegar
Eu quero te mostrar a minha alegria
Aí meu coração vai poder sossegar
Preciso de você
Sentir o seu calor e a sua companhia
Quando você chegar
Eu quero te mostrar a minha alegria
Aí meu coração vai poder sossegar

Tudo que eu sempre quis
Foi te fazer feliz traduzir o melhor do amor
Vou tão longe pra buscar
A luz só pra te satisfazer
As estrelas do céu
De saturno um anel
E até as ondas do mar
Tente me compreender
Só terei total prazer
Contigo

Preciso de você
Sentir o seu calor e a sua companhia
Quando você chegar
Eu quero te mostrar a minha alegria
Aí meu coração vai poder sossegar
Preciso de você
Sentir o seu calor e a sua companhia
Quando você chegar
Eu quero te mostrar a minha alegria
Aí meu coração vai poder sossegar",pt
/claudia-leitte/,Bem Vindo Amor,/claudia-leitte/bem-vindo-amor.html,"Eu quero fazer cem canções,
Rolar mil vezes na cama,
Rir até doer.

Me faça uma ligação, tira esse frio daqui de dentro
E quando não for assim, mande uma mensagem pra mim.

Ainda lembro o gosto do beijo que você me deu, ohohoh

Mar se o céu for você, se você for pra mim,
Entrego tudo a deus, eu digo que sim.
Mar se o céu for você, se você for pra mim,
Entrego tudo a deus, eu digo
Bem vindo amor,
Pequeno eu vou, cair nos teus braços quero enlouquecer,
Deixa acontecer.
Bem vindo meu amor, pequeno eu vou sorrindo.

Bem vindo meu amor,
Pequeno eu vou, cair nos teus braços quero enlouquecer,
Deixa acontecer.
Bem vindo meu amor, você me deu dois filhos lindos.",pt
/claudia-leitte/,Black Man,/claudia-leitte/black-man.html,"If Jesus Christ
Had been a black man
Would make indifferent
To the color of his purple skin

If Jesus Christ
Had been a black man
Had been a black man

Um homem de cor
A mesma mensagem de fé e amor
Teria o santo o mesmo andor?

E apesar da negra cor
Você teria o mesmo amor?
I don't know
I don't know
I don't know

If Jesus Christ
Had been a black man
would make indifferent
To the color of his purple skin

If Jesus Christ
Had been a black man
Had been a black man

A mesma paixão
A mesma nobreza no gesto da mão
O mesmo brother
Um negro irmão

E se ele fosse esse negão
Você lhe beijaria a mão?
I don't know
I don't know
I don't know

If Jesus Christ
Had been a black man
would make indifferent
To the color of his purple skin

If Jesus Christ
Had been a black man
Had been a black man

Um negro legal
Palavras e gestos de amor sem igual
Discriminado, anjo marginal

E essa toda devoção
Seria exatamente igual?
I don't know
I don't know
I don't know

If Jesus Christ
Had been a black man
would make indifferent
To the color of his purple skin

If Jesus Christ
Had been a black man
Had been a black man

If Jesus Christ
Had been a black man
would make indifferent
To the color of his purple skin

If Jesus Christ
Had been a black man
Had been a black man

If Jesus Christ
Had been a black man
would make indifferent
To the color of his purple skin

If Jesus Christ
Had been a black man
Had been a black man

If Jesus Christ
Had been a black man
would make indifferent
To the color of his purple skin

If Jesus Christ
Had been a black man
Had been a black man

If Jesus Christ
Had been a black man
would make indifferent
To the color of his purple skin

If Jesus Christ
Had been a black man
Had been a black man",pt
/claudia-leitte/,Burro Apaixonado,/claudia-leitte/burro-apaixonado.html,"Se eu não puder emagrecer eu quero que ela engorde
Pois essa piriguete anda atrás de você
Sei que essa ariranha gosta de homem casado
Você deu ousadia porque é descarado

Eu vou pra academia ficar toda sarada
Eu já parei minha vida pra cuidar de você
Todo mundo me dizia você não vale nada
E eu abestalhada, boba, apaixonada

Tomara que você me troque por ela
Tomara que ela dê um corno em você
Eu já vou estar bem longe posso até sofrer
Tomara que ela deixe a conta zerada
Que dê o golpe da barriga em você
Corno, burro, apaixonado nasceu pra sofrer

É você que vai levar uma galha
É você que vai se arrepender
É você que vai voltar chorando
Quando vê o Jorginho me agarrando (2x)

Se eu não puder emagrecer eu quero que ela ""engrote""
Pois essa piriguete anda atrás de você
Eu sei que essa ariranha gosta de homem casado
Você deu ousadia porque é descarado

Eu vou pra academia ficar toda sarada
Já parei minha vida pra cuidar de você
Todo mundo me dizia você não vale nada
E eu abestalhada, boba, apaixonada

Tomara que você me troque por ela
Tomara que ela dê um corno em você
Eu já vou estar bem longe posso até sofrer
Tomara que ela deixe a conta zerada
Que dê o golpe da barriga em você
Corno, burro, apaixonado nasceu pra sofrer

É você que vai levar uma galha
É você que vai se arrepender
É você que vai voltar chorando
Quando vê o Jorginho me agarrando(2x)",pt
/claudia-leitte/,Busy Man,/claudia-leitte/busy-man.html,"Pra onde eu vou agora livre, mas sem você?
Pra onde ir o que fazer como eu vou viver?
Eu gosto de ficar só
Mas gosto mais de você
Eu gosto da luz do sol
Mas chove tanto agora
Sem você
Chove sem você
Sem você
Chove sem você

Ás vezes acredito em mim mas às vezes não
Às vezes tiro o meu destino da minha mão
Talvez eu corte o cabelo
Talvez eu fique feliz
Talvez eu perca a cabeça
Talvez esqueça e cresça
Sem você
Chove sem você
Sem você
Chove sem você

Talvez precise de um colchão talvez baste o chão

Talvez no vigésimo andar, talvez no porão
Talvez eu mate o que fui
Talvez imite o que sou
Talvez eu tema o que vem
Talvez te ame ainda
Sem você
Chove sem você
Sem você
Chove sem você

I get to travel
Yellow summer
My super rain
I get to travel my road
Summer about everyday
I like you you like me
I love you you love me
I touch you you touch me
I'm missing you my lover

Busy man
Like a busy man
Busy man
Like a busy man",pt
/claudia-leitte/,Cai Fora / Foto Na Estante / Banho de Chuva,/claudia-leitte/cai-fora-foto-na-estante-banho-de-chuva.html,"Eu não quero te prender
Diga onde você vai amor
Que pena!
Eu fiz tudo por você
Você nem me deu valor, amor

Agora quando eu passo
Você quer me dar um beijo
Vive dizendo que eu sou sua mina
Sai pra lá!
Hoje sou mulher não sou mais menina (2x)

Agora eu to gatinha e você quer me conquistar
Mas eu to no ponto e você passou da hora
Que pena amor
Cai fora
Que pena amor
Cai fora

Terere terere terere oba!
Terere terere terere
Terere terere terere
Cai fora (2X)

Tudo nessa casa só lembra nós dois
Foto na estante
Um namoro a dois
Então
Amor por que brigou em vão

Fico na janela
Pra te ver chegar
O meu coração não cansa de esperar
Então o nosso amor tem solução

Eu te amo e você não tem direito de me machucar
Eu fui toda sua
Te dei minha alma nua
Minha maior felicidade é ver você chegar (2X)

Parararararapara (3X)
Dere dere dere dere
Parararararapara (3X)
Dere dere dere dere

Volta me inspira
Me ensina a ser sua mulher
Pensei que fosse facil viver sem você
Mas quando o amor acontece
A gente logo se entrega
Fica boba distraida e até esquece das amigas
Dificil conquistar o coração
Na verdade
To com saudade
Volta pra mim

Diz que me quer
Seu corpo colado no meu
Molhadinho num banho de chuva
Ai ai
Que tara
Que tara (2X)

É que seu amor
É de arrepiar
Pra sempre meu amor
Eu vou te amar

Diz que me quer
Seu corpo colado no meu
Molhadinho num banho de chuva
Ai ai
Que tara
Que tara (4X)",pt
/claudia-leitte/,Carnaval (Feat. Pitbull),/claudia-leitte/carnaval-feat-pitbull.html,"This is my carnaval aye aye aye ha
(Mr. Worldwide)
This is my carnaval aye aye aye ha
(Muito sexy Claudia Leitte)
Shake it and drop it shake it and drop it
(That's right)
You know it's going down
Everybody dancing everybody jumping
Let's get it started now
This is my carnaval

We made history together in open World Cup
We bout to do it again now baby buckle up
From Miami to Brazil
Claudia pass the torch like Olympics in Rio
Girl you got that hmm
Girl you got that real
Me I got that glow
Yeah you know the drill
Hit them with that samba show them what it is
And after Carnaval we can all hit the crib
Obrigado Claudia Leitte
Here we go again
Speaking to the world
Here we go again
In Carnaval
Here we go again
Now move, dance, jump, everybody hands up

This is my carnaval aye aye aye ha
This is my carnaval aye aye aye ha
Shake it and drop it shake it and drop it
You know it's going down
Everybody dancing everybody jumping
Let's get it started now
This is my carnaval aye aye aye ha
This is my carnaval aye aye aye ha
Shake it and drop it shake it and drop it
You know it's going down
Everybody dancing everybody jumping
Let's get it started now
This is my Carnaval

Give me rhythm, give me flow
Give it up boy I need some more
Take my body to the floor tonight
Touch me good baby come and do me right
Jiggle it and take it low
Blow the trumpets baby blow
We can dance until the morning light
We can do, we can do this thing for life
Samba
A little bit Rumba, with a bit of Salsa
Play it over and over

This is my carnaval aye aye aye ha
This is my carnaval aye aye aye ha
Shake it and drop it shake it and drop it
You know it's going down
Everybody dancing everybody jumping
Let's get it started now
This is my carnaval aye aye aye ha
This is my carnaval aye aye aye ha
Shake it and drop it shake it and drop it
You know it's going down
Everybody dancing everybody jumping
Let's get it started now
This is my carnaval

Deja deja de llorar
El pasado es pa borrar
Adelante no hay que parar
El camino es mio pa tomar
Sigue sigue quiero más
Mi destino y mi compass
Y el amor, yo voy a encontrar
Por que yo, siempre voy a amar
Samba
A little bit Rumba, with a bit of Salsa
Play it over and over

This is my carnaval aye aye aye ha
This is my carnaval aye aye aye ha
Shake it and drop it shake it and drop it
You know it's going down
Everybody dancing everybody jumping
Let's get it started now
This is my carnaval aye aye aye ha
This is my carnaval aye aye aye ha
Shake it and drop it shake it and drop it
You know it's going down
Everybody dancing everybody jumping
Let's get it started now
This is my carnaval",en
/claudia-leitte/,Carreira Solo,/claudia-leitte/carreira-solo.html,"Não sou sua meia suja pra você me pisar
Nem tão pouco sua latinha pra você me amassar
Nem o canudinho que você chupou, chupou
Depois e deu o nó e descartou

Carreira solo
Pra você pra mim
Carreira solo
Eu sem você, você sem mim

Carreira solo
Pra você pra mim
Carreira
Eu sem você, você sem mim

Tem um cara me olhando
Acho que vou me jogar
A periguete te chamando
Pode ir, não vou ligar

Tem um cara me olhando
Acho que vou me jogar
A periguete te chamando
Pode ir, não vou ligar

Vá! Vá! Vá!
Pode ir, não vou ligar
Vá! Vá! Vá!
Pode ir, não vou ligar

Vá! Vá! Vá!
Pode ir, não vou ligar
Vá! Vá! Vá!
Pode ir

Carreira solo
Pra você pra mim
Carreira
Eu sem você, você sem mim

Carreira solo
Pra você pra mim
Carreira
Eu sem você, você sem mim",pt
/claudia-leitte/,Cartório (Part. Luan Santana),/claudia-leitte/cartorio-part-luan-santana.html,"Você me amou e eu brinquei de amar
Tive a chance de valorizar
Judiei demais, você sofria
Dei valor a uma vida vazia

Percebi que te fiz muito mal
Acordei e cai na real
Vacilei, fui boba, sem noção
Vim aqui pra te pedir perdão

Meu coração é seu, tome
Ele é todo seu, tome
Vamos lá no cartório
Passar ele pro seu nome

Meu coração é seu, tome
Ele é todo seu, tome
Vamos lá no cartório
Passar ele pro seu nome

(Luan Santana)

Você não me amou e não soube aceitar
Meus cuidados, meu dom de me dar
Judiou de mim quando eu sofria
Deu valor a uma vida vazia

Mas eu nunca deixei de te amar
Sabia que ia voltar
Você me enlouquece de paixão
Por isso te dou meu perdão

Meu coração é seu, tome
Ele é todo seu, tome
Vamos lá no cartório
Passar ele pro seu nome

Meu coração é seu, tome
Ele é todo seu, tome
Vamos lá no cartório
Passar ele pro seu nome

Eu tô aqui pra poder te falar
Que cansei de ficar no sofá
Abraçada com a solidão
Meu dengo, chegue cedo no lugar marcado
Pra poder assinar o contrato
E ser dono do meu coração

Meu coração é seu, tome
Ele é todo seu, tome
Vamos lá no cartório
Passar ele pro seu nome",pt
/claudia-leitte/,Chame Gente (Part. Armandinho e Luis Caldas),/claudia-leitte/chame-gente-part-armandinho-e-luis-caldas.html,"La laia laia, la laia laia, la laia laia laia laia laia
La laia laia, la laia laia, la laia laia laia laia la
Ah! Imagina só que loucura essa mistura

Alegria, alegria é o estado que chamamos bahia
De todos os santos, encantos e axé,
sagrado e profano, o baiano é carnaval
Do corredor da história, vitória, lapinha, caminho de areia
Pelas vias, pelas veias, escorre o sangue e o vinho,
pelo mangue, pelourinho
A pé ou de caminhão não pode faltar
a fé, o carnaval vai passar
Da Sé ao Campo-grande
somos os filhos de Gandhi, de Dodô e Osmar
Por isso chame, chame, chame, chame gente

Que a gente se completa
enchendo de alegria a praça e o poeta
É um verdadeiro enxame, chame chame gente
Que a gente se completa
enchendo de alegria a praça e o poeta
Ah! ... a praça e o poeta",pt
/claudia-leitte/,Circle Of Life,/claudia-leitte/circle-of-life.html,"From the day we arrive on the planet
And blinking, step into the Sun
There's more to be seen than can ever be seen
More to do than can ever be done

There's far too much to take in here
More to find than can ever be found
But the Sun rolling high through the sapphire sky
Keeps great and small on the endless round

It's the circle of life
And it moves us all
Through despair and hope
Through faith and love

Till we find our place
On the path unwinding
In the circle
The circle of life

Till we find our place
On the path unwinding
In the circle
The circle of life",en
/claudia-leitte/,Claudinha Bagunceira,/claudia-leitte/claudinha-bagunceira.html,"Buzu batidão to massa
Eu também sou do gueto
Sou do beco também
Sou de viela, de quebrada
Faço o samba à batucada

Vou te dar uma idéia não foi combinado ôô
Bata o negão que tá do seu lado
Essa dança é gostosa levanta o astral
É Um beija, beija, um carnaval

Vou te dar uma idéia não foi combinado ôô
Bata a loirinha que tá do seu lado
Essa dança é gostosa levanta o astral
É um beija, beija, é um carnaval
Segura na cadeira

Chegou Claudinha bagunceira, Ô ô Ô
Vou descendo a madeira, madeira, madeira

Buzu batidão to massa
Eu também sou do gueto
Sou do beco também
Sou de viela, de quebrada
Faço o samba à batucada

Chegou Claudinha bagunceira, Ô ô Ô
Vou descendo a madeira, madeira, madeira",pt
/claudia-leitte/,Corazón (Feat. Daddy Yankee),/claudia-leitte/corazon-feat-daddy-yankee.html,"Ahora empieza, tu dolor de cabeza
Provocativa, niña traviesa
Vamos dale, apunta y dispara
Yo voy a dejar que me maten tus balas

Soy anzuelo pa tus peces
Vamos a morirnos como viernes 13
Fuera bruja sin escoba
Estas en mi reino y te pongo la corona

Down, me gusta verte bajo
Movimiento down down
Sabes cómo hacerlo desde el norte
Al downtown
Tienes mucho tiempo
Yo soy woman de brasil
Hoy quiero susurrarte despacito

Corazón
Si no te tengo aquí
Ya no me vale nadie
Pues sin ti el meu coração
A mí me arde me arde

Oh oh oh oh oh...
Oh oh oh oh oh...

Corazón
Si no te tengo aquí
Ya no me vale nadie
Pues sin ti el meu coração
A mí me arde me arde

Que, que, que pa' alla es que voy
Que, que pa' alla es que voy
Que que, que me digan
Ahora donde es el party

Que, que, que pa' alla es que voy
Que, que pa' alla es que voy
Que, que, que me digan ahora?
Hora, hora, hora...

Un saludo para todas las ba- ba- babies
Son mucho los sabores que me po- ponen crazy
En mi dieta yo solo como ladies
A esos tomates hay que poner ponerle el gravy
Hola mi loba, llegue a tu alcoba
Soy el modelo nuevo ma' del Cassanova
El que que más corazones roba
Y la única testigo ha sido mi Range Rover

Corazón
Si no te tengo aquí
Ya no me vale nadie
Pues sin ti el meu coração
A mí me arde, me arde
(Soy tuyo y de nadie más)


Oh oh oh oh oh...
Oh oh oh oh oh....
Oh oh oh oh oh....(tuyo y de nadie más)
Oh oh oh oh oh...
Oh oh oh oh oh...
Oh oh oh oh oh....(Soy tuyo y de nadie más)

Escapémonos
Ya no hay marcha atrás
Baby you're so sweet
Tú lo sabes ya
Escapémonos
De este amor fugaz
Solo tuya soy y de nadie más

Oh oh oh oh oh...
Oh oh oh oh oh...
Oh oh oh oh oh...(Soy tuya y de nadie más)
Oh oh oh oh oh...
Oh oh oh oh oh...
Oh oh oh oh oh... (Soy tuyo y de nadie más)

Corazón
Si no te tengo aquí
Ya no me vale nadie (tuyo y de nadie más)
Pues sin ti el meu coração
A mí me arde, me arde

Que siga el mambo
Candela
Que siga le mambo (x4)

Escapémonos
Ya no hay marcha atrás
Baby you're so sweet
Tú lo sabes ya
Escapémonos
De este amor fugaz
Solo tuya soy y de nadie más",es
/claudia-leitte/,Crime,/claudia-leitte/crime.html,"Meu coração tem um sonho antigo
Ter sempre alguém comigo, pertinho de mim
Compartilhar meus segredos, meus medos
Meus sonhos, desejos, tim tim por tim tim
Nos momentos de solidão
Ter alguém para abraçar e me aquecer
Fazer eterno o fogo da paixão
Ter coisas de amor para cantar, para dizer

E se amar você é um crime
Eu aceito a sentença
Porque amar você é um crime
É um crime que compensa
E por amar você ser crime
Talvez eu viva para sempre como fora da lei
Como fora da lei

Mas não vou viver fugindo
Eu me rendo, eu me entrego
Fico presa em teu sorriso
Presa em teu olhar sincero
Deus é meu juiz e esta causa está diante Dele

Eu confesso, eu me escondi
Como eu pude te enganar
Eu confesso o meu crime
Mas para Deus nunca foi crime amar",pt
/claudia-leitte/,Danza Kuduro,/claudia-leitte/danza-kuduro.html,"La mano arriba
Cintura sola
Da media vuelta
Danza kuduro

No te canses ahora
Que esto sólo empieza
Mueve la cabeza
Danza kuduro

La mano arriba
Cintura sola
Da media vuelta
Danza kuduro

No te canses ahora
Que esto sólo empieza
Mueve la cabeza
Danza kuduro

Quien puede domar la fuerza del mal que se mete por
Tus venas
Lo caliente del sol que se te metió y no te deja
Quieta, nena
Quien puede parar eso que al bailar descontrola tus
Caderas (sexy... !)
Y ese fuego que quema por dentro y lento, te convierte
En fiera

Con la mano arriba
Cintura sola
Da media vuelta
Sacude duro

No te quites ahora
Que esto sólo empieza
Mueve la cabeza
Sacude duro

[Lucenzo]
Balança que é uma loucura
Morena vem ao meu lado
Ninguém vai ficar parado
Quero ver mexe kuduro
Balança que é uma loucura
Morena vem ao meu lado
Ninguém vai ficar parado
Oi, oi, oi, oi, oi, oi, oi
Vem para quebrar kuduro, vamos dançar kuduro
Oi, oi, oi, oi, oi, oi, oi
Seja morena ou loira, vem balançar kuduro
Oi, oi, oi

[don omar]
La mano arriba
Cintura sola
Da media vuelta
Danza kuduro

No te canses ahora
Que esto sólo empieza
Mueve la cabeza
Danza kuduro

La mano arriba
Cintura sola
Da media vuelta
Danza kuduro

No te canses ahora
Que esto sólo empieza
Mueve la cabeza
Danza kuduro

[Lucenzo]
Balança que é uma loucura
Morena vem ao meu lado
Ninguém vai ficar parado
Quero ver mexe cú duro
Balança que é uma loucura
Morena vem ao meu lado
Ninguém vai ficar parado
Oi, oi, oi, oi, oi, oi, oi
É para quebrar kuduro, vamos dançar kuduro
Oi, oi, oi, oi, oi, oi, oi
Seja morena ou loira, vem balançar kuduro
Oi, oi, oi",es
/claudia-leitte/,Dekolê (Dekole),/claudia-leitte/dekole-dekole.html,"Oh oh oh, oh oh oh
Oh oh oh, oh oh oh

É hora de dançar o dekolê
Ole ole ole oh dekolê ole oh
Ole ole ole oh

Veio do haiti
Esse swing é pra você sentir
É só seguir seus passos e ver
Que essa loucura é feita pra você
Oh oh woh oh oh oh

Venha mexer, se remexer
Venha mexer, yeah
Tem que jogar pra cima
E se deixar levar no dekolê, yeah yeah

A dança te domina
É o groove que te faz enlouquecer
Mãos ao alto pra embalar
Faça a festa acontecer

Não importa o que vão pensar
Eu vou dançar o dekolê

Oh oh oh, oh oh oh
Oh oh oh, oh oh oh

É hora de dançar o dekolê
Ole ole ole oh dekole ole oh
Ole ole ole oh

Masa, masa bon bagay aye
Masa, masa bon bagay aye
Gade c haiti ki la nan kay
La kay la kay la

Mwendi claudia leitte
Ki la nan kay la kay la kay la
Wowo c j perry
Ki la nan kay la kay la kay la
Mwendi brasil
Ki la nan kay la kay la kay la

É hora de dançar o dekolê
Ole ole ole oh dekole ole oh
Ole ole ole oh

Se tu me joga pra dentro
Se tu me joga pra dentro
Eu não paro mais não
Não paro mais
Quando eu entro não saio

Se tu me joga pra dentro
Se tu me joga pra dentro
Não saio mais não, não, não

Dançando dekole, dançando dekolê
Dançando dekole

From haiti to brazil
J perry

É hora de dançar o dekolê
Ole ole ole oh dekole ole oh
Ole ole ole

Dekole ole ole oh
Dekole ole ole oh
Dekole ole ole oh
Dekole ole ole oh

Pra dançar o dekolê
Vem dançar o dekolê
Hora de dançar o dekolê

Vem dançar o dekolê
Vem dançar o dekolê
Vem dançar o dekolê
Hora de dançar o dekolê",pt
/claudia-leitte/,Desembaça,/claudia-leitte/desembaca.html,"Mão direita na frente
Mão esquerda combina
Faz o movimento para-brisa
Pro ex que quer recaída

Desembaça
Desembaça da minha vida
Desembaça
Desembaça da minha vida
Desembaça
Desembaça da minha vida

Nunca mais cê pega
Essa coisa linda

Farra e bebida
Cerveja ou tequila
Contatinho na agenda
Tão fazendo fila

Te avisei, bebê
Que o jogo vira
Tô descendo, tô subindo
Sei que você pira

Se quer um conselho
Me tira da mira
Não quero saber
De figurinha repetida

Mão direita na frente
Mão esquerda combina
Faz o movimento para-brisa
Pro ex que quer recaída

Desembaça
Desembaça da minha vida
Desembaça
Desembaça da minha vida
Desembaça
Desembaça da minha vida

Nunca mais cê pega
Essa coisa linda",pt
/claudia-leitte/,Desembaça (Vete de mi vida),/claudia-leitte/desembaca-vete-de-mi-vida.html,"Cuento 3 y ya no te miro mas
Uno
Dos

Mano derecha pal frente
Mano izquierda también
Haz el movimiento
Para el ex que quiere volver

Ve, ve, vete de mi vida
Ve, ve, vete de mi vida
Ve, ve, vete de mi vida
Tu nunca tendrás
Esta cosita linda

Rumba con bebida
Cerveza o tequila
Bórrame de tu lista
Está largá la fila

Te lo dije, baby
Vueltas da la vida
Toy abajo, toy arriba
Y sé que tú me miras

Si quiеres un consejo
Buscá la salida
No quiero sabеr
De tus mentiras repetidas

Mano derecha pal frente
Mano izquierda también
Haz el movimiento
Para el ex que quiere volver

Ve, ve, vete de mi vida
Ve, ve, vete de mi vida
Ve, ve, vete de mi vida
Tu nunca tendrás
Esta cosita linda

Ve, ve, vete de mi vida
Ve, ve, vete de mi vida
Ve, ve, vete de mi vida
Tu nunca tendrás
Esta cosita linda

Echa pa allá

Vuelve a la fila, baby!

Rumba con bebida
Cerveza o tequila
Bórrame de tu lista
Está largá la fila

Te lo dije, baby
Vueltas da la vida
Toy abajo, toy arriba
Y sé que tú me miras

Si quieres un consejo
Buscá la salida
No quiero saber
De tus mentiras repetidas

Mano derecha pal frente
Mano izquierda también
Haz el movimiento
Para el ex que quiere volver

Ve, ve, vete de mi vida
Ve, ve, vete de mi vida
Ve, ve, vete de mi vida
Tu nunca tendrás
Esta cosita linda

Ve, ve, vete de mi vida
Ve, ve, vete de mi vida
Ve, ve, vete de mi vida
Hombre nunca tendrás
Esta cosita linda

Hasta la vista, baby!",es
/claudia-leitte/,Deusas do Amor,/claudia-leitte/deusas-do-amor.html,"Tô de pernas pro ar

Cheguei com tudo pra te ver
De pernas de fora e agora é alegria
Extravasando com você
Vem me abraçar, me alisar que eu sou de Vênus

Deusa do amor
Tô poderosa, linda e sensual
Vem com calor que ao meu lado
Tudo é carnaval

Eu tô, eu tô, eu tô maravilhosa
Tô poderosa

Eu tô, eu tô
Mulheres são de Vênus
Pra brilhar, fazer a festa

Na na na na na na na na
tô de pernas pro ar
Na na na na na na na na
extravasa faz a festa",pt
/claudia-leitte/,Dia da Farra e do Beijo,/claudia-leitte/dia-da-farra-e-do-beijo.html,"Ôôôô Ôôôô Ôôôô
Atenção está declarado o dia nacional da farra e do beijo
Jogue duro

Quem tá solteiro
Dá um grito e levante a mão
Micareteiro, beijoqueiro
Vai até o chão

Hoje eu decreto aqui o dia nacional da farra e do beijo

É vale night o ano inteiro
Chega de chorar
Não quero mais ficar sozinho
No seu blábláblá

Hoje é festa, azaração. Vem dar beijo na boca, sai do chão

É festa, eu vou beijar na boca até cansar
Depois paragadá

É farra, eu vou curtir
A noite
Me divertir
E o mundo pode explodir

Ôôôô Ôôôô Ôôôô

Quem tá solteiro
Dá um grito e levante a mão
Micareteiro, beijoqueiro
Vai até o chão

Hoje eu decreto aqui o dia nacional da farra e do beijo
É vale night o ano inteiro
Chega de chorar
Não quero mais ficar sozinho
No seu blábláblá

Hoje é festa, azaração. Vem dar beijo na boca, sai do chão

""É festa, eu vou beijar na boca até cansar
Depois paragadá
É farra, eu vou curtir a noite
Me divertir
E o mundo pode explodir

É festa, eu vou beijar na boca até cansar
Depois paragadá
É farra, eu vou curtir a noite
Me divertir
E o mundo inteiro pode explodir

É festa, eu vou beijar na boca até cansar
Depois paragadá
É farra, eu vou curtir a noite inteira
Me divertir
E o mundo inteiro pode explodir

Ôôôô Ôôôô Ôôôô
Ôôôô Ôôôô Ôôôô



By Annelise Silva",pt
/claudia-leitte/,Dias Atrás (com CPM 22 Estúdio Coca-Cola),/claudia-leitte/dias-atras-com-cpm-22-estudio-coca-cola.html,"Nunca mais espero te encontrar.
Por tudo que você me fez passar.
Tantos dias sem entender.
Esperando por você, que não vai voltar.

Dias atrás pensava em você.
Não é assim mais.
Olho pra trás.
Mas penso e sigo em frente.
Pra nunca mais viver assim.

Tanto faz o que vai rolar.
Mas nunca espero voltar lá.
Sempre tento me esconder.
Para deixar de te ver.
Acho que é melhor.

Dias atrás pensava em você.
Não é assim mais.
Olho pra trás.
Mas penso e sigo em frente.
Pra nunca mais viver assim.",pt
/claudia-leitte/,Dias Atrás (estudio Coca Cola),/claudia-leitte/dias-atras-estudio-coca-cola.html,"Nunca mais espero te encontrar.
Por tudo que você me fez passar.
Tantos dias sem entender.
Esperando por você, que não vai voltar.

Dias atrás pensava em você.
Não é assim mais.
Olho pra trás.
Mas penso e sigo em frente.
Pra nunca mais viver assim.

Tanto faz o que vai rolar.
Mas nunca espero voltar lá.
Sempre tento me esconder.
Para deixar de te ver.
Acho que é melhor.

Dias atrás pensava em você.
Não é assim mais.
Olho pra trás.
Mas penso e sigo em frente.
Pra nunca mais viver assim.",pt
/claudia-leitte/,Dois Caminhos,/claudia-leitte/dois-caminhos.html,"Dois caminhos,
Uma chave
Um estrondo
Numa porta errada
E eu que pensei que estava
A um passo do amor

A vida correndo
E eu aqui
Você era o mestre
Eu o aprendiz
No tempo em que a solidão
Andava lá fora
Eu vi o passado voltar
Depressa, pra me machucar
Mas não é medo
É só saudade
Que invade e faz morada

Até que esse tempo longe
Me fez ver o quanto o amor da gente é bom
E se ficar tarde
Eu pego o telefone e ouço o som
Que vem da sua voz
Tá de manhã.

Até que esse tempo longe
Me fez ver o quanto o amor da gente é bom
E se ficar tarde
Eu pego o telefone e ouço o som
Que vem da sua voz
Tá de manhã.

A vida correndo
E eu aqui
Você era o mestre
Eu o aprendiz
No tempo em que a solidão
Andava lá fora
Eu vi o passado voltar
Depressa, pra me machucar
Mas não é medo
É só saudade
Que invade e faz morada

Até que esse tempo longe
Me fez ver o quanto o amor da gente é bom
E se ficar tarde
Eu pego o telefone e ouço o som
Que vem da sua voz
Tá de manhã.

Dois caminhos uma chave um estranho uma porta errada.",pt
/claudia-leitte/,Dum Dum,/claudia-leitte/dum-dum.html,"Vou na onda desse reggae
Cantar pra dizer, meu bebê,
O quanto te amo
Precioso como a gota de orvalho que cai
Para regar meu caminho
Sempre achando que é capaz de enfrentar seus limites,
menino
Se jogou no mundo
E a lição que a vida quis ensinar para nós dois
Que para amar não precisa ""tá"" junto

[Refrão]
Dum, dum
Dum, dum
Dum, dum
Para sempre vou te amar
Dum, dum
Dum, dum
Dum, dum
Para sempre vou...

E se um dia a Dona Tristeza chegar
Trazendo saudade
O remédio para curar essa dor
É ouvir a canção que bate feito um coração assim

[Refrão]
Dum, dum
Dum, dum
Dum, dum
Para sempre vou te amar
Dum, dum
Dum, dum
Dum, dum
Para sempre vou...",pt
/claudia-leitte/,Dyer Maker/A Camisa E O Botão,/claudia-leitte/dyer-makera-camisa-e-o-botao.html,"""Dyer Maker""

oh oh oh oh oh You don't have to go
oh oh oh oh You don't have to go
oh oh oh oh Baby please don't go
ay ay ay ay ay All those tears I cried
ay ay ay ay All those tears I cried
ay ay ay ay oh, Baby please don't go

When I read the letter You wrote to me
It made me mad mad mad
When I read the news That it brought me
To made me sad sad sad
But I still love you so I just can't let you go
I love you oh baby I love so

oh oh oh oh oh Every breath I take
oh oh oh oh oh, Every move I make
oh oh oh oh oh, Baby please don't go
Honey please don't go
ay ay ay ay ay You hurt me to my soul
ay ay ay ay You hurt me to my soul
Oh baby, baby, baby please
Baby please don't go

When I read the letter You wrote to me
It made me mad mad mad
When I read the news That it brought me
To made me sad sad sad
But I still love you so I just can't let you go
I love you oh baby I love so

oh oh oh oh oh oh oh oh
oh oh oh oh oh oh oh oh
oh oh oh oh oh oh Baby
oh oh oh oh oh oh oh oh
Please, don't go

""A Camisa e o Botão""

Quando o sol sair me beije, me beije
Mas me beije logo
Quando o sol sair me beije,
Me beije
Antes que escureça
Não me deixe só
Em outro planeta
Se a gente quiser
O mundo se ajeita

Como a camisa e o botão
Como as estrelas lá no céu Como a estrada
E o caminhão Como você e eu Como a saudade
E o coração Como a caneta e o papel
Como a chuva no verão Como você e eu
Sim, meu amor, se a gente quiser
O mundo se ajeita",pt
/claudia-leitte/,Elixir (com Olodum),/claudia-leitte/elixir-com-olodum.html,"Antes de sair de casa
Leve as suas mentiras
E se pensar em voltar
Não vai ser do seu jeito.
Meu jeito é louco,
Pense um pouco.
Vai ter que me surpreender
Provou desse veneno
E vai morrer aos poucos,
Vai morrer aos poucos.
Ah, eu tenho elixir
Mas ai eu te pergunto:

""O que é que você tem pra mim"" (4x)

Uôo, uôo, uôoo, uôooo ôoo (2x)

É, é bom ser feliz
Vem ser feliz
Eu vou ser feliz, feliz

Antes de sair de casa
Leve as suas mentiras
E se pensar em voltar
Não vai ser do seu jeito.
Meu jeito é louco,
Pense um pouco.
Vai ter que me surpreender
Provou desse veneno
E vai morrer aos poucos,
Vai morrer aos poucos.
Ah, eu tenho elixir
Mas aí eu te pergunto:

Você pensa que a liberdade
É algo raro de encontrar
Pare e pense um pouco
Esse não é o seu lugar
Escuta aê ô (iê ê ô)

Se eu desfaço a realidade
Pra você não entender
Existe apenas um caminho
Mas sem fé você não vê
Grite aê ô -(iê ê ô)

É, é bom ser feliz
Vem ser feliz
Eu vou ser feliz (2x)",pt
/claudia-leitte/,Enamorado,/claudia-leitte/enamorado.html,"Já não sei, se é amor
O que eu sinto no meu coração
Eu só sei, que esse amor
Me envolve e eu não sei dizer não...

Se eu te olho pinta um desejo
Do gosto doce do seu beijo
Me acalma quando você vem me tocar...

Chega perto minha cabeça gira
Sua voz é uma poesia
Um beijo pra fazer meu mundo parar
E te amar...

Yo estoy enamorado por ti
E não sei como explicar
Este amor que viene de dentro
Involucra mis sentimientos
Eu só sei te amar, te amar... (2x)

Já não sei, se é amor
O que eu sinto no meu coração
Eu só sei, que esse amor
Me envolve e eu não sei dizer não...

Se eu te olho pinta um desejo
O gosto doce do seu beijo
Me acalma quando você vem me tocar...

Chega perto minha cabeça gira
Sua voz é uma poesia
Um beijo pra fazer meu mundo parar
E te amar...

Yo estoy enamorada por ti
E não sei como explicar
Este amor que viene de dentro
Involucra mis sentimientos
Eu só sei te amar, te amar...",pt
/claudia-leitte/,Eu Dou Tchau,/claudia-leitte/eu-dou-tchau.html,"Oi, pode falar?
Ah, tu ligou?
Não entendi você me chamando de amor
Me diz aí
O que aconteceu?
Você rodou, rodou
E já se arrependeu

Agora vem brotando assim do nada
Toma esse tchauzinho na sua cara

Eu vou fazer uma dancinha que vai estourar agora
Fazer uma dancinha pra contar a nossa história
Eu dou tchau e você chora
Eu dou tchau e você chora

Eu vou fazer uma dancinha que vai estourar agora
Fazer uma dancinha pra contar a nossa história
Eu dou tchau e você chora
Eu dou tchau e você chora
Eu dou tchau e você chora, chora

Oi, pode falar?
Ah, tu ligou?
Não entendi você me chamando de amor
Me diz aí
O que aconteceu?
Você rodou, rodou
E já se arrependeu?

Agora vem brotando assim do nada
Toma esse tchauzinho na sua cara

Eu vou fazer uma dancinha que vai estourar agora
Fazer uma dancinha pra contar a nossa história

Eu vou fazer uma dancinha que vai estourar agora
Fazer uma dancinha pra contar a nossa história
Eu dou tchau e você chora
Eu dou tchau e você chora

Eu vou fazer uma dancinha que vai estourar agora
Fazer uma dancinha pra contar a nossa história
Eu dou tchau e você chora
Eu dou tchau e você chora
Eu dou tchau e você chora, chora",pt
/claudia-leitte/,Eu Fico/amor Á Prova/janeiro Á Janeiro,/claudia-leitte/eu-ficoamor-a-provajaneiro-a-janeiro.html,"Quero ser aquela
Que um dia vai estar contigo
Preciso te dizer
Não cabe mais em mim o que eu sinto por você.

Já faz uma semana
Que eu guardo na lembrança
Um riso seu
Um beijo seu
Um gosto
Que ficou em mim
Eu guardo em mim.

Eu não vou te procurar,
O nosso orgulho não vai dar em nada
Nada, nada não.
Tá na cara que não tem ninguém
Se me liga fica tudo bem,
Eu fico.

Eu fico porque te quero,
Vem logo que eu te espero.

*****

Amor proibido, esse meu e seu
Sei lá quem tem razão
Paixão tá no peito desperta o desejo
De te amar, ou, ou, ou, ô, ô
Você é doido por ela
Eu sou louca por você
Apaixonado por ela
Eu não quero te perder
Eu te dou meu coração
Se você provar que me ama
Que me quer, que me quer
Que me quer feliz
Eu te dou meu coração
Se você provar que me ama
Que me quer, que me quer
Que me quer feliz
REPETE
Você é doido por ela
Eu sou louca por você
Apaixonado por ela
Eu não quero te perder
Eu te dou meu coração
Se você provar que me ama
Que me quer, que me quer
Que me quer feliz
Eu te dou meu coração
Se você provar que me ama
Que me quer, que me quer
Que me quer feliz

*****

Quero você por inteiro
só pra mim
vem amor, vem ligeiro,
me seduzir
não dá pra dividir com ninguém
é só meu o seu amor
vai ser marcação cerrada
por isso onde você for eu vou

Refrão
Quero você de janeiro a janeiro
eu vou pegar no seu pé
quero você meu homem
pra ser sua mulher
quero suas pernas em minhas pernas
quero sua boca em minha boca
ser seu violão você dedilhando
me deixa louca

Você tem direito sobre mim
pra fazer o que quiser
você abre todos os caminhos
pra me fazer mulher
jamais vou me cansar dessa paixão
você é meu primeiro e derradeiro amor
eu ando com seus pés me dê a mão
por isso onde você for eu vou",pt
/claudia-leitte/,Eu Grito,/claudia-leitte/eu-grito.html,"Seu corpo colado ao meu
Sua boca calando a minha
E a gente quase se perdeu
La fora a chuva caia

Só um telefonema pra você dizer
que vai ter outra vez
Faz tempo,eu me apaixonei
A noite acabou,eu sei

Você é meu amor
Eu grito de felicidade,amor
É lindo o que a gente faz e eu quero mais
Você é meu amor
Eu grito de felicidade,amor
É lindo o que a gente faz, e eu quero mais e mais

Seu corpo colado ao meu
Sua boca,calando a minha
A gente quase se perdeu
La fora a chuva caia
Só um telefonema pra você dizer
que vai ter outra vez
Faz tempo,eu me apaixonei
A noite acabou,eu sei
Você é o meu amor
Eu grito de felicidade amor
É lindoo que agente faz,
E Eu quero mais

{2x}
Você é o meu amor
E eu grito de felicidade,amor
É lindo e eu quero sempre mais,
Um pouco mais e mais.",pt
/claudia-leitte/,Eu Prometo (com Harmonia do Samba),/claudia-leitte/eu-prometo-com-harmonia-do-samba.html,"Eu quis cantar esta canção
Pra tocar em teu coração
E declarar o meu amor

Você é o sonho que sonhei,
A esperança que encontrei
Pra entregar o meu melhor

Com você é diferente
Nosso amor é um presente
Manter acesa a chama
É o desejo de quem ama

Nosso amor é um abrigo
Que nos livra do perigo
Viver em comunhão
É o segredo da união

Eu prometo ir amor,
Ir aonde você for
O teu Deus é o meu Deus
E os teus sonhos são os meus

Eu prometo te amar
Nada vai nos separar
Cada voto meu e seu
Tem a aliança da promessa de Deus",pt
