id,chords,release_date,genres,decade,rock_genre,artist_id,main_genre,spotify_song_id,spotify_artist_id
1,<intro_1> C <verse_1> F C E7 Amin C F C G7 C F C E7 Amin C F G7 C <verse_2> F C E7 Amin C F C G7 C F C E7 Amin C F G7 C <chorus_1> F C F C G C F C E7 Amin C F G7 C <solo_1> D <chorus_2> G D G D A D G D Fs7 Bmin D G A7 D G A7 D,,'classic country pop',,,artist_1,pop,,4AIEGdwDzPELXYgM5JaEY5
2,<intro_1> E D A/Cs E D A/Cs <verse_1> E D A/Cs E D A/Cs E D A/Cs E D A C <chorus_1> E G D A E G D A E G D A C D E D A/Cs <verse_2> E D A/Cs E D A/Cs E D A/Cs E D A C <chorus_2> E G D A E G D A E G D A C D <bridge_1> E C G D E C G D E C G D C D E G E G D A E G D A E G D A C D <chorus_3> E G D A E G D A E G D A C D <bridge_2> E C G D E C G D E C G D C D E,2003-01-01,'alternative metal' 'alternative rock' 'nu metal' 'permanent wave' 'pop rock' 'post-grunge',2000.0,pop rock,artist_2,metal,2ffJZ2r8HxI5DHcmf3BO6c,694QW15WkebjcrWgQHzRYF
3,<intro_1> Csmin <verse_1> A Csmin A Csmin A Csmin A B <chorus_1> Csmin A Fsmin A B <verse_2> Csmin A Csmin A Csmin A Csmin A Fsmin <chorus_2> Csmin A Fsmin A B Csmin A Fsmin Csmin <bridge_1> A Csmin A Csmin A Csmin A Csmin <chorus_3> Dsmin B Gsmin B Cs Dsmin B Gsmin Dsmin Csmin A Fsmin Csmin A Fsmin Csmin,2003-01-01,'alternative metal' 'canadian rock' 'funk metal' 'nu metal' 'post-grunge',2000.0,canadian rock,artist_3,metal,5KiY8SZEnvCPyIEkFGRR3y,0niJkG4tKkne3zwr7I8n9n
4,<intro_1> D Dmaj7 D Dmaj7 <verse_1> Emin A D G Emin A D G Emin A D G Emin A D <chorus_1> Emin A D G Emin A D G D/Fs Emin A D G D/Fs Emin A D G <verse_2> Emin A D G Emin A D G Emin A D G Emin A D G Emin A D G Emin A D <chorus_2> Emin A D G Emin A D G D/Fs Emin A D G D/Fs Emin A D G <bridge_1> Emin A D G D/Fs Emin A D G D/Fs Emin A D G D/Fs Emin A D <chorus_3> Emin A D G Emin A D G D/Fs Emin A D G D/Fs Emin A D G <outro_1> Emin A D G D/Fs Emin A D G D/Fs Emin A D G D/Fs Emin A D G <outro_2> Emin A D G D/Fs,2022-09-23,,2020.0,,artist_4,,01TtAcUqyLCRBZq4ZZiQWS,17BfKBemmMGO5ZAK25wraW
5,<intro_1> C <verse_1> G C G C <chorus_1> F Dmin G Dmin G C <verse_2> G C <chorus_2> F Dmin G Dmin G C F Dmin G Dmin7 G C <verse_3> G C <chorus_3> F Dmin G Dmin G C <chorus_4> F Dmin G Dmin G C,2023-02-10,'modern country pop',2020.0,,artist_5,pop,3zUecdrWC3IqrNSjhnoF3G,4GGfAshSkqoxpZdoaHm7ky
6,<intro_1> C G C G <verse_1> C G C G C Bmin Emin Amin D <chorus_1> G C D G C D G D/Fs F E Amin D G C D G C D G D/Fs F E Amin D <verse_2> C G C G C Bmin Emin Amin D <chorus_2> G C D G C D G D/Fs F E Amin D G C D G C D G D/Fs F E Amin D <chorus_3> G C D G C D G D/Fs F E Amin D G C D G C D G D/Fs F E Amin D C G C G,2018-08-24,'classic opm' 'opm',2010.0,,artist_6,,2zGr6pFE273K7nnu8ACKjk,33kC1w8s5cXEi1zyJZuqSI
7,<intro_1> G Bmin Amin D G Bmin <verse_1> Amin D G Emin Amin D G Emin Amin D G Emin Amin D G Bmin Amin D <chorus_1> G Emin Amin7 D G Emin Amin7 D G Emin Amin D G Emin Amin D G Emin Amin <verse_2> D G Emin Amin D G Emin Amin D G Emin Amin D G Emin Amin D <chorus_2> G Emin Amin7 D G Emin Amin7 D G Emin Amin7 D G Emin Amin7 D G Emin Amin D G Emin Amin D G Emin Amin D G Emin Amin <verse_3> D G Emin Amin D G Emin Amin D <chorus_3> G Emin Amin7 D G Emin Amin7 D G Emin Amin D G Emin Amin D G Emin <outro_1> Amin D G Emin Amin D G Emin Amin D G Emin Amin7 D7 G,2023-02-10,'modern country pop',2020.0,,artist_5,pop,1gh9q0HsS3tVXQypDXp4gf,4GGfAshSkqoxpZdoaHm7ky
8,<intro_1> Fsmin Fsno3d Bno3d E/B Fsno3d Bno3d E/B Fsmin B <chorus_1> Asno3d Gsmin B Csmin Gsmin Csmin Gsmin Fs Bmin Fsmin Fsno3d Bno3d E/B Fsno3d Bno3d E/B Fsmin B <chorus_2> Asno3d Gsmin B Csmin Gsmin Csmin Gsmin Fs Bmin Fsmin Fsno3d Bno3d E/B Fsno3d Bno3d E/B Fsmin E/B Fsmin <outro_1> Bno3d E/B Fsmin Bno3d E/B Fsmin,2023-02-10,'french pop' 'nouvelle chanson francaise',2020.0,,artist_7,pop,4y3uAOMHISJ3OOdjPC1FFN,6e3pZKXUxrPfnUPJ960Hd9
9,<chorus_1> C Amin Dmin G C G Amin Dmin G C <verse_1> Dmin C Dmin C Amin Dmin G <chorus_2> C Amin Dmin G C G Amin Dmin G C <verse_2> Dmin C Dmin C Amin Dmin G <chorus_3> C Amin Dmin G C G Amin Dmin G C F C F G <chorus_4> C Amin Dmin G C G Amin Dmin G C <outro_1> Dmin G C Amin Dmin G C G C,2023-02-10,'modern country pop',2020.0,,artist_5,pop,7FPREUUChbE5dPuDXAzjFz,4GGfAshSkqoxpZdoaHm7ky
10,<chorus_1> Amin G F G Amin Fmaj7 Amin G Amin G Amin G Amin Fmaj7 Amin G <interlude_1> Amin G F G Amin F Amin G Amin Emin Amin Emin Amin Emin Amin Emin <verse_1> Amin Emin Amin Emin Amin F Amin G Amin Emin Amin Emin Amin F Amin G Amin Emin Amin Emin Amin F Amin G <chorus_2> Amin G Amin G Amin F Amin G Amin G Amin G Amin F Amin G <interlude_2> Amin Emin Amin Emin Amin Emin Amin Emin Amin Emin Amin Emin Amin F Amin Emin <verse_2> Amin Emin Amin Emin Amin F Amin G Amin Emin Amin Emin Amin F Amin G Amin Emin Amin Emin Amin F Amin G <chorus_3> Amin G Amin G Amin F Amin G Amin G Amin G Amin F Amin G <interlude_3> Amin Emin Amin Emin Amin Emin Amin Emin Amin Emin Amin Emin Amin F Amin Emin <verse_3> Amin Emin Amin Emin Amin F Amin G <chorus_4> Amin G Amin G Amin F Amin G Amin G Amin G Amin F Amin G <interlude_4> Amin Emin Amin Emin Amin Emin Amin Emin Amin Emin Amin Emin Amin F Amin Emin <outro_1> Amin Emin Amin Emin Amin Emin Amin Emin,2022-05-13,'diva house' 'eurodance' 'german techno' 'hip house',2020.0,,artist_8,electronic,6IgzeUSIN04yVLvZdxZ6iI,2vRfKzjQYJQd67X8x49MOh
11,<intro_1> Cmaj7 C Cmaj7 C <verse_1> G D Emin D Emin Amin D G <chorus_1> C Cmaj7 C G Cmaj7 C Amin7 Emin <verse_2> G Cmaj7 C Amin7 <chorus_2> G C G C Amin7 G C Amin7 D <bridge_1> G C Amin C <chorus_3> G C G C Amin G <outro_1> Cmaj7 C Amin,2023-02-10,'modern country pop',2020.0,,artist_5,pop,6DneB3VYsHvIYdsfFoI1e6,4GGfAshSkqoxpZdoaHm7ky
12,<intro_1> G D Emin <verse_1> G D Emin G D Emin Amin G D Amin G D Emin D <chorus_1> Emin G D Amin Emin G D Amin Emin G D Amin C D G <interlude_1> D Emin <verse_2> G D Emin G D Emin Amin G D Amin G D Emin D <chorus_2> Emin G D Amin Emin G D Amin Emin G D Amin C D G D Amin <interlude_2> G D Amin <bridge_1> G D Amin C G D Amin C G D Amin C G D Amin C Emin D <chorus_3> Emin G D Amin Emin G D Amin Emin G D Amin C D G D Amin C G D Amin C <outro_1> G D Amin C G D Amin C G D Amin C G D Amin C G,2022-03-11,,2020.0,,artist_9,,7MMMb1Ir8VDMAAaIFXFxun,2VZVJbDLdInUuxHIZobsTh
13,<intro_1> D G D G D G D G D G D Bb C D G D Bb C D <verse_1> G D Bb C D G D Bb C G D G D Bb C D G D Bb C D <chorus_1> C G C A D C <interlude_1> D G D Bb C D G D Bb C D <verse_2> G D Bb C D G D Bb C D G D Bb C D G D Bb C D <chorus_2> C G C A D <interlude_2> A D A D A C D <outro_1> G D Bb C D G D Bb C D G D Bb C D G D Bb C D G D G D Bb C D G D Bb C D,2009-11-13,'australian alternative rock' 'australian rock',2000.0,australian alternative rock,artist_10,rock,3ouHmB2wtv5CzbsWlAGZzq,6LBCQo20ri3tsvbsWWLmr6
14,<intro_1> E G D A <verse_1> D A D A D A D A <chorus_1> E D A E D E D A Bmin D <verse_2> A D A D <chorus_2> E D A E D E D A Bmin D <bridge_1> E G D E G D <verse_3> A D A D E D A E D E D A D E D A E D E D A Bmin D,2011-09-20,'comic',2010.0,,artist_11,,3uKv45soturBZVumfsXoag,292sg99iIOc93zcd30r4Oz
15,Amin7 Emin Gmaj7 Amin Cmaj7 Emin7 Cmaj7 Amin7 Cmaj7 Emin7 Cmaj7 Amin7 Cmaj7 Amin7 Emin7 Fsmin Amin Fsmin Cmin B Cmaj7 Amin7 Cmaj7 Emin7 Cmaj7 Amin7 Cmaj7 Amin7 Emin7 Fsmin Amin Fsmin Cmin B Amin7 Emin7 Fsmin Amin Fsmin Cmin B Cmaj7 Amin7 Emin7 Dmin7 Cmaj7 Amin Emin7 Dmin7 G7 Cmaj7 Amin7 Emin7 Dmin7 G7 Cmaj7 Amin7 Emin7 Dmin7 G7 Amin7 Emin7 Fsmin Amin Fsmin Cmin B B7 Amin7 Emin7 Fsmin Amin Fsmin Cmin B B7 Amin7,2010-01-01,'canadian contemporary r&b' 'canadian pop' 'neo mellow',2000.0,,artist_12,soul,3a3Zhb4QJx7r3yxw4j9VVP,1uquUYtkdKei0zuhBY9P0t
16,<intro_1> D F C D F C D F C D F C D <verse_1> Emin D F C D F C D <verse_2> Emin D Emin <chorus_1> D C F G D C F G D C F G D C F G <interlude_1> A G A C <bridge_1> D Bb D Bb D <interlude_2> Bb D <chorus_1> Emin D C F G D C/E F G D F D F D F D F D F D F D F D F D,2000,'art punk' 'permanent wave' 'protopunk' 'singer-songwriter',1990.0,,artist_13,punk,2YNNsFj1otPsgN6nQus2So,0vYkHhJ48Bs3jWcvZXvOrP
17,<intro_1> C Bb C Bb F Bb F Bb <verse_1> G F Bb G F Bb G F Bb G F Bb <chorus_1> F <interlude_1> Bb F Bb <verse_2> G F Bb G F Bb G F Bb G F Bb <chorus_2> F <bridge_1> Bb C D Bb C D Bb C D Bb C D <chorus_3> F E A D E A D <verse_3> G F Bb G F Bb G F Bb G F Bb <chorus_4> F Bb C D Bb C D Bb C D Bb C D Bb C D Bb C D Bb C D Bb C D Bb C D Bb C D Bb C D Bb C D,2003-07-14,'britpop' 'permanent wave' 'rock' 'welsh rock',2000.0,welsh rock,artist_14,pop rock,0gyyXCNrJ2n4Et5iWYMWud,2uH0RyPcX7fnCcT90HFDQX
18,<intro_1> C F <verse_1> C G C G Amin F Amin F G <verse_2> C G C G Amin F Amin F G <chorus_1> F Amin G F Amin G Amin C <verse_3> G C G <chorus_2> F Amin G F Amin G Amin C G C F C F G C G C F C F G <chorus_3> F Amin G F Amin G Amin C F Amin G F Amin G Amin C G C F C F G C G C F C F G C G C F C F G C G C F C F G,2011-04-04,'album rock' 'classic rock' 'glam metal' 'hard rock' 'rock',2010.0,hard rock,artist_15,rock,0F5IyjfspYrgLfQLwojQxj,6fvN9GmMCVKb5LY0WsnjFP
19,<intro_1> Gsmin <verse_1> Fs Gsmin Fs B Fs Csmin E B Fs E <chorus_1> Gsmin E B Fs Gsmin E B Fs Gsmin <verse_2> Fs Gsmin Fs B Fs Csmin E B Fs E <chorus_2> Gsmin E B Fs Gsmin E B Fs Gsmin E B Fs Gsmin E B Fs <chorus_3> Gsmin E B Fs Gsmin E B Fs Gsmin,2022-03-04,,2020.0,,artist_16,,6MTGc6L8O2uvaWIUINmH93,67L6bntdsE71BxgM3S5rNo
20,<intro_1> Bb F C Bb F C <verse_1> Bb F Dmin C Bb F Dmin C Bb F Dmin C Bb F Dmin F/A Bb F C Bb F C <chorus_1> Bb F Dmin C Bb F Dmin C Bb F Dmin C Bb F C F/A <verse_2> Bb F Dmin C Bb F Dmin C Bb F Dmin C Bb F Dmin C Bb F C Bb F C <chorus_2> Bb F Dmin C Bb F Dmin C Bb F Dmin C Bb F C F/A <bridge_1> Bb F C Bb F C Bb F C Bb F C <chorus_3> Bb F Dmin C Bb F Dmin C Bb F Dmin C Bb F C F/A Bb F Dmin C Bb F Dmin C Bb F Dmin C Bb F Dmin F/A,2023-01-21,'lustrum',2020.0,,artist_17,,4PdGvl0Z3ZrD48jzfGe3ZK,5xHZomb43JFKXjX5ge7Pmz
21,<intro_1> G Cadd9 G Cadd9 G Cadd9 G <verse_1> Cadd9 G Cadd9 G Cadd9 G Cadd9 G <interlude_1> Cadd9 G <verse_2> Cadd9 G Cadd9 G Cadd9 G Cadd9 G <interlude_2> Cadd9 G Cadd9 G Cadd9 G D G D G C G D G D G C G C D G C G <verse_3> Cadd9 G Cadd9 G Cadd9 G <outro_1> Cadd9 G Cadd9 G,1992-06-03,'ectofolk' 'folk' 'lilith' 'singer-songwriter' 'women's music',1990.0,,artist_18,country,5Lp3jYkxzIm9ZkUJ4jeH8P,4wM29TDTr3HI0qFY3KoSFG
22,<intro_1> E D/E E D/E <verse_1> E A E A Csmin B A Csmin B A E B Csmin A E B Csmin A <chorus_1> B A <verse_2> E D/E A E D/E A E Csmin B A Csmin B A E B Csmin A E B Csmin A <chorus_2> B A <verse_3> E B A E B A E B D A E B A <verse_4> B E/Gs A B E/Gs A B E/Gs A B E/Gs A Csmin B A Csmin B A E B E A B <bridge_1> E B E B E B D/E A E B D <verse_5> E B A E B A E B D A E B A <outro_1> B A,2023-03-31,'alternative country' 'heartland rock',2020.0,heartland rock,artist_19,country,0GuYw7qcmDeDKRRGM0l3yp,3qkZBMz5JgmRN9u5wwhRC6
23,<verse_1> C Emin D Bmin C Emin D Bmin C Emin D Bmin C Emin D <chorus_1> C Emin D Bmin C Emin D Bmin Emin <verse_2> C Emin D Bmin C Emin D Bmin C Emin D <chorus_2> C Emin D Bmin C Emin D Emin Amin C Emin D C Emin D Bmin <bridge_1> Amin C Emin D Amin C Emin D <chorus_3> C Emin D Bmin C Emin D Emin Amin C Emin D C Emin D Bmin <outro_1> Amin C Emin D Amin C Emin D C,2019-09-27,'metalcore',2010.0,,artist_20,metal,61vFhkZdG47M0DDOMPXss4,5FjQVp1Lb0kltmwIuu5kfj
24,<intro_1> D A Bmin G <chorus_1> D A Bmin G D A Bmin G D A Bmin7 G <verse_1> D A Bmin7 G D A Bmin7 G D A Bmin7 G <chorus_2> D A Bmin G D A Bmin G D A Bmin7 G <verse_2> D A Bmin G D A Bmin7 G <chorus_3> D A Bmin G D A Bmin G <bridge_1> D A Bmin G <chorus_4> D A Bmin G D A Bmin G D A Bmin G <outro_1> D A Bmin G,2023-01-13,'alt z',2020.0,,artist_21,,4rSNCJgnoYlmZTclowwXmr,6DdbeAeBlrYj8bNToZv4TY
25,<intro_1> Amin Amin7/G Fmaj7 Esus4 E <verse_1> Amin Amin7/G Fmaj7 E Amin Amin7/G Fmaj7 E C G/B E Amin G/B C G/B Esus4 E Amin Amin7/G Fmaj7 E7 <chorus_1> C G Amin F/A E C G Amin E7 F G E7 Amin F G E7 Amin F G Amin <verse_2> Amin7/G Fmaj7 E Amin Amin7/G Fmaj7 E C G/B E Amin G/B C G/B Esus4 E Amin Amin7/G Fmaj7 E7 <chorus_2> C G Amin F/A E C G Amin E7 F G E7 Amin F G E7 Amin F G Amin <outro_1> F G E7 Amin F G E7 Amin F G Amin,1997-04-07,'classic belgian pop',1990.0,,artist_22,pop,3l1OK33ZjQSaQJbuzF9w1D,7p0vcwWuuNIgMQvaYkgiRG
26,<intro_1> Emin Emin7 Cmaj7 Bsus4 B <verse_1> Emin Emin7 Cmaj7 Bsus4 B Amin G Amin Bsus4 B <verse_2> Emin Emin7 Cmaj7 Bsus4 B Amin G Amin Bsus4 B <chorus_1> Emin C D B7 Emin C D B7 Emin D7 G C Bsus4 B <verse_3> Emin Emin7 Cmaj7 Bsus4 B Amin G Amin Bsus4 B <chorus_2> Emin C D B7 Emin C D B7 Emin D7 G C Bsus4 B <instrumental_1> Emin Emin7 Cmaj7 Bsus4 B Amin G Amin Bsus4 B <chorus_3> Emin C D B7 Emin C D B7 Emin D7 G C Bsus4 B <outro_1> Emin Emin7 C Bsus4 B Emin,1996,'classic belgian pop',1990.0,,artist_22,pop,6hzlFBVgJz3p0q4y4Wlnzk,7p0vcwWuuNIgMQvaYkgiRG
27,<intro_1> A D A D <verse_1> A D A D A D A G <chorus_1> A D A D A D A D A D <verse_2> A D A D A D A G <chorus_2> A D A D A D A D A D A D <bridge_1> A D A D <chorus_3> A D A D A D A D A D <outro_1> A D,2023-02-10,'country pop',2020.0,,artist_23,pop,3Ivl6TLQRmygbBCz2X8f1e,4O8A9zKc4TrSgV0RQp0cRg
28,<intro_1> Amin Asus2 Amin Amin7/G F E7 F <verse_1> Amin Fmaj7 G E7 <verse_2> Amin Fmaj7 G E7 <chorus_1> Amin Fmaj7 G E Amin F Dmin Gadd11 G Amin Fmaj7 G E Amin F Dmin Gadd11 G Amin <verse_3> Fmaj7 G E <verse_4> Amin Fmaj7 G E <chorus_2> Amin Fmaj7 G E Amin F Dmin Gadd11 G Amin Fmaj7 G E Amin F Dmin Gadd11 G Fmaj7 G <instrumental_1> Fmaj7 G Emin Amin Fmaj7 G Emin Amin <bridge_1> Fmaj7 G E7 Amin Fmaj7 E7 <chorus_3> Amin Fmaj7 G E Amin F Dmin Gadd11 <outro_1> G Amin Fmaj7 Amin,2000-03-20,'classic belgian pop',1990.0,,artist_22,pop,3j1udoaYEcFfiWJ1HqjFVK,7p0vcwWuuNIgMQvaYkgiRG
29,<intro_1> C G F Amin C F C G F Amin C F C G F Amin C F C G F Amin C F <chorus_1> C G F Amin C F C G F Amin C F <instrumental_1> C G F Amin C F C G F Amin C F C G F Amin C F C G F Amin C F <chorus_2> C G F Amin C F C G F Amin C F <instrumental_2> C G F Amin C F C G F Amin C F C G F Amin C F C G F Amin C F <chorus_3> C G F Amin C F C G F Amin C F <outro_1> C G F Amin C F,2019-05-24,'latin worship',2010.0,,artist_24,,1EzC5xAyZvfoJDsiQsu4Mw,5pyTY6jmdDNfKmmlo92Vfd
30,C Amin F C Amin F Amin C G F Amin C G F Dmin C G F Dmin C G C Amin F C Amin F Amin C G F Amin C G F Dmin C G F Dmin C G F Dmin C G F Dmin C G F C Amin G F C Amin G F C Amin G F C Amin G C Dmin Amin G C Dmin Amin G F Dmin C G F Dmin C G F Dmin C G C,,'latin worship',,,artist_24,,64YUdJTdhkXJgvbKZpQtJa,5pyTY6jmdDNfKmmlo92Vfd
31,<chorus_1> C Amin G C Amin G <verse_1> Amin G C F Amin G C F Amin G C F Fmin <chorus_2> C Amin G C Amin G <outro_1> C Amin G,2023-02-02,,2020.0,,artist_25,,3JICV5tPaDMjzpYHBfAUrz,2tIK7aK89eykqHXDqISEiF
32,<verse_1> Amaj7 A7 Dmaj7 Dmin7 Amaj7 A7 Dmaj7 Dmin7 Amaj7 <chorus_1> Dmaj7 Dmin7 Amaj7 Dmaj7 Dmin7 Amaj7 <verse_2> A7 Dmaj7 Dmin7 Amaj7 A7 Dmaj7 Dmin7 Amaj7 <chorus_2> Dmaj7 Dmin7 Amaj7 Dmaj7 Dmin7 Amaj7 <instrumental_1> Dmaj7 Amaj7 Dmaj7 Dmin7 Amaj7 <chorus_3> Dmaj7 Dmin7 Amaj7 Dmaj7 Dmin7 Amaj7,2022-10-14,,2020.0,,artist_25,,2Do2aatBxuuKWIav90Njvg,2tIK7aK89eykqHXDqISEiF
33,Amin A D E F G Amin Gmin Amin Gmin C F G E Amin G D7 D C B C B E Amin Emin Gno3d F C F G Amin G D C7 B7 C7 B7 E7 Emin E7 Amin G C Dmin C F G E Amin Dmin G A Amin,,,,,artist_26,,,72ZEnTn1vD4hXxydUIz0oP
34,<verse_1> C G Amin F G C G Amin F G C G Amin F G C G Amin F G <chorus_1> Amin G C F G Amin G C F G Amin G C F G Amin G C F G C <verse_2> G Amin F G C G Amin F G C G Amin F G C G Amin F G <chorus_2> Amin G C F G Amin G C F G Amin G C F G Amin G C F G C <instrumental_1> G Amin F G <chorus_3> Amin G C F G Amin G C F G Amin G C F G Amin G C F G C,2022-10-14,,2020.0,,artist_25,,5JCQgMY2RH0XRQlRTI4rgs,2tIK7aK89eykqHXDqISEiF
35,<intro_1> C G C <verse_1> G C Amin G C G C F G C G C G C G C G C G C G C G C F C F C,,'cartoon' 'otacore',,,artist_27,,2n67KKYElh1XKOJxYxWkJF,5mM9eNte0aWttOiMhPb2dM
36,<chorus_1> Eb Bb Gmin F Eb Bb Gmin F <verse_1> Eb Bb Gmin F Eb Bb Gmin F Eb Bb Gmin F Eb Bb Gmin F <chorus_2> Eb Bb Gmin F Eb Bb Gmin F Eb Bb Gmin F Eb Bb Gmin F <verse_2> Eb Bb Gmin F Eb Bb Gmin Eb Bb Gmin F Eb Bb Gmin F <chorus_3> Eb Bb Gmin F Eb Bb Gmin F Eb Bb Gmin F,2023-02-03,'singer-songwriter pop',2020.0,,artist_28,pop,3ekyM2RKssRCbqVhrVt2R0,0p3tzEAt0XWrBqbrwBoN1I
37,<intro_1> Fsmin G Bmin A <verse_1> Fsmin G Bmin A Fsmin G Bmin A Fsmin G Bmin A Fsmin G Bmin A Fsmin G Bmin A Fsmin G Bmin A Fsmin G Bmin A Fsmin G Bmin A Fsmin G Bmin A Fsmin G Bmin A Fsmin G Bmin A Fsmin G Bmin A Fsmin G Bmin A Fsmin G Bmin A Fsmin G Bmin A Emin Fsmin G A <chorus_1> Fsmin G Bmin A Fsmin G Bmin A Fsmin G Bmin A Fsmin G Bmin A Emin Fsmin G A Fsmin G Bmin A <verse_2> Fsmin G Bmin A Fsmin G Bmin A Fsmin G Bmin A Fsmin G Fsmin G Bmin A <interlude_1> Emin Fsmin G A <bridge_1> Emin Fsmin G A Emin Fsmin G A Emin Fsmin G A Emin Fsmin G A Emin Fsmin G A Emin Fsmin G A Fsmin G Bmin A Fsmin G Bmin A Fsmin G Bmin A Fsmin G Bmin A Fsmin G Bmin A Emin Fsmin G A Fsmin G Bmin A Fsmin G Bmin A Fsmin G Bmin A Fsmin G Bmin A Emin Fsmin G A Fsmin G Bmin A,2023-04-30,,2020.0,,artist_29,,7dz9yXF8VlQCqsDDkZ8NiS,4x3D4feRcGxDmApaPnStNi
38,<chorus_1> D Bmin7 A E Bmin7 E7 A <verse_1> Amaj7 A7 Dmaj7 Csmin7 Fsmin7 Bmin7 E7 Dmin Fsmin E B7 <chorus_2> D Bmin7 A E Bmin7 <bridge_1> A Fs7 Bmin7 A Aaug Aadd13 G7 <chorus_3> D Bmin7 A E Bmin7 <outro_1> A D Bmin E A D Bmin E Gs A D Bmin E A D Bmin E Gs A D Bmin E A D Bmin E Gs A D Bmin E A D Bmin,2023-08-18,,2020.0,,artist_30,,13jdaWLIptrlaN9vrPXOxB,4DiZJ3Gg7B1EWeKoQO36Ae
39,<intro_1> A Emin7 Cadd9 G <verse_1> A Emin7 Cadd9 G A Emin7 Cadd9 G Bmin A Emin A Bmin A Emin A <chorus_1> D A Cadd9 G D A Cadd9 G <verse_2> A Emin7 Cadd9 G A Emin7 Cadd9 G Bmin A Emin A Bmin A Emin A <chorus_2> D A Cadd9 G D A Cadd9 G <outro_1> D A Cadd9 G D A Cadd9 G,2022-12-06,,2020.0,,artist_31,,4BxfStG0kB4oOYRd7KoCeV,1Axmjdhh7wwCnWWHVOUneO
40,<intro_1> Fmin7 Cmin7 Bbmin9 Fmin7 Cmin7 Bbmin9 Fmin7 Cmin7 Bbmin9 <verse_1> Fmin7 Cmin7 Bbmin9 Fmin7 Cmin7 Bbmin9 Fmin7 Cmin7 Bbmin9 Fmin7 Cmin7 Bbmin9 Fmin7 <chorus_1> Cmin7 Bbmin9 Fmin7 Cmin7 Bbmin9 Fmin7 Cmin7 Bbmin9 Fmin7 Cmin7 Bbmin9 <verse_2> Fmin7 Cmin7 Bbmin9 Fmin7 Cmin7 Bbmin9 Fmin7 Cmin7 Bbmin9 Fmin7 Cmin7 Bbmin9 Fmin7 <chorus_2> Cmin7 Bbmin9 Fmin7 Cmin7 Bbmin9 Fmin7 Cmin7 Bbmin9 Fmin7 Cmin7 Bbmin9 <bridge_1> Dbmaj7 F/G Eaug/Gb Fmin11 Ebmin9 Ab13 Dbmaj7 F/G Eaug/Gb Fmin11 Ebmin9 Ab13 Dbmaj7 C Bb/D C7/E Fmin7 Bb7 Bbmin7 C13b Fmin7 <chorus_3> Cmin7 Bbmin9 Fmin7 Cmin7 Bbmin9 Fmin7 Cmin7 Bbmin9 Fmin7 Cmin7 Bbmin9 <outro_1> Fmin7 Cmin7 Bbmin9 Fmin7 Cmin7 Bbmin9,1999-01-01,'contemporary r&b' 'r&b',1990.0,,artist_32,soul,2dPEPvdL38EnsZk9E4wu1m,5aEWnrN8h3MhuFUPRfaVuy
41,<intro_1> Dmin Bb Dmin Bb <verse_1> Dmin Amin A7 Dmin Bb F C/Bb Dmin Amin A Dmin Bb F A Dmin Bb F A Dmin <instrumental_1> Bb C7 F A7 Dmin7 <verse_2> Dmin Amin7 A7 Dmin Bb G/B F/C C/Bb Dmin G/B Amin A7 Dmin Bb C F C Dmin Bb C F A7 Dmin <instrumental_2> A Dmin Bb Dmin A7 Dmin <verse_3> Amin A7 Dmin Bb G7 F C Dmin Amin A7 Dmin Bb C F C Dmin Bb C F A7 Dmin <instrumental_3> Bb C A7 Bb Edim7 A7 Dmin7 <verse_4> Dmin Amin A7 Dmin Bb G/B F/C C/Bb Dmin C Bb A7 Dmin Amin A A7 Dmin Bb G/B F/C C/Bb A7 Dmin Amin Gmin Bb F A7 Dmin <instrumental_4> Bb Edim Bminadd13 G/B Bb A7 Dmin7 <verse_5> Dmin Amin7 A7 Dmin Bb C F C Dmin C Bb A7 Dmin Amin A7 Dmin Amin Bb C F C A7 Dmin C Bb C F A C7 F Bb A7 Dmin,2017-07-04,'tango' 'tango cancion',2010.0,,artist_33,,3rl3ATO2NhY7888g3qNbYw,5diAzb0BD6mSdU1xOhM7dc
42,Ano3d D/A A Csmin/Gs D/Fs Dmin/F E7 A D Dmin A/E D/E A/E D/E D D/A A Fsmin Aadd13/E D Dsus2 A Ano3d A D/A A Csmin D/Fs Dmin/F E7 A D Dmin Dsus2 A/E D/E A/E D/E D D/A A Esus4 Fsmin Fsmin7 D A A/E D/E A/E D/E A/E D/E,2004,'australian rock' 'freakbeat' 'protopunk' 'psychedelic rock',2000.0,australian rock,artist_34,rock,3ZtsrLc3eRHmIgKAaRSVtY,1pJEZXU2hJApJW3rM7LmMu
43,<intro_1> D Bmin Emin A <verse_1> D Bmin Emin A D Bmin Emin A D Bmin Emin A D Bmin Emin A <chorus_1> D Bmin Emin A D Bmin Emin A <verse_2> D Bmin Emin A D Bmin Emin A D Bmin Emin A D Bmin Emin A <chorus_2> D Bmin Emin A D Bmin Emin A <bridge_1> Fsmin Bmin Emin A Fsmin Bmin E A <verse_3> D Bmin Emin A D Bmin Emin A <chorus_3> D Bmin Emin A D Bmin Emin A <bridge_2> Fsmin Bmin Emin A Fsmin Bmin E A <verse_4> D Bmin Emin A D Bmin Emin A <chorus_4> D Bmin Emin A D Bmin Emin A <outro_1> D Bmin Emin A D Bmin Emin A D,2023-03-31,'memphis americana',2020.0,,artist_35,,3glzhe96SRqOMnMIM0Powq,3azero10EBz68YUn4mWz29
44,<intro_1> Csno3d Ano3d Bno3d <verse_1> Eno3d Csno3d Ano3d Bno3d Eno3d Csno3d Ano3d Bno3d Eno3d Csno3d Cno3d Bno3d Ano3d Bno3d Eno3d <verse_2> Csno3d Ano3d Bno3d Eno3d Csno3d Ano3d Bno3d Eno3d Csno3d Cno3d Bno3d Ano3d Bno3d Eno3d Gsno3d Ano3d Bno3d Eno3d <chorus_1> Ano3d Bno3d Eno3d Gsno3d Csno3d Ano3d Bno3d Eno3d Gsno3d Csno3d Ano3d Bno3d Eno3d Gsno3d Csno3d Ano3d Bno3d <verse_3> Eno3d Csno3d Ano3d Bno3d Eno3d Csno3d Ano3d Bno3d Eno3d Csno3d Cno3d Bno3d Ano3d Bno3d Eno3d <instrumental_1> Csno3d Ano3d Bno3d Eno3d Csno3d Ano3d Bno3d Eno3d Csno3d Cno3d Bno3d Ano3d Bno3d Eno3d Gsno3d Ano3d Eno3d <chorus_2> Ano3d Bno3d Eno3d Gsno3d Csno3d Ano3d Bno3d Eno3d Gsno3d Csno3d Ano3d Bno3d Eno3d Gsno3d Csno3d Ano3d Bno3d Eno3d <verse_4> Csno3d Ano3d Bno3d Eno3d Csno3d Ano3d Bno3d Eno3d Csno3d Cno3d Bno3d Ano3d Bno3d Eno3d <verse_5> Csno3d Ano3d Bno3d Eno3d Csno3d Ano3d Bno3d Eno3d Csno3d Cno3d Bno3d Ano3d Bno3d Eno3d Gsno3d Ano3d Bno3d Eno3d,1995,'punk' 'ska' 'skate punk' 'socal pop punk',1990.0,,artist_36,punk,66S9XB7UKucTA7kuHeEXsf,66riGCPfih1Xqk81dDvpvf
45,<intro_1> G <verse_1> Cadd9 G/B Emin7 G Cadd9 G/B Emin7 D <chorus_1> G D Emin7 Cadd9 G D A C D G <verse_2> Cadd9 G/B Emin7 G Cadd9 G/B Emin7 D <chorus_2> G D Emin7 Cadd9 G D A C D G <bridge_1> Emin7 Bmin G7 A7 C D <chorus_3> G D Emin7 Cadd9 G D A C D G <chorus_4> D Emin7 Cadd9 G D A C D G,2023-03-03,'puirt-a-beul' 'scottish folk',2020.0,,artist_37,country,1ake0AJ6BEAtC62D4VJa2k,47WvBuryaMeInhqbcoi0uN
46,<intro_1> B Csmin E A <verse_1> Csmin E A B Csmin E A B <chorus_1> Csmin E A B Csmin E A B <verse_2> Csmin E A B Csmin E A B <chorus_2> Csmin E A B Csmin E A B,2013-05-13,'alternative dance' 'electrofox' 'filter house' 'funktronica' 'indietronica' 'nu disco',2010.0,,artist_38,alternative,6VIzXKKsb1ebcj8ds8MJR4,0vUTfcBDZZo2OUQJci5UNZ
47,<verse_1> D A G A D A G A <chorus_1> D G Bmin A D/Fs G Bmin A D/Fs G Bmin A D/Fs G Bmin A <verse_2> D A G A D A G A <chorus_2> D G Bmin A D/Fs G Bmin A D/Fs G Bmin A D/Fs G Bmin A <chorus_3> D G Bmin A D/Fs G Bmin A D/Fs G Bmin A D/Fs G Bmin A <bridge_1> Bmin G D A Bmin G D A Emin D/Fs G A Bmin Bmin7 Bmin <chorus_4> D G Bmin A D/Fs G Bmin A D/Fs G Bmin A D/Fs G Bmin A <chorus_5> D G Bmin A D/Fs G Bmin A D/Fs G Bmin A D/Fs G Bmin A <outro_1> D G Bmin A Asus2,2023-03-03,'puirt-a-beul' 'scottish folk',2020.0,,artist_37,country,1NLcMYm8XYmg2hOVt6vWo2,47WvBuryaMeInhqbcoi0uN
48,<verse_1> G Cadd9 G/B G D Emin7 Cadd9 G D Emin7 Cadd9 Dsus4 D <chorus_1> G Cadd9 G Cadd9 G D Emin7 D G/B Cadd9 D G <verse_2> Cadd9 G/B G D G Cadd9 G/B G D Emin7 Cadd9 G D Emin7 Cadd9 Dsus4 D <chorus_2> G Cadd9 G Cadd9 G D Emin7 D G/B Cadd9 D G <chorus_3> Cadd9 G Cadd9 G D Emin7 D G/B Cadd9 D G <bridge_1> D Emin7 Cadd9 G/B Cadd9 G/B Gsus2/A Cadd9 G/B Cadd9 G/B Gsus2/A G Amin7 D <chorus_5> G Cadd9 G Cadd9 G D Emin7 D G/B Cadd9 D G <chorus_6> Cadd9 G Cadd9 G D Emin7 D G/B Cadd9 D G <chorus_7> Cadd9 G Cadd9 G D Emin7 D G/B Cadd9 D G Cadd9 D G Cadd9 D Cadd9 <outro_1> G/B Cadd9 G/B Gsus2/A G Cadd9 G/B Cadd9 G/B Gsus2/A G Cadd9,2023-03-03,'puirt-a-beul' 'scottish folk',2020.0,,artist_37,country,5omsPZVDwJS3Jt2Ivlv7J2,47WvBuryaMeInhqbcoi0uN
49,<intro_1> Amin D G D Emin7 Amin D G C G <verse_1> Amin D G D Emin7 Amin D G D Emin7 Amin D <chorus_1> C D G D Emin Amin7 D G D Emin Amin7 D Amin D G C G Amin <verse_2> D G D Emin7 Amin D G D Emin Amin D <chorus_2> C D G D Emin Amin7 D G D Emin7 Amin7 D Amin D C D G D Emin Amin D G D Emin <bridge_1> Amin D <chorus_3> C D G D Emin Amin D G D Emin Amin D Amin7 D G D Emin <outro_1> Amin D G C G,2023-02-10,'modern country pop',2020.0,,artist_5,pop,1tU42qWwEaEgqPIS6CLKgV,4GGfAshSkqoxpZdoaHm7ky
50,<intro_1> Db Gb Db Eb7 Ab7 Db Ab7 Db Ab7 Db Gb Db Bbmin7 Eb7 Ab7 Db Ab7 Gb Ab7 Db <verse_1> Ab7 Db Ebmin7 Ab7 Ab Db Ab7 Db <verse_2> Ab7 Db Ebmin7 Ab7 Gb Eb7 Ab Db Eb7 Ab7 Db Ab7 Db Ab Bbmin F7 Bbmin F7 Bbmin Gb Eb7 Db Eb7 Ab7 Db <chorus_1> Ab7 Db Ab7 Db Gb Db Eb7 Ab7 Db Ab7 Db Ab Db <verse_3> Ab Db Ebmin7 Ab7 Ab Db Ab7 Db <verse_4> Ab7 Db Db7 Gb Eb7 Db Bb7 Eb7 Ab7 Db Ab7 Db Ab Bbmin F7 Bbmin F7 Bbmin Gb Eb7 Db Eb7 Ab7 Db <chorus_2> Ab7 Db Ab7 Db Gb Db Eb7 Ab7 Db,2015-07-23,'folklore argentino' 'rock nacional' 'tango' 'tango cancion',2010.0,rock nacional,artist_39,country,7asFHR74hcfNANNJ79cqVw,6ULt24uY5oov72S2fY1qoi
51,<intro_1> C C/B G <verse_1> C Emin7 Amin7 Gmin7 F C Dmin7 G Dmin7 Gno3d G C C/B G C Emin7 Amin7 Gmin7 F C Dmin7 G Dmin7 G C Amin G F C G F Emin G C G <chorus_1> C7 F D7 C G C G <verse_2> C Emin Amin7 Gmin7 C7 F C Dmin7 G Dmin7 G Dmin G C F C G F Emin G C G <chorus_2> C C7 F D C G Amin D C G C,2023-10-13,'modern country pop',2020.0,,artist_5,pop,1HcbOdPIS5KKeTmx05Drl8,4GGfAshSkqoxpZdoaHm7ky
52,<intro_1> A Fsmin Csmin E <verse_1> A Cs D Cs A D B <chorus_1> A Fsmin Csmin E A Fsmin Csmin E A Fsmin Csmin E A Fsmin Csmin E <verse_2> A Cs D Cs A D B <chorus_2> A Fsmin Csmin E A Fsmin Csmin E A Fsmin Csmin E <chorus_3> A Fsmin Csmin E A Fsmin Csmin E A Fsmin Csmin E A Fsmin Csmin E A Fsmin Csmin E A Fsmin Csmin E A Fsmin Csmin E,2022-09-16,,2020.0,,artist_40,,0nYH8hMJy1HvTZjKO715sZ,5ZYAs59BjEnOqSJwXakLea
53,<intro_1> F Dmin G Bb F Dmin G <verse_1> F Dmin G F Dmin G G7 Bb Dmin7 G Bb Dmin7 G C F Dmin7 G F Dmin7 G <verse_2> F Dmin G F Dmin G Bb Dmin G Bb Dmin7 G C F Dmin7 G F Dmin7 G <verse_3> F Dmin G7 F Dmin G Bb Dmin G Bb Dmin7 G C F Dmin7 G <outro_1> F Dmin7 G Fs F,2023-02-10,'canadian indie folk' 'chamber pop' 'saskatchewan indie',2020.0,,artist_41,alternative,3oWGBitSdsizfiIlCfwUqV,5mFKYdmiYwNJTDtSzgFyQx
54,<verse_1> Emin Bmin Emin G B7 Emin Bmin Emin G Emin C Amin Bmin Emin B7 Emin <verse_2> Bmin Emin G B7 Emin Bmin Emin G Emin C Amin Bmin Emin B7 Emin <verse_3> Bmin Emin Bmin Emin Bmin Emin B7 Emin Bmin Emin G Emin C Amin Bmin Emin B7 Emin <verse_4> Bmin Emin G Bmin B7 Emin Bmin Emin G Emin C Amin Bmin Emin B7 Emin,,'american folk revival',,,artist_42,country,6hwvSseQYltJDb1d7JMbkj,6fkGY2RJyI8UxNjMlDo9k1
55,<intro_1> D C Bb F Dmin C <verse_1> Dmin C Bb F Dmin C G D C Bb F Bb F C Dmin C Bb F Dmin C G Dmin C Bb F Bb C F <chorus_1> Bb Amin Gmin C A Dmin C Bb F Dmin C <verse_2> Dmin C Bb F Dmin C G Dmin C Bb F Bb F C Dmin C Bb F Dmin C G Dmin C Bb F Bb C F <chorus_2> Bb Amin Gmin C A Dmin C Bb <verse_3> Dmin C Bb Dmin C G Dmin C Bb F Bb C Bb F <chorus_3> Bb Amin Gmin C A Bb Amin F Gmin C A Dmin C F,2011-09-13,'modern power pop' 'underground power pop',2010.0,,artist_43,pop,5A4yiMF8O79tfZCnLlZKXE,7027i6bTkbkTpEmIeEBIHy
56,<intro_1> Emin C Emin C Dsus2 <verse_1> Emin C Emin C Emin C G C C/B Amin <chorus_1> G G/Fs Emin G C C/B Amin G G/Fs Emin G C C/B F C D Emin <verse_2> C Emin C Dsus2 Emin C G C C/B Amin G G/Fs Emin G C C/B Amin G G/Fs Emin G C C/B F C D G C G <bridge_1> D C G D C G Amin C D <chorus_2> G G/Fs Emin G C C/B Amin G G/Fs Emin G C C/B F C D G <outro_1> G/Fs Emin G C C/B Amin G G/Fs Emin G C C/B F C D G,2015-10-05,,2010.0,,artist_44,,3CjF6b2Cz8p7DMVrevfxMS,6wU1QVdfSynPNKpzQZwFl3
57,<verse_1> D G D G D G D G <chorus_1> D G D A <verse_2> D G D G D G D G <chorus_2> D G D A <bridge_1> D G D A D G D A G D A <chorus_3> D G D G D A D A D,2022-09-16,'english indie rock' 'manchester indie',2020.0,english indie rock,artist_45,alternative,1VsMlO01OCEbkw1GYXLcPu,5dDVWJvBFaoMJrOfI6xnOt
58,<intro_1> F Bmin E7 Amin <chorus_1> F Bmin E7 Amin F Bmin E7 Amin F Bmin E7 Amin F Bmin E7 Amin F Bmin E7 Amin F Bmin E7 Amin F Bmin E7 Amin F Bmin E7 Amin,2006-05-09,'alternative rock' 'chamber pop' 'indie rock' 'lo-fi' 'noise pop' 'slowcore',2000.0,indie rock,artist_46,pop rock,5qiHrYEXSrfN95vqRSLiCZ,3W4xM5XYtUp4ifYYPVKVdk
59,<intro_1> C <verse_1> F C G C F C G C F C G C F C G <chorus_1> F C G C F C G C F C G C F C G C F C G C F C G C <verse_2> F C G C F C G C F C G C F C G C F C G <chorus_2> F C G C F C G C F C G C F C G C <verse_3> F C G C F C G C F C G C F C G C F C G C F C G C <chorus_3> F C G C F C G C F C G C F C G C,2017-12-01,'acoustic punk',2010.0,,artist_47,punk,7hI5N41VjACOmegJyW6Hem,6fVeXD7D2RpFoR6bzNEDPo
60,<intro_1> C Cmaj7 F Dmin7 <verse_1> C Cmaj7 F Dmin7 C Cmaj7 F Dmin7 <chorus_1> C Cmaj7 F Dmin7 C Cmaj7 F Dmin7 C Cmaj7 Fmaj7 Dmin7 <verse_2> C Cmaj7 F Dmin7 C Cmaj7 Fmaj7 Dmin7 <chorus_2> C Cmaj7 F Dmin7 Dmin C Cmaj7 Fmaj7 Dmin7 G C Cmaj7 Fmaj7 Dmin7 Dmin <bridge_1> C Cmaj7 Fmaj7 Dmin7 G C Cmaj7 Fmaj7 Dmin7 G <chorus_3> C Cmaj7 F Dmin7 Amin C Cmaj7 F Dmin7 G C Cmaj7 Fmaj7 Dmin7 Dmin C,,,,,,,,
61,<intro_1> D <verse_1> Fsmin G A D Fsmin G A D Fsmin G A <chorus_1> D Fsmin G A D Fsmin G A G Fsmin E D Fs Bmin Emin A <verse_2> D Fsmin G A D Fsmin G A D Fsmin G A <chorus_2> D Fsmin G A D Fsmin G A G Fsmin E D Fs Bmin Emin A <verse_3> D Fsmin G A D Fsmin G A D Fsmin G A <chorus_3> D Fsmin G A D Fsmin G A G D E D Fs G D Fs Bmin Emin Gmin E D,2018-07-16,'modern power pop' 'underground power pop',2010.0,,artist_43,pop,3cGvgiiV5QiTnoKvzzZKxW,7027i6bTkbkTpEmIeEBIHy
62,<intro_1> D Bmin Fsmin Emin <chorus_1> D Bmin Fsmin Emin D Bmin Fsmin Emin <verse_1> D Bmin Fsmin Emin D Bmin Fsmin Emin D Bmin Fsmin Emin D Bmin Fsmin Emin <chorus_2> D Bmin Fsmin Emin D Bmin Fsmin Emin <verse_2> D Bmin Fsmin Emin D Bmin Fsmin Emin D Bmin Fsmin Emin D Bmin Fsmin Emin <chorus_3> D Bmin Fsmin Emin D Bmin Fsmin Emin D Bmin Fsmin Emin <chorus_4> D Bmin Fsmin Emin D Bmin Fsmin Emin D Bmin Fsmin Emin D Bmin Fsmin Emin,2022-08-15,,2020.0,,artist_48,,7aPKTG3yGQ8kbkKd88J2wB,29rCdJKpggnkK4Y7SX7cXQ
63,<intro_1> Fs Gs Gsmin Bmin Fsmaj7 <verse_1> Fs Gs Gsmin Bmin Fsmaj7 Fs Gs Gsmin Bmin Fsmaj7 <chorus_1> Dsmin7 Gs Emaj7 Gsmin7 Cs Fs Gsmin7 Fs Gsmin7 B Fs Gs Gsmin Bmin Fsmaj7 <verse_2> Fs Gs Gsmin Bmin Fsmaj7 Fs Gs Gsmin Bmin Fsmaj7 <chorus_2> Dsmin7 Gs Emaj7 Gsmin Cs Fs Gsmin7 Fs Gsmin7 B <outro_1> Fs Gs Gsmin Bmin Fsmaj7,2023-02-10,'canadian indie folk' 'chamber pop' 'saskatchewan indie',2020.0,,artist_41,alternative,44IqmveSeUqF75j3jgQzM4,5mFKYdmiYwNJTDtSzgFyQx
64,<verse_1> G Emin G C D G Emin C G C D <chorus_1> G C G C D G Emin C G C D <verse_2> G Emin G C D G Emin C G C D <chorus_2> G C G C D G Emin C G C D <verse_3> G Emin G C D G Emin C G C D <chorus_3> G C G C D G Emin C G C D,1973-03-28,'album rock' 'classic rock' 'hard rock' 'rock',1970.0,hard rock,artist_49,rock,2eDdFHgqNJltzlvlZFVDWd,36QJpDe2go2KgaRleHCDTp
65,<intro_1> D G C D G D G C D G C <verse_1> D G C D G C D G C D G C D <chorus_1> G C D G F G F D G C D G C <verse_2> D G C D G C D G C D G C D <chorus_2> G C D G D G C D G D F G F D <interlude_1> G C D G C D G C D G <verse_3> D G C D G C D G C D G C D G D G D G D G D F G D G D F G D,2001-01-01,'alternative metal' 'grunge' 'nu metal' 'post-grunge',2000.0,,artist_50,metal,5yA7AoyGWSUoxALn0RxCfb,07jc1IMGtecDZzOL9cP50t
66,<intro_1> Amin7 Amin G F <verse_1> C G F C G F <chorus_1> Amin G F C G F Amin Amin7 <verse_2> C G F <chorus_2> Amin G F C G F Amin Amin7 <chorus_3> Amin G F C G F Amin Amin7 F G <chorus_4> Amin Amin7 G F C G F Amin <outro_1> G C Emin F,2023-02-10,'modern country pop',2020.0,,artist_5,pop,5ZwLuoFmMEXqPp53pxvH1P,4GGfAshSkqoxpZdoaHm7ky
67,<intro_1> Amin G F E7 Amin G Amin G <verse_1> Amin G Amin G E7 Amin G F E7 Amin G Amin G Amin <verse_2> G Amin C E7 Amin G F E7 Amin G Amin G Amin <instrumental_1> G F E7 Amin G Amin G <verse_3> Amin G Amin C E7 Amin G F E7 Amin G Amin G Amin <verse_4> G Amin C E7 Amin G F E7 Amin G Amin G Amin <outro_1> G Amin G Amin,1968-03-01,'classic country pop' 'classic oklahoma country' 'cowboy western',1960.0,,artist_51,country,53lCFR1blDWZy54m4PvGgg,6OUTtVUjAvUF0uZ3wudxtv
68,G D Emin C G D Emin C D Emin C D Emin C G D Emin C G D Emin C G D Emin C G D Emin C G C G,,'cartoon' 'otacore',,,artist_27,,2n67KKYElh1XKOJxYxWkJF,5mM9eNte0aWttOiMhPb2dM
69,<intro_1> Dmin F C Dmin Emin C D Dmin Emin G C G C Dmin Emin Dmin Emin <verse_1> C Dmin Emin C Dmin Emin F G Dmin C <chorus_1> G D F Dmin Emin G C Dmin Emin G Amin Dmin F Dmin G Dmin Emin F G C Dmin G Dmin Emin G Amin Dmin F C G C G Dmin Emin F Dmin Emin G Amin <outro_1> G C Dmin G C Dmin Emin,2023-01-07,'tex-mex',2020.0,,artist_52,,2oxdi8sGIzwTKzPN5vAFKa,6FmKCCqWSQAhxF0bkObz4b
70,Fsmin7 Bsus4 Csmin7 Fsmin7 E Esus4 E Esus4 Fsmin7 Gsmin7 Csmin7 Fsmin7 Bsus4 E Esus4 E Esus4 Fsmin7 Gsmin7 Csmin7 Fsmin7 Bsus4 E Amin7 E Fsmin7 Bsus4 Csmin7 Amin7 E Fsmin7 Bsus4 E Fsmin7 Bsus4 Csmin7 Fsmin7 Csmin7 Fsmin7 Bsus4 Csmin7 Fsmin7 Bsus4 E Esus4 E Esus4 Fsmin7 Gsmin7 Csmin7 Fsmin7 Bsus4 E Amin7 E Fsmin7 Bsus4 Csmin7 Amin7 E Fsmin7 Bsus4 E Csmin7 Fsmin7 Esus4 E Fsmin7 Bsus4 Csmin7 Fsmin7 Csmin7 Fsmin7 Bsus4 Csmin7 Fsmin7 Bsus4 E Csmin7 Fsmin7 Bsus4 Csmin7 Fsmin7 Csmin7 Fsmin7 Bsus4 Csmin7 Fsmin7 Bsus4 E Fsmin7 E Fsmin7 Csmin7 Fsmin7 Csmin7 Fsmin7 Bsus4 Csmin7 Fsmin7 Csmin7 Fsmin7 Bsus4 Csmin7 Fsmin7 Bsus4 E Csmin7 Fsmin7 Bsus4 Csmin7 Fsmin7 Csmin7 Fsmin7 Bsus4 Csmin7 Fsmin7 Bsus4 E A E Fsmin Fs E,,'contemporary vocal jazz' 'norwegian jazz',,,artist_53,jazz,,3hCQUVIcg8nWvkZToF4rqc
71,<intro_1> Bsus4 Asus2 E <verse_1> Bsus4 Asus2 E Bsus4 Asus2 E Bsus4 Asus2 E Bsus4 Asus2 E Bsus4 Asus2 E <verse_2> Bsus4 Asus2 E Bsus4 Asus2 E Bsus4 Asus2 E Bsus4 Asus2 E Bsus4 Asus2 E <bridge_1> Gadd13 Asus2 <chorus_1> Bsus4 Asus2 E Bsus4 Asus2 E Bsus4 Asus2 E Bsus4 Asus2 E Bsus4 Asus2 E <bridge_2> Gadd13 Asus2 <verse_3> Bsus4 Asus2 E Bsus4 Asus2 E Bsus4 Asus2 E Bsus4 Asus2 E Bsus4 Asus2 E <chorus_2> Bsus4 Asus2 E Bsus4 Asus2 E Bsus4 Asus2 E Bsus4 Asus2 E Bsus4 Asus2 E <outro_1> Bsus4 Asus2 E Asus2,2022-10-07,,2020.0,,artist_54,,3jn8DVkgWJcbYGZDb7cFd9,41pd7r1XBRsvdxY3vHEgib
72,<intro_1> F Amin C G <verse_1> F Amin C G F Amin C G F Amin C G F Amin C G <chorus_1> F Amin C G F Amin C G F Amin C G F Amin C G <verse_2> F Amin C G F Amin C G F Amin C G F Amin C G <chorus_2> F Amin C G F Amin C G F Amin C G F Amin C G F Amin C G <bridge_1> F Amin C G F Amin C G <chorus_3> F Amin C G F Amin C G F Amin C G F Amin C G,2013-01-01,'ccm' 'christian alternative rock' 'christian music',2010.0,christian alternative rock,artist_55,rock,62uFDbyzIZLSIlbtsP21Go,1SZMaiNHfdUuU0qZKZ6y62
73,<intro_1> Dmin C G Dmin G F C F C F <verse_1> Dmin C G Dmin G F C F C F C Dmin C G Dmin C F C F C F <interlude_1> Dmin C G Dmin G F C F C F <verse_2> Dmin C G Dmin G F C F C F Dmin <interlude_2> Cs7 Csmaj7 <verse_3> Dmin C G Dmin G F C F C F,1968,'british folk' 'psychedelic folk',1960.0,,artist_56,country,4stIy8n5S3fwsf8ldi7jBg,0tQzBYPjAardhWpGkqVdNW
74,<intro_1> Emin G C D <verse_1> C G Emin D C G Emin D G C D <chorus_1> Emin G C D Emin G C D Emin <verse_2> C G Emin D C G Emin D G C D <chorus_2> Emin G C D Emin G C D Emin <bridge_1> D C G Emin D C G Emin,,'musica jibara' 'puerto rican folk',,,artist_57,country,,37MLZgiNA9NdN9l33W9BdJ
75,<intro_1> Dmin G Amin F Dmin E Amin <verse_1> Dmin G Amin F Dmin E Amin Amin/C Dmin G Amin F Dmin E Amin Amin/C Dmin G Amin F Dmin E Amin <chorus_1> Dmin G Amin F Dmin E Amin Amin/C Dmin G Amin F Dmin E Amin Amin/C <verse_2> Dmin G Amin F Dmin E Amin Amin/C Dmin G Amin F Dmin E Amin Amin/C Dmin G Amin F Dmin E Amin Amin/C Dmin G Amin F Dmin E Amin <chorus_2> Dmin G Amin F Dmin E Amin Amin/C Dmin G Amin F Dmin E Amin Amin/C <outro_1> Dmin G Amin F Dmin E Amin,,'cloud rap francais',,,artist_58,rap,,4CJClbpfpLi7UET4Nq1r3N
76,<intro_1> Ebmaj7 F Bbmaj7 Gmin7 <verse_1> Ebmaj7 F Bbmaj7 Gmin7 Ebmaj7 F Bbmaj7 Gmin7 Ebmaj7 F Bmaj7 Gmin7 Ebmaj7 F Bbmaj7 Gmin7 <chorus_1> Ebmaj7 F Bbmaj7 Gmin7 Ebmaj7 F Bbmaj7 Gmin7 <verse_2> Ebmaj7 F Bbmaj7 Gmin7 Ebmaj7 F Bbmaj7 Gmin7 Ebmaj7 F Bmaj7 Gmin7 Ebmaj7 F Bbmaj7 Gmin7 <chorus_2> Ebmaj7 F Bbmaj7 Gmin7 Ebmaj7 F Bbmaj7 Gmin7 <outro_1> Ebmaj7 F Bbmaj7 Gmin7 Ebmaj7 F Bbmaj7 Gmin7 Ebmaj7 F Bmaj7 Gmin7 Cmin7 F Gmin7 Emin7,2023-04-07,'canadian contemporary r&b',2020.0,,artist_59,soul,3ym8ajVmKm6Fybgov3WBI5,20wkVLutqVOYrc0kxFs7rA
77,<intro_1> G D G <chorus_1> D7 G C G D G <verse_1> D G C A7 D G D G C D G <chorus_2> D7 G C G D G <solo_1> C G D G <verse_2> D7 G C A7 D G D G C D G <chorus_3> D7 G C G D G,2005,'classic country pop' 'honky tonk' 'western swing',2000.0,,artist_60,pop,068Tf3MnOjbSsrROoYhqhD,4szqhE3dT8nzYnlXYGwzmi
78,<intro_1> F C G C <verse_1> C7 F C G F C G C <chorus_1> G F C G F G C <solo_1> C7 F C G C <verse_2> C7 F C G F C G C <chorus_2> G F C G F G C C7 <outro_1> F G C C7 F G C C7 F G C C7,1964-07-01,'arkansas country' 'classic country pop' 'honky tonk' 'traditional country' 'western swing',1960.0,,artist_61,country,0ZWrQULmPlwqsAGgvWhTMP,05pAwLhsutiuj6gerEwGvU
79,<intro_1> G Gsus4 G F Fsus4 F G Gsus4 G F Fsus4 F G Gsus4 G F Fsus4 F G Gsus4 G F Fsus4 F <verse_1> G Gsus4 G F Fsus4 F G Gsus4 G F Fsus4 F G Gsus4 G F Fsus4 F G Gsus4 G F Fsus4 F G Gsus4 G F Fsus4 F G Gsus4 G F Fsus4 F Emin F C D <chorus_1> G Gsus4 G F Fsus4 F G Gsus4 G F Fsus4 F G Gsus4 G F Fsus4 F G Gsus4 G F Fsus4 F G Gsus4 G F Fsus4 F G Gsus4 G F Fsus4 F G Gsus4 G F Fsus4 F G Gsus4 G F Fsus4 F <instrumental_1> G Gsus4 G F Fsus4 F G Gsus4 G F Fsus4 F G Gsus4 G F Fsus4 F G Gsus4 G F Fsus4 F <verse_2> G Gsus4 G F Fsus4 F G Gsus4 G F Fsus4 F G Gsus4 G F Fsus4 F G Gsus4 G F Fsus4 F G F G F Emin F C D <chorus_2> G Gsus4 G F Fsus4 F G Gsus4 G F Fsus4 F G Gsus4 G F Fsus4 F G Gsus4 G F Fsus4 F G Gsus4 G F Fsus4 F G Gsus4 G F Fsus4 F G Gsus4 G F Fsus4 F G Gsus4 G F Fsus4 F <instrumental_2> G Gsus4 G F Fsus4 F G Gsus4 G F Fsus4 F G Gsus4 G F Fsus4 F G Gsus4 G F Fsus4 F <outro_1> G Gsus4 G F Fsus4 F G Gsus4 G F Fsus4 F G,1980,'album rock' 'classic rock' 'country rock' 'folk rock' 'hard rock' 'heartland rock' 'mellow gold' 'rock' 'singer-songwriter' 'soft rock',1970.0,heartland rock,artist_62,rock,6EIxPp1ZZlGQPSdNanNS8a,3lPQ2Fk5JOwGWAF3ORFCqH
80,<verse_1> Dmin F Amin E Dmin F Amin E <chorus_1> Dmin F Amin E Dmin F Amin E <verse_2> Dmin F Amin E Dmin F Amin E <chorus_2> Dmin F Amin E Dmin F Amin E <verse_3> Dmin F Amin E Dmin F Amin E <chorus_3> Dmin F Amin E Dmin F Amin E,,'lithuanian jazz' 'modern swing',,,artist_63,jazz,,5AD7wIvImxXd2x6Yga5U3c
81,<verse_1> E B E <chorus_1> B Fs G E B E Emin E B E Gsmin E <verse_2> Emaj7 Gsmin B Fs E Gsmin Fs Ds E <chorus_2> B Fs Ds G E B E Emin <bridge_1> E Fs E Gsmin Fs E B E Gsmin Fs B E Gsmin Fs E B Gsmin Fs E Gsmin Fs E Gsmin Fs E Fs E B Gsmin Fs E B Gsmin Fs E B <outro_1> Fs Gsmin Fs E Gsmin Fs E B Fs Ds E B E Emin E,2015-12-10,'diy emo' 'midwest emo' 'new england emo',2010.0,,artist_64,,41VipzFVimtyUgProD7JnS,4pyn62fo9bN7qCT9nBM6c6
82,<intro_1> G D G D C D G <chorus_1> D C G D C G D G D C D G <verse_1> D G D G C G D C D <chorus_2> G D C G D C G D C D G <verse_2> D G D G C G D C D <chorus_3> G D C G D C G D C G D C G D C G D G <verse_3> D G D G C D C D <chorus_4> G D C G D C G D C G D C G E A E D A E D E A E D A E A E A E D A E A E D A E A E D A E D E A,2021-10-15,'irish country',2020.0,,artist_65,country,4i4hRL6w2H1RCf9ZaR4gPj,5n38O2yu3dYeL4uPk2M9H8
83,<intro_1> Emin Bmin7/Fs Emin Esus4/Fs Emin Bmin7/Fs <verse_1> Emin Esus4/Fs Emin Bmin7/Fs Emin Esus4/Fs Emin Bmin7/Fs Emin Esus4/Fs Emin Bmin7/Fs Emin Esus4/Fs Emin Bmin7/Fs <chorus_1> Emin Esus4/Fs Emin Esus4/Fs Emin Esus4/Fs Emin Esus4/Fs Emin Esus4/Fs Emin Esus4/Fs Emin Esus4/Fs Emin Esus4/Fs <verse_2> Emin Esus4/Fs Emin Bmin7/Fs Emin Esus4/Fs Emin Bmin7/Fs Emin Esus4/Fs Emin Bmin7/Fs Emin Esus4/Fs Emin Bmin7/Fs <verse_3> Emin Esus4/Fs Emin Bmin7/Fs Emin Esus4/Fs Emin Bmin7/Fs Emin Esus4/Fs Emin Bmin7/Fs Emin Esus4/Fs Emin Bmin7/Fs <chorus_2> Emin Esus4/Fs Emin Esus4/Fs Emin Esus4/Fs Emin Esus4/Fs Emin Esus4/Fs Emin Esus4/Fs Emin Esus4/Fs Emin Esus4/Fs Emin Esus4/Fs <verse_4> Emin Esus4/Fs Emin Bmin7/Fs Emin Esus4/Fs Emin Bmin7/Fs Emin Esus4/Fs Emin Bmin7/Fs Emin Esus4/Fs Emin Bmin7/Fs <outro_1> Emin Esus4/Fs Emin Esus4/Fs Emin Esus4/Fs Emin Esus4/Fs Emin Esus4/Fs Emin Esus4/Fs Emin Esus4/Fs Emin Esus4/Fs Emin Bmin7/Fs Emin Esus4/Fs,2023-01-27,,2020.0,,artist_66,,0GSvrBxW2M2eU23bDzCuCd,37r3ZUhErh0QPJENMsAPBG
84,<intro_1> G Emin Bmin D <verse_1> G Emin Bmin D G Emin Bmin D Ab Bmin G D A Bmin G <chorus_1> Bmin D A Bmin G D Bmin G <verse_2> Emin Bmin D G Emin Bmin D Ab Bmin G D A Bmin G <chorus_2> Bmin D A Bmin G D Bmin G <bridge_1> A Bmin D G A Bmin <chorus_3> D A Bmin G D Bmin D A Bmin G D Bmin D A Bmin D A Bmin D A,2018-06-29,,2010.0,,artist_67,,5aYWkBo83usKAVVu828bi9,76YZPO1138BXEkNVtJKYmP
85,<intro_1> C Csus4 C Csus4 C <verse_1> Bb Fmin C Bb Fmin C <chorus_1> Fmin G7 Ab Amin Fmin G7 Ab Dmin G <verse_2> C Bb Fmin C Bb Fmin C <chorus_2> Fmin G7 Ab Amin Fmin G7 Ab Amin <outro_1> Fmin G7 Ab Amin Fmin G7 Ab Amin Fmin G7 Ab Dmin G C,,'madchester' 'new wave' 'permanent wave' 'solo wave',,,artist_68,,,3iTsJGG39nMg9YiolUgLMQ
86,<intro_1> Emin C G D Emin C G D <verse_1> Emin Amin D G C Amin B Emin <verse_2> Amin D G C Amin B Emin <chorus_1> Amin D G C Amin B Emin C G D Emin C G D <verse_3> Emin Amin D G Emin Amin B Emin <verse_4> Amin D G C Amin B Emin <chorus_2> Amin D G C Amin B Emin C G D Emin C G D Emin C G D Bmin B C <verse_5> Fmin Asmin Ds Gs Cs Asmin C Fmin <verse_6> Asmin Ds Gs Cs Asmin C Fmin <chorus_3> Asmin Ds Gs Cs Asmin C <chorus_4> Fmin Asmin Ds Gs Cs Asmin C Fmin Cs <outro_1> Gs Ds Fmin Cs Gs Ds,2021-09-24,'chanson quebecois',2020.0,,artist_69,,7bVHJnH0eKtJVj5kqQnpju,3zj5I53p6FGaoNqD9blYuz
87,<verse_1> C F G C F G <chorus_1> C G F C G F C <verse_2> F G C F G <chorus_2> C G F C G F D <bridge_1> G C F D G C G F <chorus_3> D A G D A G <outro_1> D A G D A G D,2022-12-09,,2020.0,,artist_70,,4aZdaUQoz69EqlmXt78TrE,1ZzI9ohe9Ekq5yZhK3U9pF
88,<intro_1> A7 <verse_1> D Emin G A7 D A7 D Emin G A D A7 <chorus_1> D Emin G A D Emin G A D A7 <verse_2> D Emin G A D A7 D Emin G A D A7 <chorus_2> D Emin G A D Emin G A D A7 G A D A7 D,,'adult standards' 'easy listening' 'lounge' 'rockabilly',,rockabilly,artist_71,rock,,4cPHsZM98sKzmV26wlwD2W
89,<intro_1> D <verse_1> G D A G A G <chorus_1> D Amin G F Emin D <verse_2> Dmin D G D Amin G Amin G <chorus_2> D Amin G F Emin D <bridge_1> G Dmin Amin G F Emin Dmin F Emin G <chorus_3> D Amin G F Emin D G Dmin Amin G D,2015-10-02,'contemporary country' 'country pop' 'modern country pop',2010.0,,artist_72,country,4BWt5HB83BL6NCppcneKGE,4e9TBaTlI3LVQz3tkTYC0I
90,<intro_1> C C/F Bb F C C/F Bb F C C/F <verse_1> C C/F C C/F C C/F C C/F Bb F C C/F C C/F C C/F C C/F C C/F C C/F Bb F C C/F C C/F <verse_2> C C/F C C/F C C/F C C/F Bb F C C/F C C/F C C/F C C/F C C/F C C/F Bb F C C/F C C/F <bridge_1> Amin G C Amin G C Amin G C F G <chorus_1> C Gb F Eb C Gb F Eb C Gb F Ebno3d C Gb F Eb C C/F C C/F <verse_3> C C/F C C/F C C/F C C/F Bb F C C/F C C/F C C/F C C/F C C/F C C/F Bb F C C/F C C/F <bridge_2> Amin G C Amin G C Amin G C F G <chorus_2> C Gb F Eb C Gb F Eb C Gb F Ebno3d C Gb F Eb <solo_1> C Gb F Eb <outro_1> C Gb F Eb <chorus_3> C Gb F Eb C Gb F Eb C Gb F Ebno3d C Gb F Eb C Gb F Eb C Gb F Eb C Gb F Eb C Gb F Eb C,,,,,artist_73,,0S8Esct3zYsaZ8BBycC3Lx,6ScfCcqXc5beYnSI6AqAH4
91,<intro_1> A D Emin G A <verse_1> D G D A D Emin G A <verse_2> D G D A D Emin G A <verse_3> D G D A D Emin G A <verse_4> D G D A D Emin G A <instrumental_1> D G D A D Emin G A <verse_5> D G D A D Emin G A <verse_6> D G D A D Emin G A <verse_7> D G D A D Emin G A <verse_8> D G D A D Emin G A <instrumental_2> D G D A D Emin G A <verse_9> D G D A D Emin G A,2006-08-22,'banjo' 'bluegrass gospel' 'new england americana' 'progressive bluegrass',2000.0,,artist_74,,51UonN7uiVb96zWWg23Ege,7LOJ56d8VmOebynlV01KfU
92,<verse_1> Amin C E E7 Amin C E E7 Amin C E E7 Amin C E Amin C E7 <chorus_1> Amin C E E7 Amin C E E7 Amin C E E7 Amin C E E7 Amin <verse_2> C E E7 Amin C E E7 Amin C E E7 Amin C E E7 Amin C E E7 Amin C E E7 Amin C E E7 Amin C E7 <chorus_2> Amin C E E7 Amin C E E7 Amin C E E7 Amin C E E7 Amin,2022-10-14,'dark r&b',2020.0,,artist_75,soul,62rXTgGmOsUBiIr10BHlTw,3AYZMgvmzNKc3cGmJUSITh
93,<intro_1> C Dmin G C Dmin G C G <verse_1> C Dmin G C Dmin F G C <verse_2> Dmin G C Dmin F G C <bridge_1> Dmin Emin F G Emin Amin Dmin G C Dmin <chorus_1> Emin F G Emin A Dmin G C Dmin <chorus_2> Emin F G Emin A Dmin G C Dmin Emin <interlude_1> F G Emin Amin Dmin G C G <verse_3> C Dmin G C Dmin F G C <bridge_2> Dmin Emin F G Emin Amin Dmin G C Dmin <chorus_3> Emin F G Emin A Dmin G Amin <chorus_4> Emin F G Emin A Dmin G C Dmin <chorus_5> Emin F G Emin A Dmin G C Dmin <chorus_6> Emin F G Emin A Dmin G C Amin <outro_1> Dmin G C Bmin C,2023-01-30,'indonesian folk pop',2020.0,,artist_76,pop,5zMli5CLpcipGfE8xVFkWT,4rLkBI8sdayXhNaGmfW3nC
94,<intro_1> Bmin G D A <verse_1> Bmin G D A Bmin G D A Bmin G D A Bmin G A <chorus_1> Bmin G D A Bmin G D A Bmin G D A Bmin G D A Bmin G D A <verse_2> Bmin G D A Bmin G D A Bmin G D A Bmin G A <chorus_2> Bmin G D A Bmin G D A Bmin G D A Bmin G D A Bmin G <bridge_1> D A Bmin G D A <chorus_3> Bmin G D A Bmin G D A Bmin G D A Bmin G D A Bmin,2023-06-02,,2020.0,,artist_77,,3LSiq0BVGDwPa9YtXcm9V2,0wYIkruhiIpgdvvvOqoCSC
95,Amin Dmin G C Amin Dmin G C Amin Dmin G Amin Dmin G C G Amin Dmin G Amin Dmin G C G Amin Dmin G Amin Dmin G C G Amin Dmin G C G Amin Dmin G Amin Dmin G C G Amin Dmin G Amin Dmin G C Amin Dmin G Amin Dmin G C Amin Dmin G Amin Dmin G C G Amin Dmin G Amin Dmin G C G Amin Dmin G C,2021-09-30,'french pop',2020.0,,artist_78,pop,0HBmcorGWox3KmkT4d4SL6,15jZ8OLtnGATWHlQkltG7f
96,C G C F C G Dmin G C G C F C G Amin F G C F G C F G C F G C Dmin G C C/B Amin F Emin Dmin G C F G C F C G Amin F Emin Dmin G C G C F C G Dmin G C G C F C G Amin F G C F G C F G C F G C Dmin G C C/B Amin F Emin Dmin G C F G C F C G Amin F Emin Dmin G C G C F C G Dmin G C G C F C G Amin F G C Gs Cs Gs Cs Fs Cs Gs Dsmin Gs Cs Gs Cs Fs Cs Gs Asmin Fs Gs Cs Dsmin Gs Cs,2016-09-17,'irish country',2010.0,,artist_79,country,0e67UeDKEyXDQswxTvFPVZ,2fUeKaE8WnnWgugLBBNZmI
97,Dmin Amin Bb F C Dmin Amin Bb Dmin Amin Bb F C Dmin Amin Bb Dmin Amin Bb F C Dmin Amin Bb F Amin Bb F Amin Bb F Amin Bb G Dmin Amin Bb F C Dmin Amin Bb Dmin Amin Bb F C Dmin Amin Bb Dmin Amin Bb F C Dmin Amin Bb F Amin Bb F Amin Bb F Amin Bb G C Bb F Bb Dmin Amin Bb F C Dmin Amin Bb F Amin Bb F Amin Bb F Amin Bb F Amin Bb F Amin Bb F Amin Bb F Amin Bb F,2015-12-04,'italian adult pop' 'italian pop',2010.0,,artist_80,pop,0m19WjaN3H2gznSivGcJcG,0dwEXtB6gceh7EO7tCsxhD
98,<intro_1> D <verse_1> Dmin Fs D <chorus_1> A C D A C D <verse_2> Dmin D Fs D Fs D <chorus_2> A C D A C D A C D A C E <instrumental_1> Dmin F Gmin C Gmin C F <verse_3> D Dmin D Fs D <chorus_3> A C D A C D A C D A C D A C D A,,'alternative rock' 'boston rock' 'permanent wave' 'rock',,boston rock,artist_81,rock,,6zvul52xwTWzilBZl6BUbT
99,<intro_1> D D7sus4 D D7sus4 D <verse_1> D7sus4 D D7sus4 D G Emin G A D <verse_2> D7sus4 D D7sus4 D G Emin G A Bmin G Bmin G Bmin G Bmin G Bmin Emin <chorus_1> A D A Bmin A Emin A D A Bmin A G Fsmin Bmin <instrumental_1> D <verse_3> D7sus4 D D7sus4 D G Emin G A Bmin G Bmin G Bmin G Bmin G Bmin Emin <chorus_2> A D A Bmin A Emin A D A Bmin A G Fsmin Bmin G Bmin G Bmin G Bmin G Bmin <chorus_3> Emin A D A Bmin A Emin A D A Bmin A <chorus_4> Emin A D A Bmin A Emin A D A Bmin A <outro_1> Emin A D A Bmin A Emin A D A Bmin A Emin A D A Bmin A Emin A D A Bmin A,,,,,,,,
100,<intro_1> G A G A G A Bmin A <verse_1> G A11 Bmin E7 Emin7 A G A11 Bmin E7 Emin7 A G A <solo_1> G A G A Emin A Bmin Bmin9 Emin A Bmin9 <verse_2> Emin A Bmin Emin A Bmin Bmin9 E Emin D E Emin Bmin9 Emin A Bmin <verse_3> Emin A Bmin Emin A Bmin Bmin9 E Emin D E Emin D <outro_1> Emin A D Emin A D Emin A D Emin A D Emin A D Emin A D,,,,,,,,
101,<intro_1> Amin G F E Amin G F E <verse_1> Amin G F E Amin G F E <chorus_1> Dmin C Dmin C <verse_2> Amin G F E Amin G F E <chorus_2> Dmin C Dmin C Dmin C Dmin C <outro_1> Dmin C Dmin,2020-07-25,'diy emo',2010.0,,artist_82,,1KewjSLZaDp6wYaIaQoGsf,4KEHIUSoWCcqrk8AddTE1O
102,<intro_1> Gno3d <verse_1> Cmin G Cmin D G Ab Cmin G Cmin <chorus_1> Eb Bb Cmin G Ab Bb Eb Bb Cmin G Cmin Eb Bb Cmin G Ab Bb Eb Bb Cmin G Cmin <interlude_1> Cno3d Fno3d Gno3d <verse_2> Cmin G Cmin D G Ab Cmin Fmin G Cmin G Cmin D G Ab Cmin G Cmin <chorus_2> Eb Bb Cmin G Ab Bb Eb Bb Cmin G Cmin Eb Bb Cmin G Ab Bb Eb Bb Cmin G Cmin <bridge_1> Gno3d Cno3d Gno3d Fno3d Gno3d <interlude_2> Cmin G Cmin D G Ab Cmin G Cmin <chorus_3> Eb Bb Cmin G Ab Bb Eb Bb Cmin G Cmin Eb Bb Cmin G Ab Bb Eb Bb Cmin G Cmin <outro_1> Gno3d,1995-01-01,'classic swedish pop' 'folkmusik' 'swedish pop',1990.0,,artist_83,pop,61NuNXEZRFGs8OQB9XAciR,71c9ORC5hHt0J1TGCa5nxN
103,<intro_1> A Csmin Bmin A Csmin Bmin <chorus_1> A Csmin Bmin A Csmin Bmin A Csmin Bmin A Csmin Bmin <instrumental_1> A Csmin Bmin A Csmin Bmin <verse_1> A Csmin Bmin A Csmin Bmin A Csmin Bmin A Csmin Bmin <instrumental_2> A Csmin Bmin A Csmin Bmin <verse_2> A Csmin Bmin A Csmin Bmin A Csmin Bmin A Csmin Bmin <instrumental_3> A Csmin Bmin A Csmin Bmin <chorus_2> A Csmin Bmin A Csmin Bmin A Csmin Bmin A Csmin Bmin,,,,,artist_84,,,7hUCAm3xD04T2JFwJRLrTH
104,<intro_1> G D Emin C G D Emin C <verse_1> G D Emin C G D Emin G <chorus_1> Emin D C G D Emin D C A D G D Emin C <verse_2> G D Emin C G D Emin C <chorus_2> Emin D C G D Emin D C A D G C G C <chorus_3> Emin D C G D Emin D C A D A D A D G D Emin C G,2018-04-27,'country pop',2010.0,,artist_85,pop,3urAuXn4JQ1ZG5jBePZUk4,6rdwNy0dBPdD2vXPvdVMB7
105,<intro_1> Amin C D Amin C D Amin <verse_1> C Amin C D Amin C D <chorus_1> Amin C D Amin C Amin C D A G Amin C D Amin <verse_2> C Amin C D Amin C D <chorus_2> Amin C D Amin C Amin C D A G Amin C D A <solo_1> Amin C D Amin <bridge_1> C D A Amin C D A <chorus_3> Amin C D Amin C Amin C D Amin C G,,'country pop',,,artist_85,pop,,6rdwNy0dBPdD2vXPvdVMB7
106,<intro_1> D <verse_1> Bmin7 G A D Bmin7 G A <chorus_1> D Bmin7 G A D Bmin7 G A <verse_2> D Bmin7 G A <chorus_2> D Bmin7 G A D Bmin7 G A <solo_1> D Bmin7 G A <verse_3> D Bmin7 G A <chorus_3> D Bmin Bmin7 G A D Bmin7 G A <solo_2> D Bmin7 G A D,2021-10-29,'country pop',2020.0,,artist_85,pop,3BbggwlOcRWdcTVME4FKm1,6rdwNy0dBPdD2vXPvdVMB7
107,<intro_1> C Amin Emin F C Amin Emin F <verse_1> C Amin Emin F C Amin Emin F <verse_2> C Amin Emin F C Amin Emin F Dmin Amin G C <chorus_1> G Amin Emin F Emin F G C <verse_3> Amin Emin F C Amin Emin F <bridge_1> Dmin Amin G <chorus_2> C G Amin Emin F Emin F G C Amin Emin F C Amin Emin Fmin <instrumental_1> C Amin Emin F C Amin Emin Fmin <chorus_3> C G Amin Emin F Emin F G C <outro_1> Amin Emin F,2010-10-06,'chanson quebecois',2000.0,,artist_69,,7EfQEOgEkAfumAT9kIsgAp,3zj5I53p6FGaoNqD9blYuz
108,<intro_1> D C D Emin C D Emin Dmin C D Emin C D Emin <verse_1> C Emin Amin B Emin C Emin Amin B7 Emin <verse_2> C Emin Amin B Emin C Emin Amin B Emin <chorus_1> Amin G Amin Bmin Emin Amin G Fs F Emin <solo_1> D C D Emin C D Emin C D Emin C D Emin <verse_3> C Emin A B Emin C Emin Amin B Emin <chorus_2> Amin G Amin Bmin Emin Amin G Fs F Emin Amin B Emin <solo_2> D C D Emin C D Emin Dmin C D Emin C D Emin C D Emin C D Emin,,,,,,,,
109,<intro_1> Amin F G Amin F Amin F Amin F Amin G F Amin F E Amin F Amin F G Amin F Amin A F Amin F E <verse_1> Amin F Amin F Amin F Esus4 E Amin <verse_2> F Amin F Amin F Esus4 E C <verse_3> F C F C F C G <solo_1> Amin F Amin F Amin F Amin G F Amin F Esus4 E Amin <verse_4> F Amin F Amin F E <verse_5> Amin F Amin F Amin F Esus4 E C <verse_6> F C F C F C G <solo_2> Amin F Amin F Amin F Amin G F Amin F Esus4 E Amin F Amin F Amin F Amin A F Amin F Esus4 E Amin F,1972-04-09,'bubblegum pop',1970.0,,artist_86,pop,7Iy1WEvOfAYC05ZrMoZpUT,3TiISqKS6ESlMQ4WFfZJw2
110,<verse_1> F G C F G C Bb F G G7 C <chorus_1> F G G7 C C7 F Bb F Bb F G C <verse_2> F G C F Bb F Amin C F Bb C <chorus_2> F G G7 C C7 F Bb F Bb F G C <interlude_1> F G Bb Bbmin <bridge_1> Bb C F Gmin G Bb Bbmin,2023-02-10,,2020.0,,artist_87,,5iy5KJcoVkz3Wswh0K8VLl,2qu2J8C5rJmKK5EprQ1S9P
111,<verse_1> C Bb C Bb C Dmin G Dmin G <chorus_1> C F G Amin F C G C F G F G C F G Amin F C G C F G F G C <verse_2> Bb C Bb C Dmin G Dmin G <chorus_2> C F G Amin F C G C F G F G C F G Amin F C G C F G F G C <bridge_1> Dmin G Dmin G <chorus_3> C F G Amin F C G C F G F G C F G Amin F C G C F G F G C F G Amin F C G C F G F G C,2018-07-13,'orebro indie',2010.0,,artist_88,alternative,0c8XbVZkZ01F1Gec9fO0Pm,2DHMysfpm1I2q4Wz71gCKY
112,<verse_1> A Fsmin E A Fsmin E Csmin D Csmin D A Fsmin E A Fsmin E Csmin D Csmin D Fsmin E <chorus_1> Fsmin E Bmin D Fsmin E A Fsmin E A Fsmin E <verse_2> A Fsmin E A Fsmin E Csmin D Csmin D A Fsmin E A Fsmin E Csmin D Csmin D Bmin E <chorus_2> Fsmin E Bmin D Fsmin E Bmin D <bridge_1> E Fsmin D E Fsmin D B E <chorus_3> Fsmin E Bmin D Fsmin E A Fsmin E A Fsmin E <outro_1> A Fsmin E A Fsmin E A Fsmin E A Fsmin E,1998,'alternative pop' 'belgian rock' 'lilith',1990.0,belgian rock,artist_89,pop rock,52x2lA9dW7iZtT9XknNgBP,1lO13Grp3I1AsIbcACRWvv
113,<intro_1> D <verse_1> G A D E G A G A D D/Cs Bmin D A D <verse_2> G A D E G A G A D D/Cs Bmin D A D D7 <chorus_1> G D E G A A7 D A D D7 <instrumental_1> G A A7 D D7 <chorus_2> G D E G A <outro_1> D D/Cs Bmin Bmin/A G G/Fs Emin D A Bmin Bmin/A E/Gs D A D,2023-07-07,,2020.0,,artist_84,,0d2L8T9h31cJyyqVbsCZxL,7hUCAm3xD04T2JFwJRLrTH
114,<intro_1> Gmaj7 Fs7 Emin7 A7 Dmaj7 Gmaj7 Fs7 E7 A7 Dmaj7 Gmaj7 Fs7 Dmaj7 B7 <verse_1> Gmaj7 Fs7 Emin7 A7 Dmaj7 Gmaj7 Fs7 E7 A7 Dmaj7 Gmaj7 Fs7 Dmaj7 B7 <chorus_1> G Fs7 Emin7 A7 Dmaj7 G Fs7 Emin7 A7 Dmaj7 <bridge_1> Gmaj7 Fs7 Dmaj7 Gmaj7 Fs7 Fsmin7 Dmaj7 B7 <verse_2> Gmaj7 Fsmin7 Emin7 A7 Dmaj7 Gmaj7 Fsmin7 Emin7 A7 Dmaj7 Gmaj7 Fsmin7 B7 <verse_3> Gmaj7 Fs7 Emin7 A7 Dmaj7 Gmaj7 Fs7 E7 A7 Dmaj7 Gmaj7 Fs7 B7 <chorus_2> G Fs7 Emin7 A7 Dmaj7 G Fs7 Emin7 A7 Dmaj7,2022-06-10,,2020.0,,artist_90,,28IuHKe3o1Cb7ECyEMxz7j,4IEu5JcADp9QoG7qji7tZj
115,<intro_1> D <verse_1> G D A D G D A <chorus_1> D G D A Bmin A G D Bmin A E D G A D <verse_2> G D A D G D A D <chorus_2> G D A Bmin A G D Bmin A E D G A D <bridge_1> G D A D G D G A <chorus_3> D G D A Bmin A G D Bmin A E D G A D,2022-03-04,'country pop',2020.0,,artist_85,pop,6C7CPTb5kn0Qee90SP1roY,6rdwNy0dBPdD2vXPvdVMB7
116,<intro_1> C Bb C Bb C <verse_1> Bb C Bb C <instrumental_1> Bb C Bb C <verse_2> Bb C Bb C <instrumental_2> Bb C Bb C <verse_3> Bb C Bb C <instrumental_3> Bb C Bb C <verse_4> Bb C Bb C <outro_1> Bb C Bb C,2011-06-24,,2010.0,,artist_91,,6XfQZHc5Cne8qF2AiYOSUh,2RbI52xR6gb2yAvqueWPb6
117,<intro_1> A Dsus2 A Dsus2 A Dsus2 A Dsus2 A Dsus2 A7 Fsmin A Dsus2 A Dsus2 A Dsus2 A7 Fsmin Dsus2 Dmin A Fsmin Dsus2 Dmin A G C Fadd9 Amin G C Fadd9 Amin G F Fmin C C7 F Fmin C E A,,,,,artist_92,,,7g9dl6kccdYjgEKp2Ksbh3
118,<intro_1> A D A D <verse_1> A D A E A D A E <chorus_1> A D A E A D A E A D <verse_2> A D A E A D A E <chorus_2> A D A E A D A E A D A D <bridge_1> E D E D <chorus_3> A D A E A D A E A E G Fs D <outro_1> A D A D A D A D A D A D A D A D A D A D,2023-05-18,'contemporary country' 'country' 'country road' 'modern country rock',2020.0,modern country rock,artist_93,country,4cAMLV4qkknxaMGSo3vrIM,6pBNfggcZZDCmb0p92OnGn
119,<chorus_1> Cmaj7 A Amin B7 Emin <chorus_2> Cmaj7 A Amin B7 Emin <chorus_3> A Amin B7 Cmaj7 <bridge_1> Emin Cmaj7 A Amin B7 Emin <chorus_4> Cmaj7 A Amin B7 Emin,2023-02-10,'finnish pop' 'iskelma' 'suomi rock',2020.0,suomi rock,artist_94,pop rock,2pDoLxCy0aDjJtMOUjsoQu,5fyBhURKALJ81CC9X4DvZP
120,<intro_1> Amin G Amin G Amin <verse_1> G Amin G Amin <instrumental_1> G Amin G Amin <verse_2> G Amin G Amin <instrumental_2> G Amin G Amin <verse_3> G Amin G Amin <instrumental_3> G Amin G Amin <verse_4> G Amin G Amin <outro_1> G Amin G Amin,,,,,,,,
121,<intro_1> Amin Fadd9 Amin Fadd9 Amin Fadd9 C G Amin Fadd9 Amin Fadd9 Amin Fadd9 C G <verse_1> Amin F C G Amin F C G Amin F C G Amin F C G <chorus_1> F C Amin G F C G <verse_2> Amin F C G Amin F C G Amin F C G Amin F C G <chorus_2> F C Amin G F C G F C Amin G F C G F Amin F C G Amin F C G Amin F C G Amin F C G <outro_1> Amin Fadd9 Amin Fadd9 Amin Fadd9 C G Amin F,,,,,,,,
122,<intro_1> E A B E B A <verse_1> E A B E B E A B E B E <chorus_1> B A E B A E B A E B A <interlude_1> E7 E B E <verse_2> A B E B E A B E B E <chorus_2> B A E B A E B A E B A <interlude_2> E7 E A B E7 E B E <bridge_1> B A E B A E Fs <interlude_3> E A B E B E <verse_3> A B E B E <chorus_3> B A E B A E B A E B A <outro_1> E A B E B E,1995-01-01,'classic swedish pop' 'folkmusik' 'swedish pop',1990.0,,artist_83,pop,2ay5z7mPcG29jiF5BFdQSQ,71c9ORC5hHt0J1TGCa5nxN
123,<intro_1> G Emin G Emin <verse_1> G Emin Amin C G Emin Amin C Amin C <chorus_1> Amin C Amin C G Bmin7 Amin C D <verse_2> G Emin Amin C G Emin Amin C Amin C <chorus_2> Amin C Amin C G Bmin7 Amin C D <instrumental_1> G Emin Amin C G Emin Amin C D <chorus_3> Amin C Amin C G Bmin7 Amin C D <outro_1> G Emin Amin C C/G,2022-10-21,'acoustic pop' 'indie anthem-folk' 'indiecoustica' 'modern indie folk',2020.0,,artist_95,alternative,7tbLYguvNYt9CsNdJe13WJ,6TdfKQvrdHZdr4DIzjuWOr
124,<intro_1> A Fsmin7 D A Fsmin7 D A <verse_1> Fsmin7 A Fsmin7 D A Bmin7 E <chorus_1> A Fsmin7 D A Fsmin7 D A Fsmin7 D A <verse_2> Fsmin7 D A Fsmin D A Bmin7 E <chorus_2> A Fsmin7 D A Fsmin7 D A Fsmin7 D A Fsmin7 D A Fsmin7 D A <bridge_1> Bmin7 E <chorus_3> A Fsmin7 D A Fsmin7 D A Fsmin7 D A <outro_1> Fsmin7 D A Fsmin7 D A,2023-02-10,'canadian contemporary country',2020.0,,artist_96,country,60NdkVKLeIp2w1vmTezehP,5LqrMo8Uh0K7mJ6zoWd3CP
125,<intro_1> C Emin C7 Fmin <verse_1> C F Amin7 Gsus4 G C F Amin7 Gsus4 G <bridge_1> F G7 A Amin G F Emin C Dmin7 Gsus4 G <chorus_1> C C7 Amin Gs C Amin F C Dmin7 G <verse_2> C F Amin7 Gsus4 G C F Amin7 Gsus4 G <bridge_2> F G7 A Amin G F Emin C Dmin7 Gsus4 G <chorus_2> C C7 Amin Gs C Amin F C Dmin7 G <chorus_3> C C7 Amin Gs C Amin F C Dmin7 G <outro_1> F C Dmin7 G,2000-03-13,'bubblegum dance' 'eurodance' 'europop',1990.0,,artist_97,pop,6TtUR5HNTSOSbt8jfke8gm,0cwmNvclzPd8mQnoHuIksj
126,<intro_1> D A D <chorus_1> A D A D <verse_1> A G D A G D A G D F A <chorus_2> D A D A D Bb Eb Bb Eb Bb Eb <verse_2> Bb Ab Eb Bb Ab Eb Bb Ab Eb Gb Bb <chorus_3> Eb Bb Eb Bb Eb B E B E B E,,'brill building pop' 'classic schlager',,,artist_98,pop,,5EVZqrbIyEYGGite2sMhDk
127,<intro_1> G <verse_1> C G D C D Amin D G C G C G D G C D <verse_2> G C G D C D Amin D G C G C G D G A <chorus_1> D C G Amin G D Amin D G C G C G D G <solo_1> C D G C G C G D G A <chorus_2> D C G Amin G D G C G C G D G C G D C Bmin D G,2007-01-01,'banjo',2000.0,,artist_99,,2RZZJHukquqyiqndIKYozV,2Z983rZwtk7awKHxQprGLE
128,<intro_1> Amin F G Amin F G <verse_1> Amin F G Amin F G Amin F G Amin F G <chorus_1> Amin F C G Amin F G Amin F C G Amin F G Amin F G <verse_2> Amin F G Amin F G Amin F G A F G Amin <chorus_2> F C G Amin F G Amin F C G Amin F G Amin F G Amin F G <outro_1> Amin F C G Amin F G Amin F G Amin F G,2023-02-24,,2020.0,,artist_100,,1c0szvjQVr75cwsYOucESa,1F1iOPcBFgAYGEM5x1s6SJ
129,<intro_1> Ab <verse_1> Db Ab Db Ab Db Bbmin Cmin Db Eb <chorus_1> Ab Eb Bbmin Cmin Db Eb Ab Eb Bbmin Cmin Db Eb Ab <verse_2> Db Ab Db Ab Db Bbmin Cmin Db Eb <chorus_2> Ab Eb Bbmin Cmin Db Eb Ab Eb Bbmin Cmin Db Eb Ab <bridge_1> Bbmin Eb Bbmin Eb E B Dbmin Absus4 Ab <chorus_3> Eb Bbmin Cmin Db Eb Ab Eb Bbmin Cmin Db Eb Ab Bbmin Cmin Db Eb Ab,2022-03-04,'brill building pop' 'classic schlager',2020.0,,artist_98,pop,2rcYTQRmj6HzSdqVzNdMak,5EVZqrbIyEYGGite2sMhDk
130,<intro_1> C F C G C <verse_1> F C Amin F C F C F G C F C Amin F C F C F G C G <chorus_1> C G C Amin7 C F C G C <solo_1> F C G C <verse_2> F C Amin F C F C F G C G <chorus_2> C G C Amin7 C F C G C G <chorus_3> C G C Amin7 C F C G C G <outro_1> C F C G C,1987,'banjo',1980.0,,artist_99,,350d3A0Mtc332JO1fpELSs,2Z983rZwtk7awKHxQprGLE
131,<intro_1> F Cmin Bb F Cmin Bb F <verse_1> Cmin Bb Dmin F Cmin Bb Dmin F Cmin Bb Dmin F Cmin Bb F Cmin Bb F <chorus_1> Cmin Bb F Cmin Bb F <verse_2> Cmin Bb Dmin F Cmin Bb F Cmin Bb F <chorus_2> Cmin Bb F Cmin Bb F <outro_1> Cmin Bb F,,'brill building pop' 'classic schlager',,,artist_98,pop,,5EVZqrbIyEYGGite2sMhDk
132,<intro_1> F C/E G/B C F C/E Fs C9 <verse_1> F C F D/Fs Gmin A Dsus4 Bmin7 G Bmin G Bmin C9 Bmin D/A A <chorus_1> D A Bmin G D A Bmin C G Eb F C F C/E G/B C F C/E Fs C9 <verse_2> F C F D/Fs Gmin A Dsus4 Bmin7 G Bmin G Bmin C9 Bmin D/A A <chorus_2> D A Bmin G D A Bmin C G Eb F C <bridge_1> G F C G Eb Bb F C A Bbmaj7 Fs7sus4 D Fsmin D B7sus4 Bb C Bmin Bb A7 Bb Dmin7 <verse_3> F C F D/Fs Gmin A Gadd9 Asus4/Fs Bmin7 E7sus4 C9 Bmin7 D/A A <chorus_3> D A Bmin G D A Bmin C G Eb F C D Dsus4 Eb Bb Cmin7 Ab Eb Bb Cmin7 Abmaj7 Cmin7 Abmaj7 Cmin7 Abmaj7 Cmin7 Bdim7 Cmin7 Eb/G Cmin7 Abmaj7 Bbsus4 Eb Ab Bb Eb,,'alternative metal' 'alternative rock' 'funk metal' 'funk rock' 'nu metal' 'pop rock' 'rap rock' 'reggae fusion',,rap rock,artist_101,pop rock,1mHZhWJu6RVJhyu3USZdI5,41Q0HrwWBtuUkJc7C1Rp6K
133,<intro_1> D <verse_1> G D C D C D <verse_2> G D C D C D C D C D <verse_3> G D C D C D C D C D C D C D C D C D C <verse_4> Fs E Fs E Fs B E A G F D G C D C D C D C D C D C D C D C D,1996,'cantautor' 'latin afrobeat' 'latin alternative' 'latin rock' 'nueva cancion' 'trova',1990.0,latin rock,artist_102,alternative,23P8ZlzwSC9Fi9xIMUf4Qh,4ssUf5gLb1GBLxi1BhPrVt
134,<intro_1> F Ab Bb C F Ab Bb Gb F Ab Bb C F Ab Bb Gb <verse_1> F Ab Bb C F Ab Bb Gb F Ab Bb C F Ab Bb Gb <chorus_1> F Ab Bb F Ab Bb F Ab Bb F Ab C <interlude_1> F Ab Bb C F Ab Bb Gb F Ab Bb C F Ab Bb Gb <verse_2> F Ab Bb C F Ab Bb Gb F Ab Bb C F Ab Bb Gb <chorus_2> F Ab Bb F Ab Bb F Ab Bb F Ab C F Ab Bb F Ab Bb F Ab Bb F Ab C <solo_1> F Ab Bb C F Ab Bb Gb F Ab Bb C F Ab Bb Gb <bridge_1> C B Bb F C B Bb C B Bb C B Bb Ab G Gb <chorus_3> F Ab Bb F Ab Bb F Ab Bb F Ab C F,2015-03-03,'bubblegrunge' 'indie punk' 'portland indie',2010.0,,artist_103,alternative,3J4h5BEh3ctwSRWtKD55Sa,2KXSm6sLmPwUCXpq4OrHHZ
135,<intro_1> A E Fsmin7 D <verse_1> A E Fsmin D A E Fsmin D <chorus_1> A E Fsmin7 D A E Fsmin7 D A <verse_2> E Fsmin D <chorus_2> A E Fsmin7 D A E Fsmin7 D A <bridge_1> E Fsmin D A E Fsmin D <chorus_3> A E Fsmin7 D A E Fsmin7 D A <outro_1> E Fsmin7 D A,2023-09-22,'athens indie',2020.0,,artist_104,alternative,1AsGIlTBsZA7zOJ1YF0C3S,1SKdnfGF5KypZsRJCb7M7h
136,<verse_1> C F C F C Emin F Emin G <chorus_1> C Emin F C Emin F Emin F G F C <verse_2> F C F C F C F C Emin F C Emin F <chorus_2> C Emin F C Emin F C Emin F G C F <bridge_1> Dmin Amin Emin F Dmin Amin Emin F <chorus_3> D Fsmin G D Fsmin G A D Emin A G Emin D Emin D,2023-02-12,,2020.0,,artist_105,,14LUYUwo5vV4HzAwcFbEe3,48N1w5HaFEbJTs07fvA1e3
137,<intro_1> Amin G C Amin G C G <verse_1> C Emin F G C Emin D G Dmin C F G C <chorus_1> Amin G C Dmin C G Amin G F C G C <interlude_1> Amin G C Amin G C G <verse_2> C Emin F G C Emin D G Dmin C F G C <chorus_2> Amin G C Dmin C G Amin G F C G C <interlude_2> Amin G C Dmin C G Amin G F C G C <chorus_3> Amin G C Dmin C G Amin G F C G C Amin G C Dmin C G Amin G F C G C,1997-01-01,'brill building pop' 'classic schlager',1990.0,,artist_98,pop,5x4IvXUkig1J9L6XRNHO2P,5EVZqrbIyEYGGite2sMhDk
138,<intro_1> E B A <verse_1> E B A E B A <chorus_1> B A B A B A E B A E B A <verse_2> E B A E B A <chorus_2> B A B A B A E B A E B A <solo_1> E B A E B A <chorus_3> B A B A B A E B A E B A E,,,,,,,,
139,<verse_1> Csmin Fs Csmin B A Csmin B A Csmin B <interlude_1> Csmin B Csmin B Csmin <chorus_1> B Csmin B Fs Gs Csmin Fs <verse_2> Csmin Fs Csmin B A Csmin B A Csmin B <chorus_2> Csmin B Csmin B Fs Gs Csmin <chorus_3> B A Gs Csmin B A Gs <solo_2> Csmin B A Gs Csmin B A Gs Csmin B A Gs Csmin,2018-10-18,'action rock' 'modern alternative rock',2010.0,modern alternative rock,artist_106,rock,3GurxhWl5rNdRxzna8ketf,7c7LKkvEU9xLPyFmvV4njL
140,<intro_1> Emin <verse_1> B A Emin <verse_2> B A Emin <solo_1> F Dmin B Emin F Dmin B Emin F Dmin B Emin F Dmin B Emin F Dmin B Emin,,,,,,,,
141,<intro_1> Cs Gs E Fs Cs Gs E Fs <verse_1> Cs Gs E Fs Cs Gs E Fs Cs Gs E Fs Cs Gs E Fs <verse_2> Cs Gs E Fs Cs Gs E Fs Cs Gs E Fs Cs Gs E Fs <solo_1> Cs Gs E Fs Cs Gs E Fs <verse_3> Cs Gs E Fs Cs Gs E Fs Cs Gs E Fs Cs Gs E Fs <interlude_1> Cs Gs E Fs Cs Gs E Fs Cs Gs E Fs Cs Gs E Fs Cs Gs E Fs Cs Gs E Fs Cs Gs E Fs,,'action rock' 'modern alternative rock',,modern alternative rock,artist_106,rock,,7c7LKkvEU9xLPyFmvV4njL
142,<intro_1> G C G C G <chorus_1> C G C G <verse_1> C G C G <chorus_2> C G C G <solo_1> C G C G <verse_2> C G C <chorus_3> G C G C G <solo_2> C G C G <chorus_4> C G C G <chorus_5> C G C G C G <solo_3> C G C G C G C G C G C G C G C G,2019-06-10,,2010.0,,artist_107,,71c1NkwQgF2yYrEyv6deOf,0p7YgdX8DvDYZ0HievXI5S
143,<intro_1> Amin <verse_1> C B Amin <interlude_1> C B Amin C B <verse_2> Amin C B Amin Gs <bridge_1> Amin Gs Amin Gs Amin Gs Amin <interlude_2> Gs Amin Gs Amin Gs Amin Gs <chorus_1> Amin <verse_3> C B <outro_1> Amin,2019-03-29,'action rock' 'modern alternative rock',2010.0,modern alternative rock,artist_106,rock,1TnTckQFXBub2kiOG56U2w,7c7LKkvEU9xLPyFmvV4njL
144,<intro_1> Csmin E Csmin E Csmin E Csmin E <verse_1> Csmin <chorus_1> E Csmin E Csmin E Csmin E Csmin E Csmin E Csmin <chorus_2> E Csmin E Csmin E Csmin E Csmin E Csmin E Csmin <interlude_2> E Csmin E Csmin E Csmin E Fs G Fs G Fs G Fs Csmin <chorus_3> E Csmin E Csmin E Csmin E Csmin E Csmin E Csmin E Csmin,2019-01-18,'action rock' 'modern alternative rock',2010.0,modern alternative rock,artist_106,rock,3Vm5T4ZUrPXXkJ5YXqfvMX,7c7LKkvEU9xLPyFmvV4njL
145,<intro_1> C G C <verse_1> F C G C F G C C7 F C G C F C <chorus_1> F G C C7 F C D7 G C C7 F D7 C G C F C F G <verse_2> C F C G C F G C C7 F C G C F C <chorus_2> F G C C7 F C D7 G C C7 F D7 C G C F C <solo_1> C7 F C G C F C F C C7 F D7 C G C F C F C G C G C,2012-06-19,,2010.0,,artist_107,,2CJe3am3KK6pTwPcVMBgFd,0p7YgdX8DvDYZ0HievXI5S
146,<intro_1> C Csdim Dmin G C <verse_1> F Fs G F G C F C Dmin G <verse_2> C F Fs G F G C F C Amin Dmin G C <verse_3> F Fs G F G C F C Dmin G <verse_4> C F Fs G F G C F C Amin Dmin G C <interlude_1> F C F G Bb <verse_5> C F Fs G F G C F C Amin Dmin G F C,2020-10-16,'schlager',2010.0,,artist_108,,2QyT34x37gYETvV4VowrkD,4IGHrMehf0qXOHkKxECWAn
147,<intro_1> D E A E/Gs Fsmin D E A D A D E A E/Gs Fsmin D E A <chorus_1> D E A D E A D E A D E A <verse_1> D E A D E A D E A D E A <chorus_2> D E A D E A D E A D E A <solo_1> D E A D E A <verse_2> D E A D E A D E A D Bmin E A <chorus_3> D E A D E A D E A D E A,2023-11-01,'schlager',2020.0,,artist_108,,4d4JTVnWcHsFbgaWsZltbe,4IGHrMehf0qXOHkKxECWAn
148,<intro_1> C G C G D G <verse_1> C G Amin G C G C G D F <chorus_1> D G D G C G C G D G <solo_1> C G Dmin G C G C G D G <verse_2> C G C G C G D G <chorus_2> D G D G C G C G D G <outro_1> C G D G <solo_2> C G Dmin G C G C G D G C G Dmin G C G C G D G,,,,,artist_107,,,0p7YgdX8DvDYZ0HievXI5S
149,<intro_1> G C G <verse_1> D Amin Emin C G Amin D <verse_2> G D Amin Emin C G Amin D <bridge_1> G Amin D G C G Emin Amin D <verse_3> G D Amin Emin C G Amin D <bridge_2> G Amin D G C G Emin Amin D G C G,2020-10-16,'schlager',2010.0,,artist_108,,5p7EZkVtYGv8RlMC439saM,4IGHrMehf0qXOHkKxECWAn
150,<verse_1> Cmin Ab Eb Bb Cmin Ab Eb Bb <chorus_1> Cmin Ab Eb Bb Cmin Ab Eb Bb Cmin Ab Eb Bb Cmin Ab Eb Bb <interlude_1> Cmin <verse_2> Ab Eb Bb Cmin Ab Eb Bb Cmin Ab Eb Bb Cmin Ab Eb Bb <chorus_2> Cmin Ab Eb Bb Cmin Ab Eb Bb Cmin Ab Eb Bb Cmin Ab Eb Bb <verse_3> Cmin Ab Eb Bb Cmin Ab Eb Bb Cmin Ab Eb Bb Cmin Ab Eb Bb <chorus_3> Cmin Ab Eb Bb Cmin Ab Eb Bb Cmin Ab Eb Bb Cmin Ab Eb Bb Cmin,2020-10-16,'schlager',2010.0,,artist_108,,3YvrwxIypRlvggRpo1LcYe,4IGHrMehf0qXOHkKxECWAn
151,<verse_1> Amin C G F Amin C G F Amin C G F Amin C G F G Amin C F Amin C G <chorus_1> D Bmin Fs D Bmin Fs G Amin G Amin D Bmin Fs Amin G <verse_2> Amin C G F Amin C G F Amin C G F Amin C G F Amin G C F C Amin G <chorus_2> D Bmin Fs D Bmin Fs G Amin G Amin D Bmin Fs Amin G <bridge_1> Amin G F Emin Amin G F Emin Amin G F Emin Amin G F Emin <outro_1> Amin F Emin Amin F Emin,2019-10-18,'gymcore',2010.0,,artist_109,,3Gb5RBYDNbvf094UxC6Loa,7fM0h2CG7zKqKc0jEa1b4R
152,<chorus_1> Csmin Fs B Gs Csmin Fs B Gs <verse_1> Csmin Fs B Gs Csmin Fs B Gs Csmin Fs B Gs Gssus4 G Csmin <chorus_2> Fs B Gs Csmin Fs B Gs Csmin Fs B Gs Csmin Fs B Gs <verse_2> Csmin Fs B Gs Csmin Fs B Gs Csmin Fs B Gs Gssus4 G Csmin <chorus_3> Fs B Gs Csmin Fs B Gs Csmin Fs B Gs Csmin Fs B Gs <bridge_1> Csmin B/Ds Cs Csmin Fs B Gs Csmin Fs B Gs <chorus_4> Csmin Fs B Gs Csmin Fs B Gs Csmin Fs B Gs Csmin Fs Csmin B/Ds Csmin,2020-10-16,'schlager',2010.0,,artist_108,,6oGzpR33vuoGjGiVXxOIdc,4IGHrMehf0qXOHkKxECWAn
153,<intro_1> G Bmin/Gb C D <verse_1> G Bmin/Gb C D G Bmin/Gb C D <chorus_1> G Bmin/Gb C D G Bmin/Gb C D G Bmin/Gb C D G Bmin/Gb C D <verse_2> G Bmin/Gb C D G Bmin/Gb C D <chorus_2> G Bmin/Gb C D G Bmin/Gb C D G Bmin/Gb C D G Bmin/Gb C D G,2023-02-03,,2020.0,,artist_110,,05YWcAQiLkA88HTz5QHtY7,2GbvMs4GBhcjd9d4N9sGUV
154,<intro_1> E B Fsmin B E B <verse_1> E B Fsmin B E B Fsmin B Fsmin B <chorus_1> E B Fsmin B E B E B Fsmin B E B <interlude_1> E B Fsmin B E B <verse_2> E B Fsmin B E B Fsmin B Fsmin B <chorus_2> E B Fsmin B E B E B Fsmin B E B <bridge_1> Fsmin B Fsmin B <chorus_3> E B Fsmin B E B E B Fsmin B E B E,2020-10-16,'schlager',2010.0,,artist_108,,4j1I7J0STUOFSAkxpvTmNa,4IGHrMehf0qXOHkKxECWAn
155,<intro_1> Amin7 G C Amin7 G C <verse_1> Amin7 G C Amin7 G C Amin7 G C Amin7 G C Amin7 G C Amin7 G C Amin7 G C Amin7 G C <chorus_1> Amin7 G C Amin7 G C Amin7 G C Amin7 G C Amin7 G C <verse_2> Amin7 G C Amin7 G C Amin7 G C Amin7 G C <chorus_2> Amin7 G C Amin7 G C Amin7 G C Amin7 G C Amin7 G C Amin7 G C <chorus_3> Amin7 G C Amin7 G C Amin7 G C Amin7 G C <instrumental_1> Amin7 G C Amin7 G C <outro_1> Amin7 G C Amin7 G C,2022-03-04,'texas country',2020.0,,artist_111,country,0hnp6GQIYLZ9OqiTWg6Rvs,4SVPijyKlyN2YyEF8TbjGL
156,<intro_1> C Emin C Emin C <verse_1> G D Emin G C Dmin7 Emin Amin G C G D Emin C Emin F D G C Bmin Emin Amin7 G C D <chorus_1> G C D Bmin G C Emin Amin7 C G Amin Bmin B7 Emin C G Amin7 Emin C D C Emin7 Amin7 C D <verse_2> G Bmin D Emin G C Emin Amin7 C D G D Emin7 G C Emin F D G C B7 Emin Amin7 G C D <chorus_2> G C D Bmin G C Emin Amin7 G C G Amin Bmin B7 Emin C G Amin7 Emin7 C D G <bridge_1> G7 C G Emin7 C Amin Bmin D E <chorus_3> A D E Amin D Fsmin Bmin A D A Bmin Csmin7 Cs7 Fsmin Amin D A Bmin Dmin E Fsmin Bmin A D E A,2012-06-21,,2010.0,,artist_107,,2RzQ205zjyZDaarUbkvUy0,0p7YgdX8DvDYZ0HievXI5S
157,<verse_1> Ab Abmaj7 Ab Abmaj7 Bbmin Bbmin/Ab Gb Db/Eb Ab Abmaj7 Ab Abmaj7 Bb Bbmin/Ab Gb Eb <chorus_1> Ab Fmin Db Eb Db/Eb Ab Fmin Db Eb Db/Eb Ab Fmin Db Db/Eb <verse_2> Ab Abmaj7 Ab Abmaj7 Bmin Bbmin/Ab Gb Eb <chorus_2> Ab Fmin Db Eb Db/Eb Ab Fmin Db Eb Db/Eb Fmin Cmin Db Bbmin Eb <verse_3> Bbmin Bbmin/Ab Gb Db/Eb <chorus_3> Ab Fmin Db Eb Db/Eb Ab Fmin Db Eb Db/Eb Bb Gmin Eb F Eb/F Bb Gmin Eb F Eb/F Bb Gmin Eb F Eb/F Bb Gmin Eb F Eb/F Bb F/Bb Eb Gmin F/A Bb,2020-04-09,'schlager',2010.0,,artist_108,,1OxZXr479WIWyHL3oYPyBP,4IGHrMehf0qXOHkKxECWAn
158,<intro_1> D G D A D <verse_1> G D A G D G D A D <chorus_1> A G A D G D A D <solo_1> G D A D A <verse_2> D G D A D G D A D <chorus_2> A G A D G D A D <outro_1> G D A G D,2011-05-18,,2010.0,,artist_107,,6OKFm1ROJTjzJJmwAAqOIA,0p7YgdX8DvDYZ0HievXI5S
159,<intro_1> C G C F C G C <verse_1> G C F C G C <chorus_1> G C F C F D C G C <solo_1> G C F C G C <verse_2> G C F C G C <chorus_2> G C F C F D C G C <solo_2> G C F C G C <verse_3> G C F C G C <chorus_3> G C F C F D C G C <chorus_4> G C F C F D C G C <outro_1> G C F C F D C G C,2011-05-18,,2010.0,,artist_107,,68qAH2G1ko3x4NTQ0jL4yZ,0p7YgdX8DvDYZ0HievXI5S
160,<intro_1> G Emin D C <verse_1> G Emin7 G Emin7 <chorus_1> G Emin D C G Emin7 D C G Emin7 D C <verse_2> G Emin7 G Emin7 <chorus_2> G Emin D C G Emin7 D C G Emin7 D C G Emin D C G Emin7 D C G Emin7 D C,2023-02-10,'contemporary country' 'country pop' 'modern country rock',2020.0,modern country rock,artist_112,country,6WEpAJKjYc7cNCRE0mWT6a,0H7XMkYygCyZGg8o1uqoZv
161,<intro_1> Eb Cmin Fmin Bb Eb Cmin Fmin Bb <verse_1> Eb Ebmaj7 Eb7 C7 Fmin Bb Eb Cmin Fmin Bb Eb Ebmaj7 Eb7 C7 Fmin Bb Eb Cmin Bbaug <chorus_1> Eb Fmin Bb Eb Cmin Fmin Bb Eb Ab Abmin Eb Cmin Fmin Bb Eb Cmin Fmin Bb Eb Cmin Fmin Bb <verse_2> Eb Ebmaj7 Eb7 C7 Fmin Bb Eb Cmin Fmin Bb Eb Ebmaj7 Eb7 C7 Fmin Bb Eb Cmin Bbaug <chorus_2> Eb Fmin Bb Eb Cmin Fmin Bb Eb Ab Abmin Eb Cmin Fmin Bb Eb Cmin B E Fsmin B E Csmin Fsmin B E A Amin E Csmin Fsmin B E Csmin Fsmin B E Csmin Fsmin B E Csmin Fsmin B E,2020-10-16,'schlager',2010.0,,artist_108,,3tOEPQecBP4g8ZezCbw7hV,4IGHrMehf0qXOHkKxECWAn
162,<intro_1> C C7 C C7 C C7 C C7 <verse_1> C C7 C C7 F C F E7 Amin F C F Fs G Gs G <chorus_1> F C E7 Amin Bb B C Amin D C C7 C C7 C C7 C C7 <verse_2> C C7 C C7 F C F E7 Amin F C F Fs G Gs G <chorus_2> F C E7 Amin Bb B C Amin D C C7 <solo_1> C C7 C C7 F C F C Amin F C F Fs G Gs G F C C7 C C7 C C7 <verse_3> C C7 C C7 F C F E7 Amin F C F Fs G Gs G <chorus_3> F C E7 Amin Bb B C Amin D C <outro_1> Amin D C Amin D C7 C C7 C C7 C C7 C C7,2022-07-01,,2020.0,,artist_113,,57PhpgLzIgqOYc6m3576E9,2EdviCe4eYJQqa6hs8Fo2Z
163,<intro_1> G Bmin C D G D <verse_1> G Bmin C G Bmin C D G D G Bmin C G Bmin C D Emin D Amin C D G <solo_1> Bmin C D G D <verse_2> G Bmin C G Bmin C D G D G Bmin C G Bmin C D Emin D Amin C D G <solo_2> Bmin C D G D <verse_3> G Bmin C G Bmin C D G D G Bmin C G Bmin C D Emin D Amin C D G D <verse_4> G Bmin C G Bmin C D G D <outro_1> G Bmin C D Emin,2022-07-01,,2020.0,,artist_113,,36fdMDaWJE44kUwukUCiAh,2EdviCe4eYJQqa6hs8Fo2Z
164,<intro_1> G <chorus_1> C G D G C G <solo_1> D C G D G C G <verse_1> C G D G C G <solo_2> C G D G C G <verse_2> C G D G C G <solo_3> C G D G <chorus_2> C G D G C G <outro_1> C G,2022-07-01,,2020.0,,artist_113,,7v3bV4GcwVoJfeay2nU7Xu,2EdviCe4eYJQqa6hs8Fo2Z
165,<verse_1> G C G D G C G D G C G D G C G D G <chorus_1> C G D G C G D G <verse_2> C G D G C G D G <chorus_2> C G D G C G D G <verse_3> C G D G C G D G <chorus_3> C G D G C G D G <bridge_1> C G D G C G D G <chorus_4> C G D G C G D G C G D G C G D G,2008-11-21,'anti-folk' 'olympia wa indie',2000.0,,artist_114,country,1gXe5sqVchOmBQbfcMCXVr,5PPCkoOKabpGGhqrUwSikz
166,<intro_1> E G Fs A <verse_1> E G Fs A E G Fs A <chorus_1> E G Fs A E G Fs A <verse_2> E G Fs A E G Fs A <chorus_2> E G Fs A E G Fs A <bridge_1> E G Fs A E G Fs A E G Fs A E G Fs A <chorus_3> E G Fs A E G Fs A E G Fs A E G Fs A E,2001-01-01,'ectofolk' 'lilith' 'queer country' 'women's music',2000.0,,artist_115,country,2xBStcKy2RFcD12hp0GfoT,6FTNWiXksh4ADVB5QdJqCF
167,<intro_1> G D G D A D <verse_1> A G A D G A G A D <chorus_1> G D G D A D <solo_1> A D <verse_2> A G A D G A G A D <chorus_2> G D G D A D <solo_2> A G A D G A G A D <verse_3> A G A D G A G A D <chorus_3> G D G D A D <outro_1> G D G D A D A D A D,2022-07-01,,2020.0,,artist_113,,6b9ZUpImkCimobWvm3YHhT,2EdviCe4eYJQqa6hs8Fo2Z
168,<intro_1> C F C G C <verse_1> F C D G C F C G C F C D G C F C G C <chorus_1> Amin G F C Amin G D G C F C G C <solo_1> F C G C <verse_2> F C D G C F C G C F C D G C F C G C <chorus_2> Amin G F C Amin G D G C F C G Amin <outro_1> F C G C,2022-07-01,,2020.0,,artist_113,,3NZqIgthGj9ODwTNnGi3YH,2EdviCe4eYJQqa6hs8Fo2Z
169,<verse_1> D A D A Csmin Fsmin D Bmin E <chorus_1> A Bmin E D A Bmin E A Bmin E D A E <verse_2> D A D A Csmin Fsmin D Bmin E <chorus_2> A Bmin E D A Bmin E A Bmin E D A <chorus_3> Bmin E D A Bmin E A Bmin E D A,2020-04-09,'schlager',2010.0,,artist_108,,51VkCKC9tDSGr7O4lPJgvF,4IGHrMehf0qXOHkKxECWAn
170,<intro_1> Emin7 D G C <verse_1> Emin G C Emin7 G C Emin D G C Amin7 Emin D <chorus_1> C G Emin D C G Emin D C Amin7 G C G C <verse_2> Emin D G C Emin D G C Emin D G C Amin7 Emin D <chorus_2> C G Emin D C G Emin D C Amin7 G C G <bridge_1> Amin7 G C G Amin7 G F D <chorus_3> C G Emin D C G Emin7 D C Amin7 G C Amin7 G C G C G C,2023-01-20,,2020.0,,artist_116,,5PUWvl5zlaYYpgIUaGREJn,7ATqUklbyGLI30U3d5nVjL
171,<verse_1> A D A E A D E A D A E E7 A <chorus_1> D G D A A7 D G D E E7 A D A E A <solo_1> D E A D A E E7 A D E A D A E E7 A A7 <chorus_2> D G D A A7 D G D E E7 A D A E A D <outro_1> A E D A,2022-07-01,,2020.0,,artist_113,,0u2PEdZHZ05IGlnX8m88Km,2EdviCe4eYJQqa6hs8Fo2Z
172,<verse_1> D G D G D G D <chorus_1> A Bmin A Bmin G D <verse_2> G D G D G D <chorus_2> A Bmin A Bmin G D,1999-01-01,'folk rock italiano',1990.0,folk rock italiano,artist_117,rock,0ewNTdz0DyR5I3xmo33dyB,7H0A1BVbpyDdSmYWRulh4I
173,<intro_1> D Bmin G D <verse_1> Bmin G Asus4 A D Bmin G Asus4 A <chorus_1> D Bmin G Asus4 A D Bmin G A D <verse_2> Bmin G A D Bmin G A <chorus_2> D Bmin G Asus4 A D Bmin G A Bmin7 <bridge_1> G D Asus4 A <chorus_3> D Bmin G Asus4 A D Bmin G A <outro_1> D Bmin7 Bmin G A D Bmin G D A,2022-07-29,,2020.0,,artist_118,,4JXgyD4C4uw0tFhy16os37,6EwJep0jBRD2MMG3BLH6dd
174,<intro_1> A Fsmin D <verse_1> A Fsmin A Fsmin Bmin G D E A Fsmin A Fsmin D E Bmin G Fsmin A D A Fsmin D A D A E Fs D A Fsmin D E A <bridge_1> Fsmin D A Fsmin A Fsmin Bmin G D E A Fsmin A Fsmin D E Bmin G Fsmin A D A Fs D A D A E Fs D A Fsmin D E A <bridge_2> Fsmin D Dmin As F C As Dmin As F C As Dmin As F C As Dmin As F C As D,2013-03-05,'autoharp' 'folk punk',2010.0,,artist_119,punk,4FegAd9J55TA4d1ai7Vx4O,29mmbRyCPYV9Ls4BKadNhA
175,<intro_1> D G D G <verse_1> D G D A Bmin A D G <verse_2> D G D A Bmin A D G <chorus_1> A G D A G D A Bmin A Fsmin G D <interlude_1> G D G <verse_3> D G D Bmin A Bmin G <verse_4> D G D Bmin A G <chorus_2> A G D A G D A Bmin A Fsmin G Bmin D <interlude_2> G Bmin D G A <chorus_3> G D A G D A Bmin A G D <outro_1> G D G D G D G D,2023-02-10,'classic texas country',2020.0,,artist_120,country,5WFQWaiVbUAgkbCI8Af7r1,4oqOpULfSzd2BRoBT4aTXk
176,<intro_1> Amin Bb Amin Bb C <chorus_1> F Bb C F Bb C F Bb C F Bb C F Bb C F Bb C F Bb C F Bb C <verse_1> Bb Amin Dmin Bb Amin Dmin Bb C <chorus_2> F Bb C F Bb C F Bb C F Bb C F Bb C F Bb C F Bb C F Bb C <verse_2> Bb Amin Dmin Bb Amin Dmin Bb C <chorus_3> F Bb C F Bb C F Bb C F Bb C F Bb C F Bb C F Bb C F Bb C F Bb C F Bb C,2020-04-09,'schlager',2010.0,,artist_108,,2sBFqGkKrTpxsechu5scwh,4IGHrMehf0qXOHkKxECWAn
177,<intro_1> Cs Gsmin E Cs <verse_1> Fs Dsmin Gsmin Cs Fs Dsmin Gsmin Cs Asmin Dsmin Gsmin Cs Asmin Dsmin Gsmin Cs <chorus_1> Fs Asmin B Fs Dsmin Asmin Gsmin Cs Fs Asmin B Bmin Fs Asmin Gsmin Cs <verse_2> Fs Dsmin Gsmin Cs Fs Dsmin Gsmin Cs Asmin Dsmin Gsmin Cs Asmin Dsmin Gsmin Cs <chorus_2> Fs Asmin B Fs Dsmin Asmin Gsmin Cs Fs Asmin B Bmin Fs Asmin Gsmin Cs Fs Asmin B Fs Dsmin Asmin Gsmin Cs Fs Asmin B Bmin Fs Asmin Gsmin Fs B Fs,,'schlager',,,artist_108,,,4IGHrMehf0qXOHkKxECWAn
178,<intro_1> Bb Gmin Eb F <verse_1> Gmin Dmin Eb Bb Dmin F Gmin Dmin Eb Bb Dmin F Gmin Dmin Eb Bb Cmin Bb F <chorus_1> Bb Eb Bb Gmin Eb F Bb Eb Bb F/A Gmin Cmin F Bb Gmin Eb F <verse_2> Gmin Dmin Eb Bb Dmin F Gmin Dmin Eb Bb Dmin F Gmin Dmin Eb Bb Cmin Bb F <chorus_2> Bb Eb Bb Gmin Eb F Bb Eb Bb F/A Gmin Cmin F Bb Cmin F Bb,2020-10-16,'schlager',2010.0,,artist_108,,5BdfXPVUtOUg3qdrAUE7iV,4IGHrMehf0qXOHkKxECWAn
179,<intro_1> E <chorus_1> A Csmin Fsmin Bmin E A Csmin Fsmin Bmin E Csmin Fsmin Bmin E Csmin Fsmin Bmin E <verse_1> A Fsmin Bmin E A Fsmin Bmin E A Fsmin Bmin E A Fsmin Bmin E <chorus_2> A Csmin Fsmin Bmin E A Csmin Fsmin Bmin E Csmin Fsmin Bmin E Csmin Fsmin Bmin E <bridge_1> A Csmin Fsmin Bmin E A Csmin Fsmin Bmin E A <verse_2> Fsmin Bmin E A Fsmin Bmin E A Fsmin Bmin E A Fsmin Bmin E <chorus_3> A Csmin Fsmin Bmin E A Csmin Fsmin Bmin E Csmin Fsmin Bmin E Csmin Fsmin Bmin E <bridge_2> A Csmin Fsmin Bmin E A Csmin Fsmin Bmin E A,2020-10-16,'schlager',2010.0,,artist_108,,3UoNuseEMKWju5jyxkx5pV,4IGHrMehf0qXOHkKxECWAn
180,<intro_1> E A E <verse_1> A Fsmin B E <verse_2> A Fsmin B E A E <chorus_1> A E Fs B <verse_3> E A Fsmin B E A E <solo_1> A Fsmin B E A E <chorus_2> A E Fs B C <verse_4> F Bb Gmin C F Bb C F Bb C F Bb C F,2021-06-25,'schlager',2020.0,,artist_108,,7hDitPY3y5DxNqY5q2MFMD,4IGHrMehf0qXOHkKxECWAn
181,<intro_1> Bb F Dmin F/C C F C <verse_1> F Bb C F C F Bb F C F C <verse_2> F Bb C F C F Bb F C F C <verse_3> F Bb C F C F Bb F C F Fs <verse_4> B E Fs B Fs B E B Fs E B,2021-06-25,'schlager',2020.0,,artist_108,,3xHVrfCSQmTsciPTfOvujn,4IGHrMehf0qXOHkKxECWAn
182,<intro_1> G D G D A G D <verse_1> G D A D G D A G A D G D <chorus_1> A D A D A D Emin A D B <verse_2> E B E B A B E <chorus_2> B E B E B E Fsmin B E <solo_1> B E B E <chorus_3> B E Fsmin B E Fsmin B E,2021-06-25,'schlager',2020.0,,artist_108,,23fBszGYmHDpVPwtqApuBd,4IGHrMehf0qXOHkKxECWAn
183,<intro_1> Emin D Emin <verse_1> Amin D Emin D Emin <verse_2> Amin D Emin <chorus_1> Amin Bmin Amin Bmin B D Emin D Emin D Emin <verse_3> Amin D Emin D Emin <verse_4> Amin D Emin <chorus_2> Amin Bmin Amin Bmin D Emin <bridge_1> Fmaj7 D B7 C Fsmin F C7 Fsmin B7 Emin <interlude_1> Amin D Emin F D B7 C7 Fsmin F7 C7 Fsmin B7 Emin <verse_5> Amin D Emin <verse_6> Amin Bmin Amin Bmin D Emin,2022-05-20,,2020.0,,artist_121,,7cCqb1KFDVZ6qIXhlXgyzy,1yu9UIPwfNB7w4ZqjKSnnV
184,<intro_1> Fs <verse_1> B Csmin Dsmin D Fs <interlude_1> B Dsmin B Dsmin <chorus_1> B Bmaj7 Gsmin Csmin Fs Csmin Fs Csmin Fs B Csmin Fs B Bmaj7 Gsmin E Emin B Emin Csmin Fs B Bmaj7 Csmin Fs G A B <verse_2> Csmin Dsmin D Fs <chorus_2> B Bmaj7 Gsmin Csmin Fs Csmin Fs Csmin Fs B Csmin Fs B Bmaj7 Gsmin E Emin B Emin Csmin Fs B Bmaj7 Csmin Fs G A B <interlude_2> Bmaj7 Gsmin Csmin <bridge_1> Emin B Emin Csmin Fs <chorus_3> D Dmaj7 Cmin Emin A Emin A Emin A D Emin A D Dmaj7 Bmin G Gmin D Gmin Emin A D Dmaj7 Emin A Bb C D,2021-06-25,'schlager',2020.0,,artist_108,,6qBxVuXh72W7JbFMmexzQA,4IGHrMehf0qXOHkKxECWAn
185,<intro_1> F C Bb F C Bb F <verse_1> Gmin Bb/C C Bb/C C F <verse_2> Gmin Bb/C C Bb/C C F <chorus_1> Gmin C F Cs <verse_3> Fs Gsmin B/Cs Cs B/Cs Cs Fs <chorus_2> Gsmin Cs D Fs <verse_4> Gsmin B/Cs Cs B/Cs C Fs D <verse_5> G Amin C/D D C/D D Eb F G,2021-06-25,'schlager',2020.0,,artist_108,,3yyRmRMkd8pJ4i7EfWs33s,4IGHrMehf0qXOHkKxECWAn
186,<intro_1> A Fsmin Bmin E A Fsmin Bmin E <verse_1> A Cs7 Fsmin Bmin E A Cs7 Fsmin Bmin E <chorus_1> A Fsmin Bmin D A Fsmin Bmin Fs Bmin D A Fs Bmin E A <interlude_1> Fsmin Bmin E A Fsmin Bmin E <verse_2> A Cs Fsmin Bmin E A Cs Fsmin Bmin E <chorus_2> A Fsmin Bmin D A Fsmin Bmin Fs Bmin D A Fs Bmin E A <interlude_2> Fsmin Bmin E A Fsmin Bmin Fs <verse_3> B Ds Gsmin Csmin Fs <chorus_3> B Gsmin Csmin E B Gsmin Csmin Gs Csmin E B Gs Csmin Fs B <interlude_3> Gsmin Csmin Fs B Gsmin Csmin Fs B,2021-06-25,'schlager',2020.0,,artist_108,,1tfBy4ScX5YlHZhoEDdUZo,4IGHrMehf0qXOHkKxECWAn
187,<intro_1> Db <verse_1> Ebmin Ab Ebmin Ab Ebmin Ab Db Ebmin Ab Ebmin Ab Ebmin Ab Db D Emin A Emin A Emin A <chorus_1> D A D A D <interlude_1> Db <verse_2> Ebmin Ab Ebmin Ab Ebmin Ab Db Ebmin Ab Ebmin Ab Ebmin Ab <chorus_2> Db Ab Db A D A D A D,2021-06-25,'schlager',2020.0,,artist_108,,3IA5c7IeC6VKJ0tJSgpGSG,4IGHrMehf0qXOHkKxECWAn
188,<verse_1> Abmin Dbmin Gb B Abmin Dbmin Gb B Abmin Dbmin Gb Db Abmin Dbmin Eb <chorus_1> Bbmin Ebmin Ab Db Bbmin Ebmin Ab F Bbmin Ebmin Ab Db Bbmin Ebmin Ab F <verse_2> Bbmin Ebmin Ab Db Bbmin Ebmin Ab Db Bbmin Ebmin Ab Db Bbmin Ebmin Ab F <chorus_2> Bbmin Ebmin Ab Db Bbmin Ebmin Ab F Bbmin Ebmin Ab Db Bbmin Ebmin Ab F <verse_3> Bbmin Ebmin Ab Db Bbmin Ebmin Ab G <chorus_3> Cmin Fmin Bb Eb Cmin Fmin Bb G Cmin Fmin Bb Eb Cmin Fmin Bb G <interlude_1> Cmin Fmin Bb Eb Cmin Fmin Bb G Cmin Fmin Bb Eb Cmin Fmin Bb G Cmin,2021-06-25,'schlager',2020.0,,artist_108,,155tVxDA1bEBsRjNOafX6L,4IGHrMehf0qXOHkKxECWAn
189,<verse_1> Cmin F Eb Bb F Cmin F Eb Bb Eb Bb Cmin F Eb Bb F Cmin F Eb Bb Eb Bb <chorus_1> Eb Bb F Cmin F Eb Bb Cmin Bb/D Eb F Gmin Cmin F Bb F Eb Bb <verse_2> Cmin F Eb Bb F Cmin F Eb Bb Eb Bb Cmin F Eb Bb F Cmin F Eb Bb Eb Bb <chorus_2> Cmin Bb/D Eb Bb F Cmin F Eb Bb Cmin Bb/D Eb F Gmin Cmin F Bb F Eb Bb Cmin F Bb F Eb Bb,2023-07-21,'schlager',2020.0,,artist_108,,0cclbt1n4zEdQaaDRlQohd,4IGHrMehf0qXOHkKxECWAn
190,<intro_1> F C <verse_1> F Dmin F Bb Gmin C Amin Dmin G Gmin C <verse_2> F Dmin F Bb Bbmin F D G C F <verse_3> Dmin F Bb Gmin C Amin Dmin G Gmin C <verse_4> F Dmin F Bb Bbmin F D G C F <interlude_1> Dmin F7 Bb Bbmin F D G C <verse_5> F Dmin F Bb Bbmin F D G C F,2021-06-25,'schlager',2020.0,,artist_108,,5k9QLKMtL5mTn5BMypWLiG,4IGHrMehf0qXOHkKxECWAn
191,<intro_1> D Bmin G A <verse_1> D Bmin G A D Bmin G A D Bmin G A D Bmin G A <chorus_1> D Bmin G A D Bmin G A <interlude_1> D A Bmin D Bmin D Bmin <verse_2> D Bmin G A D Bmin G A D Bmin G A D Bmin G A <chorus_2> D Bmin G A D Bmin G A <interlude_2> D A Bmin D Bmin D Bmin <verse_3> D Bmin G A D Bmin G A D Bmin G A D Bmin G A <chorus_3> D Bmin G A D Bmin G A <outro_1> D Bmin G A D,2023-02-10,,2020.0,,artist_122,,3G6Hbw5LTv9DazHPLkNP2o,0R6ixwuTCNnIohSzEU7a2o
192,<intro_1> F C Gmin Bb <verse_1> F C Dmin Bb F C Dmin Bb F C Gmin Bb <chorus_1> F C Gmin Bb F C Gmin Bb <interlude_1> F C Gmin Bb <verse_2> F C Dmin Bb F C Dmin Bb F C Gmin Bb <chorus_2> F C Gmin Bb F C Gmin Bb <bridge_1> F C Gmin Bb <chorus_3> F C Gmin Bb F C Gmin Bb F C Gmin Bb F,2018-06-01,'schlager',2010.0,,artist_123,,4hlSAQPNmKGjwrcaMPrbRR,6thyTBTGNwX1i95cCGCxJV
193,<intro_1> Ab Cmin Ab Ab/Bb <verse_1> Fmin Bb Eb Cmin Fmin Bb Eb Cmin Fmin Bb Eb Cmin Fmin Ab Bb <chorus_1> Eb Ab Fmin Bb Gmin Cmin Fmin Bb Eb Ab Fmin Bb Gmin Cmin Fmin Bb <interlude_1> Ab Cmin Ab Ab/Bb <verse_2> Fmin Bb Eb Cmin Fmin Bb Eb Cmin Fmin Bb Eb Cmin Fmin Ab Bb <chorus_2> Eb Ab Fmin Bb Gmin Cmin Fmin Bb Eb Ab Fmin Bb Gmin Cmin Fmin Bb <chorus_3> Eb Ab Fmin Bb Gmin Cmin Fmin Bb Eb Ab Fmin Bb Gmin Cmin Fmin Bb <outro_1> Ab Cmin Ab Ab/Bb Eb,2018-06-01,'schlager',2010.0,,artist_123,,1sZ40gmoBbkoNoPfaPnrMV,6thyTBTGNwX1i95cCGCxJV
194,<verse_1> Eb Gmin Cmin Bb/D Eb Gmin Cmin Bb/D Eb Gmin Cmin Bb/D Eb Gmin <chorus_1> Eb Gmin Cmin Bb/D Eb Gmin Cmin Bb/D Eb Gmin Cmin Bb/D <verse_2> Eb Gmin Cmin Bb/D Eb Gmin Cmin Bb/D Eb Gmin Cmin Bb/D Eb Gmin Cmin Bb/D <chorus_2> Eb Gmin Cmin Bb/D Eb Gmin Cmin Bb/D Eb Gmin Cmin Bb/D <bridge_1> Eb Gmin Cmin Bb/D <chorus_3> Eb Gmin Cmin Bb/D Eb Gmin Cmin Bb/D <chorus_4> Eb Gmin Cmin Bb/D Eb Gmin Cmin Bb/D Eb Gmin Cmin Bb/D <bridge_2> Eb Gmin Cmin Bb/D <chorus_5> Eb Gmin Cmin Bb/D Eb Gmin Cmin Bb/D,2018-06-01,'schlager',2010.0,,artist_123,,6rp6SdaoozdE5XNdTDg9N5,6thyTBTGNwX1i95cCGCxJV
195,<intro_1> Fmin Bb Eb Cmin Fmin Bb Eb Cmin Fmin Bb Eb Cmin Fmin Bb Eb Cmin <verse_1> Ab Eb Bb Cmin Ab Eb Bb Cmin Ab Eb Bb Cmin Ab Eb Bb Cmin Ab Eb Bb Cmin Fmin Bb <chorus_1> Fmin Bb Eb Cmin Fmin Bb Eb Cmin Fmin Bb Eb Cmin Fmin Bb Eb Cmin <verse_2> Ab Eb Bb Cmin Ab Eb Bb Cmin Ab Eb Bb Cmin Ab Eb Bb Cmin Ab Eb Bb Cmin Fmin Bb <chorus_2> Fmin Bb Eb Cmin Fmin Bb Eb Cmin Fmin Bb Eb Cmin Fmin Bb Eb Cmin <interlude_1> Fmin Bb Eb Cmin Fmin Bb Eb Cmin <bridge_1> Fmin Bb Eb Cmin Fmin Bb Eb Cmin <interlude_2> Fmin Bb Eb Cmin Fmin Bb Eb Cmin <chorus_3> Fmin Bb Eb Cmin Fmin Bb Eb Cmin <outro_1> Fmin Bb Eb Cmin Fmin Bb Eb Cmin Fmin Bb Eb Cmin Fmin Bb Eb Cmin Fmin Bb Eb Cmin Fmin Bb Eb Cmin,2018-06-01,'schlager',2010.0,,artist_123,,3SDKOGKsOsZlv7HhKAlk3i,6thyTBTGNwX1i95cCGCxJV
196,<verse_1> C Amin F G C Amin F G C Amin F G <chorus_1> C Amin Dmin G C Amin Dmin G <verse_2> C Amin F G C Amin F G C Amin F G <chorus_2> C Amin Dmin G C Amin Dmin G C Amin Dmin G C,2018-06-01,'schlager',2010.0,,artist_123,,1eCyWl9I7ZtNTXpxA0NhcJ,6thyTBTGNwX1i95cCGCxJV
197,<intro_1> C F Amin Dmin C/E F G <verse_1> Dmin G Emin Amin Dmin G C Dmin G Emin Amin Dmin G <chorus_1> F G Emin Amin Dmin G C F G Emin Amin Dmin G C G <verse_2> Dmin G Emin Amin Dmin G C Dmin G Emin Amin Dmin G <chorus_2> F G Emin Amin Dmin G C F G Emin Amin Dmin G C G <chorus_3> F G Emin Amin Dmin G C F G Emin Amin Dmin G C <chorus_4> F G Emin Amin Dmin G C G F Amin Dmin C/E F G C,2018-06-01,'schlager',2010.0,,artist_123,,0K5tN6hZqy7WkfLl3eecLP,6thyTBTGNwX1i95cCGCxJV
198,<intro_1> Bmin <verse_1> Emin A Bmin Emin A Bmin Emin Bmin Emin Fs <chorus_1> D A Bmin G D A Bmin G D A D <verse_2> Bmin Emin A D A Bmin Emin A Bmin Emin Bmin Emin Fs <chorus_2> D A Bmin G D A Bmin G D A D,2018-06-01,'schlager',2010.0,,artist_123,,0LulVCBvoW7qLoqerYFXHe,6thyTBTGNwX1i95cCGCxJV
199,<intro_1> Dmin G Emin Amin Dmin G C7 <verse_1> Dmin G Emin Amin Dmin G C C7 Dmin G Emin Amin Dmin G C Dmin G <verse_2> C Emin F C G C Emin F C G <chorus_1> Dmin G Emin Amin Dmin G C C7 Dmin G Emin Amin Dmin G C Dmin G <verse_3> C Emin F C G C Emin F C G <chorus_2> Dmin G Emin Amin Dmin G C C7 Dmin G Emin Amin Dmin G C Dmin G <chorus_3> Dmin G Emin Amin Dmin G C C7 Dmin G Emin Amin Dmin G C C7 Dmin G,2018-06-01,'schlager',2010.0,,artist_123,,79z6S0f9G9Do9VZYYw4YqH,6thyTBTGNwX1i95cCGCxJV
200,<intro_1> G D Emin G D Emin <verse_1> G D Emin C G D G D Emin C G D Emin C Bmin D <chorus_1> G D Amin Emin C D G D Amin Emin C G D Emin C G D Emin C <chorus_2> G D Amin Emin C D G D Amin Emin C Cmin G D Emin C G D Emin C G,2019-09-27,'schlager',2010.0,,artist_123,,3dacaOcfPk9ocp0uWDmnGW,6thyTBTGNwX1i95cCGCxJV
201,<intro_1> G <verse_1> C G C G Emin C <chorus_1> G C G Emin C G <verse_2> C G Emin C <chorus_2> G C G Emin C <bridge_1> D Amin D Amin C <chorus_3> G C G Emin C G C G Emin C Emin C G,2019-09-27,'schlager',2010.0,,artist_123,,7xtgv0TBS3tbVABFcGjOjW,6thyTBTGNwX1i95cCGCxJV
202,<intro_1> E A E A Csmin <verse_1> A Csmin A <chorus_1> E A E B Csmin Fsmin B E A E B Csmin Fsmin B E A E A <verse_2> Csmin A Csmin A <chorus_2> E A E B Csmin Fsmin B E A E B Csmin Fsmin B <bridge_1> Gs Csmin Fs B <chorus_3> E A E B Csmin Fsmin B E A E B Csmin Fsmin B E A E A E A E A E,2003,'classic belgian pop',2000.0,,artist_22,pop,4JnyPoA5HmCuvjVnv3dCFm,7p0vcwWuuNIgMQvaYkgiRG
203,<intro_1> C G D Emin C G D Emin C G D Emin C G D Emin <verse_1> C G D Emin C G D Emin C G D Emin C G D Emin C G D Emin C G D <chorus_1> C G D Emin C G D Emin C G D Emin C G D C G D Emin <verse_2> C G D Emin C G D Emin C G D Emin C G D Emin C G D Emin C G D <chorus_2> C G D Emin C G D Emin C G D Emin C G D C G D Emin C G D Emin <bridge_1> C Emin D Amin C G D C G D Emin C G D Emin <chorus_3> C G D Emin C G D Emin C G D Emin C G D C G D Emin C G D Emin C G D Emin C G D,2019-09-27,'schlager',2010.0,,artist_123,,5ecYOXxKFH1iX8kz2ldJe8,6thyTBTGNwX1i95cCGCxJV
204,<intro_1> Bb Eb Bb Eb Bb Ab Bb B Db Ebmaj7 <chorus_1> Eb Ab Eb Gb B Gb <bridge_1> B Db/ Bbmin Ebmin Abmin Db Bbmin Caug B Db/ Bbmin Ebmin Abmin Db Bbsus4 Bb <chorus_2> Eb Ab Eb Gb B Gb <bridge_2> Fmin7 Gmin/Bb Eb Db <chorus_3> F Bb F Ab Db Ab <bridge_3> Db Eb/Db Cmin Fmin Bbmin Eb Cmin Abaug Db Eb/Db Cmin Fmin Bbmin Eb Csus4 C <chorus_4> F Bb F Ab Db Ab <bridge_4> Db Eb/Db Cmin Fmin Bbmin Eb Ab Gb Fmin B Ab,,,,,,,,
205,<intro_1> G <verse_1> Emin7 C D G Emin7 C Dsus4 <chorus_1> G Emin7 C G D G Emin7 C D G <verse_2> Emin7 C D G Emin7 C D <chorus_2> G Emin7 C G D G Emin7 C D G Emin7 C D <bridge_1> C D <chorus_3> G Emin7 C G D G Emin7 C D G <outro_1> Emin C D,2023-02-10,,2020.0,,artist_124,,1CukmS0d4g2bulxVX59CLZ,08rVq88zf9uE6G66X5ve5o
206,<verse_1> E A B E Emaj7 A B A E Fsmin B <chorus_1> E Emaj7 E7 Fsmin B E E7 A Amin E B E B <verse_2> E A B E Emaj7 A B A E Fsmin B <chorus_2> E Emaj7 E7 Fsmin B E E7 A Amin E B E B <verse_3> F Bb C F F7 Bb Bbmin F C Bb Bbmin F C Bb Bbmin F,,,,,,,,
207,<intro_1> G C D G C D G C Amin D <verse_1> G C D G C D G C Amin D G C D G C D G C Amin D D7 <chorus_1> C G D G C G D C G D G C C/B Amin7 Amin7/G D G C D G C D G C Amin D <verse_2> G C D G C D G C Amin D G C D G C D G C Amin D <chorus_2> C G D G C G D C G D G C C/B G/A G D G <bridge_1> Emin D G C Emin D C D Emin D C G D <chorus_3> C G D G C G D C G D G C C/B G/A G D G <outro_1> C D G C D G C Amin D G C D G C D G C Amin D G,2019-05-03,'orebro indie',2010.0,,artist_88,alternative,2ofD2PpYIvN5qOnKEBVdWz,2DHMysfpm1I2q4Wz71gCKY
208,D/A Amin/G Amin/Fs Amin/F E7/Gs Cadd13 Bdim Aminadd11 Dmin9 Fsdim7 Fmaj911s Dmin/A E7/B Amin7/E Amin D/A Amin D/A Amin D/A Amin D/A Amin Amin/G F G Amin Amin/G Amin/Fs Amin/F F G Amin Emin Fmaj7 G Amin Emin F E7/Gs Aminadd11 Emin Amin E7/Gs G Emin Amin C Bdim E7 Amin Amin/G Amin/F Emin7 Dmin9 Cadd13 Bdim E7 Amin Amin/G Amin/F Emin7 Dmin9 Cadd13 Bdim E7 Amin D/A Amin D/A Amin D/A Amin D/A Amin/G Amin/F E7 Amin/G Amin/F E7 Amin E7/Gs Amin E7/Gs Amin E7/Gs Amin E7/Gs Amin E7/Gs Amin E7/Gs Amin E7/Gs Amin E7/Gs Amin E7/Gs Amin E7/Gs Amin E7/Gs Amin Fno3d Eno3d Dno3d Cno3d Bno3d Ano3d Gsno3d Eno3d Amin Gadd13 Fsdim7 E7/Gs E7 Amin Gadd13 Fsdim7 E7/Gs E7 Amin Gadd13 Fsdim7 E7/Gs E7 Amin Gadd13 Fsdim7 E7/Gs E7 Amin Fmaj911s Dmin/A E7/Gs E7 Amin Fmaj911s Dmin/A E7/Gs E7 Amin Bdim Cadd13 Dmin C E7 Amin G F Emin Dmin C Bdim E7 Amin G F Emin Dmin C Bdim E7 Amin Fmaj7 G Amin Emin Fmaj7 G Amin Emin Amin E7/Gs Amin E7/Gs Amin E7/Gs Amin E7/Gs Amin Gadd13 Fmaj7 Amin7/E Dmin C Bdim E7 Amin F G C Amin F G C Amin F G C Amin F G C,2016-10-12,'otacore',2010.0,,artist_125,,5mshWVHuDzHDDTvJvDTqCr,0K05TDnN7xPwIHDOwD2YYs
209,<intro_1> Fmin Bbmin Eb <verse_1> Fmin Bbmin Eb Ab Fmin Bbmin Eb Ab Fmin Bbmin Eb Ab Fmin Bbmin Eb <chorus_1> Fmin Bbmin Eb Ab Fmin Bbmin Eb Ab Fmin Bbmin Eb Ab Fmin Bbmin Eb Ab <verse_2> Fmin Bbmin Eb Fmin Bbmin Eb Ab Fmin Bbmin Eb Ab Fmin Bbmin Eb Ab <chorus_2> Fmin Bbmin Eb Ab Fmin Bbmin Eb Ab Fmin Bbmin Eb Ab Fmin Bbmin Eb Ab Fmin Bbmin Eb Ab <chorus_3> Fmin Bbmin Eb Ab Fmin Bbmin Eb Ab Fmin Bbmin Eb Ab Fmin Bbmin Eb Ab <outro_1> Fmin Bbmin Eb Ab Fmin Bbmin Eb Ab,2022-10-21,'bedroom r&b',2020.0,,artist_126,soul,3eVoB50kvcFMkQ5Gs4naQc,1pmY5q8eybXnnrwOEFqQ1M
210,<intro_1> E Csmin A E B Csmin A <verse_1> E B E Csmin A E B Csmin A <chorus_1> E B Csmin A E Csmin A E B Csmin A E B Csmin A E B Csmin A <verse_2> E B Csmin A E B Csmin7 A <chorus_2> E B Csmin A E Csmin A E B Csmin A E B Csmin A E Csmin A E B Csmin A <bridge_1> E Csmin B <chorus_3> E B E Csmin A E B Csmin A E B Csmin A E Csmin <outro_1> A E A E Csmin A E,2022-12-16,,2020.0,,artist_127,,2ul1zd4Hcaa4hPHyRSKZNh,2fZ9fxJBXHxtJ1dK67M84e
211,<verse_1> Dmin Bb F C Dmin Bb F C Dmin Bb F C Dmin Bb F C <chorus_1> Dmin Bb F C Dmin Bb F C Dmin Bb F C Dmin Bb F C <verse_2> Dmin Bb F C Dmin Bb F C Dmin Bb F C Dmin Bb F C <chorus_2> Dmin Bb F C Dmin Bb F C Dmin Bb F C Dmin Bb F C Dmin Bb F C Dmin Bb F C,,,,,,,,
212,<intro_1> Cmin <verse_1> Ab Eb Bb Cmin Ab Eb Bb Cmin Ab Eb Bb Cmin Ab Eb Bb Cmin Ab Eb Bb Eb/G Ab Cmin Bb Eb/G Ab <chorus_1> Cmin Bb Eb Cmin Bb Eb Cmin Bb Eb Cmin Bb Cmin Bb Eb Cmin Bb Eb Cmin Bb Eb Cmin Bb Eb <verse_2> Cmin Ab Eb Bb Cmin Ab Eb Bb Cmin Ab Eb Bb Cmin Ab Eb Bb Cmin Ab Eb Bb Eb/G Ab Cmin Bb Eb/G Ab <chorus_2> Cmin Bb Eb Cmin Bb Eb Cmin Bb Eb Cmin Bb Cmin Bb Eb Cmin Bb Eb Cmin Bb Eb Cmin Bb Eb <bridge_1> Ab Bb Cmin Ab Bb Cmin Eb/G Ab Cmin Bb Eb/G Ab Cmin Bb Eb Eb/G Ab Cmin Bb Eb/G Ab <chorus_3> Cmin Bb Eb Cmin Bb Eb Cmin Bb Eb Cmin Bb Cmin Bb Eb Cmin Bb Eb Cmin Bb Eb Cmin Bb Eb,,,,,,,,
213,<intro_1> E <verse_1> Csmin A B E Csmin A B E Csmin A B E Csmin A B E A B <chorus_1> E Csmin A B E Csmin A B E Csmin A B E Csmin A B E <verse_2> Csmin A B E Csmin A B E Csmin A B E Csmin A B E A B <chorus_2> E Csmin A B E Csmin A B E Csmin A B E Csmin A B E <bridge_1> Csmin A B E Csmin A B E Csmin A B E Csmin A B E Csmin A B E Csmin A B E,,,,,,,,
214,<verse_1> E B Csmin A E B Csmin7 A Csmin7 B Csmin7 B <chorus_1> A Csmin B A Csmin B A Csmin B A Csmin B <verse_2> E B Csmin A Csmin B <chorus_2> A Csmin B A Csmin B A Csmin B A Csmin B <bridge_1> A E B Csmin A E B A Csmin B A Csmin B A Csmin B A Csmin B Csmin,2023-02-09,'alberta country',2020.0,,artist_128,country,6TtTvigrsLf9ShFaRGxGWJ,3FuZQgYK8xR8diGiLTcGp4
215,<intro_1> E A E B A E B <verse_1> E A E B A E B <verse_2> E A E B A E B E B E B E A B <chorus_1> E A E A Asdim7 B C B E C B E C B E B <verse_3> E A E B A E B E B E B E A B <chorus_2> E A E A Asdim7 B C B E C B E C B E B <instrumental_1> E A E A Asdim7 B C B E B <outro_1> E A E A Asdim7 B C B E C B E C B E A E,1998-06-01,'classic belgian pop',1990.0,,artist_22,pop,1Xf4T1cCVuhezvksORlr1k,7p0vcwWuuNIgMQvaYkgiRG
216,<intro_1> G D A Bmin G D A <verse_1> G D A Bmin G D A <verse_2> G D A Bmin G D A Emin A <chorus_1> G D A Bmin G D A Bmin G D A Bmin G A G D A <verse_3> Bmin G D A <chorus_2> G D A Bmin G D A Bmin G D A Bmin G A G D A Bmin <interlude_1> G D A G D A Bmin G D A Bmin G D A Bmin G A G D A Bmin G D A G,2023-05-19,'boy pop',2020.0,,artist_129,pop,3sopeaYNvNB91exItMxVkw,0PzkR56FHijkNKuNTeZQeY
217,<verse_1> A E B <chorus_1> E Gs Csmin E Amin E B A Amin E <verse_2> B A Amin E A E B <chorus_2> E Gs Csmin E B Amin E B A Amin E <instrumental_1> Gs Csmin B Amin E B A Amin E <outro_1> Gs Csmin B Amin E B A Amin E B A Amin E,,'k-pop' 'k-pop boy group',,,artist_130,pop,7xAACq6jlGqXw4bNCTYcm6,2hRQKC0gqlZGPrmUKbcchR
218,<intro_1> D C Emin G <verse_1> D C Emin G D C Emin G <chorus_1> D Amin G D G Amin G D Amin G D G Amin G D <interlude_1> Amin G D <bridge_1> Amin G D <interlude_2> C Emin G <verse_2> D C Emin G D C Emin G <chorus_2> D Amin G D G Amin G D Amin G D,,,,,,,,
219,<intro_1> A E D A Bmin A B7 E <verse_1> A E D A Bmin A B7 E D A Bmin E D A Bmin E A <interlude_1> E D A Bmin A B7 E <verse_2> A E D A Bmin A B7 E D A Bmin E D A Bmin E A <interlude_2> E D A Bmin A B7 E <verse_3> A E D A Bmin A B7 E D A Bmin E D A Bmin E A <solo_1> E D A Bmin A B7 E D A Bmin E D A Bmin E A <verse_4> E D A Bmin A B7 E D A Bmin E D A Bmin E A D A Bmin E D A Bmin E A,2013-11-22,'estonian pop' 'estonian rock',2010.0,,artist_131,pop rock,5hFZ2cMjGJGf86YkVEPWb1,0EPNiD8YWSROQE3p72NK9S
220,<intro_1> E B A E B7 <verse_1> E A E A E B A E B7 <verse_2> E A E A E B A E B7 E A E B A E B7 <verse_3> E A E A E B A E B7 <outro_1> E A E,2006-10-11,'blues' 'chicago blues' 'harmonica blues' 'traditional blues',2000.0,,artist_132,jazz,42gJqcAi4jSmqzXg4xYDH2,41ZMMuFFLPTVPkUsSI5KlV
221,<intro_1> A E A D A E7 <verse_1> A D A E D A E7 <verse_2> A D A E D A E7 A D A E D A E7 <verse_3> A D A E D A E7 A D A E D A,1964-01-01,'blues' 'chicago blues' 'harmonica blues' 'traditional blues',1960.0,,artist_132,jazz,49BTq4heNcOAFwTwBRjaX7,41ZMMuFFLPTVPkUsSI5KlV
222,<intro_1> A <verse_1> D A D A E7 <verse_2> A D A D A E7 A D A E D A E7 A,2003,'blues' 'chicago blues' 'harmonica blues' 'traditional blues',2000.0,,artist_132,jazz,59LH34Y3BPAkAxwKc5IZlJ,41ZMMuFFLPTVPkUsSI5KlV
223,<intro_1> A E7 <chorus_1> A D A E D A E7 <verse_1> A <chorus_2> D A E D A E7 A D A E D A E7 <verse_2> A <chorus_3> D A E D A E7 <verse_3> A <chorus_4> D A E D A E7 <outro_1> A,2015-07-10,,2010.0,,artist_133,,7uafaUP3IxHXZeqJjWcsYo,2EAhBEfPlNe3DI3M0Dbi29
224,<intro_1> E B E B7 <verse_1> E A E A E B A E B7 <verse_2> E A E B A E B7 E A E B A E B7 <verse_3> E A E B A E B7 E,2017-08-04,'blues' 'chicago blues' 'harmonica blues' 'traditional blues',2010.0,,artist_132,jazz,4uvdVSZSfDrXL09nFcrVTW,41ZMMuFFLPTVPkUsSI5KlV
225,<intro_1> E7 A7 E7 A7 D7 A7 E7 <verse_1> A7 D7 A7 D7 A7 E7 D7 A7 D7 A7 E7 <verse_2> A7 D7 A7 E7 D7 A7 D7 A7 E7 A7 D7 A7 E7 D7 A7 D7 A7 E7 <verse_3> A7 D7 A7 E7 D7 A7 E7 D7 A7 E7 <outro_1> A7 D7,1963-01-01,'blues' 'chicago blues' 'harmonica blues' 'traditional blues',1960.0,,artist_132,jazz,0DHVneG7bbklw8PqCWDB3U,41ZMMuFFLPTVPkUsSI5KlV
226,<intro_1> A E7 <verse_1> A D A E A E7 <verse_2> A D A E A E7 A D A E D A E7 <verse_3> A D A E A E7 A D A E,1963-01-01,'blues' 'chicago blues' 'harmonica blues' 'traditional blues',1960.0,,artist_132,jazz,5sbq5iMhby06e8CUzmghyG,41ZMMuFFLPTVPkUsSI5KlV
227,<intro_1> Cmaj7 Bmin7 Emin7 Gmaj7 <verse_1> Cmaj7 Bmin7 Emin7 Gmaj7 Cmaj7 Bmin7 Emin7 Gmaj7 Cmaj7 Amin7 Bmin7 Emin7 Gmaj7 Cmaj7 Amin7 Bmin7 Emin <chorus_1> Cmaj7 Amin7 Bmin7 Emin7 Gmaj7 Cmaj7 Amin7 Bmin7 Emin7 Gmaj7 Cmaj7 Amin7 Bmin7 Emin7 Gmaj7 Cmaj7 Amin7 Bmin7 Emin7 Gmaj7 <verse_2> Cmaj7 Bmin7 Emin7 Gmaj7 Cmaj7 Amin7 Emin7 Gmaj7 Cmaj7 Amin7 Emin7 Gmaj7 Cmaj7 Amin7 Emin7 <chorus_2> Cmaj7 Amin7 Bmin7 Emin7 Gmaj7 Cmaj7 Amin7 Bmin7 Emin7 Gmaj7 Cmaj7 Amin7 Bmin7 Emin7 Gmaj7 Cmaj7 Amin7 Bmin7 Emin7 Gmaj7,2023-02-10,'singer-songwriter pop',2020.0,,artist_134,pop,6maTPqynTmrkWIralgGaoP,311uEW9rt5g2NmzjGEKS2E
228,<intro_1> E7 A7 E7 A7 B7 A7 E7 B7 <verse_1> E7 A7 E7 A7 E7 A7 E7 B7 <verse_2> E7 A7 E7 A7 E7 A7 E7 B7 E7 A7 E7 B7 A7 E7 B7 <verse_3> E7 A7 E7 A7 E7 A7 E7 B7 <outro_1> E7 A7,1963-01-01,'blues' 'chicago blues' 'harmonica blues' 'traditional blues',1960.0,,artist_132,jazz,5QGhRNAX13URAp4F6I576r,41ZMMuFFLPTVPkUsSI5KlV
229,<intro_1> F G Emin F <verse_1> G Emin F G Emin F G Amin Dmin7 Emin G <chorus_1> F C G Amin F C G Amin F C G Amin F C G Amin F C G Amin F C G Amin <verse_2> F G Emin F G Emin F G Amin Dmin7 Emin G <chorus_2> F C G Amin F C G Amin F C G Amin F C G Amin F C G Amin F C G Amin <outro_1> F C G Amin F C G Amin F C G Amin F C G Amin,2022-10-28,'uk pop',2020.0,,artist_135,pop,4nTsYZHFfecWk7NPXqqVyD,6Rmg5JiRphFMlhkwGNl9Fu
230,<intro_1> A7 D7 A7 E7 <verse_1> A7 D7 A7 D7 A7 E7 D7 A7 E7 D7 A7 E7 <verse_2> A7 D7 A7 E7 D7 A7 D7 A7 E7 A7 D7 A7 E7 D7 A7 E7 <verse_3> A7 D7 A7 E7 D7 A7 E7 <outro_1> A7,2017-08-04,'blues' 'chicago blues' 'harmonica blues' 'traditional blues',2010.0,,artist_132,jazz,7fXnXs1KjxPpbhrh1W3Nm7,41ZMMuFFLPTVPkUsSI5KlV
231,<intro_1> E7 <verse_1> A7 E7 B7 A7 E7 B7 <verse_2> E7 A7 E7 B7 A7 E7 B7 E7 A7 E7 B7 A7 E7 B7 <verse_3> E7 A7 E7 B7 A7 E7 B7 <outro_1> E7 A7 E7,2017-08-04,'blues' 'chicago blues' 'harmonica blues' 'traditional blues',2010.0,,artist_132,jazz,6ykzyzN5pRgygZsUell9yT,41ZMMuFFLPTVPkUsSI5KlV
232,<intro_1> A7 E7 A7 D7 A7 E7 <verse_1> A7 D7 A7 E7 D7 A7 E7 <verse_2> A7 D7 A7 E7 D7 A7 E7 A7 D7 A7 E7 D7 A7 E7 <verse_3> A7 D7 A7 E7 A7 E7 <outro_1> A7 D7 A7 E7 A7,1963-01-01,'blues' 'chicago blues' 'harmonica blues' 'traditional blues',1960.0,,artist_132,jazz,0r3O0kffEfGVYWzMQ2F0Xm,41ZMMuFFLPTVPkUsSI5KlV
233,<intro_1> F7 C7 <verse_1> F7 Bb7 F7 C7 Bb7 F7 C7 <verse_2> F7 Bb7 F7 C7 Bb7 F7 C7 F7 Bb7 F7 C7 Bb7 F7 C7 <verse_3> F7 Bb7 F7 C7 Bb7 F7 C7 <outro_1> F7 Bb7 F7,1962-01-01,'blues' 'chicago blues' 'harmonica blues' 'traditional blues',1960.0,,artist_132,jazz,0GrhsM0eQQFyFN4M2zqc5f,41ZMMuFFLPTVPkUsSI5KlV
234,<intro_1> Eb Gmin7 F Eb Gmin7 Bb <verse_1> Eb Gmin7 F Eb Gmin7 F Eb Gmin7 F Eb Gmin7 Bb <chorus_1> Eb Gmin7 F Eb Gmin7 F Eb Gmin7 F Eb Gmin7 Bb Eb Gmin7 F Eb Gmin7 Bb <verse_2> Eb F <chorus_2> Eb Gmin7 F Eb Gmin7 F Eb Gmin7 F Eb Gmin7 Bb Gmin7 Bb F Gmin7 Bb F Gmin7 Bb F Gmin7 Bb F <bridge_1> Eb D/Bb Eb F Eb D/Bb Eb F Eb Gmin7 F Eb Gmin7 Bb <chorus_3> Eb Gmin7 F Eb Gmin7 F <outro_1> Eb Gmin7 F Eb Gmin7 Bb Eb Gmin7 F Eb Gmin7 Bb Eb,2018-07-13,'south african rock',2010.0,south african rock,artist_136,rock,5GIUHrDsFowJPjy6xFy9PR,1RqKaZtnoko0n8YpgLNZkx
235,<intro_1> A E7 <verse_1> A D A E D A E7 <verse_2> A D A E D A E7 A D A E D A E7 <verse_3> A D A E D A E7 <outro_1> A D A,1960-01-01,'blues' 'chicago blues' 'harmonica blues' 'traditional blues',1950.0,,artist_132,jazz,3aVwyINZ1BAn0zq4Ab4LiX,41ZMMuFFLPTVPkUsSI5KlV
236,<intro_1> E B7 <verse_1> E7 A7 E7 B7 A7 E7 B7 <verse_2> E7 A7 E7 B7 A7 E7 B7 E7 A7 E7 B7 A7 E7 B7 <verse_3> E7 A7 E7 B7 A7 E7 B7 E7,1960-01-01,'blues' 'chicago blues' 'harmonica blues' 'traditional blues',1950.0,,artist_132,jazz,2HpsnqW7jkTrzM2aiAS9Fn,41ZMMuFFLPTVPkUsSI5KlV
237,<intro_1> E,1995-06-19,'blues' 'chicago blues' 'harmonica blues' 'traditional blues',1990.0,,artist_132,jazz,45uJq1Kl5DgomxCEg5e5OY,41ZMMuFFLPTVPkUsSI5KlV
238,<intro_1> E B7 <verse_1> E A E B A E B7 <verse_2> E A E B A E B7 E A E B A E B7 <verse_3> E A E B A E B7 <outro_1> E,1960-01-01,'blues' 'chicago blues' 'harmonica blues' 'traditional blues',1950.0,,artist_132,jazz,084PSDb2PUzArLqwsE0kwh,41ZMMuFFLPTVPkUsSI5KlV
239,<intro_1> E <verse_1> A E B A E B7 <verse_2> E A E B A E B7 E A E B A E B7 <verse_3> E A E B A E B7 <outro_1> E,1960-01-01,'blues' 'chicago blues' 'harmonica blues' 'traditional blues',1950.0,,artist_132,jazz,5dqgyu8brAwhtTXDJiO1V0,41ZMMuFFLPTVPkUsSI5KlV
240,<intro_1> E A E B7 <verse_1> E A E A E B A E B7 <verse_2> E A E A E B A E B7 E A E B A E B7 <verse_3> E A E B A E B7 <outro_1> E,1960-01-01,'blues' 'chicago blues' 'harmonica blues' 'traditional blues',1950.0,,artist_132,jazz,2CelkZmgIaM4ePolQzmcwB,41ZMMuFFLPTVPkUsSI5KlV
241,<intro_1> E B7 <verse_1> E A E B A E B7 <verse_2> E A E B A E B7 E A E B A E B7 <verse_3> E A E B A E B7,1960-01-01,'blues' 'chicago blues' 'harmonica blues' 'traditional blues',1950.0,,artist_132,jazz,6tRzmitQ3P0wK277WqfVzc,41ZMMuFFLPTVPkUsSI5KlV
242,<intro_1> Amin7 G/B C C/D G Emin C Bb G Emin Amin7 G/B C C/D <verse_1> G Emin C Bb G Emin Amin7 G/B C C/D G Emin C Bb G Emin Amin7 G/B C C/D <verse_2> G Emin C Bb G Emin Amin7 G/B C C/D G Emin C Bb G Emin Amin7 G/B C C/D <chorus_1> G Emin C Bb G Emin Amin7 G/B C C/D G Emin C Bb G Emin Amin7 G/B C C/D <verse_3> G Emin C Bb G Emin Amin7 G/B C C/D G Emin C Bb G Emin Amin7 G/B C C/D <chorus_2> G Emin C Bb G Emin Amin7 G/B C C/D G Emin C Bb G Emin Amin7 G/B C C/D <bridge_1> Amin D Bmin Emin Amin D Eb Eb/F <solo_1> Bb Gmin Eb Db Bb Gmin Cmin7 Bb/D Eb Eb/F <chorus_3> Bb Gmin Eb Db Bb Gmin Cmin7 Bb/D Eb Eb/F Bb Gmin Eb Db Bb Gmin Cmin7 Bb/D Eb Eb/F Bb Gb Bb Gb Ab Bb Gb Bb Gb Eb Bb,2018-08-24,'norwegian indie' 'norwegian pop',2010.0,,artist_137,alternative,0tP414RMhI5EKej6pJsIvA,7hJnLLfzUy0oDOtNZF8wUm
243,<intro_1> A E A D A E <verse_1> A D A E D A E <verse_2> A D A E D A E A D A E D A E <verse_3> A D A E D A E <outro_1> A,1960-01-01,'blues' 'chicago blues' 'harmonica blues' 'traditional blues',1950.0,,artist_132,jazz,5MeWVcpkkAOofncCpmwBaq,41ZMMuFFLPTVPkUsSI5KlV
244,E7 B7 A7 E7 B7 E7 A7 E7 B7 A7 E7 B7 E7 A7 E7 B7 A7 E7 B7 E7 A7 E7 B7 A7 E7 B7 E7 A7 E7 B7 A7 E7,2017-08-04,'blues' 'chicago blues' 'harmonica blues' 'traditional blues',2010.0,,artist_132,jazz,69BitnFFEW0yrtbNQL4inL,41ZMMuFFLPTVPkUsSI5KlV
245,A Csmin7 Dmaj7 A Csmin7 Dmaj7 A Csmin7 Dmaj7 A Csmin7 Dmaj7 A Bmin Fsmin Bmin Fsmin A Csmin7 Dmaj7 A Dmaj7 A Csmin7 Dmaj7 A Csmin7 Dmaj7 A Csmin7 Dmaj7 A Csmin7 Dmaj7 A Bmin Fsmin Bmin Fsmin A Csmin7 Dmaj7 A Dmaj7 A Dmaj7 A,2022-09-23,'german indie' 'german pop',2020.0,,artist_138,alternative,5nvy1CFXRbVvJkwUwuRqnh,0uNoScPvcAL4krqNZfeJBq
246,<verse_1> Db C Dmin Bbmin Dmin Bbmin C <chorus_1> F Dmin Bb Amin Gmin Dmin Bbmin F <verse_2> Db C Dmin Bbmin Dmin Bbmin C <chorus_2> F Dmin Bb Amin Gmin Dmin Bbmin F Db D Bmin G Fsmin Emin D Bmin Emin D Bmin Emin Gmin D,2015-12-04,'german show tunes',2010.0,,artist_139,,1xNUDESQ5TyPvMziSRIfpH,2aRc20jIhrOWFTjAzHTuqD
247,<chorus_1> Fs Gsmin B E B Fs B Gsmin Fs Gsmin B <instrumental_1> Fs Gsmin B E B Gsmin <verse_1> B Gsmin Fs E B Gsmin B E Gsmin B E Gsmin E Fs B Fs B Fs B Fs Gsmin B E B Fs B Gsmin Fs Gsmin B <instrumental_2> E Fs Gsmin Fs B <verse_2> Gsmin Fs E B Gsmin B E Gsmin B Gsmin E Fs B Fs B Fs B E Gsmin E Fs B E Gsmin Fs Gsmin B E B Fs B Gsmin Fs Gsmin B,1975-12-01,'rabindra sangeet',1970.0,,artist_140,,7m3eIVd1XNpNHmSsv2joSt,0lzhlb4hBZjcjQDYdbASUz
248,<intro_1> C F C G <verse_1> C G F G C G F G <chorus_1> Emin E Amin F C G F G C F C <bridge_1> G C F C G Emin C Emin <verse_2> C G F G C G F G <chorus_2> Emin E Amin F C G F G C G F G C F <bridge_2> C G C F C G Emin <verse_3> C G F G C G F G Emin E Amin F C G F G C G F G C F G C F G C,1964,'adult standards' 'brill building pop' 'disco' 'quiet storm' 'soft rock' 'vocal jazz',1960.0,soft rock,artist_141,pop rock,5Rw8qpcPkThjuNbnHNx1wL,2JSjCHK79gdaiPWdKiNUNp
249,<verse_1> Gmin Eb D Dmin7 Gmin Eb Bbmaj7 <verse_2> Ebmaj7 D7 Dmin7 Gmin7 Ebmaj7 Bbmaj7 <bridge_1> Eb Dmin G7 Eb F <verse_3> Gmin Eb Gmin D7 Dmin7 Gmin7 Eb Bbmaj7 <outro_1> Ebmaj7 Bbmaj7 Ebmaj7 Bbmaj7,,,,,,,,
250,<verse_1> C G C <chorus_1> G C <verse_2> D A D <chorus_2> A D <outro_1> A D A D A D,2023-10-13,'muziek voor kinderen',2020.0,,artist_142,,3QQyKKXqsgDd7sDFgXqOHM,0iPd49ijIfA2JCZSZ4QDPv
251,<intro_1> Fmin Eb Db <verse_1> Eb Ab Bb Db Eb Bbmin Db Eb Ab Cmin Fmin Bb Db Ab Cmin Fmin Ab Cmin Bb Db Ab C Fmin Db Ab Eb Cmin Bb Db Cmin Eb Db Bbmin Cmin Eb Db Bbmin <chorus_1> Cmin Bbmin Db Cmin Ab Db Fmin Cmin Ab Db <bridge_1> Ab Cmin Bbmin Db Ab Cmin Fmin Db Ab Cmin Bb Db Eb Fmin Cmin Bb <instrumental_1> Ab Db Eb Ab Db Eb Db Eb Db Eb,2014-11-17,'bitpop' 'bubblegrunge' 'diy emo' 'modern power pop',2010.0,,artist_143,pop,5YSFprpub5P5ImP7GgptCz,4RoIQHT4yJcA0ENhs8WLd4
252,<intro_1> G Ds D Gmin <verse_1> Amin7 D7 Gmin Amin D Gmin Ds D Asmin Ds Amin D7 <verse_2> Gmin Amin7 D7 Gmin Amin7 D7 Gmin Ds D As Ds D <chorus_1> G Amin D7 G Fsmin B7 Emin C F G Amin D G Ds D <verse_3> Gmin Amin D7 Gmin Amin D7 Gmin Amin D7 Gmin Amin D7 Gmin Amin D7 Gmin Amin D7 Gmin Amin D7 Gmin Amin D7 Gmin <chorus_2> G D7 G Fsmin B7 Emin C F G Amin D G Ds D,,,,,,,,
253,<intro_1> Cs Csmin Cs E Cs Csmin Cs Csmin B Cs A <chorus_1> Cs E B As Cs E B Cs E B Cs E B Csmin Cs E B Cs Csmin7 Cs7 Csmin7 C Csmin <verse_1> Cs Csmin B Cs Csmin Cs Csmin B Cs Csmin B Cs Csmin Cs Csmin B C Cs Csmin B Cs7 Csmin7 B E Cs Cs7 Cs Csmin B Cs7 Csmin B <solo_1> Fs B Cs Cs7 Csmin B Cs <chorus_2> E Cs Cs7 E Cs E B Cs Csmin Cs A Cs Csmin Cs <outro_1> Csmin B Cs7 Csmin B Csmin Fs7 Cs Cs7 Cs B Cs7 Csmin7 B Fs B Cs Cs7 Cs Csmin B Cs7 B Cs Fs B Cs,1999-12-14,,1990.0,,artist_144,,5aHhhjCqjqDxzgJxqTnx3I,5mkI3ZZVNkFFVv5Yo51YeY
254,<verse_1> Emin C G C G D Emin C G C G D Amin C D G <chorus_1> Emin G C G D Emin C Emin G C G D Emin C Emin <verse_2> C G C G D Emin C G C G D Amin C D G <chorus_2> Emin G C G D Emin C Emin G C G D Emin C Emin,,'ontario indie',,,artist_145,alternative,,2qgcVY8aup4vFHfp4uoZ2X
255,<intro_1> G <verse_1> D D/C D/B D/A G <verse_2> D D/C D/B D/A G <verse_3> A E E/D E/Cs E/B A,2023-10-13,'muziek voor kinderen',2020.0,,artist_142,,7EIzti98M2f4Ur1YN8Z3Gz,0iPd49ijIfA2JCZSZ4QDPv
256,<intro_1> Ab Ab Ab Bb Cmin Db Dbmin Fmin Cmin A Gb Db <verse_1> Ab Bb Cmin Db Emin Fmin Cmin Ebmin Cmin A Bbmin Gb Db <chorus_1> Gbmin Ab Gbmin Ab Db Gb Fmin Gb Db Fmin Gb Gbmin Db Gb Db <interlude_1> Gb Ab Gb Ab Gb Ab Gb Ab,2023-02-10,'classic finnish rock' 'suomi rock',2020.0,classic finnish rock,artist_146,rock,3RDAtRpUJDMWMAqWWPhLM5,6h03SuifBwUlydEkwrXVXF
257,<verse_1> G D G C G D G D G C D G <verse_2> C G C F C G C G C F G C <bridge_1> F/A G C Dmin/B E7 Amin G C G D7 G <verse_3> C G C F C G C G C F G C E7 <interlude_1> Amin G/B A/Cs Dmin Amin F E A D G D7 G <verse_4> C G C F C G C G C F G C <bridge_2> F/A G C Dmin/B E7 Amin G C G D7 G <verse_5> C G C F C G C G C F G C F/C C,2013-06-14,'classic finnish pop' 'classic iskelma',2010.0,,artist_147,pop,1l7dLAxDcMdy2ttMIkdHYE,37XPhuXDGNS3x6ohVUtKK8
258,<intro_1> Fs B Fs Esus2 B Fs B Fs <verse_1> E Fs D Fs E Fs D Fs Cs <chorus_1> E Cs E Fs Cs E Cs E Cs E Csmin E Fs Csmin E Cs Bmin Fs A Fs <verse_2> D E Fs E Fs D Fs <chorus_2> Csmin E Cs E Cs E Cs Csmin E Cs E Cs E Fs Csmin E Cs E B E <bridge_1> Fs E Fs Csmin7 E Fs Asmin Fs E Fs A B G A G A B G A G A B A G A B A <solo_1> Fs A Fs A Fs <chorus_3> A Fs E Fssus2 Fs A Fs Fs7 E Fs <chorus_4> Fssus2 A7 E Fsmin7 Fs <outro_1> Fsmin7 A Fs,1999-12-14,,1990.0,,artist_144,,0TSzMfoCsv18GtzzH4bwJG,5mkI3ZZVNkFFVv5Yo51YeY
259,<intro_1> G C D G <verse_1> D G C G C G D G D G C G C G D G <chorus_1> C G C G D C G C G D G <verse_2> D G C G C G D G D G C G C G D G <chorus_2> C G C G D C G C G D G C G C G D C G C G D G,2021-12-12,'family gospel',2020.0,,artist_148,,2f5TtJQxzpaiL8NtfLBvGD,3lUosnxUNCggs7r4yCln0R
260,<intro_1> Amin <verse_1> Dmin Amin <chorus_1> D Emin Amin D Emin Amin <verse_2> Dmin Amin Dmin Amin <chorus_2> D Emin Amin D Emin Amin Dmin Amin Dmin Amin Dmin Amin Dmin Amin,2021-07-30,'australian surf rock' 'christchurch indie',2020.0,australian surf rock,artist_149,rock,4wo1QovIYSpcuzVFHCD66v,5dbCgsqzVweFpd1yYHv3Bz
261,<intro_1> Dmin C G Dmin C G <verse_1> Dmin C G Dmin C G Dmin C G Dmin C G Dmin C G Dmin C G Dmin C G Dmin C G <verse_2> Dmin G Dmin G Dmin C G Dmin C G <chorus_1> Dmin C G Dmin C G Dmin C G Dmin C G <interlude_1> Dmin C G F Amin G Dmin C G F Amin G F Amin G C G <chorus_2> Dmin C G Dmin C G Dmin C G F Amin G C G Dmin C G Dmin C G Dmin C G F Amin G <outro_1> F Amin G,2022-05-27,'ambient folk',2020.0,,artist_150,country,6qr4bldy3y451hApJFEWqa,0sYlth2PW1zWJMEU2vCukz
262,<intro_1> Cmin F G Cmin F G Cmin F G Cmin F <verse_1> G Cmin F G Cmin F G Cmin F G Cmin F G Cmin F G Cmin F G Cmin F G Cmin F G <verse_2> Ab Eb Ab G Cmin F G Cmin F G Cmin F G C <verse_3> Cmin F G Cmin F G Cmin F G Cmin F G Ab Eb Ab G Cmin F G Cmin F G Cmin F G Eb <interlude_1> Cmin F Cmin F G Cmin F Cmin F Cmin Ab <bridge_1> Eb Ab Cmin <outro_1> F G Cmin F G F G Cmin F Cmin F G Cmin G F G Cmin F G F G Cmin F G F G Cmin G F G Cmin,2020-05-22,'australian alternative rock',2010.0,australian alternative rock,artist_151,rock,0l0WkzEZEC7bP6AWnX2Bum,09NEIWHdaWneBWsjYdDnwz
263,<intro_1> Fsmin D A E <verse_1> Fsmin D A E Fsmin D A E D A E A <chorus_1> E Fsmin D A E Fsmin D A E Fsmin D A E D <verse_2> Fsmin D A E Fsmin D A E D A E A <chorus_2> E Fsmin D A E Fsmin D A E Fsmin D A E Fsmin <bridge_1> Bmin D A E Bmin D A Fsmin D A E Fsmin E D A E Fsmin E D <chorus_3> A E Fsmin D A E Fsmin D A E Fsmin D A E Fsmin <outro_1> A E Fsmin E D A E Fsmin D A E Fsmin E D A E Fsmin D A,2016-01-25,'danish metal' 'modern hard rock' 'nwocr' 'southern metal',2010.0,modern hard rock,artist_152,metal,1culotnI4Pd9sF5bGT52eW,5W3Q0PiFwL9CCPJ6YDDibK
264,<intro_1> C Emin <chorus_1> Amin F C Emin Amin F C Emin Amin F <verse_1> C Emin Amin F C Emin Amin F C Emin Amin F C Emin Amin F C Emin Amin F C Emin Amin F <chorus_2> C E Amin F C Emin Amin F C E Amin F C Emin Amin F <outro_1> C Emin Amin F C Emin Amin F,2022-02-19,,2020.0,,artist_153,,63yGv7ArIn2BiOzYVYTRcX,1KTljUXZGt7HkAFFEnDBn1
265,<intro_1> D G A <verse_1> D G A D G A <chorus_1> E G A D E G A D G A <verse_2> D G A D G A <chorus_2> E G A D E G A D G A <bridge_1> Emin D G A D C Emin D G Emin D C <chorus_3> E7 A D E G A D,2022-03-22,'gen z singer-songwriter',2020.0,,artist_154,,5PvHr0dtFzsKzmd9wkC4Le,11dABkjSoOjcP9p3TFSNRj
266,<intro_1> Emin C Amin D Emin C Amin D Emin C Amin D Emin C Amin D <verse_1> Emin C Amin D Emin C Amin D Emin C Amin D Emin C Amin D Emin C Amin D Emin C Amin D Emin C Amin D Emin C Amin <chorus_1> D Emin C Amin D Emin C Amin D Emin C Amin D Emin C D <verse_2> Emin C Amin D Emin C Amin D Emin C Amin D Emin C Amin D Emin C Amin D Emin C Amin D Emin C Amin D Emin C Amin D <chorus_2> Emin C Amin D Emin C Amin D Emin C Amin D Emin C D Emin C Amin D Emin C Amin D Emin C Amin D Emin C Amin D <verse_3> Emin C Amin D Emin C Amin D Emin C Amin D Emin C Amin <chorus_3> D Emin C Amin D Emin C Amin D Emin C Amin D Emin C D Emin C Amin D Emin C Amin D Emin C Amin D Emin C D <outro_1> Emin C Amin D Emin C Amin D Emin C Amin D Emin C Amin D Emin C Amin D Emin C Amin D Emin C Amin D Emin C Amin D Emin,1995,'heartland rock' 'jangle pop',1990.0,heartland rock,artist_155,pop rock,24WgD7nCXrc8tX7U1duPY0,2D2qwEatKbBSKhBCfP6lyn
267,<intro_1> Emin7 Amin7 Emin7 Amin7 Emin7 <verse_1> Amin7 B7 Emin7 Amin7 Bsus4 <chorus_1> B7 Amin7 Emin Amin7 Bsus4 B7 Emin7 <verse_2> Amin7 Bsus4 B Emin7 Amin7 Bsus4 B <chorus_2> Amin7 Emin Amin7 B7 Emin7 <interlude_1> Amin7 Emin7 Amin7 E <bridge_1> Cmaj7 Bmin7 Cmaj7 Bmin7 <chorus_3> Amin7 Emin Amin7 Bsus4 B7 Emin7 Bmin7 Amin7 <outro_1> Emin7 Bmin7 Amin7 E7sus4,2020-12-04,'adult standards' 'brill building pop' 'easy listening' 'lounge',2010.0,,artist_156,pop,5i4MHSHQchDCgBF9ByyaIB,35y7CZMg7jbG8Q96JY7dyC
268,<intro_1> E Fsmin Gsmin Amaj7 <verse_1> E A E A E A E A Csmin Bsus2 A Gsmin Fsmin E/Gs A/B <verse_2> E Fsmin Gsmin Amaj7 E Fsmin Gsmin Amaj7 Gs7 Csmin Aminadd9 Eadd13 Fs Aadd9 Gsmin Fsmin7 <chorus_1> E Fsmin7 A/B Emaj7 E Csmin Fsmin7 A/B Emaj7 A Fsdim7 E Gsmin Esus4 E Fsmin Gsmin Amaj7 <verse_3> E Fsmin Gsmin A E Fsmin Gsmin Amaj7 Csmin B Aadd9 E Fsmin E/Gs Asus2/B <verse_4> E Fsmin Gsmin Amaj7 E Fsmin Gsmin Gs Csmin7 Aminadd9 E/Gs Fs7 Aadd9 E/Gs Fsmin7 <chorus_2> E Csmin7 Fsmin Fsmin7 Fsmin A/B Emaj7 E Csmin7 Fsmin7 A/B Emaj7 A Fsdim7 E/Gs Fs A/B E Fsmin Gsmin A <bridge_1> Asus2 Gsmin Bb Bb/C Fmaj7 G7 Csus2 Bbadd13 Gmin7 Fsmin7 A/B <chorus_3> E Csmin Fsmin Fsmin7 A/B Emaj7 E Csmin Fsmin A/B Emaj7 Aadd9 Fsdim7 Fsmin Gsmin Gs Asus2 Fsmin Amin E Fsmin Gsmin Amaj7 E Fsmin Gsmin Amaj7,,,,,artist_157,,,23xulTZL2CvclAu5Q1eMaN
269,<verse_1> Bmin Fsmin Bmin Fsmin Cs Fsmin A Emin A Emin Fsmin Bmin Fsmin Bmin Fsmin Cs Fsmin A Emin A Emin <chorus_1> Fsmin Cs Fsmin Cs D A D A Bmin Fsmin G D Fsmin Cs Fsmin Cs <verse_2> Bmin Fsmin Bmin Fsmin Cs Fsmin A Emin A Emin Fsmin Bmin Fsmin Bmin Fsmin Cs Fsmin A Emin A Emin <chorus_2> Fsmin Cs Fsmin Cs D A D A Bmin Fsmin G D Fsmin Cs Fsmin Cs Fsmin Cs Fsmin Cs D A D A Bmin Fsmin G D Fsmin Cs Fsmin Cs <verse_3> Bmin Fsmin Bmin Fsmin Cs Fsmin A Emin A Emin Fsmin Bmin Fsmin Bmin Fsmin Cs Fsmin A Emin A Emin <chorus_3> Fsmin Cs Fsmin Cs D A D A Bmin Fsmin G D Fsmin Cs Fsmin Cs Fsmin Cs Fsmin Cs D A D A Bmin Fsmin G D Fsmin Cs Fsmin Cs Fsmin,2015-02-09,'art pop' 'etherpop' 'indie rock' 'indietronica' 'metropopolis' 'neo-synthpop',2010.0,indie rock,artist_158,pop rock,50jwxaKrzuBnuoOva2Ej3Y,7bcbShaqKdcyjnmv4Ix8j6
270,<intro_1> E7 E E7 A Aadd13 A Aadd13 A A7 <verse_1> A Aadd13 E7 E E7 Eadd13 E A Aadd13 A Aadd13 A E7 <verse_2> A Aadd13 A E7 E E7 Eadd13 E A A7 <bridge_1> D Dsus2 Dadd13 Dmin Dminadd13 A Fs7 B7 E <verse_3> A Aadd13 E E7 E Eadd13 E A D A E <instrumental_1> A Aadd13 E E7 E7/B E E7/B Eadd13/B A D A E <verse_4> A Aadd13 E E7 E E7 A Aadd13 A Aadd13 A E7 A Aadd13 E E7 Eadd13 E7 E A A7 <bridge_2> D Dadd13 D Dminadd13 A Fs7 B7 E7 <outro_1> A Aadd13 E7 E E7 A Aadd13 A D Dadd13 A,2001-04-27,,2000.0,,artist_159,,730BuYnjAXIII8606zpYtz,1ZzjkYTXVmDCuojoJY2Ph5
271,Bmin7 Emin Gmaj7 Cmaj7 Bmin7 Cmaj7 Bmin7 Cmaj7 Bmin7 Cmaj7 Bmin7 Cmaj7 Bmin7 Cmaj7 Bmin7 Cmaj7 Bmin7 Cmaj7 Bmin7 Emin Cmaj7 Gmaj7 Bmin7 Emin Cmaj7 Gmaj7 Bmin7 Emin Cmaj7 Gmaj7 Bmin7 Emin Cmaj7 Gmaj7 Bmin7 Emin Cmaj7 Gmaj7 Bmin7 Emin Cmaj7 Gmaj7 Bmin7 Emin Cmaj7 G Bmin7 Emin Cmaj7 G Bmin7 Emin Cmaj7 Gmaj7 Bmin7 Emin Cmaj7 Gmaj7 Bmin7 Emin Cmaj7 Gmaj7 Bmin7 Emin Cmaj7 Gmaj7 Bmin7 Emin Cmaj7 Gmaj7 Bmin7 Emin Cmaj7 Gmaj7 Bmin7 Cmaj7,2020-05-01,,2010.0,,artist_160,,3lX3IINEqVM6YykHaW3xiY,6hcUW68yAdNxdqvB6dcSvU
272,<intro_1> D G D G <verse_1> D G D G D G D G D <chorus_1> G D G <verse_2> D G D G D G D G D <chorus_2> G D G D G D G,2014-09-09,'alternative country' 'indie folk' 'modern folk rock' 'new americana' 'north carolina indie' 'north carolina roots' 'stomp and holler',2010.0,modern folk rock,artist_161,country,2y0m8p5SEwKxEnVl3bqdFe,37eqxl8DyLd5sQN54wYJbE
273,<intro_1> G <verse_1> Bmin C Cmin G A Bmin C Cmin Emin B <chorus_1> G C Emin D C Cmin G <verse_2> Bmin C Cmin Emin B <chorus_2> G C Emin D C Cmin G <bridge_1> Bmin C Cmin <chorus_3> Emin B G C Emin D C Cmin G <outro_1> Bmin C Cmin,2023-02-10,'pop punk' 'screamo',2020.0,,artist_162,pop,2R5SzmhzoaCkjDJcSaGrN3,4iJLPqClelZOBCBifm8Fzv
274,<intro_1> Emin C G D <verse_1> Emin C G D Emin C G D Emin C G D Emin C G D C D C D <chorus_1> Emin C G D Emin C G D Emin C G D Emin C G D <verse_2> Emin C G D Emin C G D C D C D <chorus_2> Emin C G D Emin C G D <bridge_1> C Emin C D Emin C G D Emin C G D <chorus_3> Emin C G D Emin C G D Emin C G D Emin C G D Emin C G D Emin C G D,,,,,,,,
275,<intro_1> F G C Amin F G Amin F G C Amin F G C <verse_1> F G C F G Amin F G C F G Amin <chorus_1> G Amin F C G F C G F C G F G C <interlude_1> F G C Amin F G Amin F G C Amin F G C <verse_2> F G C F G Amin F G C F G Amin C F G C F G Amin <chorus_2> G Amin F C G F C G F C G F C G F C G F G C,,,,,artist_163,,,6Z7MRcEkL4SJML0I7tLrfE
276,<intro_1> Bb <verse_1> Eb Ab Eb Ab Eb Ab Eb Ab <chorus_1> Eb Gmin Ab Eb Gmin Ab Bb <verse_2> Eb Ab Eb Ab Eb Ab Eb Ab <chorus_2> Eb Gmin Ab Eb Gmin Ab Eb Gmin Ab Eb Gmin Ab Bb Eb Gmin Bb Eb Fmin Ab Eb Gmin G Cmin Bb Ab Bb Db Eb Fmin Eb Gmin Fmin Eb Fmin Eb Gmin Fmin Eb Fmin Ab Gmin Fmin Eb Fmin Ab Gmin Fmin Gmin Bb Gmin Bb Gmin Bb Gmin Bb Gmin Bb Gmin Bb Eb Ab Gmin G Cmin Bb Ab Bb Eb Ab Gmin G Cmin Bb Ab Bb Eb Ab Gmin G Cmin Bb Ab Bb <chorus_3> Eb Gmin Ab Eb Ab Bb Eb Gmin Ab Eb Ab Bb,2023-01-28,'korean indie rock' 'korean shoegaze',2020.0,,artist_164,rock,0DYALM07LyrmvGBNpa8Zfw,7eZbNxarrTW4VkRI8u9aDX
277,<intro_1> F G F Amin G <verse_1> F C G Amin G F C G F Amin F G <verse_2> F C G Amin G F C G F Amin G F Amin F G <verse_3> F C G Amin G F C G F Amin G F <bridge_1> C G F Amin G F C G F Amin G F <instrumental_1> Amin G F C G <chorus_1> F C G F Amin G F C G F Amin G F,,,,,artist_165,,,7zSFKgdQTdGWWw5h5uYYyf
278,<intro_1> Fmin Gmin Dmin C Bb F Gmin Dmin Gmin Bb <verse_1> F Gmin Dmin Cmin F Gmin Dmin C <chorus_1> F Dmin7 C F Dmin7 C Gmin <verse_2> F Gmin Dmin Cmin F Gmin Dmin G <chorus_2> F Dmin7 C F Dmin7 C Gmin <instrumental_1> Dmin Gmin Bb C <verse_3> F Dmin C Bb F C Dmin C <chorus_3> F Dmin7 C F Dmin7 C Gmin F C7 Bbmin Gmin,2015-01-01,'bluegrass' 'modern southern rock' 'neo-traditional bluegrass' 'new americana',2010.0,modern southern rock,artist_166,rock,6qtbJulxYHxmoAtWz0Qnhs,3bLSAQPeix7Xm2e5Gtn48R
279,<verse_1> C F Amin G C F Amin G C F Amin G <chorus_1> C F Amin G C F Amin G C F Amin G C F Amin G,,'modern blues' 'neo soul' 'soul',,,artist_167,soul,,3qnGvpP8Yth1AqSBMqON5x
280,<chorus_1> G D A Bmin G D A Bb Bmin <verse_1> G D A Bmin G D A Bb Bmin <instrumental_1> G D A Bmin G D A Bb Bmin <verse_2> G D A Bmin G D A Bb Bmin <chorus_2> G D A Bmin G D A Bb Bmin <verse_3> G D A Bmin G D A Bb Bmin A Bb Bmin A Bb D,2018-04-17,'duluth indie',2010.0,,artist_168,alternative,6b9HG8TqB9ljgMQUMlbDvK,6uPrur9TGSIgCDbrlpCuXw
281,<intro_1> C Amin C Emin <verse_1> C Amin C Emin C Amin C Emin C Amin C Emin C Amin C Emin <chorus_1> C Amin C Emin C Amin C Emin <interlude_1> C Amin C Emin <verse_2> C Amin C Emin C Amin C Emin <interlude_2> C Amin C Emin <verse_3> C Amin C Emin C Amin C Emin <bridge_1> C D C D C D C D <chorus_2> C Amin C Emin C Amin C Emin <outro_1> C Amin C Emin C Amin C Emin,2022-04-15,,2020.0,,artist_169,,1vnv9SvtQiYBrFe4iloAcv,6bxkPSpMipZ4kkd3xCkY8S
282,<intro_1> Amin Emin C G <verse_1> Amin Emin C G Amin Emin C G Amin Emin C G Amin Emin C G <verse_2> Amin Emin C G Amin Emin C G Amin Emin C G Amin Emin C G <chorus_1> Amin Emin C G Amin Emin C G <chorus_2> Amin Emin C G Amin Emin C G <interlude_1> Amin Emin C G <verse_3> Amin Emin C G Amin Emin C G <chorus_3> Amin Emin C G Amin Emin C G <chorus_4> Amin Emin C G Amin Emin C G <interlude_2> Amin Emin C G <outro_1> Amin Emin C G Amin Emin C G Amin Emin C G Amin Emin C G,2022-09-08,,2020.0,,artist_170,,5PIfk3XQ06GCgWK9FQ8nu1,2dUuEbmMWuucTGbkESZbV8
283,<intro_1> Amin F C Dmin <chorus_1> Amin F C Dmin Amin F C Dmin Amin F C Dmin <verse_1> Amin F C Dmin Amin F C Dmin Amin F C Dmin Amin F C Dmin <chorus_2> Amin F C Dmin Amin F C Dmin Amin F C Dmin <verse_2> Amin F C Dmin Amin F C Dmin Amin F C Dmin <chorus_3> Amin F C Dmin Amin F C Dmin Amin F C Dmin <outro_1> Amin F C Dmin,2022-10-14,'modern alternative rock',2020.0,modern alternative rock,artist_171,rock,6lTo9AAms2d88DDg11eRAo,0NHArXVgYnHIxtWGIS7xWS
284,<verse_1> Emin C G D Emin C G D B7 <chorus_1> C G C G C G D C G Emin C G D Cadd9 D Emin <verse_2> C G D Emin C G D B7 <chorus_2> C G C G C G D C G Emin C G D Cadd9 D <solo_1> G D G D <bridge_1> Emin C G C F C G Emin C Cadd9 D C D <chorus_3> C G C G C G D C G Emin C G D Cadd9 G D Cadd9 G D Cadd9 G <outro_1> D G D G,,,,,,,,
285,<verse_1> C Dmin Amin Cmaj7 C Amin A Amin7 Fmaj7 Emin7 Dmin7 Cmaj7 <chorus_1> C Fmaj7 Emin7 E Fmaj7 Emin7 G E7 Ebmaj7 F <verse_2> Cmaj7 G C Dmin7 Amin Fmin Amin C Dmin Amin F Fmaj7 Emin Dmin7 Dmin C Cmaj7 <chorus_2> C Fmaj7 Emin7 Emin Fmaj7 Emin7 G Ebmaj7 Eb F <bridge_1> Gb Dbmaj7 Abmaj7 Gmin7 G Db Gbmaj7 Gb Db C7 <chorus_3> Fmaj7 Emin7 G Fmaj7 F C Emin7 Emin E Fmaj7 Emin7 C Fmaj7 Emin7 G C Emin7 G Ebmaj7 F,2015-06-09,'canadian pop' 'contemporary r&b' 'hip pop' 'r&b' 'urban contemporary',2010.0,,artist_172,pop,1C18fJEsSR0hpRxMzRQCrA,0le01dl1WllSHhjEXRl4in
286,<intro_1> G D G D <verse_1> G D G D A G D G A G A Fs Bmin A D G A D A <chorus_1> Bmin G A D A Bmin G A D A Bmin G A Bmin A D G A D <verse_2> G D G D A G D G A G D Fs Bmin A D G A D A <chorus_2> Bmin G A D A Bmin G A D A Bmin G A Bmin A D G A D <verse_3> Gs Ds Gs Ds As Gs Ds Gs As Gs Ds G Cmin As Ds Gs As Ds As <chorus_3> Bmin Gs As Ds As Cmin Gs As Ds As Cmin Gs As Cmin As Ds Gs As Ds <outro_1> Cmin Gs As Cmin Ds Gs As Ds Gs As Ds,2008-05-20,,2000.0,,artist_173,,2E52vdd65PpRL7teV29eDB,2ehpTon0gPZ14B67ajMkEy
287,<intro_1> D A G D A G D <verse_1> A G D A G D Bmin A G D A G D A G D A G D <verse_2> A G D A G D Bmin A G D A G D <chorus_1> G D G D A G D A G D A G D A G D <verse_3> A G D A G D Bmin A G D A G D <chorus_2> G D G D A G D A G D <outro_1> A G D A G D,2023-07-07,,2020.0,,artist_84,,1XL08mg8pTQRv3rjUjzGYW,7hUCAm3xD04T2JFwJRLrTH
288,<verse_1> A Gsdim A Gsdim Bmin A Gsdim A Gsdim Bmin Bmin7 Dmaj7/Cs A13/A Csaugmaj7/A <chorus_1> Bmin D/A Bmin D/A Fsaugmaj7/D E13/Cs Bmin D/A Bmin D/A Fsaugmaj7/D E13/Cs Emaj7 Faug <verse_2> Bmin7 Bmin Eadd13/B Csmin11/B Bmin7 Bmin Eadd13/B Csmin11/B D/A Aaug A D/A A D/A A Gsdim Bmin Bmin7 Dmaj7/Cs A13/A Csaugmaj7/A <chorus_2> Bmin D/A Bmin D/A Fsaugmaj7/D E13/Cs Bmin D/A Bmin D/A Fsaugmaj7/D E13/Cs Emaj7 Faug <verse_3> Bmin7 Bmin Eadd13/B Csmin11/B Bmin7 Bmin Eadd13/B Csmin11/B <instrumental_1> D Csaug A Gsdim A Gsdim A Gsdim <bridge_1> E Fsmin7 A Asaug Bmin7 Dmaj7/Cs A13/A Csaugmaj7/A <chorus_3> Bmin D/A Bmin D/A Fsaugmaj7/D E13/Cs Bmin D/A Bmin D/A Fsaugmaj7/D E13/Cs Emaj7 Faug <outro_1> Bmin7 Bmin Eadd13/B Csmin11/B Bmin7 Bmin Eadd13/B Csmin11/B,1985,'melancholia' 'new romantic' 'new wave pop' 'sophisti-pop',1980.0,,artist_174,pop,24oweRWCTA5Uec3SIUsSfW,4w3QqrcmBv8dasemwBXmxf
289,<verse_1> G D D7 G D D7 G A7 D G D G D G D G C G D G <verse_2> D D7 G D D7 G A7 D G D G D G D G C G D G <verse_3> D D7 G D D7 G A7 D G D G D G D G C G D G,,,,,,,,
290,<verse_1> D A Emin G D A Emin G <verse_2> D A Emin G D A Emin G <verse_3> D A Emin G D A Emin G <verse_4> D A Emin G A Emin G <outro_1> D A Emin G D A Emin G D A Emin G A Emin G D A Emin G,,'reggae' 'roots reggae',,,artist_175,reggae,,2QsynagSdAqZj3U9HgDzjD
291,<verse_1> D G D G D Bmin A G Bmin A Emin <chorus_1> D G D G D <verse_2> G D G D Bmin A G Bmin A Emin <chorus_2> D G D G D <outro_1> G D G D Bmin A G Bmin A G D,,'modern country pop' 'singer-songwriter pop',,,artist_176,pop,0UYNa7reQKIbADXr8iN28w,2yLzlEFtIS0Q9UkyBZdQA7
292,<intro_1> Amin C F Amin C F <verse_1> Amin C F Amin C F Amin G/B C Emin F Amin G/B C Emin F <chorus_1> Amin C F Amin C F Amin C F Amin C F Amin <interlude_1> C F <verse_2> A C F Amin C F Amin G/B C Emin F Amin G/B C Emin F <chorus_2> Amin C F Amin C F Amin C F Amin C F Amin C F Amin C F <outro_1> Amin,2023-02-10,'modern country pop' 'singer-songwriter pop',2020.0,,artist_176,pop,7lF1wextYUfNFP5xy7DH4m,2yLzlEFtIS0Q9UkyBZdQA7
293,<chorus_1> E Gs7 Csmin7 A Amin <verse_1> E Gs7 Csmin7 A Amin <chorus_2> E Gs7 Csmin7 A Amin <bridge_1> E Gs7 Csmin7 A Amin <verse_2> E Gs7 Csmin7 A Amin <chorus_3> E Gs7 Csmin7 A Amin E Gs7 Csmin7 A Amin,2021-08-20,,2020.0,,artist_177,,3xu9qRXyUlBzuuu0mFRbxh,1wtLdgT2rz2Ddp30cDotFm
294,<intro_1> B E Fs B E Fs B E Fs B E Fs B <verse_1> E Fs B E Fs B E Fs E Fs <chorus_1> B Gsmin E Fs B Gsmin E Fs B Gsmin E Fs B Gsmin E Fs <instrumental_1> B E Fs B E Fs B E Fs B E Fs B <verse_2> E Fs B E Fs B E Fs E Fs <chorus_2> B Gsmin E Fs B Gsmin E Fs B Gsmin E Fs B Gsmin E Fs B,2021-05-18,,2020.0,,artist_178,,6CDN90YuWfBs9rC34CDSkM,4ANMwDtqwfkzPgFoUoLZ3Y
295,<verse_1> Amin C F Dmin Amin C F Dmin Amin C F Dmin Amin C F Dmin <chorus_1> Amin Dmin C Amin C Amin Dmin C Dmin C Amin Dmin C Dmin C Amin Dmin C Dmin C <verse_2> Amin C F Dmin Amin C F Dmin Amin C F Dmin Amin C F Dmin <chorus_2> Amin Dmin C Amin C Amin Dmin C Dmin C Amin Dmin C Dmin C Amin Dmin C Dmin C,2011-04-12,'portland metal' 'sludge metal' 'stoner metal' 'stoner rock',2010.0,stoner rock,artist_179,metal,2GZbJjsph5LKA0reVwefxH,3u4HBuoQ4dgPBzX2Q9uf5S
296,<intro_1> E B A E <verse_1> A E A E A B A E A E B <verse_2> E A E A E A B A E A E B <chorus_1> E A E B E A E B A <verse_3> E A E A E A B E A E A E A B A E A E B <chorus_2> E A E B E A E B A <bridge_1> Fs Csmin Fs Csmin Fs Csmin A B E <chorus_3> A E B E A E B A <instrumental_1> E A E B E A E B A <chorus_4> E A E B E A E B A,1982,'irish punk' 'northern irish punk' 'punk',1980.0,,artist_180,punk,3Y5bjYf9fpBfywgQyTCcEH,2bt3I0VkmYuPvP57sxokab
297,<intro_1> Amin C Dmin F <verse_1> Amin C Dmin F Amin C G Amin <chorus_1> F C Amin G Amin G C F C Amin G C Amin G C <verse_2> Amin C Dmin F Amin C G Amin <chorus_2> F C Amin G Amin G C F C Amin G C <chorus_3> F C Amin G Amin G C F C Amin G C Amin G C Amin G C Amin G C F Amin G C,,'mezmur',,,artist_181,,,0NmYVDkK8CoSr9dpOuOuW7
298,<verse_1> D C D C <chorus_1> F G/D Emin Amin F G/D Emin Dmin <verse_2> D C D C <chorus_2> F G/D Emin Amin F G/D Emin Dmin <verse_3> D C D C <chorus_3> F G/D Emin Amin F G/D Emin Dmin,2017-09-08,,2010.0,,artist_182,,036mhHLlaQwnNbQEu5yW1S,79CshY6jZ3VzduOOSCRhm4
299,<intro_1> Bb Ab Bb <verse_1> G F C Eb G F C Eb Bb <chorus_1> A Ab G C F Bb A Ab G C F Bb <verse_2> G F C Eb G F C Eb Bb <chorus_2> A Ab G C F Bb A Ab G C F Bb <bridge_1> G C F Dmin Eb Bb <verse_3> G F C Eb Bb <chorus_3> A Ab G C F Bb A Ab G C F Bb <instrumental_1> G F C Eb Bb <chorus_4> A Ab G C F Bb A Ab G C F Bb A Ab G C F Bb A Ab G C F Bb <outro_1> G,2003-02-06,'la indie',2000.0,,artist_183,alternative,4DFlSRRguDUtXsg5QpoiLI,3OfiFNgFbJAwuQnVvOL2bh
300,<intro_1> Amin Emin <verse_1> Amin Emin Amin Emin Amin Emin Amin Emin <chorus_1> Amin Emin Amin Emin Amin Emin <verse_2> Amin Emin Amin Emin Amin Emin Amin Emin <chorus_2> Amin Emin Amin Emin Amin Emin <bridge_1> Amin <chorus_3> Emin Amin Emin Amin Emin Amin Emin,2022-09-15,'nz pop',2020.0,,artist_184,pop,01Hi4SayJn6sS9EQWZu7bu,3Nvjwz6gDry7Uume9kjCBT
301,Csmin Csdim Csmin Csdim Csmin Csdim Csmin Csdim/E Csmin Csdim/E Bsus4 Csmin Csdim/E Csmin/B Csmin Csmin7 A Gsaug Csmin Csmin7 Fsmin7 Gs7 Csmin Csmin/B A Csmin7 Csmin/B Csmin Csmin/B Csmin Csdim Bsus4 Csmin Csdim Bsus4 Csmin Bsus4 A Gsaug Csmin Csmin7 Fsmin7 Gs7 Csmin Csmin/B A Csmin7 Cssus2 Csminadd9 B/Cs Csminadd9,2000,'canadian rock' 'post-grunge',1990.0,canadian rock,artist_185,rock,160oc5Pcf9oKuitjJ5SVBd,1lqW59DUEKqvcHc8mVWBtH
302,<intro_1> D Gmin13/G D G D/A Dsus4/A D A <verse_1> G D/Fs <chorus_1> D Gmin13/G D/A Gmin13/G Bmin7 E7 Emin7 A7 D Gmin13/G D Gmin13/G <verse_2> G D/Fs <chorus_2> D Gmin13/G D/A Gmin13/G Bmin7 E7 Emin7 A7 D Gmin13/G <bridge_1> Bmin7 E7 Emin7 A7 <chorus_3> D G/D D/A Gmin13/G Bmin7 E7 Emin7 A7 <outro_1> D Gmin13/G D/A Gmin13/G Bmin7 E7 Emin7 A7 Bmin7 E7 Emin7 A7 D Gmin13/G D Gmin13/G D Gmin13/G D Gmin13/G D,2017-02-10,,2010.0,,artist_186,,6h6spwf40QemYArQLID0xm,4NPWTW67t77jtoc7uXHrUO
303,<intro_1> Amin F G Amin F G Amin F G Amin G F G <verse_1> Amin F G Amin F G Amin F G Amin G F G <verse_2> C G F G Amin G F G C G F G Amin G F G C G F G Amin G F G C G F G Amin G F G <verse_3> Amin F G Amin F G Amin F G Amin G F G <verse_4> C G F G Amin G F G C G F G Amin G F G C G F G Amin G F G C G F G Amin G F G <verse_5> Amin F G Amin F G Amin F G Amin G F G <solo_1> Amin F G Amin F G Amin F G Amin G F G <verse_6> C G F G Amin G F G C G F G Amin G F G Amin G F G Amin G F G Amin G F G,,,,,,,,
304,<intro_1> E Fsmin E Fsmin <verse_1> E B Csmin Csmin7 A E B E Fsmin E Fsmin <verse_2> E B Csmin Csmin7 A E B A E Fsmin E Fsmin <chorus_1> Csmin B E A E B A B Csmin B A B E Fsmin E Fsmin E Fsmin E Fsmin <verse_3> E B Csmin A E B E Fsmin E Fsmin <chorus_2> Csmin B E A E B A B Csmin B A B E Fsmin E Fsmin A B E Fsmin E Fsmin E Fsmin E Fsmin A B E Fsmin E Fsmin E Fsmin E Fsmin E,,,,,,,,
305,<intro_1> Asmin Gs F7 Asmin Gs Asmin F7 Asmin Gs F7 Fs F7 <verse_1> Dsmin7 Gs7 Cs Dsminadd13 F7 Asmin Dsmin7 Fs F7 Asmin As <verse_2> Dsmin7 Gs7 Cs Dsminadd13 F7 Asmin Dsmin7 Fs F7 Asmin Dsmin Asmin <interlude_1> Cs Dsmin Gs Cs Cs7 Fs F7 Asmin Dsmin Asmin <verse_3> Dsmin7 Gs7 Cs Dsminadd13 F7 Asmin Dsmin7 Fs F7 Asmin Gs F7 Asmin Gs Asmin F7 Asmin Gs F7 Fs F7 <interlude_2> Fs Fmin Dsmin Gs7 F7 <verse_4> Dsmin7 Gs7 Cs Dsminadd13 F7 Asmin Dsmin7 Fs F7 Asmin Gs F7 <outro_1> Asmin Gs Asmin F7 Asmin Gs F7 Fs F7,2010-08-09,'breakcore' 'funktronica' 'glitch pop' 'japanese experimental' 'japanese idm',2000.0,,artist_187,pop,0jm3JDXyA61xvjyF1Zuobg,3efTLFzg1ojUw3xePQhlWK
306,<intro_1> E Csmin A B <verse_1> E Csmin A B E Csmin A B E Csmin A B E Csmin A B <verse_2> Gsmin A Gsmin A B <chorus_1> E A B E A B E A B E <verse_3> Csmin A B E Csmin A B E Csmin A B E Csmin A B <verse_4> Gsmin A Gsmin A B <chorus_2> E A B E A B E A B E A B E A B E,,'bubblegum pop',,,artist_86,pop,,3TiISqKS6ESlMQ4WFfZJw2
307,<intro_1> Bno3d Ano3d Fsno3d <verse_1> Bno3d Ano3d Fsno3d Ano3d Fsno3d Bno3d Ano3d Fsno3d <interlude_1> Bno3d Ano3d Fsno3d <verse_2> Bno3d Ano3d Fsno3d Ano3d Fsno3d Bno3d Ano3d Fsno3d Bno3d Fsno3d Dno3d Gno3d Bno3d Ano3d Fsno3d <chorus_1> Dno3d Ano3d Bno3d Fsno3d Dno3d Ano3d Bno3d Dno3d Ano3d Bno3d G Dno3d Ano3d Fsno3d <interlude_2> Bno3d Ano3d Fsno3d <verse_3> Bno3d Ano3d Fsno3d Bno3d Ano3d Fsno3d Bno3d Fsno3d Dno3d Gno3d Bno3d Ano3d Fsno3d <chorus_2> Dno3d Ano3d Bno3d Fsno3d Dno3d Ano3d Bno3d Dno3d Ano3d Bno3d G Dno3d Ano3d Fsno3d Dno3d Ano3d Bno3d Fsno3d Dno3d Ano3d Bno3d Dno3d Ano3d Bno3d Gno3d Dno3d Ano3d Fsno3d <bridge_1> Bno3d <outro_1> Ano3d Fsno3d <outro_1> Bno3d,2023-01-27,'german punk' 'german punk rock',2020.0,german punk rock,artist_188,punk,0LtkH6Qmzc3XPpoPE9bNYg,215Kid3OrwPnoRKyp9yZ0z
308,<intro_1> Amin Amin7 D <verse_1> Amin G Amin G Amin D <verse_2> Amin G Amin G Amin A <verse_3> D Amin A D E7 Amin D Amin D Amin D Amin D Amin <verse_4> G Amin G Amin D Amin <verse_5> G Amin G Amin D Amin D Amin D Amin D Amin,1968-07-20,'bubblegum pop',1960.0,,artist_86,pop,5oHQ9nw3q7Uopy7mN9hfv4,3TiISqKS6ESlMQ4WFfZJw2
309,<intro_1> B E Fsmin E B E B <verse_1> E Fsmin Gsmin Fsmin A Fsmin B A B E Fsmin Gsmin Fsmin A Gsmin Fsmin B E Fsmin E <chorus_1> A B E Fsmin E Csmin A B E Fsmin Gsmin Fsmin A Fsmin B E Fsmin E Fsmin <solo_1> E Fsmin E Csmin Gsmin Fsmin A Gsmin Fsmin B E Fsmin E <chorus_2> A B E Fsmin E Csmin A B E Fsmin Gsmin Fsmin A Fsmin B E Fsmin E Fsmin B E Fsmin E Fsmin <outro_1> E B E Fsmin E B E B,,'bubblegum pop',,,artist_86,pop,,3TiISqKS6ESlMQ4WFfZJw2
310,<intro_1> D A/Cs Bmin A G A D <verse_1> A/Cs Bmin A G A D A <chorus_1> Bmin A G A D <verse_2> A/Cs Bmin A G A D A <chorus_2> Bmin A G A D <bridge_1> G A D G A D G A Bmin A G A7 <instrumental_1> Bmin A G A7 <verse_3> D A/Cs Bmin A G A D A/Cs <chorus_3> Bmin A G A D <instrumental_2> A/Cs Bmin A G A D A <chorus_4> Bmin A G A Bmin A G A Bmin A G A Bmin A G <outro_1> A Bmin A G A D A/Cs Bmin A G A Asus4 A D,,,,,,,,
311,<intro_1> Gmin D Gmin F Bb Eb F Bb Gmin D Gmin F Bb F Gmin <verse_1> D Gmin F Bb Eb F Bb Gmin D Gmin F Eb F Gmin D Gmin F Bb Eb F Bb Gmin D Gmin F Gmin D Gmin F <chorus_1> Dmin C F Dmin Amin C Dmin Amin Bb F Bb C Dmin C F Dmin Amin C Dmin Amin Bb F Bb C Dmin <interlude_1> Gmin A D <verse_2> Gmin D Gmin F Bb Eb F Bb Gmin D Gmin F Eb F Gmin D Gmin F Bb Eb F Bb Gmin D Gmin F Eb F Gmin <chorus_2> Dmin C F Dmin Amin C Dmin Amin Bb F Bb C Dmin <interlude_2> Gmin D Gmin F Bb Eb F Bb Gmin D Gmin F Bb F Gmin <bridge_1> Bb F Gmin F Emin <chorus_3> Dmin C F Dmin Amin C Dmin Amin Bb F Bb C Dmin C F Dmin Amin C Dmin Amin Bb F Bb C D <outro_1> Gmin D Gmin F Bb Eb F Bb Gmin D Gmin F Bb F Gmin A D,1995-01-01,'classic swedish pop' 'folkmusik' 'swedish pop',1990.0,,artist_83,pop,0Xr6Jez8lbs7HwIu3quY2f,71c9ORC5hHt0J1TGCa5nxN
312,<intro_1> Cmin Bb Eb Ab <verse_1> Cmin Bb Eb Ab Cmin Bb Eb Ab Eb Bb Cmin Ab Eb Bb Cmin <chorus_1> Eb Bb Cmin Ab Eb Bb Cmin Ab Eb Bb Cmin <verse_2> Bb Eb Ab Cmin Bb Eb Ab Eb Bb Cmin Ab Eb Bb Cmin <chorus_2> Eb Bb Cmin Ab Eb Bb Cmin Ab Eb Bb Cmin Ab <bridge_1> Cmin Bb <chorus_3> Eb Bb Cmin Ab Eb Bb Cmin Ab Eb Bb Cmin Ab,2023-02-10,'alt z',2020.0,,artist_189,,0fOwJiPxWs5Wp8IggTSYAE,4JnJjqxsTp8E5rZsyITf63
313,<intro_1> A Cs Cmaj7 Fmaj7 Cmaj7 F C <verse_1> Cmaj7 F Fmaj7 C Cmaj7 F Fmaj7 C Emin Amin F Emin D As G <verse_2> C Cmaj7 F Fmaj7 C Cmaj7 F Fmaj7 C Emin Amin F As G Fs <verse_3> Bmin Fs Bmin E7 Amin D7 G <verse_4> C Cmaj7 F Fmaj7 C Cmaj7 F Fmaj7 C Emin Amin F As G <outro_1> Cs Cmaj7 D E G Amaj7 A D G A C D G A C,1968,'bubblegum pop',1960.0,,artist_86,pop,0hK5XDKfs7M0cRVsFqlgN7,3TiISqKS6ESlMQ4WFfZJw2
314,<intro_1> C <verse_1> F C Emin Amin F C <verse_2> F C Emin Amin F C <bridge_1> Dmin Amin F C Emin Amin F G7 <verse_3> C F C Emin Amin Emin Amin F C F C,,,,,artist_190,,,3MbGja8rOMh6IObK1RYGc9
315,<intro_1> E Csmin Fmin A <verse_1> E Csmin Fmin A E Csmin Fmin A <verse_2> E Csmin Fmin A E Csmin Fmin A <chorus_1> E Csmin Fmin A E Csmin Fmin A Gsmin A Fmin A <verse_3> E Csmin Fmin A E Csmin Fmin A <bridge_1> Gmin A Fmin A Gmin A Fmin A <chorus_2> E Csmin Fmin A E Csmin Fmin A,2022-05-09,'czech indie' 'czech pop' 'czech punk' 'czech rock',2020.0,czech rock,artist_191,alternative,40GG0uOsNMTSVkc4AeyhZe,1sojChx5H9UtPIVnRgHDGz
316,<intro_1> D <verse_1> G D G A D Emin G Emin A D <chorus_1> D7 G A D G A D D7 G E7 Emin A D G D <verse_2> Dmaj7 Emin G D Gmin A D Dmaj7 G Emin A D <chorus_2> D7 G A D G A D D7 G E7 Emin A D G <outro_1> A D G A D G,1968,'bubblegum pop',1960.0,,artist_86,pop,5b0khDMgvnPhU66grq9GrK,3TiISqKS6ESlMQ4WFfZJw2
317,<intro_1> C F C <verse_1> F Dmin C F Dmin G <chorus_1> F Dmin C F Dmin C F Dmin C <verse_2> F Dmin C F Dmin G <chorus_2> F Dmin C F Dmin C F Dmin C <bridge_1> F Dmin C F Dmin C <verse_3> F Dmin C F Dmin G <chorus_3> F Dmin C F Dmin C F Dmin C F Dmin C F Dmin C,2018-01-26,,2010.0,,artist_192,,0AvbIYF6sUHmLc3AW2JcLm,2KAaIurA00NK4IAnbC6nB8
318,<chorus_1> G D Amin G D Amin G D Amin B7 C D G <verse_1> D Emin C G D Emin C G D Emin C Amin B7 Amin C D <chorus_2> G D Amin G D Amin G D Amin B7 C D G <solo_1> D Amin G D Amin G D Amin B7 C D G <verse_2> D Emin C G D Emin C G D Emin C Amin B7 Amin C D Csmin <bridge_1> A E A D A E Fsmin E D E A E Fsmin E D E A E Fsmin E D E A E Fsmin E D E <solo_2> A E Fsmin E D E A E Fsmin E D E A E Fsmin E D Csmin <chorus_3> G D Amin G D Amin G D Amin B7 C D G <outro_1> D Amin G D Amin G D Amin B7 C D G D G D C D G,,'texas country',,,artist_193,country,,2Ef14FSFonwhnbIiv0cynG
319,<intro_1> E Gs Cs B A <verse_1> E Gs Cs B E Gs Cs B <bridge_1> E Gs Cs B E Gs Cs B <chorus_1> E Gs Cs B E Gs Cs B E Gs Cs B E Gs Cs B <verse_2> E Gs Cs B E Gs Cs B <bridge_2> E Gs Cs B E Gs Cs B E Gs <chorus_2> E Gs Cs B E Gs Cs B E Gs Cs B E Gs Cs B <bridge_3> E Gs Cs B E Gs Cs B E Gs Cs B E Gs Cs B <chorus_3> E Gs Cs B E Gs Cs B E Gs Cs B E Gs Cs B <chorus_4> E Gs Cs B E Gs Cs B E Gs Cs B E Gs Cs B,2005-07-01,,2000.0,,artist_194,,4SavxnIir0o5ibmOGR2lCj,11vi3cgoQLGb4qVdvl94e2
320,<intro_1> D <verse_1> D7 G D E A E A D D7 G D A D G D <verse_2> A G D Fsmin Emin A D D7 G D A D G D <solo_1> D7 G D A D G D <verse_3> A G D Fsmin Emin A D D7 G D A D G D A G D,1970-05-06,'bubblegum pop',1960.0,,artist_86,pop,0mnA9NI5FIhtgm7JsBAZuA,3TiISqKS6ESlMQ4WFfZJw2
321,<intro_1> Csmin Csmin/A E/B <verse_1> Csmin Amaj7 E/B Csmin Amaj7 E/B Csmin Amaj7 E/B Csmin Amaj7 E/B <chorus_1> A Csmin A Csmin A Csmin A <intro_2> Csmin Amaj7 E/B <verse_2> Csmin Amaj7 E/B Csmin Amaj7 E/B Csmin Amaj7 E/B Csmin Amaj7 E/B <chorus_2> A Csmin A Csmin A Csmin A Csmin Amaj7 E/B,,,,,artist_165,,,7zSFKgdQTdGWWw5h5uYYyf
322,<verse_1> C Amin C Amin Dmin7 F G <chorus_1> C Amin C Amin <verse_2> C Amin C Amin Dmin7 F G <chorus_2> C Amin C Amin <bridge_1> F C F C G <chorus_3> C Amin C Amin,2023-02-10,'r&b',2020.0,,artist_195,soul,0OdRKPM36edHZ8OEpbrDCu,30DhU7BDmF4PH0JVhu8ZRg
323,<intro_1> A D Fsmin E <verse_1> A D Fsmin E A D Fsmin E A D Fsmin E A D Fsmin E Bmin D <chorus_1> A D Fsmin E A D Fsmin E A D Fsmin E A D Fsmin E <verse_2> A D Fsmin E A D Fsmin E A D Fsmin E A D Fsmin E Bmin D <chorus_2> A D Fsmin E A D Fsmin E A D Fsmin E A D Fsmin E A D Fsmin E A D Fsmin E A D Fsmin E A D Fsmin E A D Fsmin E A D Fsmin E A D Fsmin E A D Fsmin E,2023-02-03,'irish pop',2020.0,,artist_196,pop,5vdwmGKORgXXumjsrZBSFi,5b84ozqhKiJG9LN1IjVac1
324,<chorus_1> D G A D G A Bmin <verse_1> G A Bmin G A Bmin <chorus_2> D G A D G A Bmin <verse_2> G A Bmin G A Bmin <chorus_3> D G A D G A Bmin <instrumental_1> D G A D G A Bmin D G A D G A D <chorus_4> G A D G A Bmin,,,,,artist_165,,,7zSFKgdQTdGWWw5h5uYYyf
325,<intro_1> G C Bb G C Bb G <verse_1> C Bb G C Bb G <verse_2> C Bb G C Bb G <chorus_1> Dmin7 G Dmin7 G Dmin7 G Dmin7 G <verse_3> C Bb G C Bb G <chorus_2> Dmin7 G Dmin7 G Dmin7 G Dmin7 G,,,,,artist_165,,,7zSFKgdQTdGWWw5h5uYYyf
326,<intro_1> Fsmin E B7 Fsmin <verse_1> E B7 Fsmin E B7 Fsmin <chorus_1> E Fsmin E Fsmin E Fsmin E B7 Fsmin <verse_2> E B7 Fsmin E B7 Fsmin <chorus_2> E Fsmin E Fsmin E Fsmin E B7 Fsmin <instrumental_1> E B7 Fsmin <chorus_3> E Fsmin E Fsmin E Fsmin E B7 Fsmin,2020-05-01,,2010.0,,artist_197,,6z2fRLlJwnMknT0ppkjd4a,1L2ApNJDbYYik14z6uuMKc
327,<chorus_1> C D G C D G F C G C G C <verse_1> G F G C G F G C G C G C G C <chorus_2> D G C D G F C G C G C <verse_2> G F G C G F G C G C G C G C <chorus_3> D G C D G F C G C G C <verse_3> G F G C G F G C G C G C G C <chorus_4> D G C D G F C G C G C <outro_1> G C,,'cartoon' 'children's music',,,artist_198,,,4rB5wLJLaXdMrXaYsOYLmK
328,<intro_1> D A G A <verse_1> D A G A Asus4 A D A G E <chorus_1> G D G A Bmin G D G <verse_2> D A G A D A G E <chorus_2> G D G A Bmin G G/B D G <bridge_1> Bmin G D A Fs E G <chorus_3> D G A Bmin G D G D G D,,'christian alternative rock' 'christian music',,christian alternative rock,artist_199,rock,,0vD3f3r69jBB1bL6VWnGM2
329,<intro_1> E A Fsmin A <verse_1> E A Fsmin A E A Fsmin A E A Fsmin A E A Fsmin A <chorus_1> E A Fsmin A E A Fsmin A <verse_2> E A Fsmin A E A Fsmin A E A Fsmin A E A Fsmin A <chorus_2> E A Fsmin A E A Fsmin A E A Fsmin A E A Fsmin A <bridge_1> E A Fsmin A <chorus_1> E A Fsmin A E A Fsmin A E A Fsmin A E A Fsmin A <bridge_2> E A Fsmin A E A Fsmin A E A Fsmin A E A Fsmin A E A Fsmin E A Fsmin E <outro_1> A Fsmin A,2023-02-03,'irish pop',2020.0,,artist_196,pop,34OvY5dVF9X9hauGzRuF16,5b84ozqhKiJG9LN1IjVac1
330,<intro_1> Emin D/Fs G C Emin D/Fs G <verse_1> Emin D/Fs G D C/G Emin C/G G D Emin C/G Emin D/Fs G D C/G D Emin <chorus_1> C/G G D C/G G D Emin D/Fs C/G <verse_2> Emin D/Fs G D C/G Emin C/G Emin D/Fs G D C/G <chorus_2> G D C/G G D Emin D/Fs C/G D Emin D/Fs C/G D Emin D/Fs C/G <outro_1> Emin D/Fs G C Emin D/Fs G,2018-06-26,'midwest americana',2010.0,,artist_200,,5FJB3O7bOqHve2D8JTJBJF,5mtmFebqsI491b1F4tCF9H
331,<intro_1> F C Dmin Bbmin Bb C Bb F <verse_1> Bb C Dmin Amin Bb F C Dmin Amin Bb Dmin C Bb F C Dmin Gmin Dmin Amin Bb F C Bb F <chorus_1> C Dmin Bb F C Dmin Amin Bb C Bb F Bb C F <bridge_1> Bb C Dmin Amin Bb F C Dmin Amin Bb Dmin C Bb F C Dmin Gmin Dmin Amin Bb F C Bb F <chorus_2> C Dmin Bb F C Dmin Amin Bb C Bb F <outro_1> C Dmin Amin Bb C F,2015,,2010.0,,artist_201,,1pRWpdXuzzjCYjdH8k2GXY,2JRFOC5R8bmxjaTwO36SEB
332,C Gsus4 G Amin7 Fmaj7sus2 Fmaj7 C Gsus4 Amin7 Gsus4 Fmaj7sus2 C G Amin Gsus4 Fmaj7sus2 Amin Gsus4 Fmaj7 Gsus4 Amin Gsus4 C Fmaj7sus2 Amin7 Gsus4 Fmaj7sus2 Amin Gsus4 Fmaj7sus2 Amin Gsus4 Fmaj7sus2 Amin G C G Amin Gsus4 Fmaj7sus2 Fmaj7 Amin Gsus4 Fmaj7sus2 Gsus4 Amin Gsus4 C G Fmaj7sus2 Amin Gsus4 Fmaj7sus2 Amin Gsus4 Fmaj7sus2 Amin Gsus4 Fmaj7sus2 Amin G C Emin Fmaj7 Fmaj7sus2 G C Emin Fmaj7 Fmaj7sus2 G Fmaj7sus2 Amin7 Gsus4 Fmaj7sus2 Amin G Fmaj7sus2 Amin Gsus4 Fmaj7sus2 Amin G,,,,,,,,
333,<intro_1> Amin F Dmin <verse_1> Amin F Dmin Amin F Dmin <chorus_1> Amin G F C G E Amin G F C E Amin G F C G E Amin G F C E F Dmin Amin E Amin C F <interlude_1> Amin F Dmin <verse_2> Amin F Dmin Amin F Dmin <chorus_2> Amin G F C G E Amin G F C E Amin G F C G E Amin G F C E <bridge_1> Amin E C E <chorus_3> F Dmin Amin E Amin C F Dmin Amin E Amin C F Dmin Amin E Amin C F <chorus_4> Amin G F C G E Amin G F C E Amin G F C G E Amin G F C E F,,,,,,,,
334,<intro_1> Ab Eb Fmin Db Eb <verse_1> Fmin Bb Eb Ab Fmin Bb Eb Ab G Ab Bb Fmin Bb Eb Ab G Ab G F G Amin G C Amin G F Amin G C Amin G F G <interlude_1> Ab Eb Fmin Db Eb <verse_2> Fmin Bb Eb Ab Fmin Bb Eb Ab G Ab G F G Amin G C Amin G F Amin G C Amin G F G <chorus_1> Ab Eb Fmin Db Ab Eb Fmin Db Eb <bridge_1> Fmin C Fmin C <solo_1> Fmin Bb Eb Ab <verse_3> Fmin Bb Eb Ab Fmin Bb Eb Ab G Ab Bb Fmin Bb Eb Ab Eb,2021-09-10,'finnish folk' 'finnish indie' 'suomi rock',2020.0,suomi rock,artist_202,country,5kAT5BeOVqqklcr2wZxxdH,1thzcI6KSWuEdFD35WJTtE
335,<intro_1> E E/Ds E/Cs E/B A E E/Ds E/Cs E/B Fsmin/A E E/Ds E/Cs E/B A A/B A/Cs D D/Fs D/E D B/Ds <verse_1> E E/Ds E/Cs E/B A E E/Ds E/Cs E/B A E E/Ds E/Cs E/B A A/B A/Cs D D/Fs D/E D B/Ds E E/Ds E/Cs E/B A A/E E E/Ds E/Cs E/B A E E/Fs E/Gs E/B A Fs/As Fs B Csmin B/Ds Fsmin Fsmin/E B/Ds Fsmin Fsmin/E B/Ds A B Csmin B/Ds Fsmin Fsmin/E B/Ds Fsmin/Cs Fsmin/B Fs/A Aadd9 Bsus4 <chorus_1> E E/Fs E/Gs A Gsmin/B Cssus4 Cs Cs/B Cs/A Fsmin Gs Aadd9 Bsus4 E E/Fs E/Gs A Gsmin/B Cssus4 Cs Cs/B Cs/A Fsmin Gs Aadd9 Bsus4 E E/Fs E/Gs Csmin/Gs Csmin/A A B/A B B/Cs Csmin B A/B E E/Ds E/Cs E/B Aadd9 <verse_2> E E/Ds E/Cs E/B A E E/Ds E/Cs E/B A A/Gs A/Fs E E/Fs E/Gs E/B A A/B A/Cs D D/Cs D/C B Bsus4 E E/Fs E/Gs E/B A E E/Fs E/Gs E/B A A/Gs A/Fs E E/Fs E/Gs E/B A Fs/As Fs B Csmin B/Ds Fsmin Fsmin/E B/Ds Fsmin Fsmin/E B/Ds A B Csmin B/Ds Fsmin Fsmin/E B/Ds Fsmin/Cs Fsmin/B Fs/A Aadd9 Bsus4 <chorus_2> E E/Fs E/Gs A Gsmin/B Cssus4 Cs Cs/B Cs/A Fsmin Gs Aadd9 Bsus4 E E/Fs E/Gs A Gsmin/B Cssus4 Cs Cs/B Cs/A Fsmin Gs Aadd9 Bsus4 E E/Fs E/Gs Csmin/Gs Csmin/A A B/A B B/Cs Csmin B A/B E E/Fs E/Gs Csmin/Gs Csmin/A A B/A B B/Cs Csmin B A/B <bridge_1> A E/Gs E7/B A E/Gs Eadd9/B A <bridge_2> E/Gs E7/Gs A Fsmin Fsmin/Cs D Bmin/Fs E A E/Gs E7/B A E/Gs Eadd9/B A A/E A/Fs A/Gs Fsmin Fsmin/E D D/Cs D/C Bsus4 <chorus_3> E E/Fs E/Gs A Gsmin/B Cssus4 Cs Cs/B Cs/A Fsmin Gs Aadd9 Bsus4 E E/Fs E/Gs A Gsmin/B Cssus4 Cs Cs/B Cs/A Fsmin Gs Aadd9 Bsus4 E E/Fs E/Gs A Gsmin/B Cssus4 Cs Cs/B Cs/A Fsmin Gs Aadd9 Bsus4 E E/Fs E/Gs Csmin/Gs Csmin/A A B/A B B/Cs Csmin B A/B <outro_1> E E/Ds E/Cs E/B Aadd9,,,,,,,,
336,<intro_1> C F/C C <verse_1> F/C C F/C C <chorus_1> C/G Emin/B F/C C C/G Emin/B F/C C <interlude_1> F/C C <verse_2> F C F C <chorus_2> C/G Emin/B F/C C C/G Emin/B F/C C C/G Emin/B F/C C C/G Emin/B F/C C <bridge_1> Amin Emin F/C G/D Amin Emin F/C G/D <chorus_3> C F/C C F/C C C/G Emin/B F/C C C/G Emin/B F/C C C/G Emin/B F/C C C/G Emin/B F/C C <outro_1> F/C G/D C,2021-08-27,'chanson' 'french rock' 'swiss rock',2020.0,swiss rock,artist_203,rock,3Y1raTx9IdNHF7aEJIoK83,29My6ypNwcVp0mjpy3sX2E
337,<intro_1> D Cadd9 G D Cadd9 G <verse_1> D G D A Bb A D <chorus_1> A D A D Cadd9 G D Cadd9 G <verse_2> D G D A Bb A D <chorus_2> A D A D Cadd9 G D Cadd9 G <interlude_1> D <verse_3> G D A Bb A D <chorus_3> A D A D Cadd9 G D Cadd9 G D Cadd9 G D Cadd9 G F D,1993,,1990.0,,artist_204,,43x6O2rNtw57b8FWKjqi6h,3k58NiZxMcr4EbOEXphZFe
338,<intro_1> Emin D C Dadd11 <verse_1> Emin D C Dadd11 Emin D C Dadd11 Emin D C Dadd11 Emin D C Dadd11 Emin D C Dadd11 <verse_2> Emin D C Dadd11 Emin D C Dadd11 Emin D C Dadd11 Emin D C Dadd11 <chorus_1> G D C Dadd11 G D Amin7 Emin D C Dadd11 Emin D C Dadd11 Emin D C Dadd11 Emin D C Dadd11 <verse_3> Emin D C Dadd11 Emin D C Dadd11 Emin D C Dadd11 Emin D C Dadd11 <verse_4> Emin D C Dadd11 Emin D C Dadd11 Emin D C Dadd11 Emin D C Dadd11 <chorus_2> G D C Dadd11 G D Amin7 Emin D C Dadd11 Emin D C Dadd11 Emin D C Dadd11 Emin D C Dadd11 <verse_5> Emin D C Dadd11 Emin D C Dadd11 Emin D C Dadd11 Emin D C Dadd11 <chorus_3> G D C Dadd11 G D Amin7 Emin D C Dadd11 Emin D C Dadd11 Emin D C Dadd11 Emin D C Dadd11 Emin D C Dadd11 Emin,,,,,,,,
339,<intro_1> Amin G Amin G <verse_1> Amin G Amin Emin Dmin Emin Amin C <chorus_1> G Dmin Amin G Amin G <verse_2> Amin G Amin Emin Dmin Emin Amin C <chorus_2> G Dmin Amin <verse_3> G Amin Emin Dmin Emin Amin C <chorus_3> G Dmin Amin G Amin G <bridge_1> Amin G F C G Amin G F C G Amin G F C G Amin G Amin G <verse_4> Amin G Amin Emin Dmin Emin Amin C <chorus_4> G Dmin Amin G Amin G Amin,,'rome indie',,,artist_205,alternative,20xjoA9QxC5tTHvHZpCZbT,34aaluIG41Oggr7oNLASQ4
340,<verse_1> G C Amin C G C Amin C G C Amin C <verse_2> G C Amin C G C Amin C G <chorus_1> C Amin G <verse_3> C Amin C G C Amin C G <chorus_2> C Amin C G C Amin C G C Amin C G C Amin C G,2002-03-05,'ccm' 'christian alternative rock' 'christian music',2000.0,christian alternative rock,artist_206,rock,5oXsuFshrLW74ONKuRE9cC,1lMaDSraU3oiNUsVWJLHdF
341,<intro_1> Emin7 D G Emin7 D G <verse_1> Emin7 C G D Emin7 C G D Amin G C D <chorus_1> G D Emin C G D Emin D C D Emin D G <verse_2> Emin7 C G D Emin7 C G D Amin G C D <chorus_2> G D Emin7 C G D Emin D C D Emin D G <bridge_1> Amin Emin D C D <chorus_3> G D Emin C G D Emin D C D Emin D G Emin D G C,2023-01-20,,2020.0,,artist_116,,6TV8v3DLeynr8p8jNeOsvl,7ATqUklbyGLI30U3d5nVjL
342,<intro_1> Emin C D <verse_1> Emin C D Emin C D Emin C D Emin C D Emin C D Emin C D Emin C D Emin C D Emin C D <chorus_1> Emin C D Emin C D Emin C D Emin C D <verse_2> Emin C D Emin C D Emin C D Emin C D Emin C D Emin C D Emin C D Emin C D Emin C D <chorus_2> Emin C D Emin C D Emin C D Emin C D Emin C D Emin C D Emin C D Emin C D <interlude_1> C D Emin C D C D Emin C D C D <verse_3> Emin C D Emin C D Emin C D Emin C D Emin C D Emin C D Emin C D Emin C D Emin C D <chorus_3> Emin C D Emin C D Emin C D Emin C D Emin C D Emin C D Emin C D Emin C D <interlude_2> C D Emin C D C D Emin C D <bridge_1> Emin D C Emin D C Emin D C Emin <solo_1> D C Emin <outro_1> D C,,,,,,,,
343,<intro_1> Ab Eb/G Ab Cmin Db Db/E Cmin Bb <verse_1> Ab Eb Ab Eb Cmin Bb F/A Bbsus4 Bb Ab Eb Ab Cmin Ab Eb/G Db Bb <chorus_1> Eb Ab Fmin C Fmin Db Bb Gmin Ab Gmin Cmin Fmin Bb Eb Ab Ab/Bb <verse_2> Ab Eb Ab Eb Cmin Bb F/A Bbsus4 Bb Ab Eb Ab Cmin Ab Eb/G Db Bb <chorus_2> C F F/A Bb Gmin D Gmin Eb C Amin Bb Amin Dmin Gmin F/A Bb Gmin F/A Bb Gmin C F Bb Gmin F/A Bb C D,2008-08-12,'christian music' 'classic praise',2000.0,,artist_207,,7w7fiTQQ1oWdMyMAGQ9XD5,6RJYPm4gcrIuOjQiqu9VXu
344,<intro_1> C G C Emin Amin C F G <chorus_1> C Amin G C F C Amin G C G <verse_1> C Emin F G F Emin Amin G C F C G C G <chorus_2> C Amin G C F C Amin G C G <verse_2> C Emin F G F Emin Amin G C F C G C G <chorus_3> C Amin G C F C Amin G C G <instrumental_1> C Emin F G Emin Amin G C F C G C F G <chorus_4> C Amin G C F C Amin G C G <verse_3> C Emin F G F Emin Amin G C F C G C G <chorus_5> C Amin G C F C Amin G C G <chorus_6> C Amin G C F C Amin G C G <outro_1> C Amin C Amin C Amin C Amin C,2006-07-11,'neo-rockabilly' 'psychobilly' 'rockabilly' 'western swing',2000.0,rockabilly,artist_208,rock,1Yluj1Jz1J7FFyPhgXhSXd,2LOf1HpUxBqvz3WIdNPdBv
345,<verse_1> G G/B G/A Cadd9 G G/B G/A Cadd9 G/A G/B Cadd9 D Dsus4 D G/A G/B Cadd9 Cadd9/D <chorus_1> G G/B G/A Cadd9 D G G/B G/A Cadd9 D G/A G/B Cadd9 Cadd9/D G G/B G/A Cadd9 <verse_2> G G/B G/A Cadd9 G G/B G/A Cadd9 G/A G/B Cadd9 D Dsus4 D G/A G/B Cadd9 Cadd9/D <chorus_2> G G/B G/A Cadd9 D G G/B G/A Cadd9 D G/A G/B Cadd9 Cadd9/D <instrumental_1> G G/B G/A Cadd9 Cadd9/D G/A G/B Cadd9 D Dsus4 D G/A G/B Cadd9 Cadd9/D <chorus_3> G G/B G/A Cadd9 D G G/B G/A Cadd9 D G G/B G/A Cadd9 D G G/B G/A Cadd9 D G/A G/B Cadd9 G/A G/B Cadd9 G/A G/B Cadd9,2023-02-10,'opm',2020.0,,artist_209,,5JET5CUC6FZyvW35r5qDJm,7tKpXx21KVUOR6vvDs6xtg
346,<intro_1> Bb Eb9 Bbsus4 Bb <chorus_1> G Bmin7 Emin Bmin7 D G Bmin7 Emin C D G <verse_1> B Csmin7 Csdim7 B Gsmin Gsminmaj7 Csmin Fs <chorus_2> G Bmin7 Emin C Bmin7 D D7 G Bmin7 Emin C D G <verse_2> F Dmin C C7 A A7 Fsmin A7 Fs Bmin Cmaj7 Bmin Amin D <bridge_1> G Cadd13 <verse_3> B Csmin7 Csdim7 B Gsmin Gsminmaj7 Csmin Fs <chorus_3> G Bmin7 Emin Bmin7 D G Bmin7 Emin C D G Bmin7 Emin Bmin7 D G Bmin7 Emin C D G,2016-07-11,,2010.0,,artist_210,,4fNgsZcLLD0hRrA2IwQIYT,7CAh9tvzRhGu2V8qvFW127
347,<intro_1> Amin C G F <verse_1> Amin C G F Amin C G F Amin C G F Amin C G F <chorus_1> Amin C G Amin C G Amin C G F G Amin C G F <verse_2> Amin C G F Amin C G F <chorus_2> Amin C G Amin C G Amin C G F G Amin C G F <bridge_1> Amin C G F <chorus_3> Amin C G Amin C G Amin C G F G Amin C G,2023-02-10,'modern country pop',2020.0,,artist_211,pop,0jGRcYZk5VsuE3clkqFyZM,3id1CBPBWkf8n5eeIM7q1y
348,<verse_1> C F C G7 C F C G7 C <verse_2> G7 F C F C G7 C F C G7 C <verse_3> F C G7 C F C G7 C <verse_4> G7 F C F C G7 C F C G7 C <verse_5> F C G7 C F C G7 C <verse_6> G7 F C F C G7 C F C G7 C G7 F C F C G7 C F C G7 C,2014-12-12,'cowboy western' 'nashville sound',2010.0,,artist_212,,3go3uSXU48Oe8saowfLpxZ,0Xi59sEw38vRvwleSAVqoo
349,<intro_1> Amin F C G Amin F C G <verse_1> Amin F C G Amin F C G Amin F C G Amin F C G Amin F C G <chorus_1> F C Amin C F G C F C Amin C F G C <verse_2> Amin F C G Amin F C G Amin F C G Amin F C G Amin F C G <chorus_2> F C Amin C F G C F C Amin C F G C <bridge_1> G Amin G Amin F C G Amin G Amin F C G F C G F C G Amin <verse_3> F C G Amin F C G Amin F C G Amin F C G Amin F C G <chorus_3> F C Amin C F G C F C Amin C F G C <outro_1> F C Amin C F G C,2010-02-10,,2000.0,,artist_213,,7rkiEj8E0vlUm93f7UGKDO,6pYNqmQ1CPjKFruFqQgf76
350,F Fmaj7 Fmaj13 G F G F G F G F G F G F G F G F G C D G C D G C D G C D G F G F G F G F G F G F G C D G C D G C D G C D G F G F G F G,,,,,,,,
351,<intro_1> G Amin F C G Amin F C <verse_1> G Amin F C G Amin F C G Amin F C G Amin F C G Amin F C G Amin F C G Amin F C G Amin F C <chorus_1> G Amin F C G Amin F C G Amin F C G Amin F G C <verse_2> G Amin F C G Amin F C G Amin F C G Amin F C G Amin F C <chorus_2> G Amin F C G Amin F C G Amin F C G Amin F G C G Amin F C G Amin F C G Amin F C G Amin F G C <outro_1> G Amin F C,2022-10-21,,2020.0,,artist_214,,5VidpxACkwLoPC9zcNoZ0b,17YXRoI6Gj8EXyQM1lpxNZ
352,<intro_1> C Emin Amin F G <verse_1> C Emin Amin C Emin Amin C Emin Amin C Emin Amin C Emin Amin C Emin Amin C Emin Amin F C G <chorus_1> F G C F G C F G C F G C <verse_2> Emin Amin C Emin Amin C Emin Amin F C G C Emin Amin C Emin Amin C Emin Amin F C G C Emin Amin C Emin Amin C Emin Amin F C G,2022-10-21,,2020.0,,artist_214,,2QDLjQ0PTDJsxIZcSMwm4f,17YXRoI6Gj8EXyQM1lpxNZ
353,<verse_1> C Fmaj7 Fmin Dmin7 G C Fmaj7 Fmin Dmin7 G C Fmaj7 Fmin Dmin7 G <chorus_1> Fmin C Dmin7 C G <verse_2> C Fmaj7 Fmin Dmin7 G C Fmaj7 Fmin Dmin7 G <chorus_2> Fmin C Dmin7 C G <bridge_1> Dmin7 G Dmin7 G <verse_3> Dmin7 C F C Fmaj7 Dmin7 G C Fmaj7 <chorus_3> Fmin C Dmin7 C G Fmin C Dmin7 C G C,2008-03-04,'ectofolk' 'women's music',2000.0,,artist_215,country,6eR9v7ffNGtDymCaIOeVym,1tFpLcaHeOqBAWIrSkSqP8
354,<verse_1> A Fsmin Bmin7 E A Fsmin Bmin7/Fs E A A7/E D Dsdim7 A/E Fsmin7 Fsdim E E7 <chorus_1> D Fsmin Fsmin7/E Dmaj7 D Csmin7 E E7/D Csmin7 Csmin Bmin7 D Dmaj7/Cs Bmin7 E7 A/E E7 Bmin/E E7 E A Fsmin Bmin7 E A Fsmin Bmin7 E A E/B A D A E7 A <verse_2> Fsmin Bmin7 E A Fsmin Bmin7/Fs E A A7/E D Dsdim7 A/E Fsmin7 Fsdim E E7 <chorus_2> D Fsmin Fsmin7/E Dmaj7 D Csmin7 E E7/D Csmin7 Csmin Bmin7 D Dmaj7/Cs Bmin7 E7 A/E E7 Bmin/E E7 E A Fsmin Bmin7 E A Fsmin Bmin7 E A E/B A D A Bmin/E E A <verse_3> Fsmin Bmin7 E A Fsmin Bmin7/Fs E A A7/E D Dsdim7 A/E Fsmin7 Fsdim E E7 <chorus_3> D Fsmin Fsmin7/E Dmaj7 D Csmin7 E E7/D Csmin7 Csmin Bmin7 D Dmaj7/Cs Bmin7 E7 A/E E7 Bmin/E E7 E A Fsmin Bmin7 E A Fsmin Bmin7 E A E/B A D A Bmin/E E A,,'space age pop',,,artist_216,pop,,4hdd6WRlN1EcACmO8ft0HZ
355,<intro_1> E C Cs A <verse_1> E B Cs A E B Cs A <chorus_1> E B Fs A E B Fs A B E <verse_2> B Cs A E B Cs A B <bridge_1> A E B A E B A <chorus_2> E B Fs A E B Fs A B E,2021-10-01,,2020.0,,artist_214,,2vuPIBVlcxHO5zqLBff8BB,17YXRoI6Gj8EXyQM1lpxNZ
356,<verse_1> A D A E A D A E A <interlude_1> D A E A D A E A <verse_2> D A E A D A E A <interlude_2> D A E A D A E A D G D A D G D A D A E A D A E A <instrumental_1> D A E A D A E A D A E A D A E A D G D A D G D A D A E A D A E A <verse_3> D A E A D A E A <outro_1> D A E A D A E A D G D A D A E A D A E A,,,,,,,,
357,<chorus_1> A B7 Cs Fs B A Fs A Cs Fs D Cs D Cs B Cs <verse_1> Fsmin7 B7 Fsmin7 B7 Fsmin7 B7 Fsmin7 B7 Fsmin7 B7 Fsmin7 B7 Fs A B Fs D Cs Fsmin7 B7 Fsmin7 B7 Fsmin7 B7 Fsmin7 B7 Fsmin7 B7 Fsmin7 B7 Fs A B Fs <chorus_2> A B7 Cs Fs B A Fs A Cs Fs D Cs D Cs B Cs,,,,,artist_217,,,6x0kUVb7U5Ut61QIduLHsJ
358,<intro_1> C Emin Amin F C Emin Amin F <verse_1> C Emin Amin F C Emin Amin F Amin F C G Amin F C G <chorus_1> Amin F C G Amin F C G Amin F C G Amin F C G C <verse_2> Emin Amin F C Emin Amin F Amin F C G Amin F C G <chorus_2> Amin F C G Amin F C G Amin F C G Amin F C G C <bridge_1> Amin Emin F G Amin Emin F G Amin F C G Amin F C G <chorus_3> Amin F C G Amin F C G Amin F C G Amin F C G C,2022-10-21,,2020.0,,artist_214,,6ZJAmmxj0L5E9rLUbthVEW,17YXRoI6Gj8EXyQM1lpxNZ
359,<verse_1> D Bmin G A Bmin <verse_2> D Bmin G A D <chorus_1> G D Emin A <verse_3> D Bmin G A Bmin <bridge_1> Bb C Bb/D C/E Bb C Bb D Bmin G A D <chorus_2> G D Emin A <verse_4> D Bmin G A D <verse_5> Bmin G A D <verse_6> Bmin G A D <outro_1> Bmin G A D Bmin G A D,2001,'pop punk' 'punk' 'skate punk',2000.0,,artist_218,punk,7wH48bMyzZKJsmXrfNGUKd,74xFFXkvOq9dPDigOWTHiX
360,<intro_1> A E <verse_1> D Bmin C G Bmin C G D C G Bmin Emin Bmin Emin <chorus_1> C D Bmin C D/Fs Bmin C A E A E A E A E <verse_2> D Bmin C G Bmin C G D C G Bmin Emin Bmin Emin <chorus_2> C D Bmin C D/Fs Bmin C A E A E A E A E B Fs <instrumental_1> A E A <verse_3> D Bmin C G Bmin C G D C G Bmin Emin Bmin Emin <chorus_3> C D Bmin C D/Fs Bmin C D Bmin C D/Fs Bmin C <outro_1> A E D,2001,'pop punk' 'punk' 'skate punk',2000.0,,artist_218,punk,3pNuOn5U2Vs2Sd0SDO1qP6,74xFFXkvOq9dPDigOWTHiX
361,<chorus_1> C E7 Amin F G C E7 Amin F G <verse_1> C E7 Amin F G C E7 Amin F G Amin E F C E7 Amin E F G <chorus_2> C E7 Amin F G C E7 Amin F G <verse_2> C E7 Amin F G C E7 Amin F G Amin E F C E7 Amin E F G <chorus_3> C E7 Amin F G C E7 Amin F G,2023-06-23,'cincinnati rap',2020.0,,artist_219,rap,0LopEfv3D6ODNcBKyYtkdJ,24qqDoA4BBXVnPOdHBjT54
362,<verse_1> A E Fsmin D A E Fsmin D A E Fsmin D <chorus_1> A E Fsmin D A E Fsmin D <interlude_1> A E Fsmin D <verse_2> A E Fsmin D <chorus_2> A E Fsmin D A E Fsmin D <interlude_2> A E Fsmin D <bridge_1> A E Fsmin D <chorus_3> A E Fsmin D A E Fsmin D <interlude_3> A E Fsmin D,2023-02-10,'singer-songwriter pop',2020.0,,artist_220,pop,6s0gFpKKKxd8EDhTCvEbYf,70LuGDrcHRTN0dQJoLN7rf
363,<intro_1> C Amin F G <verse_1> C Amin F G C Amin F G F G F G <chorus_1> C Amin F G C Amin F G C <verse_2> Amin F G F G F G <chorus_2> C Amin F G C Amin F G <bridge_1> F Amin F G <chorus_3> C Amin F G C Amin F G,2021-10-01,,2020.0,,artist_214,,1I7u0ipOhIXhwgJ9yen5Up,17YXRoI6Gj8EXyQM1lpxNZ
364,<intro_1> G/E Emin Gsus4/D G/E Emin Gsus4/D G/E Emin Gsus4/D <verse_1> Amin Amin/C C D G/E Emin Gsus4/D G/E Emin G/E Amin Amin/C C D G/E Emin Gsus4/D <chorus_1> G D Amin C Emin D Eno3d D Emin D C Emin D C <instrumental_1> G/E Emin Gsus4/D G/E Emin Gsus4/D G/E Emin Gsus4/D G/E Emin Gsus4/D <verse_2> Amin Amin/C C D G/E Emin Gsus4/D Amin Amin/C C D G/E Emin Gsus4/D <chorus_2> G D Amin C Emin D Eno3d D Emin D C Emin D C G/E <bridge_1> Amin B A C B Emin D C A Emin D C <instrumental_2> G/E Emin Gsus4/D G/E Emin Gsus4/D <verse_3> Amin Amin/C C D G/E Emin Gsus4/D <chorus_3> G D Amin C Emin D Eno3d D Emin D C Emin D C <outro_1> Emin D C Emin D C Eno3d,,'madchester' 'new wave' 'permanent wave' 'solo wave',,,artist_68,,,3iTsJGG39nMg9YiolUgLMQ
365,<intro_1> G D Bmin Emin A7 D A7 <verse_1> D Emin A7 D G D B Emin A7 D <chorus_1> G D Emin A7 D G D Bmin Emin A7 D <bridge_1> G D Bmin Emin A7 D A7 <verse_2> D Emin A7 D G D B Emin A7 D <chorus_2> G D Emin A7 D A E Cmin Fmin B7 E Fmin B7 E,,,,,,,,
366,E/Gs Cs/F Dsdim7 A/Cs Gs/C B/Ds Bmaj7sus2 Fsmin7 E/Gs A E Cs/F Fsmin7 E/Gs A E Cs/F Fsmin Cs/F E Dsdim7 D A/Cs Gs/C Cs/F Fsmin Cs/F E B/Ds D A/Cs Gs/C Cs/F Fsmin Cs/F E Cs/F Fsmin Cs/F E Cs/F Fs Bmaj7sus2 Cs Dsmin7 Fs Bmaj7sus2 Cs Dsmin7 Fsmin7 E/Gs A E Cs/F Fsmin7 E/Gs A E Cs/F Fsmin Cs/F E Dsdim7 D A/Cs Gs/C Cs/F Fsmin Cs/F E B/Ds D A/Cs Gs/C Cs/F Fsmin Cs/F E B/Ds D A/Cs Gs/C Cs/F Fsmin Cs/F E B/Ds D A/Cs Gs/C Cs/F Fsmin Cs/F E Cs/F Fsmin Cs/F E Cs/F Fsmin Cs/F E Cs/F Fsmin Cs/F E Cs/F Fsmin Cs/F E Dsdim7 D A/Cs Gs/C Cs/F Fsmin Cs/F E B/Ds D A/Cs Gs/C Cs/F Fsmin Cs/F E Dsdim7 D A/Cs Gs/C Cs/F Fsmin Cs/F E B/Ds D A/Cs Fsmin Cs/F E B/Ds D A/Cs Gs/C Cs/F Fsmin Cs/F E B/Ds D A/Cs Gs/F Cs/F Fsmin Cs/F E Cs/F Fsmin,2018-04-25,'otacore',2010.0,,artist_125,,4NF2wkVJMrUipF7UDVmfjn,0K05TDnN7xPwIHDOwD2YYs
367,<verse_1> G Emin C D G <verse_2> Emin C D G <chorus_1> C Amin Emin D G C Amin Emin D G C D G <verse_3> Emin C D G <chorus_2> C Amin Emin D G C Amin Emin D G C D G <bridge_1> Emin B D A Emin B D A C Amin B Emin A Emin A <instrumental_1> G Emin C D Emin D G <outro_1> C Amin Emin D G C Amin Emin D G C D Emin D G C D G,2009-06-26,'acoustic pop' 'austin americana' 'indie folk' 'new americana',2000.0,,artist_221,pop,7srE9VkVibw9YcjocoSprY,4MBIFx8pthemIVuEJSgAxb
368,<intro_1> Gmin Ebdim7 Ebdim7 D <verse_1> Gmin Eb Cmin D Gmin Cmin/Eb D7 Bbmin/Db C7 Fmin C Fmin C Cmin Gmin/Bb Dsus4 D Gmin/D Dsus4 D Gmin/D <verse_2> G C/G G D/Fs G D G/D C/G G D G B7 C B7 C B7 Emin Fs7 B Bmin Gmin/Bb Gmin Eb7 Gmin/D D <verse_3> Gmin Eb D Gmin Cmin/Eb D7 Bbmin/Db Gb/Db C7 Fmin C Fmin C Cmin Gmin/D Dsus4 D Gmin/D Dsus4 D Gmin Dsus4 D Gmin <verse_4> Csdim7 Gmin/D Eb7 Edim7 Bbmin/F Gdim7 Csmin/Gs A7 D7/Fs Gmin D7/A Gmin Ab/C Gmin/D D G G7/B C Eb/Db Gno3d/D Eb7 C/E D7/Fs Gmin D7/A Gmin Ab/C Gmin/D D Gno3d C/E Eb7 Gmin/D Eb Cmin D Gmin,,,,,,,,
369,<intro_1> Amin F C G <verse_1> Amin F C G Amin F C G Amin F C G Amin F C G <chorus_1> Amin F C G Amin F C G Amin F C G Amin F C G <verse_2> Amin F C G Amin F C G Amin F C G <bridge_1> Amin F C G <chorus_2> Amin F C G Amin F C G Amin F C G Amin F C G,2023-06-16,,2020.0,,artist_222,,7tAw2iISxJnNgW1AL9Worq,3fePw6n7ygV222wnREArp6
370,<intro_1> E B7 E <verse_1> A E A E Fs7 B7 E A E A E B7 E <chorus_1> A E B7 E A E B7 E <verse_2> A E A E Fs7 B7 E A E A E B7 E <chorus_2> A E B7 E A E B7 E <instrumental_1> A E A E Fs7 B7 E A E A E B7 E <verse_3> A E A E Fs7 B7 E A E A E B7 E <chorus_3> A E B7 E A E B7 E <outro_1> B7 E,1987-05-12,'bakersfield sound' 'country' 'country rock' 'nashville sound' 'outlaw country',1980.0,country rock,artist_223,country,2UHAAMXSiJf6W1OzuuqqBq,2ptmyXoL7poH6Zq62h1QT9
371,<intro_1> D A Bmin7 E7 A <verse_1> E7 D A E D A D A D A E A E7 D A E D A D A D E A <chorus_1> D E D A B7 E D A D E D E A E <verse_2> A E7 D A E D A D A D A E A E7 D A E D A D A D E A <chorus_2> D E D A B7 E D A D E D E A <outro_1> E D E D A Bmin7 E7 A,1986-01-01,'classic country pop',1980.0,,artist_224,pop,0YzdjNbhhFJZ07O1jn5NWY,4tIQ6BeFRvYApoAyJmaeVC
372,<intro_1> G Amin Dmin E Fmin G Amin Dmin E Fmin G Amin Dmin E Fmin G Amin Dmin E Fmin G Amin Dmin G Amin Dmin E Fmin G Amin Dmin E G Amin Dmin F G Amin Dmin G Amin Dmin E Fmin G Amin Dmin E Fmin G Amin Dmin Emin Fmin G Amin Dmin <verse_1> G Amin Dmin E Fmin G Amin Dmin E G Amin Emin F C D Emin F G Amin Dmin C Dmin Emin G Amin Dmin G Amin Dmin G Amin Dmin Emin G Amin Dmin G Amin <outro_1> Dmin Emin G Amin Dmin G Amin,2021-09-04,'tex-mex',2020.0,,artist_52,,1UIsqFOatDUVOAIwogLkFE,6FmKCCqWSQAhxF0bkObz4b
373,<intro_1> D G <chorus_1> D G D G <verse_1> D G <chorus_2> D G D G <instrumental_1> D G <verse_2> D G <chorus_3> D G D G <outro_1> D G,,,,,,,,
374,<chorus_1> C F C F As C F As C F As C F As C F <verse_1> C F C F C F C F As C F As C F <verse_2> C F C F C F C F As C F As C F <verse_3> C F C F C F C F As C F As C F <verse_4> C F C F C F C F As F C F As C F As C F As C F As C F C F,,,,,artist_225,,,6GQ9vH1rq23GZhKYrXak9v
375,<intro_1> G Gsus4 G <verse_1> Gsus4 G Gsus4 G Gsus4 G Gsus4 G Eb F C Ab Eb G <chorus_1> G/Fs F Fsus4 F Fsus4 C Csus4 C F Fsus4 F C Csus4 G Gsus4 <verse_2> G Gsus4 Gbno3d G Gsus4 G C Csus4 C Csus4 C G Gsus4 G Gsus4 G Bb Bb/F F Fsus4 F <chorus_2> Bb G D Ab Eb G F Fsus4 F C Csus4 C F Fsus4 F C Csus4 C G Gsus4 G Gsus4 G Gsus4 G Gsus4 G Gsus4 G <chorus_3> Eb F C Ab Eb G G/Fs F Fsus4 F Fsus4 C Csus4 C Csus4 F Fsus4 F Fsus4 C Csus4 C Csus4 F Fsus4 F Fsus4 C Csus4 C Csus4 F Fsus4 F Fsus4 C Csus4 C Csus4,2015-11-27,'album rock' 'art rock' 'blues rock' 'classic rock' 'flute rock' 'folk rock' 'hard rock' 'progressive rock' 'psychedelic rock' 'rock' 'singer-songwriter' 'symphonic rock',2010.0,flute rock,artist_226,rock,6riXznISRrFpsWF1ZT4uwq,6w6z8m4WXX7Tub4Rb6Lu7R
376,<intro_1> Amin G/B Amin G/B Amin <verse_1> G F Amin G F Amin G F Amin G F Amin G/B Amin G/B Amin G/B Amin G/B Amin <verse_2> G F Amin G F Amin G F Amin G F <chorus_1> C G F C G F C G <interlude_1> Fsmin Fmin <verse_3> Amin G F Amin G F Amin G F Amin G F <interlude_2> Amin G/B Amin G/B Amin <verse_4> G F Amin G F Amin G F Amin G F <chorus_2> C G F C G F C G F C G <outro_1> F C G F C G F C G F C G,1992-06-29,'german rock' 'ostrock',1990.0,ostrock,artist_227,rock,4ebpwv177t0YrP2f2rCbu2,7JRN2zE9GRXmVLj2UgNWtN
377,<intro_1> C G7 C <verse_1> G7 C G7 C <verse_2> G7 C G7 C <chorus_1> G7 C G7 C <interlude_1> G7 C <verse_3> G7 C G7 C <verse_4> G7 C G7 C <chorus_2> G7 C G7 C,2021-06-25,'classic country pop' 'cowboy western' 'honky tonk' 'traditional country' 'western swing',2020.0,,artist_228,country,1t3hC1PfyvHphEKnFujrMs,7gS1Yv0RynyzKX5ICtKIhS
378,<verse_1> G Amin C G F C Amin G <verse_2> Amin C G F C Amin G B7 <chorus_1> E Gs E Gs E Gs A Fs B E Gs E Gs E Gs A Fs B E/B C7 Cadd13 <verse_3> Amin C G F C Amin G B7 <chorus_2> E Gs E Gs E Gs A Fs B E Gs E Gs E Gs A Fs B E/B C7 Cadd13 <verse_4> Amin C G F C Amin G <outro_1> D7 G,,,,,,,,
379,<verse_1> C Emin Dmin G C Emin Dmin G <chorus_1> C Emin C Amin D G C Emin C Amin G C <verse_2> Emin Dmin G C Emin Dmin G <chorus_2> C Emin C Amin D G C Emin C Amin G C <chorus_3> Emin C Amin D G C Emin C Amin G C <bridge_1> F C Dmin G F Dmin G <chorus_4> C Emin C Amin D G C Emin C Amin G C <chorus_5> Emin C Amin D G C Emin C Amin G C <outro_1> Emin C Amin D G C Emin C Amin G C,2021-03-05,'medieval rock' 'pirate' 'seemannslieder',2020.0,medieval rock,artist_229,rock,7wxAG62z8zcE0ARRWJ6FJM,1Q5sHMaELij3vfxK4DpMOa
380,<verse_1> Amin F Amin F Amin C F <verse_2> Amin F Amin F Amin C F Amin <chorus_1> C F Amin C F Amin C F Amin C F Amin F Amin F Amin C F <verse_3> Amin F Amin F Amin C F Amin F Amin F Amin C F Amin <chorus_2> C F Amin C F Amin C F Amin C F Amin C F Amin C F Amin F Amin F Amin C F Amin <chorus_3> C F Amin C F Amin C F Amin C F Amin F <outro_1> Amin F Amin C F,2022-11-17,'oklahoma country',2020.0,,artist_230,country,0JLrHB2DQtk2fqV8OhPrMg,3Q4EiwwNbFGRMUN4139FJx
381,<verse_1> C G Dmin G C G Dmin G C G Amin Gs G C F D G C F D G C G As Amin D C G <chorus_1> C G F D Gs G As A D C G C G F Gs G Amin D C G <verse_2> C G Dmin G C G Dmin G C G Amin Gs G C G Dmin G C G Dmin G C G As A D C G <chorus_2> C G F D Gs G As A D C G C G F Gs G Amin D C G <bridge_1> As F C As F C Ds F C A D G <chorus_3> C G F D Gs G As A D C G C G F Gs G Amin D C G <chorus_4> C G F D Gs G As A D C G C G F Gs G Amin D C G,2008-06-01,,2000.0,,artist_231,,6IJCzJvhlqsCKBKey4zcnO,3H31MfKBhE17rntqERtJmo
382,<intro_1> Emin <verse_1> C D Emin C D Amin Emin D <chorus_1> Emin C G D Emin C G D Emin C G D Emin C G D Emin <verse_2> C D Emin C D Amin Emin D Amin Emin D <chorus_2> Emin C G D Emin C G D Emin C G D Emin C G D Emin C G D Emin C G D Emin C G D Emin C G D Emin <outro_1> C G D,2021-10-01,,2020.0,,artist_214,,08fDyB3MTYWxiwwFhNONmI,17YXRoI6Gj8EXyQM1lpxNZ
383,<intro_1> C Cmaj7 Fmaj7 <verse_1> C Fmaj7 F C Fmaj7 G <chorus_1> Fmaj7 C Fmaj7 F Amin7 F Fmaj7 G C <verse_2> Fmaj7 C Fmaj7 F G <chorus_2> Fmaj7 C Fmaj7 F Amin7 F Fmaj7 G C F Fmaj7 F C <bridge_1> D Fmaj7 G <chorus_3> F C Fmaj7 F Amin7 F Fmaj7 G C <outro_1> F Fmaj7 G C,2023-02-10,'country pop',2020.0,,artist_232,pop,1TcQgtcFpLIkYFQCbPxPZ3,64IzKvcuvD2Q06UGawFiuO
384,<intro_1> G Emin G Emin <verse_1> G Emin G Emin <chorus_1> G Emin G Emin <verse_2> G Emin G D Emin <chorus_2> G D Emin G D Emin G D Emin G D Emin <bridge_1> G Emin G Emin G D Emin G D Emin <chorus_3> G D Emin G D Emin G D Emin G D Emin <outro_1> Cmaj7 G Gmaj7 Cmaj7 G Gmaj7 G,2023-02-10,'sad rap',2020.0,,artist_233,rap,538txyi52ZOwzWxIQsCT12,1Cd373x8qzC7SNUg5IToqp
385,<intro_1> G C F C G C F G <verse_1> C F C G C F G C F C G C F G C F <chorus_1> C G Amin C G Amin F C G Amin F C G Amin F C G Amin <verse_2> G C F C G C F G C F C G C F C <chorus_2> F C G Amin C G Amin F C G Amin F C G Amin F C G Amin <verse_3> G C F C G C F G C F C G C F G C F <bridge_1> C G C Amin7 F C G C F <instrumental_1> G C F G C F G C F C G C F G C F C <verse_4> G C F C G C F G C F C G C F C G C F G C F <chorus_3> C G Amin C G Amin F C G Amin F C G Amin F C G Amin F C G Amin <outro_1> C G Amin C G Amin F C G Amin C G Amin F C G Amin C G Amin F C G Amin C G Amin F C G Amin F C G Amin F C G Amin F,2023-02-03,,2020.0,,artist_234,,1GDy3ULhowIU6Tjoh6CTqR,33Oib5yIENJSyApkDDoN3L
386,<intro_1> E Gs A <verse_1> E Gs A E Gs A E Gs A E Gs A <chorus_1> Bno3d A Csno3d Fs A B A Gs Fs Gs E Gs A E Gs A <verse_2> E Gs A E Gs A E Gs A E Gs A <chorus_2> Bno3d A Csno3d Fs A B A Gs Fs A Gs B Gs E Gs A E Gs A E,,,,,,,,
387,<intro_1> G Emin C D <verse_1> G Emin C D G Emin C D G Emin C D G Emin C D C D Emin C D G <chorus_1> C Emin D G C Emin D G C Emin D G C Emin D G <verse_2> Emin C D G Emin C D G Emin C D G Emin C D C D Emin C D C D <bridge_1> C D Emin C D C D <chorus_2> G C Emin D G C Emin D G C Emin D G C Emin D G C Emin D G C Emin D G C Emin D G C Emin D G <outro_1> C Emin D G C Emin D G C Emin D G C Emin D G,2020-09-17,,2010.0,,artist_214,,0nWkWcVcLH05ZRKo9GLA0R,17YXRoI6Gj8EXyQM1lpxNZ
388,<intro_1> D Gmaj7 <verse_1> D Gmaj7 Fsaug G Emin7 A7sus4 A7 Emin Asus4 A <verse_2> D G D/Fs G Emin7 A7sus4 A Emin A7sus4 A <chorus_1> G D/Fs G A G D/Fs G <instrumental_1> D G <verse_3> D G D/Fs G Emin7 A7sus4 A Emin A7sus4 A <chorus_2> G D/Fs G A G D/Fs G A G D/Fs G A G D/Fs G <instrumental_2> D G D/Fs G Emin7 A7sus4 A <chorus_3> G D/Fs G A G D/Fs G A G D/Fs G A G D/Fs G,1989-09-11,'dance rock' 'new romantic' 'new wave' 'new wave pop' 'soft rock' 'sophisti-pop' 'synthpop',1980.0,dance rock,artist_235,pop rock,3i9sE9my8shTVrCQkBMerp,0NKDgy9j66h3DLnN8qu1bB
389,<intro_1> Amin Amin7 Amin Amin7 <verse_1> Amin Amin7 Amin Dmin7 Dmin Dmin7 G G7 G C7 Amin Amin7 Amin Dmin7 Dmin G G7 G G7 C <verse_2> Amin Amin7 Amin Dmin7 Dmin G7 G C7 Amin Amin7 Amin Dmin7 Dmin G G7 G G7 C <chorus_1> Cs D Ds E A/E A A/E A Bmin7 Bmin Bmin7 E Bmin/E E Bmin/E E A A7 A/E A A/E A Bmin7 Bmin E Bmin/E E Bmin/E E7 A A7 <chorus_2> Fsmin Fsmin7 Bmin Bmin7 E E7 A/E A A7 A/E A7/E A/E A7/E Bmin7 Bmin E Bmin/E E E7 A A7 Amin Dmin E E7 Amin Amin7 Amin Amin7 <verse_3> Amin Amin7 Amin Dmin7 Dmin G G7 C7 Amin Amin7 Amin Dmin7 Dmin G G7 G G7 C Amin Amin7 Amin Amin7 Dmin Dmin7 Dmin G G7 C7 Amin Amin7 Dmin Dmin7 G G7 G G7 C <chorus_3> Cs D Ds E A/E A A/E A Bmin7 Bmin Bmin7 E Bmin/E E Bmin/E E A A7 A/E A A/E A Bmin7 Bmin E Bmin/E E Bmin/E E7 A A7 <chorus_4> Fsmin Fsmin7 Bmin Bmin7 E E7 A/E A A7 A/E A7/E A/E A7/E Bmin7 Bmin E Bmin/E E E7 A A7 Amin Dmin E E7 A <outro_1> Dmin E E7 A D E E7 A/E A A/E A Bmin7 Bmin Bmin7 E Bmin/E E Bmin/E A A/E A7/E A/E A A/E A Bmin7 Bmin Amin Dmin E E7 Amin,2012-03-19,,2010.0,,artist_236,,5yT55i6u5zByvA6McnMIDZ,0lYeY1K9D5DkmynyY39vGG
390,<intro_1> Amin G C Amin G C <verse_1> Amin G C Amin G C Amin G C Amin G C Amin G C Amin G C Amin G C Amin G C <chorus_1> Amin G C Amin G C Amin G C Amin G C Amin G C Amin G C Amin G C Amin G C Amin G C Amin G C <verse_2> Amin G C Amin G C Amin G C Amin G C <chorus_2> Amin G C Amin G C Amin G C Amin G C Amin G C Amin G C Amin G C Amin G C Amin G C Amin G C <bridge_1> Amin G C Amin G C Amin G C Amin G C Amin G <chorus_3> Amin G C Amin G C Amin G C Amin G C Amin G C Amin G C Amin G C Amin G C Amin G C Amin G C <outro_1> Amin G C Amin G C Amin G C Amin G C,,'contemporary country' 'country pop' 'modern country pop',,,artist_237,country,4FHlPEVeZZa8MiaJGR3ovi,2qwXeRk8VBAegbUnf3xdyi
391,<intro_1> B E B Ds B E B Ds B E Fs B <verse_1> E Fs B E Fs <bridge_1> E Fs E Fs E Fs <chorus_1> B E Fs <verse_2> B E Fs B E Fs <bridge_2> E Fs E Fs E Fs <chorus_2> B E Fs B E Fs <solo_1> B E Fs <chorus_3> B E Fs B E Fs <outro_1> B E Fs,2019-01-07,'english indie rock' 'manchester indie',2010.0,english indie rock,artist_238,alternative,6urriv5v0jrGtrL1rbC5iJ,5HP1e8Iv1jrxdO5LcGoa60
392,<intro_1> Amin F C Emin <verse_1> Amin F C Emin Amin F C Emin Amin F C Emin Amin F C Emin <chorus_1> Amin F C Emin Amin F C Emin Amin F C Emin Amin F C Emin Amin F C Emin Amin F C Emin Amin F C Emin Amin F C Emin <chorus_2> Amin F C Emin Amin F C Emin Amin F C Emin Amin F C Emin <outro_1> Amin F C Emin Amin F C Emin Amin F C Emin Amin F C Emin,2023-02-10,'lithuanian pop',2020.0,,artist_239,pop,1tfZUCLXVf4jFFPHvEWYXC,6rK0q2iF5e7xWq3lprKWg7
393,<intro_1> C F <verse_1> G Amin C F G D F G Amin C F G D <chorus_1> C F C F <interlude_1> G Amin C F G D <verse_2> F G Amin C F G D F G Amin C F G D <chorus_2> C F C F <solo_1> G Amin C F G D F Amin G F Amin G F G F G <chorus_3> C F C F <outro_1> C F C F,2019-02-25,'english indie rock' 'manchester indie',2010.0,english indie rock,artist_238,alternative,7oTaLhUy6FCHsJlwSgZiJI,5HP1e8Iv1jrxdO5LcGoa60
394,<intro_1> G <verse_1> D Emin D C G D Emin D C D Emin G C D Emin G C <chorus_1> G C D G C G D G C Emin D C G C G Emin7 Emin G D Emin C D <verse_2> A Bmin G D A Bmin G A Bmin A D G A Bmin D G <chorus_2> D G A D G A D G Bmin A G D G D Bmin7 Bmin G A G D G <outro_1> D A Emin Bmin G D,,,,,artist_240,,,60LfX8q7jliswygVxBPIL4
395,<verse_1> Cmin Fmin Bb G7 Ab F Bb G Ab F Bb G Fmin Fmin7 Gsus4 G Cmin <chorus_1> Fmin Bb G Ab F Bb G7 Cmin Fmin Bb G Ab F Bb G7 Ab <verse_2> F Bb G Fmin Fmin7 Gsus4 G Cmin <chorus_2> Fmin Bb G Ab F Bb G7 Eb <verse_3> G G7 Ab Adim G G7 Eb Gsus4 G G7 Ab F Gsus4 G G7 Cmin <chorus_3> Fmin Bb G Ab F Bb G7 Cmin Fmin Bb G Ab F Bb G7 Cmin Fmin Bb G Ab F Bb G7 Ab F Bb Gsus4 G C,,,,,,,,
396,<intro_1> C Dmin Amin F C Dmin Amin F C Dmin Amin F C Dmin Amin F C Dmin Amin F <chorus_1> C Dmin Amin F C Dmin Amin F C Dmin Amin F C Dmin Amin F <instrumental_1> C Dmin Amin F C Dmin Amin F C Dmin Amin F C Dmin Amin F C Dmin Amin F C Dmin Amin F C Dmin Amin F <chorus_2> C Dmin Amin F C Dmin Amin F C Dmin Amin F C Dmin Amin F <instrumental_2> C Dmin Amin F <bridge_1> C Dmin Amin F C Dmin Amin F C Dmin Amin F C Dmin Amin F <chorus_3> C Dmin Amin F C Dmin Amin F C Dmin Amin F C Dmin Amin F,2023-01-13,'britpop revival' 'english indie rock' 'indie surf' 'liverpool indie' 'modern alternative rock' 'modern rock',2020.0,english indie rock,artist_241,alternative,3CyHEWy0VG4bLyfmeYmXGY,6hl5k4gLl1p3sjhHcb57t2
397,<intro_1> Fs7 <verse_1> E Gs A Fs7 <verse_2> E Gs A Fs7 <chorus_1> E Gs7 A B E Gs7 A B E Gs7 A B E D7 E D7 E D7 Cs <verse_3> Fs7 E Gs A Fs7 <chorus_2> E Gs7 A B E Gs7 A B E Gs7 A B E D7 E D7 E D7 Cs <instrumental_1> Fs7 <bridge_1> E Gs A Fs7 <chorus_3> E Gs7 A B E Gs7 A B E Gs7 A B E D7 E D7 E D7 Cs <instrumental_2> Gs <outro_1> Fsmin Cs7 D E A,2003-02-06,'la indie',2000.0,,artist_183,alternative,4BOlhScXjZlVoOXis7Yjhx,3OfiFNgFbJAwuQnVvOL2bh
398,<intro_1> C F Amin G F <verse_1> C F C F C F Amin G F Amin G F Amin G F <chorus_1> C F Amin G F Amin G F <verse_2> C F C F C F Amin G F Amin G F Amin G F <chorus_2> C F Amin G F Amin G F <bridge_1> Dmin Amin G Dmin Amin G C F Amin G F <chorus_3> C F Amin G F C F Amin G F Amin G F,2021-04-02,,2020.0,,artist_214,,0yR52rZdXOCnNt67JRfCSU,17YXRoI6Gj8EXyQM1lpxNZ
399,<verse_1> Dmin Gmin C F Dmin Gmin C F Dmin Gmin C F Dmin Gmin C F <bridge_1> As F C D As F C As F C D As F C A <chorus_1> Gmin C F Dmin Gmin C F Dmin Gmin C F Dmin Gmin A <verse_2> Dmin Gmin C F Dmin Gmin C F Dmin Gmin C F Dmin Gmin C F <bridge_2> As F C D As F C As F C D As F C A <chorus_2> Gmin C F Dmin Gmin C F Dmin Gmin C F Dmin Gmin A <solo_1> Dmin Gmin C F <bridge_3> As F C Dmin As F C As F C Dmin As F C A <chorus_3> Gmin C F Dmin Gmin C F Dmin Gmin C F Dmin Gmin A,1997,'finnish alternative rock' 'finnish pop' 'suomi rock',1990.0,finnish alternative rock,artist_242,pop rock,3ci0QJCUHPjmqF1U8BCnRe,5kwthnxNdfnqGk0nL35wDC
400,<intro_1> G <verse_1> D C G D C G D C G <chorus_1> Emin D C G <instrumental_1> D C G <verse_2> D C G D C G <chorus_2> Emin D C G <verse_3> D C G D C G <chorus_3> Emin D C G <outro_1> D C G,2023-04-21,'pop quebecois',2020.0,,artist_243,pop,3PW9KzyMRSqSRWUITtUaV3,6KjWnF2bNLjmboG1B1Ntp8
401,<verse_1> G D C G D C G Emin D C G Emin D <chorus_1> G D C G D G D C G D G C D G D C D G <verse_2> D C G D C G Emin D <chorus_2> G D C G D G D C G D Emin <bridge_1> G C G D Emin D G C D G D C D G D C D G D C D G D C G,2023-02-10,'pop quebecois',2020.0,,artist_244,pop,11381lGFjjG4s9Pq9leCMg,0Geq9Y20DjOlUjvmFZtzGx
402,F Dsus4 F Dsus4 F Bb/G Fadd9/A Bbadd9 Dmin/B Bb F Bb/G Fadd9/A Bbadd9 Dmin/B Bb F C Gmin7 C Gmin7 Bb F/A Gmin7 C7 Bb F/A Gmin7 C7 Bb F/A Gmin7 C7 Bb F/A Gmin7 C7 F Gmin7 Amin Bb Dmin/B Bb F/A Gmin7 C7 Bb F/A Gmin7 C7 Bb F/A Gmin7 C7 Bb F/A Gmin7 C7 Dmin Csdim/A Dmin Csdim/A Dmin Csdim/A Bb/G C G/B Amin7 D7 C G/B Amin7 D7,,,,,,,,
403,<intro_1> Emin D Cs7 Fsmin Emin D Cs7 Fsmin Bmin Fsmin Cs7 Fsmin Bmin Fsmin Cs7 Fsmin <verse_1> Emin D Cs Fsmin Emin D Cs Fsmin Emin D Cs Fsmin Emin D Cs Fsmin <chorus_1> Bmin Fsmin Cs Fsmin Bmin Fsmin Cs Fsmin <verse_2> Emin D Cs Fsmin Emin D Cs Fsmin Emin D Cs Fsmin <chorus_2> Bmin Fsmin Cs Fsmin Bmin Fsmin Cs Fsmin <verse_3> Emin D Cs Fsmin Emin D Cs Fsmin Emin D Cs Fsmin Emin D Cs Fsmin <chorus_3> Bmin Fsmin Cs Fsmin Bmin Fsmin Cs Fsmin <outro_1> Emin D Cs7 Fsmin Emin D Cs7 Fsmin,2023-02-10,,2020.0,,artist_245,,64aiJe3MnLPotrJGXffamw,46t7vjlMVHupnaCLcnIXos
404,<intro_2> Csno3d Ano3d Bno3d Fsno3d <verse_1> Csno3d Ano3d Bno3d Fsno3d Csno3d Ano3d Bno3d Fsno3d <chorus_1> Csno3d Bno3d Eno3d Bno3d Csno3d Bno3d Eno3d Bno3d Csno3d <intro_3> Ano3d Bno3d Gsno3d <verse_2> Csno3d Asno3d Bno3d Fsno3d Csno3d Asno3d Bno3d Fsno3d Csno3d Asno3d Bno3d Fsno3d Asno3d Bno3d Fsno3d <chorus_2> Csno3d Bno3d Eno3d Bno3d Csno3d Bno3d Eno3d Bno3d Csno3d <bridge_1> Ano3d Bno3d Fsno3d <bridge_2> Csno3d,2023-01-27,'german punk' 'german punk rock',2020.0,german punk rock,artist_188,punk,1Rj94jgWA4e5Uqp5JDx9cs,215Kid3OrwPnoRKyp9yZ0z
405,<intro_1> Dmin C F Bb <verse_1> Dmin C F Bb Dmin C F Bb Dmin C F Bb C <chorus_1> Bb F Gmin Bb F Gmin Bb F Gmin Bb F Gmin Dmin C F Bb Dmin C F Bb <verse_2> Dmin C F Bb Dmin C F Bb Dmin C F Bb C <chorus_2> Bb F Gmin Bb F Gmin Bb F Gmin Bb F Gmin Dmin C F Bb Dmin C F Bb <outro_1> Dmin C F Bb Dmin C F Bb,2023-01-20,'modern alternative pop',2020.0,,artist_246,pop,1FtgIjYvB6sd0msxaqwvcL,1KGcdM5KxCVydaHe29QAj9
406,<verse_1> D G D <chorus_1> A G D <verse_2> G D <chorus_2> A G D <verse_3> G D <chorus_3> A G D <bridge_1> Emin G Emin G A C G D <verse_4> G D A G D,,'uk contemporary r&b',,,artist_247,soul,,5tA28joO5iZ0eCnvyctqRH
407,<intro_1> G <chorus_1> C G D C D G <chorus_2> C G D C D G <chorus_3> C G D C D G C G D C D G,1962,'american folk revival' 'folk',1960.0,,artist_248,country,0tVX2Tst13rHUsPBKxmEqu,6QmHysWvckkQR74oxmLmtz
408,<intro_1> Dmin <verse_1> Bb C F A7 <verse_2> Dmin Bb C F A7 <chorus_1> Bb C Gmin7 Bb C7 F A Bb C Gmin7 Bb C7 F A7 <verse_3> Dmin Bb C F A7 <verse_4> Dmin Bb C F A7 <chorus_2> Bb C Gmin7 Bb C7 F A Bb C Gmin7 Bb C7 F A7 Dmin <instrumental_1> Bb C F A Dmin,2023-10-27,'chanson' 'french pop',2020.0,,artist_249,pop,3U4dbVgPQHwIr2XVH1eqZ7,0wb3S587JG0riRtdPA6PQD
409,<intro_1> Fmin Cmin Db Bbmin <verse_1> Fmin Cmin Db Bbmin Fmin Cmin Db Bbmin Db Cmin Db Eb <chorus_1> Fmin Db Ab C Fmin Db Ab C Fmin <verse_2> Cmin Db Bbmin Fmin Cmin Db Bbmin Db Cmin Db Eb <chorus_2> Fmin Db Ab C Fmin Db Ab C <bridge_1> Db Eb C/E Fmin Db Eb C/E Fmin Gdim7 Ab Fmin Db Ab C Fmin <chorus_3> Gmin Eb Bb D Gmin Eb Bb D Gmin Dmin Eb Cmin,2023-05-12,'classic schlager' 'schlager',2020.0,,artist_250,,5RF3tVigushURapNS8GFga,2TWKU6gA4uorXNGR193VlO
410,<intro_1> Bmin A Fsmin G <chorus_1> Bmin A Fsmin G Bmin A Fsmin G Bmin A Fsmin G <verse_1> Bmin A Fsmin G Bmin A Fsmin G Bmin A Fsmin G <chorus_2> Bmin A Fsmin G Bmin A Fsmin G Bmin A Fsmin G <bridge_1> Bmin A Fsmin G Bmin A Fsmin G Bmin A Fsmin G Bmin A Fsmin G Bmin A Fsmin G <chorus_3> Bmin A Fsmin G Bmin A Fsmin G,2021-12-10,,2020.0,,artist_251,,4ZBYC3I0gQFWiJ4uMzz0Ro,670MGZkS4Rzkpl2IR9EQSx
411,<intro_1> G D Emin D C <verse_1> G D Emin D C G D Emin D C G D Emin D C G D Emin D C <chorus_1> G D Emin D C G D Emin D C G D Emin D C G D Emin D C G D Emin D C <verse_2> G D Emin D C G D Emin D C G D Emin D C G D Emin D C <verse_3> G D Emin C G D C G D Emin C G D C <chorus_2> G D Emin C G D C G D Emin C G D C <instrumental_1> G D Emin C G D C <verse_4> G D Emin C G D C G D Emin C G D C <chorus_3> G D Emin C G D C G D Emin C G D C <instrumental_2> G D Emin C G D C G D Emin C G D C <verse_5> G D Emin C G D C G D Emin C G D C <chorus_4> G D Emin C G D C G D Emin C G D C G <chorus_5> D Emin D C G D Emin D C G D Emin D C G D Emin D C G D Emin D C,,'punk' 'punk 'n' roll' 'skate punk' 'socal pop punk',,,artist_252,punk,03XgizfW9XLiRccI2pxcWa,16nn7kCHPWIB6uK09GQCNI
412,<intro_1> Emin C <verse_1> Emin C G D Emin C G D C D <chorus_1> Emin C G D Emin C G D Emin C G D Emin C G D <verse_2> Emin C G D Emin C G D C D <chorus_2> Emin C G D Emin C G D Emin C G D Emin C G D <bridge_1> C D C D <chorus_3> Emin C G D Emin C G D Emin C G D Emin C G D Emin,2023-02-10,'discofox' 'schlager',2020.0,,artist_253,,3xHOTjxtWYpO8DJqLAfPqp,6Aq7HTrmlbXmXU6vE4y3ka
413,<intro_1> Emin Amin Emin Amin Emin Amin <verse_1> Emin Amin Emin Amin Emin Amin Emin Amin Emin Amin Emin Amin <chorus_1> Emin Amin Emin Amin <verse_2> Emin Amin Emin Amin Emin Amin Emin Amin Emin Amin Emin Amin <chorus_2> Emin Amin Emin Amin <instrumental_1> Emin Amin Emin Amin Emin Amin <verse_3> Emin Amin Emin Amin Emin Amin Emin Amin Emin Amin Emin Amin <chorus_3> Emin Amin Emin Amin Emin Amin Emin Amin <instrumental_2> Emin Amin Emin Amin Emin Amin <verse_4> Emin Amin Emin Amin Emin Amin Emin Amin Emin Amin Emin Amin <chorus_4> Emin Amin Emin Amin Emin Amin Emin Amin <outro_1> Emin Amin Emin Amin Emin Amin Emin Amin Emin Amin Emin Amin Emin Amin Emin Amin Emin,,,,,,,,
414,<intro_1> C F C F <verse_1> C F C G Amin F C <verse_2> F C G Amin F C G Amin F G F <chorus_1> Amin F C G Amin F C G Amin F C G Amin Dmin F Amin <interlude_1> G Amin G <verse_3> C F C G Amin F C <verse_4> F C G Amin F C G Amin F G F <chorus_2> Amin F C G Amin F C G Amin F C G Amin Dmin F <bridge_1> G Bmin F Amin G Bmin F Dmin <chorus_3> Amin F C G Amin F C G Amin F C G Amin Dmin F <chorus_4> Amin F C G Amin F C G Amin F C G Amin Dmin F <instrumental_1> Amin F C G Amin F C <outro_1> G Amin F C G Amin Dmin F C,,,,,,,,
415,<intro_1> Bmin G Fs E D Cs Bmin D G Fsmin Bmin A D Emin Fsmin Bmin D G Fsmin Bmin A D Emin Fsmin <verse_1> Bmin D G Fsmin Bmin A D Emin Fsmin Bmin D G Fsmin <verse_2> Bmin D G Fsmin Bmin D G Fsmin Bmin D G Fsmin <chorus_1> Bmin A G Fsmin D Cs Bmin A G Fsmin D Cs <interlude_1> Bmin D G Fsmin <verse_3> Bmin D G Fsmin Bmin A D Emin Fsmin Bmin D G Fsmin <verse_4> Bmin A D Emin Fsmin Bmin D G Fsmin Bmin D G Fsmin <chorus_2> Bmin A G Fsmin D Cs Bmin A G Fsmin D Cs <bridge_1> Bmin A G Fsmin D Cs Bmin <interlude_2> D G Fsmin Bmin A D Emin Fsmin <chorus_3> Bmin A G Fsmin D Cs Bmin A G Fsmin D Cs Bmin <outro_1> A G Fsmin D Cs Bmin A G Fsmin D Cs Bmin D G Fsmin Bmin D G Fsmin Bmin,2008-05-13,'dark wave',2000.0,,artist_254,,3dfFuNaahI1VjFIm7aY6mZ,2zRt0sfxNnqI8gLR7d8gWt
416,<intro_1> D Fsmin G A D <verse_1> Fsmin G A D Fsmin G A D <verse_2> Fsmin G A D Fsmin G A D <chorus_1> Fsmin G A D <verse_3> Fsmin G A D Fsmin G A D <chorus_2> Fsmin G A D Fsmin G A D,,,,,artist_255,,,3PLNxIM2BBVTpvmWYooX9x
417,<intro_1> Dsmin Gsmin Asadd11 As <verse_1> B Asmin B As Asmin As B Asmin B As B Cs B Fs B As B Ds B Fs B Cs As <chorus_1> Asmin As Fs Cs B Asmin As Fs As Fs B As Fs B As B <verse_2> Asmin B As Asmin As B Asmin B As B Cs B Fs B As B Ds B Fs B Cs As <chorus_2> Asmin As Fs Cs B Asmin As Fs As Fs B As Fs B Fs B Asmin As Fs Cs B Asmin As Fs As Fs B As Fs B Fs B,,,,,,,,
418,<intro_1> Emaj7 Csmin Gsmin7 Gmin7 Fsmin7 B <verse_1> Emaj7 Csmin Gsmin7 Gmin7 Fsmin7 Emaj7 Csmin Gsmin7 Gmin7 Fsmin7 B <chorus_1> Emaj7 Csmin Gsmin7 B Emaj7 Csmin Gsmin7 B <verse_2> Emaj7 Csmin Gsmin7 Gmin7 Fsmin7 Emaj7 Csmin Gsmin7 Gmin7 Fsmin7 B <chorus_2> Emaj7 Csmin Gsmin7 B Emaj7 Csmin Gsmin7 B <bridge_1> Fsmin7 B Fsmin7 B Emaj7 Csmin Gsmin7 Gmin7 Fsmin7 B <chorus_3> Emaj7 Csmin Gsmin7 B Emaj7 Csmin Gsmin7 B Emaj7,2022-10-14,,2020.0,,artist_256,,2MQpXqqHi1ygVwEeCwTSBW,4VjcxM21o0HlISM6BUHt6B
419,<intro_1> C <verse_1> Amin G F G C Amin G F G C Amin G F G C Amin G F G <chorus_1> C C/B Amin G F G C C/B Amin G F G C <verse_2> Amin G F G C Amin G F G C <chorus_2> C/B Amin G F G C C/B Amin G F G C C/B Amin G F G C C/B Amin G F G C,2014-04-08,'knoxville indie',2010.0,,artist_257,alternative,69MTcCogxksQ8WdtnejFaX,3DrB9nBkn2tfhXxSsKAaor
420,<verse_1> Dmin Amin Dmin Amin Dmin F Amin Dmin Amin Bb Amin Bb Amin C Amin Dmin Amin Bb Amin Bb Dmin Bb C <chorus_1> Dmin F Amin Dmin Amin C Bb Dmin F Amin Dmin Amin C Bb Dmin Bb Dmin <instrumental_1> Bb <verse_2> Dmin C Bb Amin Bb Amin Dmin C Bb Amin C Bb Amin Dmin C Bb Amin C Dmin Amin C Dmin Amin C Amin Dmin Amin Bb Amin Bb Dmin Bb C <chorus_2> Dmin F Amin Dmin Amin C Bb Dmin F Amin Dmin Amin C Bb Dmin Bb Dmin <outro_1> Bb Dmin C Dmin Bb Dmin Amin F Dmin Bb Dmin Amin Dmin Bb Dmin Bb Dmin,2023-03-16,'filmi' 'indian instrumental' 'modern bollywood',2020.0,,artist_258,,7zXcLSiKnMtmrmRQ0DieS9,1wRPtKGflJrBx9BmLsSwlU
421,<chorus_1> Fmin Fmin/Db Bbmin C7 Fmin <verse_1> Eb/G Fmin Eb/G Fmin Db Eb Eb/G Fmin/G Bbmin C,2011-01-01,'vbs',2010.0,,artist_259,,2HLhjO1RuzdAnbKN1NXasT,40JuNvEnk3vufsyLg9WX5n
422,<intro_1> Bmin A Bmin A Bmin A Bmin A Bmin <verse_1> A D A Emin Bmin A D A Emin <chorus_1> Bmin A Bmin A G Bmin A Bmin A Emin D A Bmin Fsmin Bmin A Bmin A Emin <bridge_1> Bmin A Bmin A Bmin A Bmin A Bmin <verse_2> A D A Emin Bmin A D A Emin <chorus_2> Bmin A Bmin A Emin Bmin A Bmin A Emin D A Bmin Fsmin Bmin A Bmin A Emin D A Bmin Fsmin Bmin A Bmin A Emin Bmin A Bmin A G <outro_1> Bmin A Bmin A,2010-03-26,'finnish pop' 'iskelma' 'suomi rock',2000.0,suomi rock,artist_260,pop rock,3nvQNtfb30iVFYOWxjKs8B,7fsO7iJz8gv776THRffk0A
423,<intro_1> Fsmin D A E <verse_1> Fsmin D A E Fsmin D A E <verse_2> Fsmin D A E Fsmin D A E <chorus_1> D A E Fsmin D A E Fsmin D A Fsmin E D A E <verse_3> Fsmin D A E Fsmin D A E <chorus_2> D A E Fsmin D A E Fsmin D A Fsmin E D A E D A E <interlude_1> D A E D A E D A E <chorus_3> D A E Fsmin D A E Fsmin D A Fsmin E D A E Fsmin D A E Fsmin D A Fsmin E D A E D A E D A E,2012-03-06,'ccm' 'christian alternative rock' 'christian music',2010.0,christian alternative rock,artist_261,rock,6vlSHQuawej3vHxOr3cqjb,57swDg4BNcQS73YIJCchnf
424,<verse_1> G A D G A D G Dmaj7 <chorus_1> G A D G A D G A G D A <verse_2> G A D G A D G Dmaj7 A <chorus_2> G A D G A D G A G <bridge_1> D A D A G A Dmaj7 A G <chorus_3> A D G A D A G A D G A D A G <outro_1> D A G A D A G D A G A D A G D A,2023-03-24,'indie anthem-folk' 'modern indie folk' 'vancouver indie',2020.0,,artist_262,alternative,0cdB1pBFiryVU7pN6l9Wbp,3GKdEPHUSBp3iNT4SG2Med
425,<verse_1> Emin C B Emin C B Emin C B Emin C B Emin G C D Emin G C B <chorus_1> F G Emin Amin F E A Gmin C F G E Amin F G <interlude_1> F G Emin Amin F E <verse_2> Emin G C Amin B Emin G C Amin B <interlude_2> Emin G C B Emin C B Emin C B Emin G C B Emin G C B Emin G C B <interlude_3> Emin G <bridge_1> D E Csmin Fsmin D Cs Fsmin Emin Amin D E Csmin Fsmin D E F G Emin Amin F E Amin Gmin C F G E Amin F G <interlude_4> F G Emin Amin F E Amin Gmin C Dmin/F E Amin F G <outro_1> Amin C Dmin E Amin C Dmin E Amin C Dmin E Amin C Dmin E Amin,,,,,,,,
426,<intro_1> G G/B C D G G/B C D <verse_1> G G/B C D G G/B C D G G/B C D G G/B C D <interlude_1> G G/B C D G G/B C D <verse_2> G G/B C D G G/B C D G G/B C D G G/B C D Amin Bmin C D <chorus_1> G G/Fs Emin Dmin G7 C Bmin Amin D7 G G/Fs Emin Dmin G7 C D <interlude_2> G G/B C D G G/B C D <verse_3> G G/B C D G G/B C D G G/B C D G G/B C D <instrumental_1> Ds D7 Ds D7 Ds D7 Ds F G G/Fs Emin Dmin G7 C Bmin Amin D <chorus_2> G G/Fs Emin Dmin G7 C Bmin Amin D7 G G/Fs Emin Dmin G7 C D <chorus_3> G G/Fs Emin Dmin G7 C Bmin Amin D7 G G/Fs Emin Dmin G7 C D C Bmin A7 G,2021-08-20,,2020.0,,artist_263,,4WmFXEIlccOnO9ZprfxIek,4yZMG9titwC02ErfiEoscC
427,<intro_1> D <verse_1> C F G D C F G D C F G D C F G <chorus_1> D <verse_2> C F G D C F G D C F G D C F G <chorus_2> D <bridge_1> C D F D C D F <verse_3> D C F G D C F G D C F G D C F G <outro_1> D C F G D,2023-02-08,'california hardcore' 'modern hardcore',2020.0,,artist_264,,39C4XHkmDebCPGK50NBZGe,6hW33nVHPElaXuG2hQ0QOp
428,<chorus_1> Bmin A D Emin Bmin A D Emin <verse_1> Bmin A D Emin Bmin A D Emin D Emin Bmin Bb D Emin Bmin Bb D Emin Bmin D Emin Bmin Bb <chorus_2> Bmin A D Emin Bmin A D Emin <verse_2> Bmin A D Emin Bmin A B Emin D Emin Bmin Bb D Emin Bmin Bb D Emin Bmin D Emin Bmin Bb <chorus_3> Bmin A D Emin Bmin A D Emin <bridge_1> D Emin Bmin Bb D Emin Bmin D Emin Bmin Bb D Emin Bmin Bb D Emin Bmin Bb D Emin Bmin Bb D Emin Bmin D Emin Bmin Bb <chorus_4> Bmin A D Emin Bmin A D Emin,2023-03-03,,2020.0,,artist_265,,5m2zvDNnjP8CPxshwg2Fh8,1ZjXhESKpjsv31L7ykuJBE
429,<verse_1> A Esus4 Dsus2 A Esus4 Fsmin E A Esus4 Dsus2 A Esus4 Fsmin E A Esus4 Dsus2 A Esus4 Fsmin E A Esus4 Dsus2 A E Fsmin E D Csmin Fsmin A <chorus_1> Esus4 Fsmin7 E A Esus4 Fsmin7 E A Esus4 Fsmin7 E A Fsmin A E A <verse_2> Esus4 Dsus2 A Esus4 Fsmin E A Esus4 Dsus2 A Esus4 Fsmin E A Esus4 Dsus2 A Esus4 Fsmin E A Esus4 Dsus2 A Esus4 Fsmin E D Csmin Fsmin A <chorus_2> Esus4 Fsmin7 E A Esus4 Fsmin7 E A Esus4 Fsmin7 E A Fsmin A E A,2022-08-01,,2020.0,,artist_266,,6AdpLoNNVhSMXQBAFAK7Tz,7hUX0lHewOhRBMeo9tXCzI
430,<instrumental_1> Ebmin Bb/D Ebmin Bb/D Ebmin Bb/D Ebmin Bb/D Bb F B Bb Ebmin Bb/D F B Ebmin Bb/D Ebmin F Ebmin Bb/D Ebmin Bb/D B Ebmin Bb/D Ebmin/C B7 Bb Ebmin Bb/D F B Bb Ebmin Bb/D Ebmin F B Bb B Bb Ebmin/Gb Bb/F F/A Bb/D Ebmin Bb/D B Bb Ebmin Gb Ab7 B Db B Bb Ebmin Bb/Eb Ebmin F/Eb B/Eb Ebmin Bb/Eb Ebmin F/Eb B/Eb Ebmin Bb Bb7 Bbaug Bb,,,,,artist_190,,,3MbGja8rOMh6IObK1RYGc9
431,<intro_1> G D D7 G <verse_1> D D7 G D D7 G <chorus_1> C D G <verse_2> D D7 G D D7 G <chorus_2> C D G <verse_3> D D7 G D D7 G <chorus_3> C D G,2001-01-01,'banjo' 'bluegrass' 'instrumental bluegrass',2000.0,,artist_267,,7GnXTs84PzSky4wtT2fjZe,4NEA48c6ajydrRzCbyll3M
432,<chorus_1> Amin G C Amin G C Amin F Amin F Amin <verse_1> G Eno3d G Eno3d G Eno3d F Amin G Eno3d G Eno3d G Eno3d F Amin F Amin <chorus_2> G C Amin G C Amin F Amin F Amin G C Amin G C Amin F Amin F Amin F Amin F Amin <outro_1> G Eno3d G Eno3d G Eno3d G Eno3d G,2009-01-01,'canadian children's music' 'children's folk' 'kindie rock',2000.0,kindie rock,artist_268,country,0zIEDZQ7WrssQjG2lhD5dE,6sI7SYupv4f5Jh6RD2nJlw
433,B E A/E Emin7 A/E Emin7 A/E Emin7 A/E Emin7 A B G A Fmaj911s G A B G A Fmaj911s E A B G A Fmaj911s G A B G A Fmaj911s B Dsmin B Dsmin B Dsmin B Dsmin C Emin C Emin E A B G A Fmaj911s G A B G A Fmaj911s A B G A Fmaj911s G A B G A Fmaj911s G E A B G A Fmaj911s G A B G A Fmaj911s B Dsmin B Dsmin B Dsmin B Dsmin C Emin C Emin E A B G A Fmaj911s G A B G A Fmaj911s E A B G A Fmaj911s G A B G A Fmaj911s E B Dsmin B Dsmin B Dsmin B Dsmin C Emin C Emin E Fmaj911s G A/E Emin7 A/E Emin7,1996,'baroque pop' 'chamber pop' 'folktronica' 'scottish new wave' 'shibuya-kei',1990.0,,artist_269,pop,7tKqAnjut6XB1B4rdvxLmA,0Uuw1MHNH56xL76bTOVJE8
434,<verse_1> C Amin F C Amin F C G <chorus_1> Amin F C G Amin F C F C <verse_2> Amin F C G C Amin F C G <chorus_2> Amin F C G Amin F C F C <bridge_1> Amin F C G C Amin F G <chorus_3> Amin F C G Amin F C F C,2019-01-31,,2010.0,,artist_270,,6DYymplNcVytUIGNJfTFV7,3dy80ZNT1XM0aEC4Lh3FOw
435,<intro_1> D Dsus4 G A D A G D A G Fsmin A <verse_1> D A Emin G A D A Emin G A <chorus_1> D Dsus4 G A D A G D A G <interlude_1> D Dsus4 G A D A G D A G Fsmin A <verse_2> D A Emin G A D A Emin G A <chorus_2> D Dsus4 G A D A G D A G D Dsus4 G A D A G D A G <bridge_1> Fsmin Csmin Fsmin G A Fsmin G Fsmin Emin Fsmin G A <interlude_2> D Dsus4 G A D A G D A G Fsmin A <verse_3> D A Emin G A D A Emin G A D A Emin G A D A Emin G <outro_1> D Dsus4 G A D A G D A G D Dsus4 G A D A G D A G,2023-03-24,'dance rock' 'new romantic' 'new wave' 'new wave pop' 'permanent wave' 'synthpop',2020.0,dance rock,artist_271,pop rock,1TzlQZCtmoPzsZUt1z2BZ7,2ycnb8Er79LoH2AsR5ldjh
436,<intro_1> G A G F G A D E A <verse_1> G A G F G A D E A <chorus_1> D Bmin Fs G A D Amin D <verse_2> G A G F G A D E A <chorus_2> D Bmin Fs G A D Amin D <verse_3> G A G F G A D E A,1968-07-01,,1960.0,,artist_272,,5Tu1nrHuksRaiswrweRMQ8,0IoP4UjZ482khADbdCUq4w
437,<intro_1> C <verse_1> G Amin F C G Amin F C G Amin F C G Amin F G C F G C F C <chorus_1> C/E F G C C/E F G C C/E F G C C/E F <interlude_1> C C/E F G C C/E F <verse_2> C G Amin F C G Amin F C G Amin F C G Amin F G C F G C F C <chorus_2> C/E F G C C/E F G C C/E F G C C/E F <interlude_2> C C/E F G C C/E F <bridge_1> C/E F Amin G C/E F Amin G <chorus_3> C/E F G C C/E F G C C/E F G C C/E F <outro_1> C C/E F G C C/E F,2022-08-03,'irish pop' 'singer-songwriter pop',2020.0,,artist_273,pop,1eWhbJl8jKvsmF1KFPPuK7,5LGo1zHegJTWzqVXgeNplt
438,<verse_1> C F Amin G Emin Amin Dmin G <chorus_1> C Emin F Amin G C Emin F Amin G <instrumental_1> C Emin F Amin G <verse_2> C F Amin G Emin Amin Dmin G <chorus_2> C Emin F Amin G C Emin F Amin G <bridge_1> Emin Amin Dmin Amin Emin Amin Dmin G <chorus_3> C Emin F Amin G C Emin F Amin G Gsus4 G <chorus_4> C F Amin G C F G C,,,,,,,,
439,<verse_1> E Csmin Gs A E Cs Gs A <chorus_1> E Csmin Gs A E Csmin Gs A <verse_2> E Csmin Gs A E Csmin Gs A <chorus_2> E Csmin Gs A E Csmin Gs A <verse_3> E Csmin Gs A E Csmin Gs A <chorus_3> E Csmin Gs A E Csmin Gs A <verse_4> E Csmin Gs A E Csmin Gs A <chorus_4> E Csmin Gs A E Csmin Gs A,2021-04-23,'epunk',2020.0,,artist_274,punk,5h5nuAZnJFEaiAuSoMBOv2,6GDYGPbleLhFKnmK4TYhQ7
440,<verse_1> B E B E Fs A B <verse_2> Fs B E Fs A B C A C A B <chorus_1> E Gs7 E Gs7 A Fs A B <verse_3> Fs B E B E Fs A B C A C A B <chorus_2> E Gs7 E Gs7 A Fs A B <outro_1> Fs B C G G7 C G G7 B E,2003-02-06,'la indie',2000.0,,artist_183,alternative,05Jsyv8Oq5U9CZloBvqXkL,3OfiFNgFbJAwuQnVvOL2bh
441,<intro_1> Bmin A D G Bmin D A D G <verse_1> Bmin A Bmin D A Fsmin G Emin Bmin A G Bmin A Bmin D A Fsmin G Emin D A G <chorus_1> D G D G D A G A D A G <verse_2> Bmin A D G Bmin D A Fsmin G Emin D A G Bmin A D G Bmin D A Fsmin G Emin D A G <chorus_2> D G D G D A G A D A G D G <bridge_1> Bmin A D G Bmin D A Fsmin G Emin D G <outro_1> D G D G D G D G D G D G D G D Dadd9 D,2018-12-06,,2010.0,,artist_275,,1asi7aiYpwdnFaUa6QRmrm,7u89KzWZAG8NchWRRlK1Xb
442,<intro_1> Eb Gmin <verse_1> Eb Cmin Gmin Emin Cmin <chorus_1> Gmin Bb Eb Cmin Gmin Bb Eb Cmin Gmin Bb Eb Cmin Gmin Bb Eb Cmin <verse_2> Gmin Eb Cmin Gmin Eb Cmin <bridge_1> Eb Cmin Gmin F Eb Cmin <outro_1> Eb Cmin,2020-03-13,'pixie' 'slayer',2010.0,,artist_276,,6eNCTpIlmVH1nY0h8VfLHr,4XG961Y3fzZF5k2gfpnaNt
443,<intro_1> G Emin C G Emin C G <verse_1> Emin C G Emin C G Emin C G Emin C G <chorus_1> Emin C G Emin C G Emin C G Emin C G Emin C G <verse_2> Emin C G Emin C G <chorus_2> Emin C G Emin C G Emin C G Emin C G <instrumental_1> Emin C G Emin C G Emin C G <chorus_3> Emin C G Emin C G Emin C G Emin C G Emin C G Emin C G,2023-10-27,'canadian contemporary country' 'canadian country',2020.0,,artist_277,country,6fAQULgYx8RZt6CHb9CJVw,2HgKf6VcQtGmAKpNXidtiC
444,<verse_1> A A7 D G Fsmin Bmin D Fsmin G D G A G A Bmin D A Bmin Emin G D G A <verse_2> A7 D G Fsmin Bmin D Fsmin G D G A G A Bmin D A Bmin Emin G D G A D Fsmin G D A Bmin Emin G D G A <verse_3> A7 D G Fsmin Bmin D Fsmin G D G A G A Bmin D A Bmin Emin G D G A <verse_4> A7 D G Fsmin Bmin D Fsmin G D G A G A Bmin D A Bmin Emin G D G A D Fsmin G D A Bmin Emin G D G A <verse_5> A7 D G Fsmin Bmin D Fsmin G D G A G A Bmin D A Bmin Emin G D G A <verse_6> A7 D G Fsmin Bmin D Fsmin G D G A G A Bmin D A Bmin Emin G D G A D Fsmin G D A Bmin Emin G D G A <instrumental_1> D Fsmin G Fsmin A D G Fsmin A D G Fsmin A D Fsmin G Fsmin A D G Fsmin A D G Fsmin D <verse_7> A A7 D G Fsmin Bmin D Fsmin G D G A G A Bmin D A Bmin Emin G D G A <verse_8> A7 D G Fsmin Bmin D Fsmin G D G A G A Bmin D A Bmin Emin G D G A <verse_9> A7 D G Fsmin Bmin D Fsmin G D G A G A Bmin D A Bmin Emin G D G A D Fsmin G D A Bmin Emin G D G A A7 D G Fsmin Bmin D Fsmin G D G A G A Bmin D A Bmin Emin G D G A D Fsmin G D A Bmin Emin G D G A A7 D G Fsmin Bmin D Fsmin G D G A G A Bmin D A Bmin Emin G D G A A7 D G Fsmin Bmin D Fsmin G D G A G A Bmin D A Bmin Emin G D G A D Fsmin G D A Bmin Emin G D G A D Fsmin G D A Bmin Emin G D G A <outro_1> D Fsmin G Fsmin A D G Fsmin A D G Fsmin A D Fsmin G Fsmin A D G Fsmin A D G Fsmin D,2017-03-20,'irish neo-traditional',2010.0,,artist_278,,70NMUqNtIbaO91whuWQF7k,3nks0qDMuWABcvSewimB22
445,<verse_1> Gmaj7 Fsmin7 Gmaj7 D/Fs E G/A Dmaj7 <verse_2> Gmaj7 Fsmin7 G D/Fs E G/A Dmaj7 Fs7 <chorus_1> Gmaj7 Dmaj7 Fs7 Gmaj7 D/Fs Emin Dmaj7 Fs7 <verse_3> Gmaj7 Fsmin7 G D/Fs E G/A Dmaj7 Fs7 <chorus_2> Gmaj7 Dmaj7 Fs7 Gmaj7 D/Fs Emin Dmaj7 Fs7 <bridge_1> Bmin7 Fs7 Bmin/A Cs7 Gmaj7 Gminmaj7 D Gmaj7 Gminmaj7 D Gmaj7 Gminmaj7 D Gmaj7 Gminmaj7 D Gmaj7 Gminmaj7 D Fs7 Gmaj7 Gminmaj7 D Fs7 <verse_4> Gmaj7 Fsmin7 B/Fs B7 G D/Fs E G/A Dmaj7 Fs7 <outro_1> Gmaj7 Fsmin7 Fs7 Gmaj7 Bmin7 G7 Dmaj7,,,,,,,,
446,<intro_1> E Csmin Fsmin B E Csmin Fsmin B <verse_1> E Csmin Fsmin B E Csmin Fsmin B E Csmin Fsmin B <chorus_1> E Csmin Fsmin B E Csmin Fsmin B <instrumental_1> E Csmin Fsmin B E Csmin Fsmin B E Csmin Fsmin B E Csmin Fsmin B7 <verse_2> E Csmin Fsmin B E Csmin Fsmin B E Csmin Fsmin B <chorus_2> E Csmin Fsmin B E Csmin Fsmin B <verse_3> E Csmin Fsmin B E Csmin Fsmin B E Csmin Fsmin B <chorus_3> E Csmin Fsmin B E Csmin Fsmin B E Csmin Fsmin B E,2013-11-12,'canadian children's music' 'children's folk' 'kindie rock',2010.0,kindie rock,artist_268,country,60owBxmEfnPRbXcqQoyFRD,6sI7SYupv4f5Jh6RD2nJlw
447,<intro_1> F <verse_1> Bb F Bb Gmin C <chorus_1> F Bb F <verse_2> Bb F Bb F Gmin C <chorus_2> F Bb F Bb F <bridge_1> Bb F Bb F Bb F Bb F <chorus_3> Bb F Bb F Bb F <outro_1> Bb F,2023-02-10,'indiecoustica',2020.0,,artist_279,alternative,1uMe6YpnPG3yrsvPCn3vKo,0iq2gAVITbmXak4aIiNre3
448,<intro_1> Eb Ab Cmin Ab <verse_1> Eb Cmin Ab Bb Eb Cmin Ab Bb Eb E Csmin A B E Csmin A B E <verse_2> F Dmin Bb C F Dmin Bb C F <bridge_1> Dmin Bb C F Dmin Bb C F Dmin Bb C <bridge_2> F Dmin Bb <chorus_1> C Bb C Bb C Bb C <instrumental_1> F Dmin Bb C Bb <outro_1> C Bb C Bb C F,2017-02-28,,2010.0,,artist_280,,3ICPgX95ALVzH7YBtLAjvY,2T5h0R0dA78fhG9mFsFwtQ
449,<intro_1> C Amin C Amin C Amin C Amin <verse_1> C Amin C Amin C Amin C Amin C Amin C Amin C Amin C Amin <chorus_1> Dmin7 G C F Dmin7 G C <interlude_1> Amin C Amin <verse_2> C Amin C Amin C Amin C Amin C Amin C Amin C Amin C Amin <chorus_2> Dmin7 G C F Dmin7 G <interlude_2> F G Emin F <bridge_1> G Emin F G Emin F C <instrumental_1> Amin C Amin C Amin C Amin <chorus_3> Dmin7 G C F Dmin7 G F <outro_1> G F G C Amin C,2023-02-10,'pop punk' 'screamo',2020.0,,artist_162,pop,08vqJRf0PuLF1YACmIG3o8,4iJLPqClelZOBCBifm8Fzv
450,<verse_1> D G D F C A7 D G D F C A7 D G A C D G Fsmin A A7 <verse_2> D G D F C A7 D G A C D G Fsmin A A7 <chorus_1> D A7/Cs Bmin D A7/Cs Bmin G E G Fs7 B B7 G Fs7 B B7 A <verse_3> D G D F C A7 D G A C D G Fsmin A A7 <chorus_2> D A7/Cs Bmin D A7/Cs Bmin G E G Fs7 B B7 G Fs7 B B7 A <outro_1> D F D,2003-02-06,'la indie',2000.0,,artist_183,alternative,0yCEXuWYu54FWObWR4SHno,3OfiFNgFbJAwuQnVvOL2bh
451,<intro_1> G B7 Emin C G B7 Emin G B7 Emin C G B7 Emin G B7 Emin Fs G B7 Emin C G B7 Emin E Fs G B7 Emin C G B7 Emin <chorus_1> Amin B7 C Amin G C <verse_1> G B7 Emin C G B7 Emin E Fs G B7 Emin C G B7 Emin <chorus_2> Amin B7 C Amin G C G B7 Emin C G B7 Emin E Fs G B7 Emin C G B7 Emin E Fs G B7 Emin C G B7 Emin E Fs G B7 Emin C G B7 <chorus_3> Amin G C Amin G C <verse_2> G Emin C G B7 Emin E Fs G B7 Emin C G B7 Emin Amin B7 C,2023-08-25,,2020.0,,artist_281,,3hk1nq3xRWJpsXkRjIjtiT,3AvHLKVKOBsr66Jo67MTMo
452,<verse_1> A D E A D E A <verse_2> D E A D E A <chorus_1> D A E A D E A <verse_3> D E A D E A <chorus_2> D A E A D E A D A,,,,,artist_282,,,4dP6QKFEDFHDphlXvQp3fO
453,<intro_1> A Fsmin Csmin <verse_1> A Fsmin Csmin A Fsmin Csmin <chorus_1> A Fsmin Csmin A Fsmin Csmin A <verse_2> Fsmin Csmin A Fsmin Csmin <chorus_2> A Fsmin Csmin A Fsmin Csmin A Fsmin Csmin A Fsmin Csmin <chorus_3> A Fsmin Csmin A Fsmin Csmin,2022-07-08,,2020.0,,artist_283,,2xQ84kai9N4tomkesqL0yt,5wPHD9nWphKcikUhKUzIdY
454,<intro_1> D Gmin/Bb <verse_1> D Gmin/Bb D Gmin/Bb <chorus_1> D C Bmin A D C Bmin Fs G <instrumental_1> D Gmin/Bb <verse_2> D Gmin/Bb D Gmin/Bb <chorus_2> D C Bmin A D C Bmin Fs G <instrumental_2> D Gmin/Bb <verse_3> D Gmin/Bb D Gmin/Bb <chorus_3> D C Bmin A D C Bmin Fs G <instrumental_3> D Gmin/Bb <bridge_1> F D F D F A <verse_4> D Gmin/Bb D Gmin/Bb D Gmin/Bb D Gmin/Bb <chorus_4> D C Bmin A D C Bmin Fs G <outro_1> D Gmin/Bb D,,'la indie',,,artist_183,alternative,,3OfiFNgFbJAwuQnVvOL2bh
455,<intro_1> C C7 Cadd13 Caug <verse_1> C C7 Cadd13 Caug C C7 Cadd13 Caug C C7 Cadd13 Caug C C7 Cadd13 Caug C C/Bb C/A Caug/Gs C Bb F C <verse_2> C7 Cadd13 Caug C C7 Cadd13 Caug C C7 Cadd13 Caug C C7 Cadd13 Caug C C/Bb C/A Caug/Gs C Bb F C <bridge_1> F G F C F G F <verse_3> C C7 Cadd13 Caug C C7 Cadd13 Caug C C7 Cadd13 Caug C C7 Cadd13 Caug C C/Bb C/A Caug/Gs C Bb F C <bridge_2> F G F C F G F <verse_4> C C7 Cadd13 Caug C C7 Cadd13 Caug C C7 Cadd13 Caug C C7 Cadd13 Caug C C/Bb C/A Caug/Gs C Bb F C <bridge_3> F G F C F G F,1991-08-27,'jam band' 'southern rock',1990.0,southern rock,artist_284,rock,7qXOfLiSN1CfojZrNcMYBs,1YTe4dNIoWX3iHX8H4xVeM
456,<intro_1> G Amin D <verse_1> G Emin C G Emin C D Emin C Amin G Emin C A G Emin C G <verse_2> Emin C G Emin C D Emin C Amin G Emin C A G Emin C G <verse_3> Emin C G Emin C D Emin C Amin G Emin C A G Emin C G <verse_4> Emin C G Emin C D Emin C Amin G Emin C A G Emin C G,,,,,artist_285,,,1FjMgsUfnOoSWTHuVzAukf
457,<verse_1> D G A D G A G A D G A <verse_2> D G A D G A G A D G A <chorus_1> D G A D G A D G A D G A <verse_3> D G A D G A G A D G A <verse_4> D G A D G A G A D G A <chorus_2> D G A D G A D G A D G A <instrumental_1> D G A D G A <bridge_1> Emin Fsmin G Emin Fsmin G A <chorus_3> D G A D G A D G A D G A D G A D G A D G A D G A <outro_1> D G A D G A D G A D G A,,,,,,,,
458,Emin Bmin C D Emin Bmin C D Emin Bmin C D Emin Bmin C D Emin Bmin C D Emin Bmin C D Emin Bmin C D Emin Bmin C D Emin Bmin C D Emin Bmin C D Emin Bmin C D Emin Bmin C D Emin Bmin C D Emin Bmin C D Emin Bmin C D Emin Bmin C D Emin Bmin C D Emin Bmin C D Emin Bmin C D Emin Bmin C D Emin Bmin C D Emin Bmin C D Emin Bmin C D Emin Bmin C D Emin,2023-02-03,,2020.0,,artist_286,,7ctVoja9am9toduAssHPVq,3MKdDfOZF0Simyf5JWXpg3
459,<intro_1> A Csmin B <verse_1> E A E A Csmin B E E/Gs A Csmin B E E/Gs A <chorus_1> E B A E B A Csmin B A Csmin B A Csmin B <verse_2> E A E A Csmin B E E/Gs A Csmin B E E/Gs A <chorus_2> E B A E B A Csmin B A Csmin B <bridge_1> A Csmin B A Csmin B B/Gs A Csmin B B/Gs A Csmin B B/Gs A Csmin B A Csmin B B/Gs A Csmin B B/Gs A Csmin B <chorus_3> A E B A Csmin B A Csmin B A Csmin B <outro_1> A Csmin B,2022-10-14,'pop worship',2020.0,,artist_287,pop,4prlNhMRRchBTiSghrMhsk,26bNXlsIGNJJ0JvCJQBrtL
460,<verse_1> F Asus4 Cmaj7 Amin7 F Asus4 Cmaj7 Amin7 F Asus4 F G F Dmin Amin G Dmin Emin F G Dmin Emin Amin Dmin Emin F G Dmin Emin Amin <chorus_1> Bmin C Bmin C Bmin C Amin Emin F Emin Amin F Emin Amin Bmin C Bmin C Bmin C Amin Emin F Emin Amin F Emin Amin <bridge_1> F Cmaj7 Dmin Amin F G Amin G Dmin Amin <verse_2> F Asus4 Cmaj7 Amin7 F Asus4 Cmaj7 Amin7 F Asus4 F G F Dmin Amin G Dmin Emin F G Dmin Emin Amin Dmin Emin F G Dmin Emin Amin <solo_1> Bmin C Dmin F Emin G Amin F C G Dmin Amin Emin <chorus_2> Bmin C Bmin C Bmin C Amin Emin F Emin Amin F Emin Amin Bmin C Bmin C Bmin C Amin Emin F Emin Amin F Emin Amin <outro_1> F Cmaj7 Dmin Amin F G Amin G Dmin Amin,,'contemporary country' 'country' 'country dawn' 'country road',,,artist_288,country,4nxgA1nvXvTkmsBY0vJV57,1v3tdpIdBSW14rHUfiEVOv
461,<intro_1> Emaj7 Fsmin Gsmin A B Emaj7 A9 <verse_1> Emaj7 A9 Emaj7 A9 <chorus_1> Emaj7 Fsmin7 A Csmin B A <interlude_1> Emaj7 A9 <verse_2> Emaj7 A9 Emaj7 A9 <chorus_2> Emaj7 Fsmin7 A Csmin B A <interlude_2> Emaj7 A9 Emaj7 A9 B A B Csmin B A Fsmin Gsmin A B Fsmin Gsmin A B <outro_1> Emaj7 A9 Emaj7 A9,2023-02-03,,2020.0,,artist_286,,01cSiTfKYlM5o0PGA7kaSB,3MKdDfOZF0Simyf5JWXpg3
462,<intro_1> Bno3d Ano3d Bno3d Fno3d Eno3d Fsno3d Bno3d Ano3d Bno3d Fno3d Eno3d Fsno3d Bno3d Ano3d Fno3d Eno3d Fsno3d Bno3d Ano3d Fno3d Eno3d Fsno3d <verse_1> Bno3d Ano3d Fno3d Eno3d Fsno3d Bno3d Fno3d Eno3d Fsno3d Bno3d Fno3d Eno3d Fsno3d Bno3d Fno3d Eno3d Fsno3d Bsus2 Dno3d Bsus2 Dno3d Ano3d Bsus2 Dno3d Bsus2 Dno3d Ano3d Fsno3d <chorus_1> Bno3d Ano3d Bno3d Fno3d Eno3d Fsno3d Bno3d Ano3d Bno3d Fno3d Eno3d Fsno3d Bno3d Ano3d Bno3d Fno3d Eno3d Fsno3d Bno3d Ano3d Bno3d Fno3d Eno3d Fsno3d <verse_2> Bno3d Ano3d Bno3d Fno3d Eno3d Fsno3d Bno3d Ano3d Bno3d Fno3d Eno3d Fsno3d Bno3d Ano3d Bno3d Fno3d Eno3d Fsno3d Bno3d Ano3d Bno3d Fno3d Eno3d Fsno3d Bsus2 Dno3d Bsus2 Dno3d Ano3d Bsus2 Dno3d Bsus2 Dno3d Ano3d Fsno3d <chorus_2> Bno3d Ano3d Bno3d Fno3d Eno3d Fsno3d Bno3d Ano3d Bno3d Fno3d Eno3d Fsno3d Bno3d Ano3d Bno3d Fno3d Eno3d Fsno3d Bno3d Ano3d Bno3d Fno3d Eno3d Fsno3d Bno3d Ano3d Bno3d Fno3d Eno3d Fsno3d Bno3d Ano3d Bno3d Fno3d Eno3d Fsno3d Bno3d Ano3d Bno3d Fno3d Eno3d Fsno3d Bno3d Ano3d Bno3d Fno3d Eno3d Fsno3d <interlude_1> Bno3d Dno3d Eno3d Bno3d <chorus_3> Ano3d Bno3d Fno3d Eno3d Fsno3d Bno3d Ano3d Bno3d Fno3d Eno3d Fsno3d Bno3d Ano3d Bno3d Fno3d Eno3d Fsno3d Bno3d Ano3d Bno3d Fno3d Eno3d Fsno3d Bno3d Ano3d Bno3d Fno3d Eno3d Fsno3d Bno3d Ano3d Bno3d Fno3d Eno3d Fsno3d Bno3d Ano3d Bno3d Fno3d Eno3d Fsno3d Bno3d Ano3d Bno3d Fno3d Eno3d Fsno3d,2020-11-06,'manitoba indie',2010.0,,artist_289,alternative,7rC1JeuTtfYxNwjiZfgtUw,0bsMtDo959mzEhgTOMeQSd
463,<verse_1> F C Dmin Bb F C Dmin Bb C Bb C Bb <chorus_1> F C Dmin Bb F C Dmin Bb F C Dmin Bb <verse_2> F C Dmin Bb F C Dmin Bb C Bb C Bb <chorus_2> F C Dmin Bb F C Dmin Bb <bridge_1> C Bb F C Bb F C C7 <chorus_3> F C Dmin Bb F C Dmin Bb <outro_1> F C Dmin Bb F C Dmin Bb,2022-05-20,'neo mellow' 'pop rock',2020.0,pop rock,artist_290,pop rock,7FFHR2hpewYDlFJOogREND,5DYAABs8rkY9VhwtENoQCz
464,<intro_1> E Ano3d Cmaj7 Bsus4 <verse_1> E Ano3d Cmaj7 Bsus4 E Ano3d Cmaj7 Bsus4 E Ano3d Cmaj7 Bsus4 E Ano3d Cmaj7 Bsus4 <interlude_1> E Ano3d Cmaj7 Bsus4 <verse_2> E Ano3d Cmaj7 Bsus4 E Ano3d Cmaj7 Bsus4 E Ano3d Cmaj7 Bsus4 E Ano3d Cmaj7 Bsus4 <chorus_1> E Ano3d Bsus4 E Ano3d Bsus4 E Ano3d Bsus4 E Ano3d Bsus4 <interlude_2> E Ano3d Cmaj7 Bsus4 <verse_3> E Ano3d Cmaj7 Bsus4 E Ano3d Cmaj7 Bsus4 E Ano3d Cmaj7 Bsus4 E Ano3d Cmaj7 Bsus4 <chorus_2> E Ano3d Bsus4 E Ano3d Bsus4 E Ano3d Bsus4 E Ano3d Bsus4 <interlude_3> E Ano3d Cmaj7 Bsus4 <verse_4> E Ano3d Cmaj7 Bsus4 E Cmaj7 Bsus4 E Ano3d Cmaj7 Bsus4 E Ano3d Cmaj7 Bsus4 <chorus_3> E Ano3d Bsus4 E Ano3d Bsus4 E Ano3d Bsus4 E Ano3d Bsus4 <outro_1> E Ano3d Cmaj7 Bsus4,2008-01-18,'roots worship',2000.0,,artist_291,,3NuUBFK71HyFVmZpiAUqDa,0EAnUPvbYiwu54Gg52VnJ4
465,<intro_1> Emin Fs Emin Fs <verse_1> Emin Fs Emin Fs <verse_2> Emin Fs Emin Fs <chorus_1> Amin Emin Amin Emin <verse_3> Fs Emin Fs Emin Fs <chorus_2> Amin Emin Amin Emin Amin Emin Amin Emin B E <interlude_1> Emin Fs Emin Fs Emin Fs Emin Fs <chorus_3> Amin Emin Amin Emin Amin Emin Amin Emin B E <outro_1> Emin Fs Emin Fs,2005-02-07,,2000.0,,artist_292,,3q8ZvhYv9wlBCFMW4rDerK,6sOJPvWOPUqhAoVwV4G6Uk
466,<verse_1> G C G C <chorus_1> C/D G Dmin C C/D D G <verse_2> C G C <chorus_2> C/D G Dmin C C/D D G <verse_3> C G C <chorus_3> C/D G Dmin C C/D D G <verse_4> C G C <chorus_4> C/D G Dmin C C/D D G <verse_5> C G7 C G7 C G7 <chorus_5> C C/D G Dmin C C/D D G <outro_1> G7 C G7 C G7 C G7 C,1963,'british blues' 'british invasion' 'classic rock' 'singer-songwriter',1960.0,classic rock,artist_293,jazz,3f6KsfF6num3gcWlVAUDY2,5670CyWrIOA7702gNjsGMZ
467,G A D G A D G D G A C D G C D G A D G A D G D G A C D G C D G A C D G C D G A D G A D G D G A C D G C D,2008-07-14,'dansband',2000.0,,artist_294,,2A8zIAqKHAnFPQ0fiUA0H2,2Zw1yhhUF3QDPXoqe2ylMN
468,<intro_1> C <verse_1> G C G C F C G C G C,1970-12-31,,1960.0,,artist_295,,4SBiPU98M4ru5Srm1KoFRx,3thGVaBuz8spzidbZldAv0
469,<verse_1> G C G7 C G7 C G7 C G7 C G7 F C C7 <chorus_1> F C F C F G <verse_2> C G7 C G7 C G7 C G7 C C7 F Fmin C C7 <chorus_2> F C F C F G,2000-10-17,,1990.0,,artist_295,,1di8epbr0BwpGQr7dOlJ2Q,3thGVaBuz8spzidbZldAv0
470,<intro_1> D Dsus4 A B7sus4 Bmin7 G D D/Db Bmin7 D A <verse_1> D Dsus4 A B7sus4 Bmin Bmin7 G D A G D Dsus4 A B7sus4 Bmin Bmin7 G D A <chorus_1> Asus4/B Bmin A Emin A Emin G Asus4 A Bmin A D Emin G Fsmin Emin D Emin A G D A <verse_2> D Dsus4 A B7sus4 Bmin Bmin7 G D A G D Dsus4 A B7sus4 Bmin Bmin7 G D A <chorus_2> Asus4/B Bmin A Emin A Emin G Asus4 A Bmin A D Emin G Fsmin Emin D Emin A G D A <verse_3> D Dsus4 A B7sus4 Bmin Bmin7 G D A G D Dsus4 A B7sus4 Bmin Bmin7 G D A <chorus_3> Asus4/B Bmin A Emin A Emin G Asus4 A Bmin A D Emin G Fsmin Emin D Emin A G D A D Emin D Emin D Emin D C D,1970-12-31,,1960.0,,artist_295,,0JcDL74sKTVsPY3gqn6i8f,3thGVaBuz8spzidbZldAv0
471,<intro_1> Fsmin Emin G Fsmin Emin G Bmin D G Fsmin Emin D <verse_1> Emin G D Emin G D G Fsmin Emin D <chorus_1> Emin G Emin D Emin G Emin D <verse_2> Emin G D Emin G D G Fsmin Emin D <chorus_2> Emin G Emin D Emin G Emin D Emin D Emin Fsmin Emin Fsmin Emin Fsmin Emin A G A G A G,2000-10-17,,1990.0,,artist_295,,6eb1Cerv3moGbuwqPy1yS5,3thGVaBuz8spzidbZldAv0
472,<verse_1> G C D C G C D C G C G D C D G C D G C D Emin B Emin C Emin <chorus_1> D G D G D G D G D D7 C Amin G D Bmin Amin <verse_2> G C D C D G C D C G C G D C D G C D G C D Emin B Emin C Emin <chorus_2> D G D G D G D G D G D G,2000-10-17,,1990.0,,artist_295,,6BtXBziHKYGKuU7tFi05rP,3thGVaBuz8spzidbZldAv0
473,<verse_1> C G G7 C G G7 C <verse_2> G G7 C G G7 F C <chorus_1> Bb Amin Gmin F C7 F Bb C F Bb C F Bb C F Bb C F Bb C F Bb C F Bb C F Bb C,2000-10-17,,1990.0,,artist_295,,2XC4HzsqQEacsa2SCbi6yV,3thGVaBuz8spzidbZldAv0
474,<intro_1> Cadd9 Emin7 Cadd9 Emin7 Cadd9 Emin7 D <verse_1> Emin7 Cadd9 Emin7 D Emin7 Cadd9 Emin7 D Emin G Gadd11 G C D C D7 <chorus_1> G C Emin D C Emin D C D7 <instrumental_1> Cadd9 Emin7 Cadd9 Emin7 Cadd9 Emin7 D <verse_2> Emin7 Cadd9 Emin7 D Emin7 Cadd9 Emin7 D Emin G Gadd11 G C D C D7 <chorus_2> G C Emin D C Emin D C <solo_1> Emin C Emin C Emin D <chorus_3> G C Emin D C Emin D C Emin D C Emin D C,2023-01-24,,2020.0,,artist_296,,5AZxZbDKuIDPMopyZJjrJr,7cr0BoLNRJqGuloE0R8E4G
475,E D E Csmin A B E Csmin A B A E A B E Csmin B E Fsmin B A B E D E Csmin A B E Csmin A B A E A B E Csmin B E Fsmin B A B E D,1994-04-01,,1990.0,,artist_297,,2vD08twayyIwift9jsHp3v,3n4p7wiZHa895ypVSqN19H
476,<intro_1> F G C7 F <verse_1> G A D7 G F Bb C7 F Bb C7 F Bb C F7 Bb <verse_2> D E A7 D F G C7 F D G7 D <outro_1> F G C F C,1968,'album rock' 'beatlesque' 'bubblegum pop' 'classic rock' 'folk rock' 'heartland rock' 'mellow gold' 'psychedelic rock' 'rock-and-roll' 'singer-songwriter' 'soft rock' 'sunshine pop',1960.0,psychedelic rock,artist_298,pop rock,2Zu1cYCqdxvjDC6Lrt2PWY,320EPCSEezHt1rtbfwH6Ck
477,<verse_1> C G C G F C Dmin G F G <chorus_1> C G F C F G C G F C Dmin C <verse_2> G C G F C Dmin G C F G <chorus_2> C G F C F G C G F C Dmin C,2022-09-16,,2020.0,,artist_299,,2WobN5LbCC0ekXYoJkSQmM,7G7JWOsGhDMily2HtfzcIZ
478,Fsmin D E Fsmin D E Fsmin D E Fsmin D E Fsmin D E Fsmin D E Fsmin D E Fsmin D E Fsmin D E Fsmin D E Fsmin D E Fsmin D E Fsmin D E Fsmin D E Fsmin D E Fsmin D E Fsmin D E Fsmin D E Fsmin D E Fsmin D E Fsmin D E Fsmin D E Fsmin D E Fsmin D E Fsmin D E Fsmin D E Fsmin D E Fsmin D E Fsmin D E Fsmin D E Fsmin D E Fsmin D E Fsmin D E Fsmin D E Fsmin D E Fsmin,2023-11-03,,2020.0,,artist_300,,5SRLX1A6DVDXMxc74ksJyH,3ZFLYTYwlGJ7GmBqNVJpbe
479,<verse_1> Gmin D F C Cmin Bb A7 D7 <verse_2> Gmin D F C Cmin Bb A7 D7 C Bb D <chorus_1> Gmin C7 Gmin C7 Eb D7 Gmin F <verse_3> Gmin D F C Cmin Bb A7 D7 Gmin <verse_4> D F C Cmin Bb A7 D7 C Bb D <chorus_2> Gmin C7 Gmin C7 Eb D7 Gmin F <outro_1> Gmin C Gmin C7 Gmin C7,1994-01-01,'british blues' 'british invasion' 'classic rock' 'singer-songwriter',1990.0,classic rock,artist_293,jazz,779vozNXnMDlOVIkga6rIe,5670CyWrIOA7702gNjsGMZ
480,<verse_1> Gmin D7 Gmin D7 Gmin D7 Gmin <chorus_1> D7 Gmin D7 Gmin D7 Gmin D7 Gmin D7 Gmin D7 Gmin D7 Gmin D7 Gmin D7 Gmin <chorus_2> D7 Gmin D7 Gmin D7 Gmin D7 Gmin D7 Gmin D7 Gmin D7 Gmin D7 Gmin D7 Gmin D7 Gmin,2016-04-15,'banda' 'corrido' 'musica mexicana' 'norteno' 'sierreno',2010.0,,artist_301,,5gskY93lmv82WM7LCMeV63,4J13m9IZh03PEhoxAxRhXO
481,<intro_1> G A C G <verse_1> Bb G A C G A C G A C G <verse_2> Bb G A C G A C G A C G <verse_3> Bb G A C G A C G A C G <verse_4> Bb G A C G A C G A C G A C G A B D A <verse_5> C A B D A B D A B D A <verse_6> C A B D A B D A B D A C A,2013-10-01,'cosmic american',2010.0,,artist_302,,3XYQzE4JwzEd2KXVBdPI9L,4u9ZHrFXFXptM7H68RJbiY
482,<verse_1> F Dmin Emin Bb A F Dmin Emin Bb A F Dmin Emin Bb A F Dmin Emin Bb A <chorus_1> F Dmin Emin Bb A F Dmin Emin Bb A F Dmin Emin Bb A F Dmin Emin Bb A Bb A F Dmin Emin Bb A F Dmin Emin <verse_2> F Dmin Emin Bb A F Dmin Emin Bb A F Dmin Emin Bb A F Dmin Emin Bb A <chorus_2> F Dmin Emin Bb A F Dmin Emin Bb A F Dmin Emin Bb A F Dmin Emin Bb A Bb A F Dmin Emin Bb A F Dmin Emin <chorus_3> F Dmin Emin Bb A F Dmin Emin Bb A F Dmin Emin Bb A F Dmin Emin Bb A Bb A F Dmin Emin Bb A F Dmin Emin Bb A F Dmin Emin,2023-02-10,'canadian pop',2020.0,,artist_303,pop,1v0PrbGuumgytx0OTUbE06,5gw5ANPCVcxU0maLiGRzzP
483,<intro_1> E B E A E <verse_1> A E B E A E B E A E <chorus_1> A E B Fs B Fs B E A E B E A E <interlude_1> B E A E <verse_2> A E B E A E B E A E <chorus_2> A E B Fs B Fs B E A E B E A E,1962-06-01,'arkansas country' 'outlaw country' 'rock',1960.0,rock,artist_304,country,2P2teY23XqucXk85CQGs0O,6kACVPfCOnqzgfEF5ryl0x
484,<intro_1> G Dmin/F Emin7 C/E G Dmin/F Emin7 C/E G Dmin/F Emin7 C/E Dmin F <verse_1> G Dmin/F Emin7 C/E G Dmin/F Emin7 C/E G Dmin/F Emin7 C/E Dmin F G Dmin/F Emin7 C/E G Dmin/F Emin7 C/E G Dmin/F Emin7 C/E Dmin F F/A <chorus_1> Amin Bb F/Bb Dbmaj7 Ebadd13 Ebmaj9 <intro_2> G Dmin/F Emin7 C/E G Dmin/F Emin7 C/E <verse_2> G Dmin/F Emin7 C/E G Dmin/F Emin7 C/E G Dmin/F Emin7 C/E Dmin F G Dmin/F Emin7 C/E G Dmin/F Emin7 C/E G Dmin/F Emin7 C/E Dmin F/A <chorus_2> Amin Bb F/Bb Dbmaj7 Ebadd13 Ebmaj9 <verse_3> G Dmin/F Emin7 C/E G Dmin/F Emin7 C/E G Dmin/F Emin7 C/E Dmin F G Dmin/F Emin7 C/E G Dmin/F Emin7 C/E G Dmin/F Emin7 C/E Dmin F/A Amin Bb F/Bb Dbmaj7 Ebadd13 Dbmaj7 Ebadd13 Cs Dsmin Cs B Cmaj7 Dadd13 E F G A Bsus2 B Cmaj7 Dadd13 E D/Fs Cmaj7/G D/A E B Cmaj7 Dadd13 E B Cmaj7 Dadd13 E B Cmaj7 Dadd13 E B Cmaj7 Dadd13 E B/Fs Cmaj7/G Dadd13/A E/B B Cmaj7 Dadd13 E B/Fs Cmaj7/G Dadd13/A E/B B Cmaj7 Dadd13 <solo_1> E B/Fs Cmaj7/G Dadd13/A E/B B Cmaj7 Dadd13 E B/Fs Cmaj7/G Dadd13/A E/B B Cmaj7 Dadd13 E B/Fs Cmaj7/G Dadd13/A E/B B Cmaj7 Dadd13 E B/Fs Cmaj7/G Dadd13/A E/B B Cmaj7 Dadd13 E B/Fs Cmaj7/G Dadd13/A E/B B Cmaj7 Dadd13 <solo_2> E B/Fs Cmaj7/G Dadd13/A E B/Fs Cmaj7 Dadd13/B E Emin D E/B <solo_3> A Emin/G Fsmin7 D/Fs A Emin/G Fsmin7 D/Fs A Emin/G Fsmin7 D/B Emin G A Emin Emin/D Emin/Cs Emin/B A Emin Emin/G <chorus_3> Bmin7 Cmaj7 G/C Ebmaj7 Fadd13 Ebmaj7 Fadd13 Ebmaj7 Fadd13 Eno3d Fsno3d Gno3d Ano3d Bno3d Cno3d Dno3d Eno3d Fsno3d Gno3d Ano3d Bno3d Cno3d Dno3d E B/Fs Cmaj7/G Dadd13/A E/B B Cmaj7 Dadd13 E B/Fs Cmaj7/G Dadd13/A E/B B Cmaj7 Dadd13 E B/Fs Cmaj7/G Dadd13/A E/B B Cmaj7 Dadd13 E B/Fs Cmaj7/G Dadd13/A Esus4/B E/B B Cmaj7 Dadd13 Esus4 E B/Fs Cmaj7/G Dadd13/A Esus4/B E/B B Cmaj7 Dadd13 <solo_4> E B/Fs Cmaj7/G Dadd13/A E/B B Cmaj7 Dadd13 E B/Fs Cmaj7/G Dadd13/A E/B B Cmaj7 Dadd13 E D C E B/A C/G D/Fs <outro_1> E B/Fs Cmaj7/G Dadd13/A E/B B Cmaj7 Dadd13 E B/Fs Cmaj7/G Dadd13/A Esus4/B E/B B Cmaj7 Dadd13 Esus4 E B/Fs Cmaj7/G Dadd13/A Esus4/B E/B B Cmaj7 Dadd13 Esus4 E,,,,,,,,
485,C F C F C F C Amin Emin F C F C F C F C F C F C Amin Emin F Emin F G A D Cmin A7 G A G7 G As D Cmin As G A7 G7 C F C F C F C Amin Emin F G As D Cmin As G As C F G As D Cmin As G A D Cmin G A D Cmin G A C F G A C F G A G As G As G As G As G As G As G As G,2010-04-27,'argentine rock' 'latin alternative' 'latin pop' 'latin rock' 'mexican pop' 'rock en espanol' 'ska argentino',2000.0,latin rock,artist_305,pop rock,3UZugfa6dzHfOFshHwLarc,4TK1gDgb7QKoPFlzRrBRgR
486,<intro_1> Gmin Ab Cmin Bb Gmin Abmaj7 Cmin Bmin Abmaj7 Fmin Cmin7 Eb Fmin7 Cno3d <verse_1> Gmin Ab Cmin Bb Gmin Ab Cmin Bb Gmin Ab Cmin Bb Gmin Ab Cmin Bb <verse_2> Gmin Ab Cmin Bb Gmin Ab Cmin Bb Gmin Ab Cmin Bb Gmin Ab Cmin Bb <chorus_1> Ab Fmin Cmin7 Bb Ab Fmin Eb Bb Ab Fmin7 Cmin7 Bb Ab Fmin Eb Bb <verse_3> Gmin Ab Cmin Bb Gmin Ab Cmin Bb Gmin Ab Cmin Bb Gmin Ab Cmin Bb <chorus_2> Ab Fmin Cmin7 Bb Ab Fmin Eb Bb Ab Fmin7 Cmin7 Bb Ab Fmin Eb Bb Gmin Ab Cmin Bb <verse_4> Gmin Ab Cmin Bb Gmin Ab Cmin Bb Gmin Ab Cmin Bb Gmin Ab Cmin Bb,2021-02-19,'dutch singer-songwriter',2020.0,,artist_306,,6qYI36VdFtITJA9bUKglOK,12j1w2RmtWd81xSKRpxhXK
487,<intro_1> D A Bmin G D Asus4 G <verse_1> D A Bmin G D Asus4 Bmin G D Asus4 Bmin G D Asus4 Bmin G Bmin Asus4 G Bmin A G <chorus_1> A Bmin A G A Bmin A G A Bmin A G A Bmin A G <verse_2> D A Bmin G D A Bmin G D A Bmin G D A Bmin G Bmin A G Bmin A G <chorus_2> A Bmin A G A Bmin A G A Bmin A G A Bmin A G <bridge_1> Bmin A G Bmin Asus4 A G Bmin A G Bmin A G <chorus_3> A Bmin A G A Bmin A G A Bmin A G A Bmin A G <chorus_4> A Bmin A G A Bmin A G A Bmin A G A Bmin A G,2021-11-26,,2020.0,,artist_307,,6FCvz4Dgk26EeKRgCadljR,4o3nXRjidFLS65XYjy4mN1
488,D7 C7 A7 Gmin F Amin Bb G Bb C7 A7 Gmin F Amin Bb G Bb Db Ab Bb F Db Ab Bb F D7 C7 A7 Gmin F Amin Bb G Bb Db Ab Bb F Db Ab Bb F D7 C7 E C E C7 F D7 C7 A7 Gmin F Amin Bb G Bb Db Ab Bb F Db Ab Bb F D7,2003-02-06,'la indie',2000.0,,artist_183,alternative,02UwH8XQQYTfUVuy1yTY0T,3OfiFNgFbJAwuQnVvOL2bh
489,Emin C Amin Emin C Amin Emin C Amin Emin C Amin Emin C Amin Emin C Amin Emin C Amin Emin C Amin Emin C Amin Emin C Amin Emin C Amin Emin C Amin Emin C Amin Emin C Amin Emin C Amin Emin C Amin Emin C Amin Emin C Amin Emin C Amin Emin C Amin Emin C Amin Emin C Amin Emin C Amin Emin C Amin Emin C Amin,,,,,,,,
490,<verse_1> Amin Fmaj7 Cmaj7 <interlude_1> Amin Fmaj7 Cmaj7 Amin <interlude_2> Cadd13 Aminadd9 Amin <intro_1> Fmaj7 Cmaj7 Amin Fmaj7 Cmaj7 <verse_2> Amin Fmaj7 Cmaj7 Amin Fmaj7 Cmaj7 Amin Fmaj7 Cmaj7 Amin Fmaj7 Cmaj7 Amin Fmaj7 Cmaj7 Amin Fmaj7 Cmaj7 Amin Fmaj7 Cmaj7 Amin Fmaj7 Cmaj7 <interlude_3> Amin Fmaj7 Cmaj7 Amin Fmaj7 Cmaj7 Amin <interlude_4> Cadd13 Aminadd9 Amin Cadd13 Aminadd9 Amin <verse_3> Fmaj7 Cmaj7 Amin Fmaj7 Cmaj7 Amin Fmaj7 Cmaj7 Amin Fmaj7 Cmaj7 Amin Fmaj7 Cmaj7 Amin Fmaj7 Cmaj7 Amin Fmaj7 Cmaj7 Amin Fmaj7 Cmaj7 <interlude_5> Amin Fmaj7 Cmaj7 Amin Fmaj7 Cmaj7 Amin <interlude_6> Cadd13 Aminadd9 Amin Cadd13 Aminadd9 Amin <verse_4> Fmaj7 Cmaj7 Amin Fmaj7 Cmaj7 Amin Fmaj7 Cmaj7 Amin Fmaj7 Cmaj7 Amin Fmaj7 Cmaj7 Amin Fmaj7 Cmaj7 Amin Fmaj7 Cmaj7 Amin Fmaj7 Cmaj7 <interlude_7> Amin Fmaj7 Cmaj7 Amin Fmaj7 Cmaj7 Amin <interlude_8> Cadd13 Aminadd9 Amin Cadd13 Aminadd9 Amin,,'art pop' 'dream pop' 'melancholia',,,artist_308,pop,,38u18VoGaIwVeSyVoA0eU5
491,<intro_1> Amin C G F Amin C G F <verse_1> Amin C G F Amin C G F <chorus_1> Amin C G F Amin C G F Amin C G F <verse_2> Amin C G F Amin C G F <chorus_2> Amin C G F Amin C G F Amin C G F Amin C G F <bridge_1> Amin C G F Amin C G F <chorus_3> Amin C G F Amin C G F Amin C G F <outro_1> Amin C G F Amin C G,2023-05-18,'contemporary country' 'country' 'country road' 'modern country rock',2020.0,modern country rock,artist_93,country,5I3wwDVx0t6eamZnUvlHQA,6pBNfggcZZDCmb0p92OnGn
492,<intro_1> G <verse_1> C D G <verse_2> C D G <chorus_1> D C G D C G <verse_3> C D G <verse_4> C D G <chorus_2> D C G D C G <bridge_1> C G C G C C/B C/A C G <verse_5> C D G <verse_6> C D G <chorus_3> D C G D C G,2017-06-16,'pop folk',2010.0,,artist_309,pop,0X8m5yVbH4inz2EHF4cUCe,7dBCtHnpE9LRrRftcPRbJr
493,<intro_1> A <verse_1> D Fsmin D A D Fsmin D A D Fsmin D <chorus_1> A A/Cs D Cs/ Fsmin A/Cs D A A/Cs D Cs/ Fsmin A/Cs D A <verse_2> D Fsmin D A D Fsmin D A D Fsmin D <chorus_2> A A/Cs D Cs/ Fsmin A/Cs D A A/Cs D Cs/ Fsmin A/Cs D A A/Cs D Fsmin A/Cs D Fsmin <bridge_1> Csmin/E D A Fsmin Csmin/E D A E Fsmin Csmin/E D <chorus_3> A A/Cs D Cs/ Fsmin A/Cs D A A/Cs D Cs/ Fsmin A/Cs D,2023-02-10,'gen z singer-songwriter' 'singer-songwriter pop',2020.0,,artist_310,pop,4zO08ix7nulvQHfKm1bwC7,5TwUXL3I6RaLckHy8le2Hq
494,<intro_1> B D Cs <verse_1> B D Cs B D Cs B D Cs A G <verse_2> B D Cs B D Cs B D Cs A G <chorus_1> E B D B E B D B E B D B E G A <verse_3> B D Cs B D Cs B D Cs A G <chorus_2> E B D B E B D B E B D B E G A <outro_1> B A B A B A B A B A B A B A B A B A B A B A B A B A B A B,2003-02-06,'la indie',2000.0,,artist_183,alternative,0NgDSipBaAowNXKnrLcMKJ,3OfiFNgFbJAwuQnVvOL2bh
495,<verse_1> Amaj7 Fsmin Amaj7 Fsmin Bmin7 E7 Bmin7 E7 <chorus_1> Amaj7 Fsmin <verse_2> Amaj7 Fsmin Amaj7 Fsmin Bmin7 E7 Bmin7 E7 <chorus_2> Amaj7 Fsmin <verse_3> Amaj7 Fsmin Amaj7 Fsmin Bmin7 E7 Bmin7 E7 <outro_1> Amaj7 Fsmin Amaj7 Fsmin Bmin7 E7 Bmin7 E7 Amaj7 Fsmin Amaj7 Fsmin Bmin7 E7 Bmin7 E7,,,,,,,,
496,<verse_1> Amaj7 Fsmin Amaj7 Fsmin Bmin7 E7 Bmin7 E7 <chorus_1> Amaj7 Fsmin <verse_2> Amaj7 Fsmin Amaj7 Fsmin Bmin7 E7 Bmin7 E7 <chorus_2> Amaj7 Fsmin <verse_3> Amaj7 Fsmin Amaj7 Fsmin Bmin7 E7 Bmin7 E7 <outro_1> Amaj7 Fsmin Amaj7 Fsmin Bmin7 E7 Bmin7 E7 Amaj7 Fsmin Amaj7 Fsmin Bmin7 E7 Bmin7 E7 Amaj7,2021-08-11,,2020.0,,artist_311,,3TMmmPJ85SMqrhl03qNYNm,3Xs5tR8wVbtxsVGMznCqcR
497,<instrumental_1> G7 Fadd9 G7 <verse_1> G7/D C Fadd9/G G Dmin F G7sus4 G Dmin Dmin7/C G7sus4 G Dmin F Gsus4 G <instrumental_2> Asus4 <chorus_1> Emin Emin7 D A Amin7 G Dsus4 D Emin Emin7 D A Amin7 G Dsus4 D Emin7 A Cadd9 Emin7 A Cadd9 A7sus4/G <instrumental_3> A7sus4 Dsus4/G A7/Cs <verse_2> Emin D A7sus4 A7 Emin Dadd11/G A7sus4 A Emin Emin7/D A7sus4 A7 Emin G Asus4 A7 Bsus4 <chorus_2> Emin Emin7 D A Amin7 G Dsus4 D Emin Emin7 D A Amin7 G Dsus4 D Emin7 A Cadd9 Emin7 A Cadd9 A7sus4/G <instrumental_4> Asus4 <bridge_1> F Emin7 Amin7 Gsus4 F13 Emin7 Amin7 G/C Fadd9 Emin7 Amin11 G Fadd9 Emin7 Asus4 A <solo_1> As7 G As7 G A7sus4 <chorus_3> Emin Emin7 D A Amin7 G Dsus4 D Emin Emin7 D A Amin7 G Dsus4 D Emin7 A Cadd9 Emin7 A Cadd9 Emin7 A Cadd9 Emin7 A Cadd9 Asus4 Gadd9/A Asus4 <outro_1> Gadd9/A Asus4 Gadd9/A Asus4 Gadd9/A D/A,2012-07-20,'finnish alternative rock',2010.0,finnish alternative rock,artist_312,rock,5n1L8joP3aqRJtp3lIIY82,1AZ30JnvQU1pbX6sbRE0Yn
498,<intro_1> F C Dmin F C Dmin Gmin F C Gmin F C <verse_1> F C Dmin F C Dmin F C Dmin F C Dmin Gmin F C Gmin F C Gmin F C Gmin F C <interlude_1> Bb F C Bb F C <chorus_1> Dmin C Emin Dmin Gmin Dmin C Emin Dmin Gmin <intro_2> F C Dmin F C Dmin Gmin F C Gmin F C <interlude_2> Bb F C Bb F C <bridge_1> Amin Dmin Gmin Amin Dmin Gmin C Emin Amin Dmin Gmin Amin Dmin Gmin C Emin Amin <chorus_2> Dmin C Emin Dmin Gmin Dmin C Emin Dmin Gmin <intro_3> F C Dmin F C Dmin Gmin F C Gmin F C <verse_2> F C Dmin F C Dmin F C Dmin F C Dmin Gmin F C Gmin F C Gmin F C Gmin F C <chorus_3> Dmin C Emin Dmin Gmin Dmin C Emin Dmin Gmin <chorus_4> Dmin C Emin Dmin Gmin,2019-04-08,,2010.0,,artist_313,,756pQwfmcv9CgdZRusfiDq,6UA1uk1pvj04w1OKcqZTEl
499,<intro_1> A G A G A G A <verse_1> D A B7 E A D A E A <chorus_1> D A E D A D A E A D A D E D A E A <verse_2> D A B7 E A D A E A <chorus_2> D A E D A D A E A <outro_1> D A D A E A,1987-01-01,'contemporary country' 'country' 'country road' 'outlaw country',1980.0,,artist_314,country,2Sda1KzCD3MnlfP0Oq2Ysj,2M4Yt7oKGoYd0wqU44k4i2
500,<intro_1> G C <verse_1> D F G Amin Dmin G Amin C D F G Amin Dmin F G Amin Dmin F G Amin Dmin C D F G Amin Dmin G <verse_2> Amin Dmin D Fmin G Amin Dmin F G Amin Dmin F G Amin Dmin F G Amin Dmin F C D Emin Amin G Amin D <verse_3> Fmin Gmin G Amin D <outro_1> C D Emin Fmin G Amin Dmin F G Amin Dmin G A D,2020-05-07,,2010.0,,artist_315,,5B9mNfvJFliEZEMk9BlCBx,1SEoPmSjPIHV75NKGjCzfK
501,<intro_1> Gmin Bb Gmin Bb Gmin Bb Gmin Bb <verse_1> Gmin Bb Gmin Bb Gmin Bb Cmin7 Eb F Gmin Bb Gmin Bb <verse_2> Gmin Bb Gmin Bb Gmin Bb Cmin7 Eb F Gmin Bb Gmin Bb <outro_1> Gmin Bb Gmin Bb Gmin Bb Gmin Bb,2022-02-04,,2020.0,,artist_316,,5ekn0rTXRpR5M99v64inDc,3OXpCq0ndnIgWu13LKBEba
502,<intro_1> Emin D G Cmaj7 Emin D G Cadd9 Emin D G Cmaj7 <verse_1> Emin D Cmaj7 Emin D Cadd9 Emin D Cmaj7 D Cadd9 Emin D G Cmaj7 Emin D G Cadd9 Emin D G Cmaj7 <verse_2> Emin D Cmaj7 Emin D Cadd9 Emin D Cmaj7 D Cadd9 Emin D G Cmaj7 Emin D G Cadd9 Emin D G Cmaj7 <bridge_1> D Cmaj7 Emin Cadd9 Amin D Emin Cadd9 C/B Amin D <outro_1> Emin D G Cmaj7 Emin D G Cadd9 Emin D G Cmaj7 D Cmaj7 D Cadd9 Emin Cmaj7 Amin D Emin D G Cmaj7 Emin D G Cadd9 Emin D G Cmaj7 Emin D G Cadd9,2019-03-15,'ectofolk',2010.0,,artist_317,country,6YENVTsLPNXtUbnoqZPxWE,1z26dqCz3PySR4G7HWsn93
503,<intro_1> Bmin Fsmin Bmin Fsmin <verse_1> Bmin Fsmin Bmin Fsmin Bmin Fsmin Fs Bmin Fsmin G D Bmin Fsmin Bmin Fsmin <verse_2> Bmin Fsmin Bmin Fsmin Bmin Fsmin Fs Bmin Fsmin G D Bmin Fsmin Bmin Fsmin <verse_3> Bmin Fsmin Bmin Fsmin Bmin Fsmin Fs Bmin Fsmin G D Bmin Fsmin Bmin Fsmin,,,,,,,,
504,<intro_1> D <verse_1> F D F A D F D G D A D <verse_2> F D F A D F D G D A D <verse_3> C D C A D F D G D A D <instrumental_1> A D A D <verse_4> F D F A D F D G D A D <verse_5> C D C A D F D G D A D,2023-05-26,,2020.0,,artist_318,,3DxtZFEWrRc6EuMHfKpgG6,4vEmaqzg9ui07M02THFlLP
505,<intro_1> G D <intro_2> Cadd9 G D Emin Cadd9 G D <verse_1> Emin Cadd9 G D Emin Cadd9 G D <chorus_1> Emin Cadd9 G D Emin Cadd9 G D Emin Cadd9 G D Emin Cadd9 G D Emin Cadd9 G D <verse_2> Emin Cadd9 G D Emin Cadd9 G D <verse_3> Emin Cadd9 G D Emin Cadd9 G D <chorus_2> Emin Cadd9 G D Emin Cadd9 G D Emin Cadd9 G D Emin Cadd9 G D Emin Cadd9 G D Emin Cadd9 G <chorus_3> D Emin Cadd9 G D Emin Cadd9 G D Emin Cadd9 G D Emin Cadd9 G <outro_1> D Emin Cadd9 G D Emin Cadd9 G D Emin,2023-02-10,'country pop' 'modern country pop',2020.0,,artist_319,pop,4HykouKy5aX0JT3oplCi1O,48rpE75ZIsnfNFyojfYene
506,<intro_1> D Fsmin D Fsmin D Fsmin E <verse_1> A Fsmin A Fsmin D Fsmin E Fsmin D E <verse_2> A Fsmin A Fsmin D Fsmin E Fsmin D E <chorus_1> Fsmin A D A Fsmin A D A Fsmin A Fsmin D Fsmin D Fsmin <instrumental_1> D Fsmin D Fsmin D Fsmin E <verse_3> A Fsmin A Fsmin D Fsmin E Fsmin D E <verse_4> A Fsmin A Fsmin D Fsmin E Fsmin D E <chorus_2> Fsmin A D A Fsmin A D A Fsmin A Fsmin D Fsmin D Fsmin <instrumental_2> D Fsmin D Fsmin D Fsmin E <verse_5> A Fsmin A Fsmin D Fsmin E Fsmin D E <verse_6> A Fsmin A Fsmin D Fsmin E Fsmin D E <instrumental_3> Fsmin A D A Fsmin A D A Fsmin A Fsmin D Fsmin D Fsmin <verse_7> A Fsmin A Fsmin D Fsmin E Fsmin D E <verse_8> A Fsmin A Fsmin D Fsmin E Fsmin D E <chorus_3> Fsmin A D A Fsmin A D A Fsmin A Fsmin D Fsmin D Fsmin <outro_1> D Fsmin D Fsmin D Fsmin D Fsmin D Fsmin E,1998-01-01,,1990.0,,artist_320,,6ILuFaXkz9N9xCpnurGTnF,5hhsKyTvmHhTZ6Fr0dFa98
507,<intro_1> G A D <verse_1> A D G D A G Emin A D Bmin G A D G A G A D <verse_2> A D G D A G Emin A D Bmin G A D G A G A D <verse_3> A D G D A G Emin A D Bmin G A D G A G A D <verse_4> A D G D A G Emin A D Bmin G A D G A G A D <verse_5> A D G D A G Emin A D Bmin G A D G A G A D <verse_6> A D G D A G Emin A D Bmin G A D G A G A D,,'ccm' 'christian music' 'world worship' 'worship',,,artist_321,,,3SgHzT552wy2W8pNLaLk24
508,<intro_1> G Gsus4 G Gsus4 <verse_1> G Gsus4 G G/B Cadd9 Amin G D/Fs G G/B Emin D Cadd9 G <verse_2> Gsus4 G G/B Cadd9 Amin G D/Fs G G/B Emin D Cadd9 G <chorus_1> Cadd9 Emin D/Fs Cadd9 Emin D/Fs G Amin G G/B Cadd9 Amin G D/Fs G Gsus4 G Emin Cadd9 D <bridge_1> G G/B Cadd9 Emin D G G/B Emin D Cadd9 G Gsus4 G G/B Cadd9 Emin D G G/B Emin D Cadd9 G Gsus4 <chorus_2> Cadd9 Emin D/Fs Cadd9 Emin D/Fs G Amin G G/B Cadd9 Emin D/Fs Cadd9 Emin D/Fs G Amin G G/B Cadd9 G/B D/Fs G Gsus4 G <bridge_2> Cadd9 G/B Amin G Emin D Cadd9 D Amin G Emin D Cadd9 G/B Amin G Emin D Cadd9 D Amin G Emin D <chorus_3> Amin G Emin D Amin G Emin D Cadd9 G/B D/Fs G Gsus4 G Gsus4 G G/B <chorus_4> Cadd9 Emin D/Fs Cadd9 Emin D/Fs G Amin G G/B Cadd9 Amin G D/Fs G,2022-11-11,,2020.0,,artist_322,,6g8AwSzzB9tvvqlvnGrxAk,2AnQtTldySNq9lo5U2lOhP
509,<verse_1> D7 D G Emin Bmin D/G E D7 D G Emin Bmin D/G E <chorus_1> D7 D A G D7 D A G D <verse_2> D7 D G Emin Bmin D/G E D7 D G Emin Bmin D/G E <chorus_2> D7 D A G D7 D A G D,2023-02-03,'meme',2020.0,,artist_323,,4QEIx7L0dxINrkJLCuQZGS,5H0LCGyAkwg9gURh6lwJRY
510,<intro_1> D D7 C Emin D D7 Emin Emin7 D D7 C Emin D D7 Emin Emin7 <verse_1> D D7 C Emin D D7 Emin Emin7 D D7 C Emin D D7 Emin Emin7 <bridge_1> A A7 A A7 Bmin A G D <chorus_1> G A Emin G D G E G <instrumental_1> D D7 C Emin D D7 Emin Emin7 D D7 C Emin D D7 Emin Emin7 <verse_2> D D7 C Emin D D7 Emin Emin7 D D7 C Emin D D7 Emin Emin7 <bridge_2> A A7 A A7 Bmin A G Fs E <chorus_2> D G A Emin G D G E G D <outro_1> D7 C Emin D D7 Emin Emin7 D D7 C Emin D D7 Emin Emin7 D D7 C Emin D D7 Emin Emin7 D D7 C Emin D D7 Emin Emin7 D D7 C Emin D D7 Emin Emin7 D D7 C Emin D D7 Emin Emin7 D D7 C Emin D D7 Emin Emin7 D D7 Emin D,2004,'britpop' 'c86' 'dream pop' 'uk post-punk',2000.0,,artist_324,pop,4b1AZipc3UMSINfk68Pzes,4tfyTbsNNN5xfxKDwG4VfP
511,<intro_1> Amin D G A F Bb E <verse_1> C Amin Dmin G <verse_2> C Amin Dmin E <chorus_1> Amin D G A F Bb E <verse_3> C Amin Dmin E <chorus_2> Amin D G A F Bb E Amin D G A F Bb E F Dmin Bb E F Dmin Bb E <chorus_3> Amin D G A F Bb E Amin D G A F Bb E <outro_1> F Dmin Bb E F Dmin Bb E F Dmin Bb E F Dmin Bb E,,,,,,,,
512,<intro_1> D <verse_1> F A7 F A7 <verse_2> D F A7 F A7 <chorus_1> C G Bb F G <verse_3> D F A7 F A7 <chorus_2> C G Bb F G <outro_1> D G D G D G D G D G E7 A7 D,2003-02-06,'la indie',2000.0,,artist_183,alternative,1xsr0BPZXcXXmg7dofoiOk,3OfiFNgFbJAwuQnVvOL2bh
513,<verse_1> D Cadd9 G/B Gmin/Bb D Cadd9 G/B Gmin/Bb D Cadd9 G/B Gmin/Bb D Cadd9 G/B Gmin/Bb D Cadd9 G/B Gmin/Bb D Cadd9 G/B Gmin/Bb D Cadd9 G/B Gmin/Bb D Cadd9 G/B Gmin/Bb <chorus_1> G A7 D G A7 D D7 G A7 D G A7 D <verse_2> Cadd9 G/B Gmin/Bb D Cadd9 G/B Gmin/Bb D Cadd9 G/B Gmin/Bb D Cadd9 G/B Gmin/Bb D Cadd9 G/B Gmin/Bb D Cadd9 G/B Gmin/Bb D Cadd9 G/B Gmin/Bb D Cadd9 G/B Gmin/Bb <chorus_2> G A7 D G A7 D D7 G A7 D G A7 D <verse_3> Cadd9 G/B Gmin/Bb D Cadd9 G/B Gmin/Bb D Cadd9 G/B Gmin/Bb D Cadd9 G/B Gmin/Bb D Cadd9 G/B Gmin/Bb D Cadd9 G/B Gmin/Bb D Cadd9 G/B Gmin/Bb D Cadd9 G/B Gmin/Bb <chorus_3> G A7 D G A7 D D7 G A7 D G A7 D <outro_1> G A7 D G A7 D G A7 D Cadd9 G/B Gmin/Bb,2023-02-02,,2020.0,,artist_325,,44A8n8h4StNxx4KlDOceXA,6ZnE1xeDuyYC42eDPhe8jS
514,<verse_1> G D C Amin G D C Amin <chorus_1> G D C Amin G D C Amin G D C Amin G D C Amin G D C Amin,,'black americana',,,artist_326,,,29mRqqZ15WaYjEsKNzcRkv
515,<verse_1> E B E B E <chorus_1> B E <verse_2> B E <chorus_2> B E <bridge_1> B E <verse_3> B E <chorus_3> B E,,'classic italian pop' 'italian adult pop',,,artist_327,pop,,15FrhfFYJIx7Ijltkpjbsr
516,<intro_1> D A D A <verse_1> D A D A D A D A D A D A D A D A <chorus_1> D A D A D A D A <verse_2> D A D A D A D A D A D A D A D A <chorus_2> D A D A D A D A D A D A,2019-03-01,'italian hip hop' 'italian pop' 'rap genovese' 'trap italiana',2010.0,,artist_328,rap,7fnHSgIITveyrYBAA1sxKR,0jdNdfi4vAuVi7a6cPDFBM
517,<intro_1> G <verse_1> C G <chorus_1> C G Cmaj7 G <verse_2> Cmaj7 C G Gmaj7 <chorus_2> Cmaj7 C G C G Cmaj7 G <verse_3> C G <chorus_3> C G C G <outro_1> C Cmaj7 G,,,,,artist_329,,4nhgMCXO9BNk2ZlugDtS9H,1dmDDdHSzGxdYojQPjh9M0
518,<intro_1> Amin Emin C C/B <chorus_1> Amin Emin C C/B Amin Emin C C/B Amin Emin C C/B Amin Emin C C/B Amin Emin C C/B Amin Emin C C/B Amin Emin C C/B Amin Emin C C/B Amin Emin C C/B Amin Emin C C/B <chorus_2> Amin Emin C C/B Amin Emin C C/B Amin Emin C C/B Amin Emin C C/B Amin Emin C C/B Amin Emin C C/B Amin Emin C C/B Amin Emin C C/B <chorus_3> Amin Emin C C/B Amin Emin C C/B Amin Emin C C/B Amin Emin C C/B <outro_1> Amin Emin C C/B Amin Emin C C/B,2023-10-12,'german hip hop',2020.0,,artist_330,rap,2ASD3lIvN1z7MUgXqnZd8R,6CP5wWvO8oIxedESJNCN4H
519,<verse_1> Gsno3d Dsno3d Csno3d Gsno3d Dsno3d Csno3d Gsno3d Dsno3d Csno3d Gsno3d Dsno3d Csno3d Gsno3d Dsno3d Csno3d Gsno3d Dsno3d Csno3d <chorus_1> Fno3d Gno3d Gsno3d Fno3d Gno3d Gsno3d Fno3d Gno3d Gsno3d Fno3d Gno3d Gsno3d <verse_2> Dsno3d Csno3d Gsno3d Dsno3d Csno3d Gsno3d Dsno3d Csno3d Gsno3d Dsno3d Csno3d Gsno3d Dsno3d Csno3d Gsno3d Dsno3d Csno3d <chorus_2> Fno3d Gno3d Gsno3d Fno3d Gno3d Gsno3d Fno3d Gno3d Gsno3d Fno3d Gno3d Gsno3d <verse_3> Dsno3d Csno3d Gsno3d Dsno3d Csno3d Gsno3d Dsno3d Csno3d Gsno3d Dsno3d Csno3d <chorus_3> Fno3d Gno3d Gsno3d Fno3d Gno3d Gsno3d Fno3d Gno3d Gsno3d Fno3d Gno3d Gsno3d,2010-04-01,'blues rock' 'garage rock' 'punk blues',2000.0,garage rock,artist_331,rock,5DjlRWhfZK94Mx7l6JLvFg,2NOhotupwYbKRNJF7LMDPG
520,<intro_1> F Fsus2 Fno3d F Fsus2 Bbadd9/D <verse_1> F Fsus2 F Fsus2 F Fsus2 C/E F Fsus2 F Fsus2 F Fsus2 C/E F <chorus_1> C/E Bb C C/E Bb C Gmin7 C F <verse_2> Fsus2 F Fsus2 F Fsus2 C/E F <verse_3> Fsus2 F Fsus2 F Fsus2 C/E F <bridge_1> C/E Bb C C/E Bb C C/E Bb C C/E Bb C <bridge_2> F/A Bb F/A Bb F/A Bb Gmin7 C F,2006-03-14,'christian indie' 'christian music',2000.0,,artist_332,alternative,1ew9nlf8XQ9uDeNZFrWGCH,1sezwqaPBzlygtIlbnZ2kF
521,<intro_1> Ab Db Eb Ab Db Eb <verse_1> Ab Db Eb Ab Db Eb Bmin Db Bmin Ab <verse_2> Db Eb Ab Db Eb Bmin Db Bmin Ab <verse_3> Db Eb Ab Db Eb Bmin Db Bmin Db Bmin Db Ab,2019-07-26,'oakland indie',2010.0,,artist_333,alternative,4nasoCZAXKguDUz1s0c9es,5MpGrez01Tx9nl5YQ1Aseq
522,<intro_1> C Amin F G C Amin F G C Amin F G C Amin F G <verse_1> C Amin F G C Amin F G C Amin F Fmin C F G <verse_2> C Amin F G C Amin F G C Amin F Fmin C Amin F G C <interlude_1> F C G <chorus_1> C G F G A <verse_3> D Bmin G A D Bmin G A D Bmin G Gmin D Bmin G A D G D A <chorus_2> D A G A Bb <verse_4> Eb Ab Bb Eb Cmin Ab Abmin Eb Cmin Ab Bb Cmin Gmin Ab B <chorus_3> Eb Db Eb <outro_1> Db Eb,,'lo-fi' 'protopunk' 'singer-songwriter',,,artist_334,punk,,6hkch2KhRl0tywpeVK5xR5
523,<intro_1> G Bmin D A G Bmin D A <verse_1> G Bmin7 D A G Bmin7 D A G Bmin7 D A G Bmin7 D A <chorus_1> G Bmin7 D A G Bmin D A G Bmin D A G Bmin D A G Bmin D A <verse_2> G Bmin D A G Bmin D A G Bmin D A G Bmin7 D A <chorus_2> G Bmin D A G Bmin D A G Bmin D A G Bmin D A G Bmin D A G Bmin D A <bridge_1> G Bmin7 D A G Bmin7 D A <chorus_3> G Bmin D A G Bmin D A G Bmin D A G Bmin D A G Bmin7 D A G Bmin D A,2023-02-10,'contemporary country' 'modern country pop',2020.0,,artist_335,country,026r3p9a0dt7RWZZU4SZKo,6BpvASijzSWj7gnZD4Dvf1
524,<intro_1> A E/A D/A Bmin7 Esus4 A E/A D/A <verse_1> A D/A E/A A Eadd9/Gs D/Fs Fsmin D/A <verse_2> A D/A E/A A Eadd9/Gs D/Fs Fsmin D/A A/E D/E Esus4 D/E A D/E <chorus_1> A E/A D/A A E/G D/Fs Esus4 E A E/A D/A Bmin7 Esus4 A <verse_3> D/A E/A A Eadd9/Gs D/Fs Fsmin D/A <verse_4> A D/A E/A A Eadd9/Gs D/Fs Fsmin D/A A/E D/E Esus4 D/E A D/E <chorus_2> A E/A D/A A E/G D/Fs Esus4 E A E/A D/A Bmin7 Esus4 Fsmin Bmin7 Esus4 A,,,,,,,,
525,<intro_1> Bb Eb F Bb/D Dmin Eb F Bb Eb F Bb/D Dmin Eb F <verse_1> Bb Ebmaj7 F Dmin Gmin F/A <verse_2> Bb Ebmaj7 F Dmin Gmin F/A <chorus_1> Bb Eb F Bb/D Dmin Eb F <verse_3> Bb Ebmaj7 F Dmin Gmin F/A <verse_4> Bb Ebmaj7 F Dmin Gmin F/A <chorus_2> Bb Eb F Bb/D Dmin Eb F <instrumental_1> Bb Eb F Bb/D Dmin Eb F <verse_5> Bb Ebmaj7 F Dmin Gmin F/A F <verse_6> Bb Ebmaj7 F Dmin Gmin F/A F <bridge_1> Eb F/Eb Bb Bb/Ab Eb <chorus_3> F/Eb Bb Bb/Ab Eb F/Eb Bb Eb F Bb/D Dmin Eb F Bb Eb F Bb/D Dmin Eb F <instrumental_2> Bb Eb F Bb/D Dmin Eb F <outro_1> Bb Eb F Bb/D Dmin Eb F Bb,2022-12-16,'chanson' 'french pop',2020.0,,artist_336,pop,0RMMHLg8HxiMRtErksfoqE,5Nq9MbzweBc5oL4WzsECx4
526,<intro_1> Fadd9 C G C Fadd9 C G C <verse_1> Fadd9 C Amin7 G Fadd9 C G Amin7 Amin7/G Fadd9 C Amin7 G Fadd9 C G Gadd11 G Gadd11 <verse_2> Amin7 G Fadd9 C C/B Amin7 G Fadd9 G Gadd11 G Amin7 G Fadd9 C C/B Fadd9 C G Gadd11 G Gadd11 <chorus_1> Amin7 Fadd9 G C Amin7 Fadd9 G C Amin7 Fadd9 G C G Fadd9 C Fadd9 C G C Fadd9 C G C <verse_3> Fadd9 C Amin7 G Fadd9 C G Amin7 Amin7/G Fadd9 C Amin7 G Fadd9 C G Gadd11 G Gadd11 <verse_4> Amin7 G Fadd9 C C/B Amin7 G Fadd9 G Gadd11 G Amin7 G Fadd9 C C/B Fadd9 C G Gadd11 G Gadd11 <chorus_2> Amin7 Fadd9 G C Amin7 Fadd9 G C Amin7 Fadd9 G C G Fadd9 C G Fadd9 C <bridge_1> G Fadd9 C Fadd9 G Fadd9 C G Gadd11 G Fadd9 C G Gadd11 G Fadd9 C G Gadd11 G Gadd11 <chorus_3> Amin7 Fadd9 G C Amin7 Fadd9 G C Amin7 Fadd9 G C G Fadd9 C G Fadd9 C <outro_1> Fadd9 C G C Fadd9 C G C,2022-12-02,'knoxville indie',2020.0,,artist_337,alternative,51BRJ3qoajOXQhqqFXwvGA,28ZFEGg2RNdrtoaFqxA6vj
527,<intro_1> E A E A <chorus_1> E A B E A B Csmin Gsmin A B E A B E A B Csmin Gsmin A B E A B E A B Csmin Gsmin A B E <interlude_1> Fsmin B E Fsmin <verse_1> B E Fsmin B E Fsmin B E Fsmin B E Fsmin B <chorus_2> E A B E A B Csmin Gsmin A B E A B E A B Csmin Gsmin A B E A B E A B Csmin Gsmin A B E <interlude_2> Fsmin B <verse_2> E Fsmin B E Fsmin B E Fsmin B E Fsmin B E Fsmin B <chorus_3> E A B E A B Csmin Gsmin A B E,1987,'lo-fi' 'protopunk' 'singer-songwriter',1980.0,,artist_334,punk,6QITBcKIKHh4pjxbgc6geZ,6hkch2KhRl0tywpeVK5xR5
528,<intro_1> Bmin E Bmin B A As <verse_1> B E B Fs B E B Fs B <verse_2> E B Bmin B Fs Bmin E B Fs B <chorus_1> E B Fs B E B Fs B <instrumental_1> E B Fs B E B Fs B Bmin A <verse_3> B E B Fs B E B Fs B <chorus_2> E B Fs B E B Fs B Fs Bmin <outro_1> E B A B,2021-02-25,'redneck',2020.0,,artist_338,,1rH1rjIMjoAmJG2omx5VyN,03UZwtrCiMR9P10LcjQ5Wu
529,<verse_1> G Bmin C Amin C D G Bmin C Amin C D G C G <chorus_1> D7 G Emin Gmaj7 Emin G Emin C Amin Amin/Gs Amin/G Amin D G Emin G Emin G Bmin C Amin Cs G Emin Amin D G <verse_2> Bmin C Amin C D G Bmin C Amin C D G C G <chorus_2> D7 G Emin Gmaj7 Emin G Emin C Amin Amin/F Amin/Gs Amin/G Amin D G Emin G Emin G Bmin C Amin Cs G Emin Amin D G,2020-12-17,,2010.0,,artist_339,,66gBA3PLPbp8eAU5BpyR3z,20GTmnRX8dHGcvzenT8ZWU
530,<intro_1> Bb Amin Gmin F Emin Dmin C F Bb C Dmin Bb F C Dmin C F Bb C Dmin Bb F C <verse_1> F C F Bb F C Bb Bbmin F C F Bb F C Bb Bbmin F <chorus_1> Dmin C F Bb Dmin Bb F C Dmin C F Bb C Dmin Bb F C F C <verse_2> F Bb F C Bb Bbmin F <chorus_2> Dmin C F Bb Dmin Bb F C Dmin C F Bb C Dmin Bb F C F Dmin C F Bb A Dmin Bbmin F C F Bb F C Bb Bbmin F,2022-06-03,'roots worship',2020.0,,artist_340,,2ldm03N4VOi2n2hjRS6ZP5,3lFjLxwdFzhGr9fhWzE0SW
531,<intro_1> G Bmin Amin Cmin <verse_1> G Bmin Amin Cmin G Bmin Amin Cmin <chorus_1> G Bmin C Cmin G Bmin C Cmin G Bmin C Cmin <verse_2> G Bmin Amin Cmin G Bmin Amin Cmin <chorus_2> G Bmin C Cmin G Bmin C Cmin G Bmin C Cmin <verse_3> G Bmin C Cmin G Bmin C Cmin <chorus_3> G Bmin C Cmin G Bmin C Cmin G Bmin C Cmin,2023-02-10,'singaporean pop',2020.0,,artist_341,pop,1PF9t1TdGxpkSaarscoznq,4jGPdu95icCKVF31CcFKbS
532,<intro_1> E B E <verse_1> A E B E A E B E <chorus_1> A E B E A E B E <instrumental_1> A E B E <verse_2> A E B E B E A E B E <chorus_2> A E B E A E B E A E B E,2021-02-25,'redneck',2020.0,,artist_338,,7kXvGshEu26r9KJSXBWHzs,03UZwtrCiMR9P10LcjQ5Wu
533,<intro_1> F C Dmin F C Dmin <verse_1> F C Dmin F C Dmin F C Dmin F C Dmin <chorus_1> F C F Dmin F C F Dmin F C F Dmin F C F Dmin <verse_2> F C Dmin F C Dmin F C Dmin F C Dmin <chorus_2> F C F Dmin F C F Dmin F C F Dmin F C F Dmin <solo_1> C Bb F C Dmin C Bb F C Dmin C Bb F C Dmin C Bb F C Dmin <verse_3> F C Dmin F C Dmin F C Dmin F C Dmin F C Dmin F C Dmin F C Dmin F C Dmin F C Dmin,2023-02-10,'comic metal' 'hard rock' 'metal' 'power metal' 'speed metal' 'us power metal',2020.0,hard rock,artist_342,metal,7DgASny65Th4hscKX9aqs1,4CzUzn54Cp9TQr6a7JIlMZ
534,<intro_1> Dmin F F7 F C Bb Dmin <verse_1> F F7 F C Bb Dmin F F7 F C Bb Dmin <chorus_1> C Dmin Bb C Dmin Bb C <verse_2> Dmin F F7 F C Bb Dmin F F7 F C Bb Dmin <chorus_2> C Dmin Bb C Dmin Bb C <verse_3> Dmin F F7 F C Bb Dmin F C Bb Dmin C Bb Dmin C Bb <chorus_3> Dmin F Bb Dmin F Bb C <chorus_4> Dmin F Bb Dmin F Bb C Dmin F F7 F C Bb Dmin <chorus_5> C Dmin Bb C Dmin Bb C Bb C Bb C Dmin,2001,'pop punk' 'punk' 'skate punk',2000.0,,artist_218,punk,5bIKrNyyhIfLA1YahrVD0X,74xFFXkvOq9dPDigOWTHiX
535,<intro_1> E Fsmin7 B E Fsmin7 B E <chorus_1> Fsmin7 B E Fsmin7 B E <verse_1> Fsmin7 B E Fsmin7 B E <chorus_2> Fsmin7 B E Fsmin7 B E <verse_2> Fsmin7 B E Fsmin7 B E <chorus_3> Fsmin7 B E Fsmin7 B E <bridge_1> Fsmin7 B E Csmin7 Fsmin7 B E Csmin Fsmin7 B E Csmin Fsmin7 B E <outro_1> Csmin Fsmin B E Csmin Fsmin B E <intro_2> D Emin7 A D Emin7 A D <chorus_4> Emin7 A D Emin7 A D <verse_3> Emin7 A D Emin7 A D <chorus_5> Emin7 A D Emin7 A D <verse_4> Emin7 A D Emin7 A D <chorus_6> Emin7 A D Emin7 A D <bridge_2> Emin7 A D Bmin7 Emin7 A D Bmin Emin7 A D Bmin Emin7 A D <outro_2> Bmin Emin A D Bmin Emin A D,2023-02-10,'black americana' 'contemporary country' 'country' 'country road' 'modern country rock',2020.0,modern country rock,artist_343,country,0rYXSQ5SztqtP3DfBAHoA6,7FY5V3XMwlNBPitEjXowHQ
536,<intro_1> Emin G Dmin Amin Emin G Dmin Amin <verse_1> Emin G Dmin Amin Emin G Dmin Amin <chorus_1> C Emin C D Amin C/B Cadd9 C/B Amin C/B Cadd9 C/B Amin C/B Cadd9 C/B Amin G D C Emin G Dmin Amin Emin G Dmin Amin <verse_2> Emin G Dmin Amin Emin G Dmin Amin <chorus_2> C Emin C D Amin C/B Cadd9 C/B Amin C/B Cadd9 C/B Amin C/B Cadd9 C/B Amin G D C Emin <bridge_1> G Dmin Amin Emin G Dmin Amin <chorus_3> C Emin C D Amin C/B Cadd9 C/B Amin C/B Cadd9 C/B Amin C/B Cadd9 C/B Amin C/B Cadd9 C/B Amin C/B Cadd9 C/B Amin C/B Cadd9 C/B Amin G D C <outro_1> Emin G Dmin Amin Emin G Dmin Amin,2017-11-02,,2010.0,,artist_344,,3KSdU4QuTP886AMFWzsNZf,1U6F0Flu02lnHN3W3MYFgh
537,<intro_1> G Bmin C Cmin <verse_1> G Bmin C Cmin G Bmin C Cmin G Bmin C Cmin <chorus_1> G Bmin C Cmin G Bmin C Cmin G <instrumental_1> Bmin C Cmin <verse_2> G Bmin C Cmin G Bmin C Cmin G Bmin C Cmin <chorus_2> G Bmin C Cmin G Bmin C Cmin G Bmin C Cmin <outro_1> G Bmin C Cmin G Bmin C Cmin G,2023-02-10,,2020.0,,artist_345,,5YlzVwQF5CbDXBUeoSJeyH,61BkwSaCqwzIBruDBvChbs
538,<intro_1> G C <verse_1> G C G C <chorus_1> G C G C G <verse_2> C G C <chorus_2> G C G C G C <bridge_1> Amin G C <chorus_3> G C G C G C G C,2023-02-10,'arkansas country' 'contemporary country' 'country pop',2020.0,,artist_346,country,0vjZaE7xR496wiKavIzsgv,7EekKnlf2HwNaLLpL9Cpgy
539,<intro_1> C G Amin F C G Amin F <verse_1> C G Amin F C G Amin F C G Amin F C G Amin F <verse_2> C G Amin F C G Amin F C G Amin F C G Amin F C G Amin F <verse_3> C G Amin F C G Amin F C G Amin F C G Amin F C G Amin F C G Amin F C G Amin F C G Amin F C G Amin F C G Amin F <bridge_1> C G F C G F C G F <outro_1> C G Amin F C G Amin F,,,,,artist_347,,,4DQnyW6vjBLbsRxahLBd0n
540,A A7 Amin Amin7 B Bb Bb7 Bmin Bmin7 C Cs7 Csmin Dmin Dmin7 E E7 F Fsmin Fsmin7 F7 Fdim G A7 Csmin Fsmin A7 Csmin Fsmin A7 Fsmin Csmin B Dmin E7 A7 Csmin Fsmin7 E7 A Csmin Bmin E7 A Fsmin E A Fsmin Cs7 Bb Dmin C Bb7 F C Amin G F C Amin7 F C E7 Amin F7 G A Csmin Fsmin7 A Csmin Fsmin7 A7 Fsmin Csmin A Csmin Fsmin Csmin B Dmin E7 A7 Csmin Fsmin7 E7 A Csmin Bmin7 Fdim A Fsmin E A Fsmin Cs7 Bb Dmin C Bb7 C F C Amin G F C Amin7 F7 C E7 Amin7 F7 G Dmin7 G A Csmin Fsmin7 A7 Csmin Fsmin7 A7 Fsmin A Csmin D7 A Csmin A Fsmin7 A Csmin Fsmin7 A Csmin D7 A Csmin A Fsmin7 A Bmin E7,,,,,,,,
541,<intro_1> Dno3d Ebno3d Dno3d Ebno3d Dno3d Ebno3d Dno3d Ebno3d <verse_1> Dmin G Fmaj7 Emin7 Dno3d Ebno3d Dmin G Fmaj7 Emin7 D <chorus_1> Dmin Gadd11 Dmin Gadd11 Fmaj7 Emin7 D G/D Fmaj7 Emin7 D G/D Fmaj7 Emin7 Dno3d Ebno3d <verse_2> Dmin G Fmaj7 Emin7 Dno3d Ebno3d Dmin G Fmaj7 Emin7 D <chorus_2> Dmin Gadd11 Dmin Gadd11 Fmaj7 Emin7 D G/D Fmaj7 Emin7 D Gadd11/D Fmaj7 Emin7 Dno3d Ebno3d <chorus_3> Dmin Gadd11 Dmin Gadd11 Fmaj7 Dmin Gs G F Dmin Gs G Fmaj7 <chorus_4> Dmin Gs G Fmaj7 Dmin7 Gs G Fmaj7 Dmin Gs G Fmaj7 Dmin Gs G F <outro_1> Dno3d Ebno3d Dno3d Ebno3d Dno3d Ebno3d Dno3d Ebno3d Dno3d,2014-10-14,'neo-singer-songwriter',2010.0,,artist_348,,0rVADwbDx9R1M0NLseSWzN,3hO4n4sqYuczxjWg13355r
542,<intro_1> D G <verse_1> D G D G Bmin A G D Bmin A G <chorus_1> D G D Bmin G A D G A D <verse_2> G D G Bmin A G D Bmin A G <chorus_2> D G D Bmin G A D G A D <chorus_3> G D Bmin G A D G A D G A D,2022-05-13,'country pop' 'modern country pop' 'modern country rock',2020.0,modern country rock,artist_349,country,5MF7WqDx40eGewUkrPiigs,04roC3Teouu613zLDKvHpQ
543,<intro_1> Fsmin As Gs <verse_1> Fsmin As Gs Fsmin As Gs Fsmin As Gs Fsmin As Gs Fsmin As Gs Fsmin As Gs Fsmin As Gs Fsmin As Gs Fsmin As Gs Fsmin As Gs Fsmin As Gs <chorus_1> Fsmin As Gs Fsmin As Gs Fsmin As Gs Fsmin As Gs Fsmin As Gs Fsmin As Gs Fsmin As Gs Fsmin As Gs Fsmin <verse_2> As Gs Fsmin As Gs Fsmin As Gs Fsmin As Gs Fsmin As Gs Fsmin As Gs Fsmin As Gs <chorus_2> Fsmin As Gs Fsmin As Gs Fsmin As Gs Fsmin As Gs Fsmin As Gs Fsmin As Gs Fsmin As Gs Fsmin As Gs Fsmin <interlude_1> As Gs <chorus_3> Fsmin As Gs Fsmin As Gs Fsmin As Gs Fsmin As Gs Fsmin As Gs Fsmin As Gs Fsmin As Gs Fsmin As Gs Fsmin As Gs Fsmin As Gs Fsmin,2022-04-01,'opm' 'pinoy city pop',2020.0,,artist_350,pop,683vYd6JzbsguUFrX5VeG9,61nn6nOoLWjVC1ER2qFAvN
544,<intro_1> C F Dmin7 G <verse_1> C F Dmin7 G C F Dmin7 G <chorus_1> C F Dmin7 Dmin G C F Dmin7 Dmin G C F Dmin <verse_2> C F Dmin G <chorus_2> C F Dmin7 Dmin G C F Dmin7 Dmin G C F Dmin7 G C <bridge_1> F Dmin7 G <chorus_3> C F Dmin7 Dmin G C F Dmin7 Dmin G C F Dmin7 G C,2023-02-10,'modern country pop',2020.0,,artist_5,pop,42nxSGIeYum2W5nyd2PFhx,4GGfAshSkqoxpZdoaHm7ky
545,<intro_1> C Dmin G7 C <verse_1> Dmin G7 C Dmin G7 C <chorus_1> Amin Emin F Fadd13 E <verse_2> C Dmin G7 C Dmin G7 C <chorus_2> Amin Emin F Fadd13 E <verse_3> C Dmin G7 C Dmin G7 C Dmin G7 C <chorus_3> Amin Emin F Fadd13 E <verse_4> C Dmin G7 C Dmin G7 C,1983,'chanson',1980.0,,artist_351,,74w32cN4kqJfCjMdTlaXP9,4XYH5Be5pn1qkxhfaID3J5
546,<intro_1> G <chorus_1> Cadd9 G Cadd9 G <chorus_2> Cadd9 G Cadd9 G <bridge_1> Emin D G <chorus_3> Cadd9 G Cadd9 G Cadd9 G Cadd9 G,2022-10-21,,2020.0,,artist_352,,269kPmzjzBsqgVL87VYEUD,4jaMlhvqHdr7aBdujxJ8Dq
547,<intro_1> D Dmaj7 Gmaj7 Gmin <verse_1> D Dmaj7 Gmaj7 Gmin D Dmaj7 Gmaj7 Gmin Bmin Gmaj7 Gmin <chorus_1> D Dmaj7 Gmaj7 Gmin D Dmaj7 Gmaj7 Gmin D <verse_2> Dmaj7 Gmaj7 Gmin D Dmaj7 Gmaj7 Gmin Bmin Gmaj7 Gmin <chorus_2> D Dmaj7 Gmaj7 Gmin D Dmaj7 Gmaj7 Gmin D <bridge_1> Dmaj7 Gmaj7 Gmin D Dmaj7 Gmaj7 Gmin <chorus_3> D Dmaj7 Gmaj7 Gmin D Dmaj7 Gmaj7 Gmin D,2023-02-10,'opm',2020.0,,artist_353,,3Ues7YM3y8JYnTeu2OYFVH,31fsDbpNPKe346urriO4ma
548,<intro_1> E A D E A Fsmin A <verse_1> D A D E D E A Fsmin B7 D E A <chorus_1> D E A D E A D E A Fsmin B7 D E A <verse_2> D A D E D E A Fsmin B7 D E A <chorus_2> D E A D E A D E A Fsmin B7 D E A <solo_1> D A D E D E A Fsmin B7 D E A <verse_3> D A D E D E A Fsmin B7 D E A <chorus_3> D E A D E A D E A Fsmin B7 D E A D E A D E A D E A Fsmin B7 D E A,1998-03-16,'skansk musik',1990.0,,artist_354,,05a8rwA9fOH32xwr5O4Bim,3QQOx64tLX3UIjImu2ANtc
549,<chorus_1> G Emin F G Emin F G Amin Emin F G Emin Amin F E Amin G F,,'pop worship',,,artist_355,pop,,71LGmy4toAaXKJP7IK8xvG
550,<intro_1> Emin C G D <verse_1> Emin C G D Emin C G D Emin C G D Emin C G D Emin C G D Emin C G D <chorus_1> Emin C G D Emin C G D <interlude_1> Emin C G D <verse_2> Emin C G D Emin C G D Emin C G D Emin C G D <chorus_2> Emin C G D Emin C G D <interlude_2> Emin C G D <bridge_1> Emin C G D Emin C G D <chorus_3> Emin C G D Emin C G D Emin C G D <outro_1> Emin C G D,,,,,,,,
551,<intro_1> Amin G C Amin G C <verse_1> Amin C Amin C Amin C G Amin <chorus_1> F C F Amin G F C G F Amin7 G C <verse_2> Amin7 C Amin7 C G Amin7 <chorus_2> C F C F Amin G F C G F Amin7 G C Amin7 G C <chorus_3> F C F Amin G F C G F Amin G F Amin G C Amin G C Amin G C Amin G C Amin G C Amin G C Amin7 G C Amin7 G C Amin7 G C Amin G C Amin G C Amin G C Amin G C Amin G C Amin G C Amin C Amin C Amin C Amin C Amin C Amin G C Amin G C Amin G C Amin G C Amin G C Amin G C Amin G C Amin G C Amin G C Amin G C Amin F C Amin C Amin G,2023-05-18,'contemporary country' 'country' 'country road' 'modern country rock',2020.0,modern country rock,artist_93,country,1PtK9wVHHwkoLix2iAqRPH,6pBNfggcZZDCmb0p92OnGn
552,D A D A D A D A D A D E A D B A B A G Emin A D A D A D A D A D A D E A D B A B A G Emin A D A D A D A B A B A G B A D A D A D A D A D A D E A D B A B A G Emin A B A B A G Emin A,1967-06-01,'art rock' 'classic rock' 'glam rock' 'permanent wave' 'rock',1960.0,art rock,artist_356,rock,72zIb0HzKQxXttKwTX7weL,0oSGxfWSnnOXhD2fKuz2Gy
553,<intro_1> Emin7 Asus4 A Dmaj7 D Dmaj7 <verse_1> Emin7 Asus4 A Dmaj7 Emin7 Asus4 A Dmaj7 Emin7 Dmaj7 Emin7 Asus4 A <chorus_1> Emin7 Asus4 A Emin7 Asus4 A Emin7 Asus4 A Dmaj7 D Dmaj7 <verse_2> Emin7 Asus4 Dmaj7 Emin7 Asus4 Dmaj7 Emin7 Dmaj7 Emin7 Asus4 A <chorus_2> Emin7 Asus4 A Emin7 Asus4 A Emin7 Asus4 A Dmaj7 D Dmaj7 Emin7 Asus4 A Emin7 Asus4 A Emin7 Asus4 Dmaj7 B7 Emin7 Asus4 Dmaj7 B7 Gmaj7 Fsmin7 Emin7 B7 Emin7 Asus4 Dmaj7 B7 Gmaj7 Fsmin7 Emin7 B7 Emin7 Asus4 A Dmaj7,2022-06-10,'la pop',2020.0,,artist_357,pop,2M1qfEXLOWn0nPJJ20iY5J,7rvB7ONJSqlmaCrcbhelir
554,<verse_1> C F G C F G C <chorus_1> F C F G C F C F G C <verse_2> F G C F G C <chorus_2> F C F G C F C F G C <bridge_1> F G C G F C F G <chorus_3> F C F G C F C F G C F G C,,,,,,,,
555,<verse_1> E A E A E A E A <chorus_1> E A E A E A E <verse_2> A E A E A E A <chorus_2> E A E A E A E A E A <bridge_1> E A E A E A E A <chorus_3> E A E A E A E <outro_1> A E,2023-02-10,'australian indie rock' 'australian surf rock' 'fremantle indie' 'perth indie',2020.0,australian indie rock,artist_358,alternative,3l3OKeed88yAAjyq5xhUMs,6V70yeZQCoSR2M3fyW8qiA
556,<intro_1> E C B7 <verse_1> E C B7 E C B7 E C B7 E C B7 E C B7 E C B7 E C B7 E C B7 E B <chorus_1> Amin C E D Amin C D E C B7 <verse_2> E C B7 E C B7 E C B7 E C B7 A Gsmin A B <chorus_2> Amin E D Amin C D <instrumental_1> Amin G B7 <bridge_1> Amin G B7 Amin G Fs B7 <instrumental_2> Amin Emin B7 <chorus_3> Amin E D Amin C D C B7 <outro_1> E D C B7 E D C B7 A G Fs,2023-02-10,'pop punk' 'screamo',2020.0,,artist_162,pop,3XfmKIeWD1gGrKhwIEon6Q,4iJLPqClelZOBCBifm8Fzv
557,<intro_1> C Emin Amin Emin F C Emin Amin Emin F G A Cmin D Emin Amin C Dmin Emin F G Amin <verse_1> C Dmin Emin F G Amin Emin F <verse_2> G Amin Emin F Gmin Amin C Dmin Emin F <outro_1> G Amin C D Emin F G Amin C D Emin,,,,,artist_359,,,3OqGr7FkuiLmrxakSxzTRU
558,<intro_1> A B7 E <verse_1> A B7 E A A7 D F A Fsmin A E A <chorus_1> D A D A B7 E A A7 D F A Fsmin A E A <chorus_2> D A D A B7 E A A7 D F A Fsmin A E A <outro_1> Fsmin A E A,2013-02-15,'glitch hop',2010.0,,artist_360,rap,4CWMB9QpCdZpHft8btcfM1,3M7geqTs4IiGCqaAAZIQ7E
559,<intro_1> F C Gmin Bb F C Bb <verse_1> F C Gmin C F C Bb F C Gmin F/A Bb C Gmin Bb F <verse_2> C Gmin F C Bb F C Gmin F/A Bb C Gmin Bb <chorus_1> F C Gmin F/A Bb F C Gmin F/A Bb F C/F Gmin Bb D <verse_3> G D Amin G D C G D Amin G/B C D Amin C <chorus_2> G D Amin G/B C G D Amin G/B C Amin G/B C D <interlude_1> G Amin G/B C D A E Bmin A/Cs D A E Bmin A/Cs D A Asus4 A,2022-10-27,'classic schlager' 'schlager',2020.0,,artist_361,,45ysPNP15uAV1zZbwneZ5j,5dXbkgq9goxRAwCFoNU9Dp
560,<intro_1> D Amin G D <verse_1> Amin7 G D Amin7 G D Amin7 <chorus_1> D G D C G D C G D Amin G D G <verse_2> D Amin7 Amin C G D Amin7 G D Amin7 <chorus_2> D G D C G D C G D Amin G D <instrumental_1> Amin C G <chorus_3> C G D C G D C G D Amin G D G D,2023-02-10,'country pop',2020.0,,artist_23,pop,4gmMNf8sN96duRf2oneX4t,4O8A9zKc4TrSgV0RQp0cRg
561,<intro_1> G D Emin7 G D Emin7 <verse_1> G D Emin7 G D Emin7 G D Emin7 G Emin7 G D G D Emin7 G D Emin7 G D Emin7 C D G D Emin C D G D Emin <chorus_1> B7 Emin B7 Emin C D Emin <instrumental_1> G D Emin7 Emin G D Emin <verse_2> G D Emin7 G D Emin7 Emin G D Emin G D Bmin Emin7 <chorus_2> B7 Emin B7 Emin C D Emin Emin7 C D G D Emin C D G D Emin <chorus_3> B7 Emin B7 Emin C D Emin <bridge_1> B7 C7 D G G7 Emin7 B7 C D G D Emin Emin7 C D G D Emin7 <chorus_4> B7 Emin B7 Emin D Emin G D Emin G D Emin7 <outro_1> G D Emin G D Emin7 G,2014-02-04,'indie folk',2010.0,,artist_362,country,1IcwyDAAdo5mYIC5ujB9sz,426VSUSxx9puUYFgp7l7EQ
562,<verse_1> Fsno3d <verse_2> Csno3d Eno3d Csno3d Eno3d Csno3d Eno3d Csno3d <chorus_1> Fsno3d <verse_6> Csno3d Eno3d Csno3d Eno3d Csno3d Eno3d Csno3d <chorus_2> Fsno3d <bridge_1> Cno3d Asno3d Ano3d Fsno3d,1998-09-14,'alternative metal' 'hard rock' 'industrial' 'industrial metal' 'industrial rock' 'nu metal' 'post-grunge' 'rock',1990.0,industrial rock,artist_363,metal,1XLDwj2XXXNPOJvpvjHOas,2VYQTNDsvvKN9wmU5W7xpj
563,<verse_1> Eminadd9 C Eminadd9 C Eminadd9 C Eminadd9 C Eminadd9 C Eminadd9 C Eminadd9 C Eminadd9 C Eminadd9 C Eminadd9 C Eminadd9 C Eminadd9 C Eminadd9 C Eminadd9 C Eminadd9 C Eminadd9 C Eminadd9 C Eminadd9 C Eminadd9 C Eminadd9 C Eminadd9 C Eminadd9 C Eminadd9 C Eminadd9 C Eminadd9 C Eminadd9 C Eminadd9 C Eminadd9 C Eminadd9 C Eminadd9 C Eminadd9 C D C Amin D C Amin D C Amin D C Amin D C Amin D C Amin D C Amin D C Amin D C Amin D C Amin D C Amin D C Amin,,'art punk' 'crank wave' 'melbourne punk',,,artist_364,punk,,0mL6LBSQ4bHe6hWq90KzHL
564,<intro_1> E Amaj7 E Amaj7 <verse_1> E Amaj7 E Amaj7 <chorus_1> E Amaj7 B A E Amaj7 B A Amin E Amaj7 <verse_2> E Amaj7 E Amaj7 <chorus_2> E Amaj7 B A E Amaj7 B A Amin E Amaj7 <interlude_1> E Amaj7 E Amaj7 <outro_1> E Amaj7 B A Amin E,2021-06-08,,2020.0,,artist_365,,0zgDdDUQbCSRhU8G1bbJIa,6QR1eGgN0mWZHo3dx2BBZZ
565,<intro_1> G C G Amin7 D G C G Amin7 D <verse_1> G C G Amin7 D G C G Amin7 Dsus4 G C G Amin7 Dsus4 G C G Amin7 Dsus4 <chorus_1> G C G Amin7 D G C G Amin7 D G C G Amin7 D G C G Amin7 D G C G Amin7 D <verse_2> G C G Amin7 D G C G Amin7 D G C G Amin7 D G C G Amin7 D <chorus_2> G C G Amin7 D G C G Amin7 D G C G Amin7 D G C G Amin7 D G C G Amin7 D G C G Amin7 D <bridge_1> G C G Amin7 D G C G Amin7 D G C G Amin7 D <chorus_3> G C G Amin7 D G C G Amin7 D G C G Amin7 D G C G Amin7 D G C G Amin7 D <outro_1> C G Amin7 D G C G Amin7 D G C G Amin7 D G C G Amin7,,,,,,,,
566,<intro_1> Fmaj7 Amin G Fmaj7 Amin G <verse_1> Fmaj7 Amin G Amin7 Fmaj7 Amin G <verse_2> Amin7 F Amin G Amin7 F Amin G F G <chorus_1> F Amin G F Amin G F Amin G F Amin Dmin F <interlude_1> G <verse_3> F Amin G Amin7 F Amin G <verse_4> F Amin G Amin7 F Amin G <chorus_2> F Amin G F Amin G Amin F Amin Gadd11 F Amin Dmin F <interlude_2> G F G F G Amin C F G Fmaj7 Gadd11 <outro_1> F Amin Gadd11 Amin F Amin G F Amin Gadd11 F Amin Dmin F Amin G F Amin G,2023-03-17,,2020.0,,artist_366,,3G0B8efe0z12WS4RjCcHMj,3EEPuGTwFLu8FgE7Hpao78
567,<intro_1> G Amin Emin C G Amin Emin C G <verse_1> Amin Emin C G Amin Emin C D Amin C G Amin Emin C G Amin Emin C G <verse_2> Amin Emin C G Amin Emin C D Amin C G Amin Emin C G Amin Emin C D <bridge_1> C Amin D C Amin F D G Amin Emin C G Amin Emin C G <verse_3> Amin Emin C G Amin Emin C D Amin C G Amin Emin C G Amin Emin C D <outro_1> C Amin D C Emin Amin F D G Amin Emin C G Amin Emin C G,2023-02-10,'alternative rock' 'anti-folk' 'permanent wave' 'rock',2020.0,alternative rock,artist_367,rock,5gTCp2dIRTLgJ8ZZllw0bR,3vbKDsSS70ZX9D2OcvbZmS
568,<intro_1> C F C F <verse_1> C F C F <chorus_1> C F C F C F C F <verse_2> C F C F <chorus_2> C F C F C F C F <chorus_3> C F C F C F C F,2019-04-30,'epunk',2010.0,,artist_274,punk,11fx3ODm5loaubQpfPueIj,6GDYGPbleLhFKnmK4TYhQ7
569,<verse_1> Amin D G C Amin D G C <verse_2> Amin D G C Amin D G C <verse_3> Amin D G C Amin D G C <verse_4> Amin D G C Amin D G C,2022-09-16,'pop',2020.0,,artist_368,pop,5FldekVXIOv91hEnkCAu6Z,4GvEc3ANtPPjt1ZJllr5Zl
570,<intro_1> E <chorus_1> B E B E <verse_1> B E <chorus_2> B E B E <verse_2> B E B E B E B E <solo_1> F C F <chorus_3> C F C F C F C F,,,,,,,,
571,<intro_1> F C Amin G C <verse_1> Amin C F G Amin C F G F G F G <chorus_1> F C Amin G F C Amin G F C Amin G <verse_2> Amin C F G F Amin G <chorus_2> F C Amin G F C Amin G F C Amin G <bridge_1> F G F G <chorus_3> F C Amin7 G F C Amin G <chorus_4> F C Amin7 G F C Amin G F C Amin G F C Amin G F,2023-02-10,'contemporary country' 'modern country pop',2020.0,,artist_335,country,6sBrYPM922vPzXDDxroT5p,6BpvASijzSWj7gnZD4Dvf1
572,<intro_1> G Amin C Dmin7 G Amin C Dmin7 G <verse_1> Amin C Dmin7 G Amin C Dmin7 G Amin C Dmin7 G Amin <instrumental_1> C Dmin7 G Amin C Dmin7 G Amin C Dmin7 G Amin C Dmin7 G Amin <instrumental_2> C Dmin7 G F C G C/E F C G E <chorus_1> Amin E C G Amin E C G Amin E C G Amin E C G <verse_2> Amin C Dmin7 G Amin C Dmin7 G Amin C Dmin7 G Amin <instrumental_3> C Dmin7 G Amin C Dmin7 G Amin C Dmin7 G Amin C Dmin7 G Amin <instrumental_4> C Dmin7 G F C G C/E F C G E <chorus_2> Amin E C G Amin E C G Amin E C G Amin E <outro_1> C G Amin E C G Amin E C G Amin E C G Amin E C G <outro_2> Amin,2023-03-31,'indie quebecois',2020.0,,artist_369,alternative,6ZWFRCsf2oAm6XczSbgxEi,4cevhLjv2nMVIOpUnS23n5
573,<verse_1> D G D A A7 D G D A D A Bmin G D A A7 D G D A D <instrumental_1> Dmaj7 Bmin <verse_2> D G D A A7 D D7 G D A D A Bmin G D A A7 D G D A D <interlude_1> Dmaj7 Bmin <verse_3> D Aadd13 A/Bb Bmin D Aadd13 D A Bmin G D A A7 D G D A D,,'christian uplift' 'roots worship',,,artist_370,,22hUPwmyoZKP8fbZ7mtdwx,1laNwx3Sgr12cbdw3UTROn
574,<intro_1> Amin G7 Bmin Dmin Amin A <verse_1> C Amin Dmin Amin C Ab Amin Dmin C Amin <chorus_1> Amin7 G G7 Esus2 D Bb Amin G7 Bmin Esus4 Amin Gmin7 Bb Amin D Amin G <verse_2> E E7 Amin D Dsus2 D Amin Asus2 C D Amin C D G Amin Amin7 Amin D G A A7 Amin Amin7 D <verse_3> C Amin G C7 Bmin A Bb C Amin Amin7 G G7 Emin Bmin E7 F Bb Amin Amin7 D Amin G G7 Cmin G E Amin <chorus_2> Dsus2 D Dsus2 Amin D Amin D Amin Amin7 Amin D G Amin A7 E A Amin G <chorus_3> E Amin D G D Amin D Amin D Amin Amin7 D Amin D D7 G Amin D <chorus_4> Amin C E Bb Bbmin A Amin D B A Dmin Amin A,1999-12-14,,1990.0,,artist_144,,03n2CckkTzZVzhJgRi2QJY,5mkI3ZZVNkFFVv5Yo51YeY
575,<intro_1> Dsmin Gsmin Fs Dsmin Gsmin Fs <verse_1> Dsmin Gsmin Fs Dsmin Gsmin Fs Cs Dsmin Gsmin Fs Dsmin Gsmin Cs Gsmin Fs Cs Gsmin Bsus2 <chorus_1> Dsmin Gsmin Fs Dsmin Gsmin Cs Dsmin Gsmin Fs Gsmin Bsus2 Cs Fs <interlude_1> Dsmin Gsmin Fs Dsmin Gsmin Fs <verse_2> Dsmin Gsmin Fs Dsmin Gsmin Cs Dsmin Gsmin Fs Dsmin Gsmin Cs Gsmin Fs Cs Gsmin Bsus2 <chorus_2> Dsmin Gsmin Fs Dsmin Gsmin Cs Dsmin Gsmin Fs Gsmin Bsus2 Cs Fs <interlude_2> Dsmin Gsmin Fs Dsmin Gsmin Fs Dsmin Gsmin Fs <bridge_1> Dsmin Fs Cs Gsmin Bsus2 Gsmin Fs Cs Bsus2 Cs <chorus_3> Dsmin Gsmin Fs Dsmin Gsmin Cs Dsmin Gsmin Fs Gsmin Bsus2 Cs <chorus_4> Dsmin Gsmin Fs Dsmin Gsmin Cs Dsmin Cs Gsmin Fs Gsmin Bsus2 Cs Gsmin Bsus2 Cs <outro_1> Dsmin Gsmin Fs Dsmin Gsmin Fs,2019-08-22,,2010.0,,artist_371,,66TMNJ6bYF3ybVSNV3ARyK,1KzdhpPPDuiAq20BsSSXVF
576,<intro_1> A <verse_1> D A E D A D E D A <verse_2> D E D A D E D <chorus_1> A D E D A Fsmin E D E D A <verse_3> D E D A D E D A <chorus_2> D E D A Fsmin E D E D A D A D A <bridge_1> D E D A D E D <chorus_3> A D E D A Fsmin E D E D A D E D A Fsmin E D E D <outro_1> A,2023-05-18,'contemporary country' 'country' 'country road' 'modern country rock',2020.0,modern country rock,artist_93,country,1ssrtT9gCinaqFZARAgEMz,6pBNfggcZZDCmb0p92OnGn
577,<intro_1> C G Eb Gmin C D G C D G C D C G <verse_1> Gmin F G F G Bb F G Gmin C Gmin Bb F G Bb Ab G Bb F <chorus_1> Amin D Amin D Amin C G Gmin C Gmin Gmin7 Csus4 C G Gmin C Gmin C7 G Gmin7 Bb Gmin Bb Cmin Gmin7 <verse_2> G Ab F <chorus_1> Amin D Amin D Amin C G Gmin C Gmin C G C G Gmin C G F G <bridge_1> F G Bb G Ab C F G Eb Bb G F C F <chorus_2> Amin D Amin C G Gmin Csus4 Gmin C Gmin C Gmin7 Csus4 Bb Gmin C G7 C Bb G Gmin7 Gmin C Bb Gmin7 Csus4 Gmin Gmin7 G F G F Gmin7,1999-12-14,,1990.0,,artist_144,,61Ee4xWxFRPduzF0LgBWFB,5mkI3ZZVNkFFVv5Yo51YeY
578,<intro_1> Gsmin Fsmin F Bbmin <verse_1> Fmin Fs Cmin Dsmin F Dsmin Gs Bbmin Gs Fsmaj7 Cmin F Bbmin <verse_2> Fmin Fs Cmin Dsmin F Dsmin Gs Bbmin Gs Fsmaj7 Cmin F Bbmin <chorus_1> Bb Dsmin Gs Cs Fs F F7 Bbmin Bb Dsmin Gs Csmaj7 Fsmaj7 Cmin F Bbmin Fmin Fs F <verse_3> Bbmin Gs Fs Cmin Dsmin F Dsmin Gs Bbmin Gs Fsmaj7 Cmin Fs F Bbmin <chorus_2> Bb Dsmin Gs Cs Fs F F7 Bbmin Bb Dsmin Gs Csmaj7 Fsmaj7 Cmin F Bbmin Bb <bridge_1> Dsmin Fmin Bbmin Bmaj7 F7 Bbmin Fsmaj7 <instrumental_1> Fmin Bbmin Dsmin F Bbmin Bb Dsmin Gs Cs Fs Fsus4 F Bbmin <chorus_3> Bb Dsmin Gs Cs Fs F F7 Bbmin Bb Dsmin Gs Csmaj7 Fs Cmin F Fsmaj7 Fs F Bbmin F Fs,2014-11-01,'christelijk',2010.0,,artist_372,,4y20MC6ocOiHApPMcJ5Agq,3PbSZAldhOQ3SQzKMgUDKE
579,<verse_1> Emin A Emin Bmin Emin Amin C Bmin B Emin A E Bmin B Emin Amin C B Emin Amin A Emin Bmin Emin Amin C B7 Emin A Emin Bmin Emin Amin C B7 Emin A Emin B Emin Amin C B Emin A Emin B Emin Amin C B7 Emin Amin A Emin Bmin Emin Amin C B7 Emin A Emin Bmin Emin Amin C B7 Emin A Emin B Emin Amin C B Emin A Emin Bmin B Emin Amin C B7 Emin Amin A Emin Bmin Emin Amin C B7 Emin A Emin Bmin Emin Amin C B7 Emin A Emin Bmin Emin Amin C Bmin Emin A Emin Bmin B Emin Amin A Emin Bmin Emin Amin C B7 Emin A Emin Bmin Emin Amin C B7 Emin,2021-08-25,,2020.0,,artist_373,,0gnm6S5ZJ4VQ9NbmC8HZVM,7oOdY4sA6DYtHSdGYnTlFl
580,<intro_1> E <verse_1> A B E <chorus_1> Csmin A E Csmin A D E D E D C D E <verse_2> A B E <chorus_2> Csmin A E Csmin A D E D E D C D E <interlude_2> Cs D E Cs G Bmin Emin C Emin C Emin C Emin C Emin C Emin C Emin C Emin C Emin C Emin C,1988-11-20,'argentine rock' 'latin alternative' 'latin pop' 'latin rock' 'mexican pop' 'rock en espanol' 'ska argentino',1980.0,latin rock,artist_305,pop rock,3ksGCNSE0jPcGPA1hTH9Ij,4TK1gDgb7QKoPFlzRrBRgR
581,<intro_1> F C <verse_1> F C F C G C F C F C G <chorus_1> C F G C C7 F G C G F C <verse_2> F C F C G C F C F C G Amin G <chorus_2> C F G C C7 F G C G F C F G C C7 F G C G C F G C C7 F G C G F C,2023-02-10,'modern country pop',2020.0,,artist_5,pop,4chRIgxhQTCpVkSY0a7nDX,4GGfAshSkqoxpZdoaHm7ky
582,<intro_1> E Gsmin Fsmin B E Gsmin Fsmin B E Gsmin Fsmin B E Gsmin Fsmin B <verse_1> E Gsmin Fsmin B E Gsmin Fsmin B E Gsmin Fsmin B E Gsmin Fsmin B <chorus_1> A B/A Gsmin Csmin A B Csmin Fsmin <interlude_1> E Gsmin Fsmin B E Gsmin Fsmin B E Gsmin Fsmin B E Gsmin Fsmin B <verse_2> E Gsmin Fsmin B E Gsmin Fsmin B E Gsmin Fsmin B E Gsmin Fsmin B <interlude_2> E Csmin A Fsmin B E Csmin A Fsmin B <chorus_2> A B/A Gsmin Csmin A B Csmin Fsmin <outro_1> E Gsmin Fsmin B E Gsmin Fsmin B E Gsmin Fsmin B E Gsmin Fsmin B E,2020-07-13,'bedroom pop' 'bergen indie' 'norwegian indie' 'pov: indie',2010.0,,artist_374,alternative,5BgaT5YCMQcYHjTSDdWXar,7wbkl3zgDZEoZer357mVIw
583,<intro_1> D A G D A G <verse_1> D A G D A G D A G D A G <chorus_1> D A G D A G D A G D A G D A G <verse_2> D A G D A G D A G D A D <chorus_2> A G D A G D A G D A G D A G D A G <interlude_1> A G A Emin D Emin <bridge_1> D A G D A G <chorus_3> D A G D A G D A G D A G D A G D A G D A G <outro_1> D A G,2023-05-18,'contemporary country' 'country' 'country road' 'modern country rock',2020.0,modern country rock,artist_93,country,6YZmoddoYP2dyyN8vTEua1,6pBNfggcZZDCmb0p92OnGn
584,<intro_1> D E D E D E D E <verse_1> D E D E D E D E G <chorus_1> Bmin G Bmin <verse_2> D E D E D E D E G <chorus_2> Bmin G Bmin G Bmin G Bmin <bridge_1> G Bmin G Bmin G Bmin G <interlude_1> Dmin Amin Dmin Amin Dmin Amin Dmin <verse_3> D E D E D E D E G <chorus_3> Bmin G Bmin <bridge_2> G Bmin G Bmin G Bmin G <outro_1> Dmin Amin Dmin Amin Dmin Amin Dmin Amin D E D,2009-05-18,'nu metal' 'rap rock',2000.0,rap rock,artist_375,metal,17tIwr1xQm4SB6cRDylO2O,3ZQEU2arcWXSv3oz8hwWBK
585,<verse_1> Db Ab Bbmin Gb Db Ab Bbmin Gb Ebmin Bbmin Ab Bbmin Gb Db Ab <chorus_1> Bbmin Gb Db Ab Bbmin Gb Db Ab Db <verse_2> Ab Bbmin Gb Db Ab Bbmin Gb Ebminadd13 Bbmin Ab <chorus_2> Bbmin Gb Db Ab Bbmin Gb Db Ab Db <bridge_1> Ab Bbmin Ab <chorus_3> Bbmin Gb Db Ab Bbmin Gb Db Ab Db,2020-09-24,,2010.0,,artist_376,,5v80AKgxhOPEzKAnZTCszz,0X9dw83QR5kirBVlMffpKW
586,<intro_1> Gmin Eb Gmin Eb Gmin Eb Gmin Eb Bb Gmin Bb Gmin Eb Cmin Bb Gmin Eb Cmin Bb Gmin <intro_2> Eb Gmin Cmin F Dmin Gmin Cmin F Dmin Gmin Cmin F Dmin Gmin Cmin F Dmin Gmin Cmin F Dmin Gmin Cmin F Dmin Gmin Cmin F Dmin Gmin Cmin F Dmin Eb F Bb Eb F Bb Eb F Bb Eb F Bb Gmin Eb Gmin Eb Gmin Eb Gmin Eb Bb Gmin Bb Gmin Eb Cmin Bb Gmin Eb Cmin Bb Gmin Eb,2022-07-29,'pixie' 'sacramento indie' 'screamo' 'swancore',2020.0,,artist_377,alternative,2LVeQgGd1tn1zn890howZ7,6guC9FqvlVboSKTI77NG2k
587,<intro_1> A D/B A D/B A D/B A D/B <verse_1> A E/Gs D A E/Gs D A E/Gs D A E/Gs D <interlude_1> A D/B A D/B A D/B A D/B <verse_2> A E/Gs D A E/Gs D A E/Gs D A E/Gs D <chorus_1> Bmin Csmin G Bmin Csmin D <interlude_2> A D/B A D/B A D/B A D/B <verse_3> A E/Gs D A E/Gs D A E/Gs D A E/Gs D <chorus_2> Bmin Csmin G Bmin Csmin D <solo_1> A D/B A D/B A D/B A D/B A D/B A D/B A D/B A D/B,1994-08-23,'alternative rock' 'lo-fi' 'noise pop' 'noise rock' 'permanent wave' 'power pop',1990.0,noise rock,artist_378,pop rock,7Hfldj7PL4dVD5ibetcAru,267VY6GX5LyU5c9M85ECZQ
588,<verse_1> E B A E <verse_2> B A Fsmin B E <verse_3> B A E B A E <verse_4> B A E Fsmin B B7 <verse_5> A E B A B <outro_1> E,2023-02-10,'indie electropop',2020.0,,artist_379,pop,1kMcomt1jrAqPYxKFxaIQq,79z2QxbhjUYyMqCOfvta7P
589,<intro_1> Amin <verse_2> E Amin E Amin E Amin F E <verse_3> Amin <verse_4> E Amin E Amin E Amin E Amin F E <verse_5> E7 A E Amin E A Amin A E A Amin A E A Amin E <outro_1> Amin A,2005,'acoustic pop' 'ectofolk' 'lilith' 'neo mellow',2000.0,,artist_380,pop,4E6r66WitSIVZTV8Pz01Ef,4LoM3lMauQ540MW9QiyIcR
590,<intro_1> E A E B E <verse_1> A E B E A E B E <chorus_1> A E B E A E B E <verse_2> A E B E A E B E <chorus_2> A E B E A E B E <solo_1> A E B E <verse_3> A E B E A E B E <chorus_3> A E B E A E B E B E,1987-04-15,'bakersfield sound' 'country' 'country rock',1980.0,country rock,artist_381,country,6bjtyFZfSLMkciToU2054g,2sxmKe3CUrWnx7eoXMhOlW
591,<intro_1> Eb Bb F Gmin <verse_1> Dmin F C Gmin Dmin F C Gmin Dmin F C Gmin Dmin F C Eb Gmin Bb Cmin F <chorus_1> Eb Bb F Gmin Eb Bb F Gmin Eb Bb F Gmin Eb Bb F Gmin Eb F Bb Gmin Eb Bb F Gmin <verse_2> Dmin F C Gmin Dmin F C Eb Gmin Bb Cmin F <chorus_2> Eb Bb F Gmin Eb Bb F Gmin Eb Bb F Gmin Eb Bb F Gmin Eb F Bb Gmin Eb Bb F Gmin <bridge_1> Eb Bb F Gmin Eb Bb F Gmin <chorus_3> Eb Bb F Gmin Eb Bb F Gmin Eb Bb F Gmin Eb Bb F Gmin Eb F Bb Gmin Eb Bb F Gmin,2023-01-05,'schlager',2020.0,,artist_382,,1Eu82HwOMF3PqY1aV1cVv2,0oaKcrNiPVdHc5MkhNJZCJ
592,<intro_1> A E Fsmin E A Fsmin <verse_1> A Fsmin7 A Fsmin7 Fsmin A Fsmin7 Fsmin A Fsmin7 Fsmin <chorus_1> E Esus4 B B7sus4 A E Esus4 B B7sus4 Fsmin A E Esus4 B B7sus4 A E B A E Fsmin A Fsmin <verse_2> A Fsmin A Fsmin7 <verse_3> A Fsmin7 Fsmin A Fsmin7 Fsmin <chorus_2> E Esus4 B B7sus4 A E Esus4 B B7sus4 Fsmin A E Esus4 B B7sus4 A E B A <verse_4> Fsmin7 A Fsmin7 Fsmin7 <verse_5> A Fsmin7 A Fsmin7 A,2020-01-10,,2010.0,,artist_383,,6fAomEmUgdo7rk5LegKpOy,7acXuLlCC6JdLSw1GiKHti
593,<intro_1> Dmin Amin Dmin Amin Dmin Amin Dmin F G A Dmin <verse_1> Amin Bb A Dmin F C E Amin Dmin C F A Bb F Bb C A E Amin Bb F Bb C Amin E Amin <interlude_1> Dmin A Dmin A Amin Dmin F G A <verse_2> Dmin F C Emin A Dmin F C Emin A D Bb F C Emin A Dmin F C Emin A Dmin <verse_3> Amin Gmin A Bb F Bb C Amin E A Dmin C E A Bb F C Amin E Amin Bb F Bb C Amin E A D G C G D Fsmin B E A <outro_1> Dmin Amin Gmin A Dmin A D A Dmin G A G,1975-11-30,'british folk' 'classic rock' 'folk' 'folk rock' 'mellow gold' 'singer-songwriter',1970.0,folk rock,artist_384,country,587EW9Ua3ACG2TjA7GXWdf,08F3Y3SctIlsOEmKd6dnH8
594,<intro_1> Emin <verse_1> Amin Bmin Emin Amin Bmin Emin Amin Bmin Emin Amin Bmin Amin Bmin Emin C Amin Bmin C <chorus_1> Emin C Amin Bmin Emin C Amin D Emin C Amin D Emin <verse_2> Amin Bmin Emin Amin Bmin Amin Bmin Emin C Amin Bmin C <chorus_2> Emin C Amin Bmin Emin C Amin D <chorus_3> Emin C Amin Bmin D Emin C Amin D Emin C Amin Bmin Emin C Amin D <bridge_1> Emin C Amin D Emin C Amin D7 <chorus_4> Emin C Amin Bmin Emin C Amin D <chorus_5> Emin C Amin Bmin D Emin C Amin D <outro_1> Emin C Amin Bmin Emin C Amin D Emin,2023-02-10,'belgian indie' 'belgian pop' 'kleinkunst',2020.0,,artist_385,alternative,7bnLk78rg6n7Z536iY4q0d,3kcwSBHk3lMgHMHuxjJLNZ
595,<verse_1> G Emin G Emin G Emin G Emin G Emin G Emin G Emin G Emin C <chorus_1> G Emin G/B C G Emin G/B C G Emin G/B C G Emin G/B C <verse_2> G Emin G Emin <interlude_1> G G/B C G G/B C G G/B C G G/B C G G/B C G G/B C <bridge_1> G G/B C G G/B C <chorus_2> G Emin G/B C G Emin G/B C G Emin G/B C G Emin G/B C G Emin G/B C Emin G/B C Emin G/B C <outro_1> G G/B Emin G G/B Emin G G/B Emin G G/B Emin G G/B Emin G G/B Emin G G/B Emin G G/B Emin G G/B Emin G G/B Emin G G/B Emin G G/B Emin,2019-08-30,'5th wave emo' 'bubblegrunge',2010.0,,artist_386,,2r4fsB5GzRmgvXk95oeIy2,4h3DxZa1JxZhSB1a64ziKx
596,<intro_1> Dmin F C Bb <verse_1> Dmin Dmin/C Bbmaj7 C Dmin Dmin/C Bbmaj7 A7 <chorus_1> Dmin F C Bb Dmin F C Bb Dmin F C Bb A7 Dmin F C Bb Dmin F C Bb Dmin F C Bb A7 <interlude_1> Dmin F C Bb <verse_2> Dmin Dmin/C Bbmaj7 C Dmin Dmin/C Bbmaj7 A7 <chorus_2> Dmin F C Bb Dmin F C Bb Dmin F C Bb A7 Dmin F C Bb Dmin F C Bb Dmin F C Bb A7 <interlude_2> Dmin F C Bb Dmin Bb Gmin7 A7 <bridge_1> Dmin C Bb Gmin7 A7 Dmin C Bb Gmin7 A7 Dmin C Bb Gmin7 A7 Dmin C Bb Gmin7 A7 <chorus_3> Dmin F C Bb Dmin F C Bb Dmin F C Bb A7,2023-03-15,,2020.0,,artist_387,,73LvCiAlWlLOz01yHsLeAq,4zJxyDyFjIlw04yJwVn4cA
597,<intro_1> Gmin F Bb Gmin F Eb <verse_1> Gmin F Bb Gmin F Eb Gmin F Eb Bb Gmin F Eb Gmin F Bb Gmin F Eb Gmin F Bb Gmin F Eb Ebmin <chorus_1> Bb Gmin Eb Ebmin Bb Gmin Eb Ebmin Eb Bb Eb Bb Eb Bb Eb Bb <verse_2> Gmin F Bb Gmin F Eb Gmin F Eb Bb Gmin F Eb Gmin F Bb Gmin F Eb Gmin F Eb Bb Gmin F Eb Ebmin <chorus_2> Bb Gmin Eb Ebmin Bb Gmin Eb Ebmin Eb Bb Eb Bb Eb Bb Eb Bb,2020-07-24,,2010.0,,artist_388,,4A961jK2bzls5vbsiN2dHX,1UU94JMdToojxI5Tpqw8Wa
598,<intro_1> Dmin7 F Dmin7 F <verse_1> Dmin7 F Dmin7 F Dmin7 G Dmin7 F Dmin7 F <chorus_1> Bb F Bb F Gmin7 Bb Dmin7 <interlude_1> F Dmin7 F <verse_2> Dmin7 C F Dmin7 C F Dmin7 F <chorus_2> Bb F Bb F Gmin7 Bb Dmin7 F Dmin7 C F <bridge_1> Dmin7 C Gmin7 Bb Dmin7 F Dmin7 C F <chorus_3> Bb F Bb F Gmin7 Bb Gmin7 Bb <outro_1> Dmin7 F Dmin7 F,2023-05-12,'contemporary country' 'modern country pop',2020.0,,artist_389,country,26YvZWW29FXHaSRQzajRYv,3win9vGIxFfBRag9S63wwf
599,C/E Cmaj7 G Bmin7 C/E Cmaj7 G Bmin7 Cmaj7 C/E G Bmin7 Cmaj7 C/E G Bmin7 Cmaj7 C/E G Bmin7 Cmaj7 C/E G Bmin7 Cmaj7 C/E G Bmin7 Cmaj7 C/E G Bmin7 Cmaj7 C/E G Bmin7 Cmaj7 C/E G Bmin7 Cmaj7 C/E G Bmin7 Cmaj7 C/E Bmin7 Cmaj7 C/E G Bmin7 Cmaj7 C/E G Bmin7 Cmaj7 C/E G Bmin7 Cmaj7 C/E G Bmin7 Cmaj7 C/E G Bmin7 Cmaj7 C/E G Bmin7,,,,,,,,
600,<intro_1> Gmin Bb C Csus4 C Csus2 C <verse_1> Gmin Bb C Csus4 C Csus2 C Gmin Bb C Csus4 C Csus2 C Gmin Bb C Csus4 C Csus2 C Gmin Bb C Csus4 C Csus2 C Gmin Bb C Csus4 C Csus2 C Gmin Bb C Csus4 C Csus2 C Gmin Bb C Csus4 C Csus2 C <chorus_1> Gmin Bb F C Gmin Bb F C Gmin Bb F C Gmin Bb F C <verse_2> Gmin Bb C Csus4 C Csus2 C Gmin Bb C Csus4 C Csus2 C Gmin Bb C Csus4 C Csus2 C Gmin Bb C <chorus_2> Gmin Bb F C Gmin Bb F C Gmin Bb F C Gmin Bb F C Gmin Bb C Csus4 C Csus2 C Gmin Bb C Csus4 C Csus2 C Gmin Bb C Csus4 <outro_1> Gmin Bb F C Gmin Bb F C Gmin Bb F C Gmin Bb F C Gmin Bb C Csus4 C Csus2 C Gmin Bb C Csus4 C Csus2 C,2020-08-07,'latinx alternative',2010.0,,artist_390,alternative,67656ymPySNK3Np2zpBV9D,26BPVK55HCqiBNb32TXfBf
601,<intro_1> D G D G D Emin7 A <verse_1> D Fsmin7 G D G Fsmin7 Emin7 A D Fsmin7 G D G Fsmin Emin7 A <chorus_1> D G D G D Emin A D G D G D Emin A D <interlude_1> G D G D Emin7 A <verse_2> D G D G D Emin7 A <chorus_2> D G D G D Emin A D G D G D Emin A Bmin G Bmin A <bridge_1> Bmin A G D Emin7 D G <chorus_3> D G D G D Emin A D G D G D Emin A G D Emin7 A D <outro_1> G D G D Emin A D,2023-02-10,'modern country pop',2020.0,,artist_391,pop,6uFwpvTdEe9yOodXsfuLJX,4qdsGbPO1JC8iXFo62qcNV
602,<intro_1> G <verse_1> C G D G <verse_2> C G D G <chorus_1> C G D G C G C D <verse_3> G D G <chorus_2> C G D G C G D G <outro_1> C G D G,2023-02-10,'contemporary country' 'country road' 'modern country rock',2020.0,modern country rock,artist_392,country,5nfueskTryDjBrdTsex5fr,4BANbHDs1IluagTx5eRW2P
603,<verse_1> Bmin A G Bmin A G Bmin A G Bmin A G Bmin <chorus_1> A G Bmin A G Bmin A G Bmin A G Emin Fsmin G Bmin A G Bmin <verse_2> A G Bmin A G <chorus_2> Bmin A G Bmin A G Bmin A G Bmin A G Emin Fsmin G Bmin A G <bridge_1> Emin Fs G Bmin A G <chorus_3> Bmin A Bmin A G Bmin A G Emin D G Emin Fs G Bmin A G,2023-02-06,'modern country pop',2020.0,,artist_393,pop,1Sz7AlQskzUlFOCg777Blx,2mAb9JDF63azaglqA7c9bb
604,<intro_1> A Csmin Bmin <verse_1> A Csmin Bmin A Csmin Bmin A Csmin Bmin <chorus_1> A Csmin Bmin E A Csmin Bmin E A Csmin Bmin E Bmin E A Csmin Bmin <verse_2> A Csmin Bmin A Csmin Bmin <chorus_2> A Csmin Bmin E A Csmin Bmin E A Csmin Bmin E Bmin E A Csmin Bmin <instrumental_1> A Csmin Bmin <bridge_1> A Csmin Bmin <chorus_3> A Csmin Bmin E A Csmin Bmin E A Csmin Bmin E Bmin E A Csmin Bmin A Csmin <outro_1> Bmin A,2023-05-05,'modern country pop',2020.0,,artist_394,pop,2ePiBvKtQOCBHq9uOlwiiU,5Ppie0uPnbnvGBYRwYmlt0
605,<intro_1> C D Emin G C D <verse_1> C D Emin C D G C D Emin D Cadd9 D C D Emin C D G C D Emin D Cadd9 D <chorus_1> Cadd9 G D Emin Cadd9 G D Emin Cadd9 G D Emin Cadd9 G D <verse_2> C D Emin C D G C D Emin D Cadd9 D C D Emin C D G C D Emin D Cadd9 D <chorus_2> Cadd9 G D Emin Cadd9 G D Emin Cadd9 G D Emin Cadd9 G D Cadd9 G D Emin <chorus_3> Cadd9 G D Emin Cadd9 G D Emin Cadd9 G D Emin Cadd9 G D Emin <outro_1> Cadd9 G D,2023-02-10,'contemporary country' 'country' 'country pop' 'modern country rock',2020.0,modern country rock,artist_395,country,5OqdP2X00J7oOfJ2YCMgzH,2kucQ9jQwuD8jWdtR9Ef38
606,<verse_1> C Bmin Eno3d Gno3d C Bmin Eno3d Gno3d C Bmin Eno3d Gno3d C Bmin Eno3d Gno3d C Bmin Eno3d Gno3d C Bmin Eno3d Gno3d C Bmin Eno3d Gno3d C Bmin Eno3d Gno3d Cno3d <chorus_1> Bmin Eno3d Gno3d C Bmin Eno3d Gno3d C Bmin Eno3d Gno3d C Bmin Eno3d Gno3d C Bmin Eno3d Gno3d C Bmin Eno3d Gno3d C Bmin Eno3d Gno3d C Bmin Eno3d Gno3d <verse_2> C Bmin Eno3d Gno3d C Bmin Eno3d Gno3d C Bmin Eno3d Gno3d C Bmin Eno3d Gno3d C Bmin Eno3d Gno3d C Bmin Eno3d Gno3d C Bmin Eno3d Gno3d C Bmin Eno3d Gno3d <chorus_2> C Bmin Eno3d Gno3d C Bmin Eno3d Gno3d C Bmin Eno3d Gno3d C Bmin Eno3d Gno3d C Bmin Eno3d Gno3d C Bmin Eno3d Gno3d C Bmin Eno3d Gno3d C Bmin Eno3d Gno3d <outro_1> C D Emin G C D Emin G C D Emin G C D Emin G C Bmin Eno3d Gno3d C Bmin Eno3d Gno3d C Bmin Eno3d Gno3d C Bmin Eno3d Gno3d,2021-11-19,,2020.0,,artist_396,,3FHDvauPuAwRAq6BwFR2cY,3U58oqsrbpLo0EbARkZrBW
607,<intro_1> C Amin Emin G7 Emin <verse_1> C Amin Emin G7 Emin C Amin Emin G7 Emin C Amin Emin G7 Emin C Amin Emin G7 C Amin Amin7 Emin G G7 C Amin Amin7 Emin G7 Gadd13 <verse_2> C Amin Emin G7 Emin C Amin Emin G7 Emin C Amin Emin G7 Emin C Amin Emin G7 Emin C Amin Emin G7 Emin C Amin Emin G7 Emin Dmin F C Amin Amin7 Emin G G7 C Amin Amin7 Emin G7 Gadd13 Gadd9 G G7 Gadd13 G Gadd11 C Amin Emin G7 Emin <verse_3> C Amin Emin G7 Emin C Amin Emin G7 Emin C Amin Emin G7 Emin C Amin Emin G7 Emin C Amin Emin G7 Emin C Amin Emin G7 C Amin Amin7 Emin G G7 <outro_1> C Amin Amin7 Emin G7 Gadd13 Gadd9 G G7 Gadd13 G Gadd11 C,2016-07-29,'bubblegrunge' 'indie rock',2010.0,indie rock,artist_397,rock,4DIrkWC0q31IQ8FwCwPBzB,0aeq6izGKdpdcBUkXGCHXv
608,<verse_1> E Bmaj7 E Bmaj7 <verse_2> E Bmaj7 E Bmaj7 E Bmaj7,2022-05-06,'corrido' 'corridos tumbados' 'sad sierreno' 'sierreno',2020.0,,artist_398,,3qAJAUr7yc9bPDx4ESt6ND,0XeEobZplHxzM9QzFQWLiR
609,<verse_1> C F C F C F Amin <verse_2> C F C F C F Amin <chorus_1> F C F C F C Amin <verse_3> C F C F C F Amin <verse_4> C F C F C F Amin <chorus_2> F C F C F C Amin <verse_5> C F C F C F Amin Dmin Amin C G Dmin Amin C G Dmin Amin C G Dmin Amin C G <verse_6> C F C F Amin <chorus_3> F C F C F C Amin F C F C F C Amin C Amin,2017-06-16,'western americana',2010.0,,artist_399,,4OkaNzzmwWhOrn6TjpCvGp,1zj82yjzextpDit0LayNnJ
610,<intro_1> Fsmin A E Csmin <verse_1> Fsmin A E Csmin Fsmin A E Csmin Fsmin A E Csmin Fsmin A E Csmin <chorus_1> Fsmin D E Gsmin Fsmin D E Gsmin Fsmin D E Gsmin Fsmin D E Gsmin <verse_2> Fsmin A E Csmin Fsmin A E Csmin Fsmin A E Csmin Fsmin A E Csmin <chorus_2> Fsmin D E Gsmin Fsmin D E Gsmin Fsmin D E Gsmin Fsmin D E Gsmin <interlude_1> Fsmin D E Gsmin <bridge_1> Fsmin D E Gsmin <chorus_3> Fsmin D E Gsmin Fsmin D E Gsmin Fsmin D E Gsmin Fsmin D E Gsmin <outro_1> Fsmin D E Gsmin Fsmin D E,2023-02-10,'dance pop' 'metropopolis' 'pop' 'swedish electropop' 'swedish pop' 'swedish synthpop',2020.0,,artist_400,pop,164QjgWOxnSZYHQghRKeC0,4NHQUGzhtTLFvgF5SZesLK
611,<intro_1> Dmin F C G Dmin F C G Amin <verse_1> C G Dmin Amin C G Dmin Amin C G Amin C G <chorus_1> Dmin F C G Dmin F C G <verse_2> Amin C G Dmin Amin C G Dmin Amin C G <chorus_2> Dmin F C G Dmin F C G <bridge_1> Amin Dmin F C G Dmin F C G <chorus_3> Dmin F C G Dmin F C G Amin,2023-02-10,'alternative metal' 'nu metal' 'post-grunge' 'rap metal' 'rock',2020.0,rock,artist_401,metal,373gDROnujxNTFa1FojYIl,6XyY86QOPPrYVGvF9ch6wz
612,<verse_1> G F G F G D G F G D G <solo_1> F G F G D G F G D G <verse_2> F G F G D G F G D G <solo_2> F G F G D G F G D G <verse_3> F G F G D G F G D G <solo_3> F G F G D G F G D G <verse_4> F G F G D G F G D G F G Bb G,1987-01-01,'banjo' 'bluegrass' 'instrumental bluegrass',1980.0,,artist_402,,6Bbb6HX4Ck3dw8F4NaNWTc,60PxSDzeNfdNALOPi5oe7b
613,<verse_1> G C Emin D G C Emin D G C Emin D G C Emin D <chorus_1> C Emin D C Emin D C Emin D Emin D C D <verse_2> G C Emin D G C Emin D G C Emin D G C Emin D <chorus_2> C Emin D C Emin D C Emin D Emin D C D C D <verse_3> G C Emin D G C Emin D G C Emin D G C Emin D <bridge_1> C D Emin D C G D Emin D C G D Emin D C D <chorus_3> C Emin D C Emin D C Emin D Emin D C D C D,2008-12-30,'acoustic pop',2000.0,,artist_403,pop,3LRyDXvrjzpLXYAFw78d0R,5jbP6txZCMe5l7QLZ1pmJ3
614,<intro_1> G Amin C F C <verse_1> G Amin C F C G Amin C F C <chorus_1> Amin C G F Amin C G F Amin C G F Amin C G <bridge_1> Emin D C Emin D C Emin D C Emin D C <solo_1> Emin Amin C F C Emin Amin C F C <chorus_2> Amin C G F Amin C G F Amin C G F Amin C G <bridge_2> Emin D C Emin D C Emin D C Emin D C <outro_1> Emin D C Emin D C Emin D C Emin D C,,,,,,,,
615,<intro_1> B Gsmin A E Fs <verse_1> B Gsmin A E Fs B Gsmin A E Fs E Fs Dsmin E Fs <chorus_1> Dsmin B Gsmin A E Fs B Gsmin A E Fs <verse_2> B Gsmin A E Fs B Gsmin A E Fs E Fs Dsmin E Fs <chorus_2> Dsmin B Gsmin A E Fs B Gsmin A E Fs <bridge_1> E Fs Dsmin E Fs Dsmin E Fs Dsmin E Fs <chorus_3> E Fs Dsmin E Fs Dsmin E Fs E Fs Dsmin <outro_1> E Fs Dsmin,2023-02-09,,2020.0,,artist_404,,6AF3BaBegL6ROl394Jx0nG,3Vl9fyKMIdLMswk8ai3mm9
616,<intro_1> D A G A <verse_1> D A G A D A G A D A Bmin G A G A D A G A D A G A D A G A D A Bmin G A G A D G Gmin D D7 G Gmin D G A D A G A D A G A D A Bmin G A G A D A G A D A G A D A Bmin G A G A D G Gmin D D7 G Gmin D G A D A G A D A G A D A Bmin G A G A D G A D A G A,,'contemporary country' 'country road' 'modern country rock',,modern country rock,artist_405,country,,0q2lY1ZzFckzciuoMtUvck
617,<intro_1> G D Emin7 G/B C G/B D <verse_1> G D Emin7 G/B C G D G D Emin7 G/B C G Dsus4 D Amin7 G/B Dsus4 <chorus_1> G D/Fs Emin7 G/B Csus2 G D/Fs Emin7 G/B Csus2 <instrumental_1> G D Emin7 G/B Amin7 G D <verse_2> G D Emin7 G/B C G D G D Emin7 G/B C G Dsus4 D Amin7 G/B Dsus4 <chorus_2> G D/Fs Emin7 G/B Csus4 G D Emin7 G/B Csus4 G D Emin7 G/B Csus4 G/B Dsus4 Emin7 G/B Csus4 <bridge_1> Amin7 G/B Dsus4 D Amin7 G/B Dsus4 Amin7 G/B Dsus4 D G D Emin7 G/B Amin7 G D,,,,,,,,
618,<intro_1> Dsmin <verse_1> Cs B Gsmin Dsmin Cs B Gsmin <chorus_1> Dsmin Cs B Fs Dsmin Cs B Dsmin Cs B Dsmin Cs B Fs Dsmin <verse_2> Cs B Gsmin Dsmin B Gsmin Fs E Ds Fs E B <chorus_2> Dsmin Cs B Fs Dsmin Cs B Dsmin Cs B Dsmin Cs B Fs Dsmin <bridge_1> Cs B Dsmin Cs B Fs <chorus_3> Dsmin Cs B Fs Dsmin Cs B Dsmin Cs B Dsmin Cs B Fs Dsmin,2022-02-18,'gauze pop',2020.0,,artist_406,pop,4RzZc87VNZinruOF7vVvun,64PJHZDQTPPVBCdwnv22Wz
619,<intro_1> Gs/C As/D Ds Gs/C As/D <verse_1> C C/As F Dmin G C C/As F Dmin G G/F C/E F Dmin E <chorus_1> A A/Gs Fsmin D Csmin Bmin E A A/Gs Fsmin D Csmin Bmin E D/Fs E A G/B <verse_2> C C/As F A7 Dmin G C/E F A7 Dmin E E/Gs <chorus_2> A A/Gs Fsmin D Csmin Bmin E A A/Gs Fsmin D Csmin Bmin E D/Fs E F <bridge_1> Emin Dmin E <chorus_3> A A/Gs Fsmin D Csmin Bmin E A A/Gs Fsmin Emin A D Csmin Bmin E D/Fs E A E/Gs Fsmin E D E <outro_1> A,2023-01-23,'indonesian pop',2020.0,,artist_407,pop,6O0WEM0QNEhqpU50BKui7o,3wOsYKZM0zcKNasi3I7fP4
620,<verse_1> G <interlude_1> Emin C D <chorus_1> G Emin C D G Emin C D G Emin C D G Emin C D G Emin C D G Emin C D G Emin C D G,2022-11-25,'trance' 'vocal trance',2020.0,,artist_408,electronic,58vWCkOvsAPXsAhOW9OQhE,1dbzT291PCwwYJK0l3Tr1n
621,<intro_1> E A E B E Csmin E A E A E A <chorus_1> E A B E <verse_1> A E A E A <chorus_2> E A B E <bridge_1> A E Fs B A B E A <chorus_3> E A B E <verse_2> A E Fs B A B E A <chorus_4> E A B E A E A B A E,1971,'classic country pop' 'country' 'country dawn',1970.0,,artist_409,country,6dyGIB5a6fpX3DHczPoUt0,32vWCbZh0xZ4o9gkz4PsEU
622,<verse_1> G7 Emin Amin7 D C7 Amin7 Bmin C7 Amin7 Bmin Emin <chorus_1> G7 B7 Amin7 D G7 B7 Amin7 <verse_2> G7 Emin Amin7 Bmin Emin Amin7 Bmin Emin <chorus_2> G7 B7 Amin7 D G7 B7 Amin7 <outro_1> G7 E/Gs Amin7 D G7 E/Gs Amin7 D G7 E/Gs Amin7 D G7,,,,,artist_410,,59cZhvYZEcKLrYwxCN7ovu,52X0HmQRQ8oRiq0pSEmJ9W
623,<intro_1> E Gsmin A E Gsmin A <verse_1> B A Fs B A Fs B A Fs B A Fs <chorus_1> E Gsmin A E Gsmin A E Gsmin A E Gsmin <verse_2> B A Fs B A Fs B A Fs B A Fs <chorus_2> E Gsmin A E Gsmin A E Gsmin A E Gsmin <bridge_1> E B A E Fsmin E B A Csmin B Gsmin Fsmin <chorus_3> E Gsmin A E Gsmin A E Gsmin A E Gsmin <outro_1> E Dsmin Csmin B Gsmin Fs,2015-02-09,'art pop' 'etherpop' 'indie rock' 'indietronica' 'metropopolis' 'neo-synthpop',2010.0,indie rock,artist_158,pop rock,1VxW8LraxdE168OWaytqrC,7bcbShaqKdcyjnmv4Ix8j6
624,<intro_1> Dmin C Bb Gmin A <verse_1> Dmin C Bb Gmin A7 Dmin C Bb Gmin A7 Dmin Dmin/C Dmin/Bb Gmin Gsmin Gmin Dmin Dmin/C Dmin/Bb Gmin Gsmin Gmin A7 Dmin C Bb Gmin A7 Dmin C Bb Gmin A7 Dmin C Bb Gmin A7 Dmin C Bb Gmin A7 Dmin C Bb Gmin A7 Dmin C Bb Gmin A7 Dmin Dmin/C Dmin/Bb Gmin Gsmin Gmin Dmin Dmin/C Dmin/Bb Gmin Gsmin Gmin A7 Dmin C Bb Gmin A7 D C Gmin A7 Dmin C Bb Gmin A7 Dmin C Bb Gmin A7 Dmin Dno3d Ebno3d Dbno3d Dno3d Ebno3d Dbno3d Dno3d Ebno3d Dbno3d Dno3d Ebno3d Dbno3d Dno3d Ebno3d Dbno3d Dno3d Ebno3d Dbno3d Dno3d Ebno3d Dbno3d Dno3d Ebno3d Dbno3d Dno3d <bridge_1> A7 Dmin C Bb Gmin A7 D C Gmin A7 Dmin C Bb Gmin A7 Dmin C Bb Gmin A7 Dmin,2019-11-13,'antiviral pop' 'otacore' 'pixel',2010.0,,artist_411,pop,73VZ60IcyAfUzPWaZEy9uE,0B7Y5KDNScTBzeN7DY74YG
625,<verse_1> C G/B Amin G F Emin Dmin Emin F <verse_2> C G/B Amin G F Emin Dmin Emin F <chorus_1> C G/B Amin G F Emin Dmin Emin F G C <interlude_1> G/B Amin G F Emin Dmin Emin F G <chorus_2> C G/B Amin G F Emin Dmin Emin F G C <outro_1> G/B Amin G F Emin Dmin Emin F G C,2023-02-17,'dutch house' 'edm' 'moldovan pop' 'pop dance' 'progressive house' 'trance',2020.0,,artist_412,electronic,4o7cD5leZmbn7Q1QSiFpKm,1UtBjqMZBAmqIPlDrKu7Tr
626,<intro_1> B Fsno3d Bsus2 B <verse_1> Fs B Fs B Fs Bsus2 B Bsus2 Fs B <verse_2> Fs B Fs B Bsus2 Fs B Bsus2 Fs B Bsus2 B Fs B Bno3d Fs B Fs Bsus2 <chorus_1> Gsmin Cs Fs B Gsmin Cs Fs B Fs B <verse_3> Fs B Bsus2 Fs B Fs B Fs B Bsus2 B <chorus_2> Gsmin Cs Fs B Gsmin Cs Fs B Fs B Fs B <interlude_1> Fs B <outro_1> Fs B Fs B Fs B Fs B Fs,2023-06-15,,2020.0,,artist_413,,3bYy4ymswxudteYtK3LBug,32fNbCzrzfsTbMHjznvm4S
627,<intro_1> D Bmin G D Bmin G <verse_1> D Bmin G D Bmin G D Bmin G D Bmin G A D G Bmin A G D A Bmin A G D A G D Bmin G D Bmin G D Bmin G D Bmin G D Bmin G D Bmin G A G Bmin A G D A Bmin A G D A G A Bmin D G A Bmin D G D Bmin G D Bmin G D Bmin G D Bmin A G D A Bmin A G D A G D,2018-03-23,'australian country',2010.0,,artist_414,country,6PHjNKsxceRVv8D8ylomIX,1McMRetlMqavXFC8TCVfma
628,<verse_1> G C G C G C G D Emin C D <verse_2> G C G C G C G D Emin C D <chorus_1> C D G D Emin C D G C D G D Emin C D G <verse_3> C G C G C G D Emin C D <verse_4> G C G C G C G D Emin C D <chorus_2> C D G D Emin C D G C D G D Emin C D G <verse_5> C G C G C G D Emin C D <verse_6> G C G C G C G D Emin C D <chorus_3> C D G D Emin C D G C D G D Emin C D G C D G D Emin C D G C D G D Emin C D G,,'indie jazz' 'indie soul' 'neo r&b',,,artist_415,alternative,,4FXBouJHB0s6E3d6Q9YeSO
629,<intro_1> A Dmaj7 <verse_1> A Dmaj7 Fsmin E Dmaj7 A Dmaj7 Fsmin E Dmaj7 <chorus_1> A Dmaj7 Fsmin E A Dmaj7 Fsmin E A Dmaj7 <verse_2> A Dmaj7 Fsmin E Dmaj7 A Dmaj7 Fsmin E Dmaj7 <chorus_2> A Dmaj7 Fsmin E A Dmaj7 Fsmin E A Dmaj7 <outro_1> A Dmaj7 A Dmaj7 Fsmin Dmaj7 A Dmaj7 Fsmin Dmaj7 A Dmaj7 Fsmin Dmaj7 <chorus_3> A Dmaj7 Fsmin E A Dmaj7 Fsmin E A Dmaj7,2023-04-07,,2020.0,,artist_416,,0ohuwnCXOf6Lu6akBgBt7h,0VJJ7O4IkYahgjg7pTUAy5
630,<verse_1> C C/B Amin G F C <verse_2> C/B Amin G F C C/E F Amin G C/E F Amin G Gsus4 G <chorus_1> C G Amin F C G Amin F Amin G F C G E7 C G Amin F <verse_3> C C/B Amin G F C <verse_4> C/B Amin C/G F C C/E F Amin G Dmin C/E F Amin G Gsus4 G <chorus_2> C G Amin F C G Amin F Amin G F C G Dmin7 E C G E7 Amin F <outro_1> Dmin C G Amin F Dmin C Amin F C,2019-08-09,,2010.0,,artist_417,,0fkFHPi2FwXvrUc7c9s6Jc,6bG6QrZKjdpxsCCjfvsKUd
631,<intro_1> Cmin Fmin Cmin D Gmin Cmin Fmin Cmin G7 Cmin <chorus_1> Fmin Cmin Ab G Cmin Fmin Cmin Ab G Cmin Fmin Cmin Ab G Cmin Fmin Cmin Ab G Cmin <chorus_2> Fmin Cmin Ab G Cmin Fmin Cmin Ab G Cmin Fmin Cmin Ab G Cmin Fmin Cmin G Cmin,2022-11-11,'fado' 'portuguese pop',2020.0,,artist_418,pop,7uVSiur2qbRT0py1aeJuC8,5HjL8Wcg8TdKTABDci2mB7
632,Fs B E Fs7 Bsus4 Fs B E Fs B E Fs B E Fs E Fs E Fs E Fs E B Fs7 B Fs7 Fs E Fs E Fs E Fs E Fs E B Fs7 B Fs7 Fs B Fs E Fs E Fs B Bsus4 B Fs B Bsus4 B Fs B Fs E Fs E Fs E Fs E B Fs7 B Fs7 Fs E Fs E Fs E Fs E Fs E Fs E,2002-01-01,'classic garage rock',2000.0,classic garage rock,artist_419,rock,7v5ms39cZ4nRws7VAJsS3l,1DVs21DjifVH0pgsjPlokN
633,<intro_1> Amin E7 G D <verse_1> Amin E7 G D Amin E7 G D Amin <interlude_1> E7 G D <verse_2> Amin E7 G D Amin E7 G D Dmin E7 <chorus_1> F G Emin F G Emin F <instrumental_1> Amin E7 G D <verse_3> Amin E7 G D Amin E7 G D <interlude_2> Amin E7 G D <verse_4> Amin E7 G D Amin E7 G D Dmin E7 <chorus_2> F G Emin F G Emin F <outro_1> G Emin F G Emin F,2023-02-10,'pop',2020.0,,artist_420,pop,2Y67qsABsPKMrvCxPCzL6r,2W8yFh0Ga6Yf3jiayVxwkE
634,<verse_1> D G Fsmin Fs D G Fsmin Fs D G Fsmin Fs D G Fsmin Fs G <chorus_1> D G Fsmin Fs D G Fsmin Fs D G Fsmin Fs D G Fsmin Fs G <instrumental_1> D G Fsmin Fs D G Fsmin Fs <verse_2> D G Fsmin Fs D G Fsmin Fs D G Fsmin Fs D G Fsmin Fs G <chorus_2> D G Fsmin Fs D G Fsmin Fs D G Fsmin Fs D G Fsmin Fs G <instrumental_2> D G Fsmin Fs D G Fsmin Fs <bridge_1> D G Fsmin Fs D G Fsmin Fs D G Fsmin Fs D G Fsmin Fs <chorus_3> D G Fsmin Fs D G Fsmin Fs D G Fsmin Fs D G Fsmin Fs <outro_1> G,2023-10-06,'candy pop' 'modern rock' 'pixie' 'pop' 'pop emo' 'pop punk' 'rock',2020.0,modern rock,artist_421,pop rock,7JH2H8oc2LfcEfiiEN0mML,74XFHRwlV6OrjEM0A2NCMF
635,<intro_1> G D G D C D C D <verse_1> G D G D C D C D G D G D C D C D <bridge_1> G D G D C D C D <verse_2> G D G D C D C D G D G D C D C D <bridge_2> Emin C D Emin C D Emin C D C D <verse_3> G D G D C D C D G D G D C D C D G C D C D G,2005-11-15,'canadian country' 'canadian indie' 'canadian singer-songwriter' 'ectofolk' 'kingston on indie',2000.0,,artist_422,country,2nelV9bdqHKx775qhYCWO7,0RyvcOVrlV86NmFz0MrG9e
636,<intro_1> Amin C F G Amin C F G <verse_1> Amin C F G Amin C F G Amin C F G Amin G C <chorus_1> G F C G F C F G Amin F G C F C F <verse_2> Amin C F G Amin C F G Amin C F G Amin G C <chorus_2> G F C G F C F G Amin F G C F <chorus_3> G F C G F C F G Amin F G Amin G F G Amin G F G C F C F <outro_1> Amin C F G F G F G F C G C G F C G C G F C,2010-01-01,,2000.0,,artist_423,,2VB6kCNlIL9lqZ5kJVdKjB,04s1g7nQ8L2VqadzXj0KNs
637,<intro_1> Cmaj7 Gmaj7 Cmaj7 Gmaj7 Bmin Cmaj7 Gmaj7 Cmaj7 Gmaj7 Bmin <verse_1> Cmaj7 Gmaj7 Cmaj7 Gmaj7 Bmin Cmaj7 Gmaj7 Cmaj7 Gmaj7 Bmin <chorus_1> Cmaj7 Gmaj7 Cmaj7 Gmaj7 Cmaj7 Gmaj7 Cmaj7 Gmaj7 Bmin Cmaj7 Gmaj7 <verse_2> Cmaj7 Gmaj7 Cmaj7 Gmaj7 Bmin Cmaj7 Gmaj7 Cmaj7 Gmaj7 Bmin <chorus_2> Cmaj7 Gmaj7 Cmaj7 Gmaj7 Cmaj7 Gmaj7 Cmaj7 Gmaj7 Bmin <instrumental_1> Emin D Cmaj7 D <bridge_1> Emin D Cmaj7 D Emin D Cmaj7 D <chorus_3> Cmaj7 Gmaj7 Cmaj7 Gmaj7 Cmaj7 Gmaj7 Cmaj7 Gmaj7 Bmin Cmaj7,2023-02-10,'candy pop' 'modern rock' 'pixie' 'pop' 'pop emo' 'pop punk' 'rock',2020.0,modern rock,artist_421,pop rock,7wYCva1bI1AkHRQoVXhy8F,74XFHRwlV6OrjEM0A2NCMF
638,<intro_1> F Amin C G <verse_1> F Amin C G F Amin C G F Amin C G F Amin C G F Amin C G C <chorus_1> Amin G Amin F Amin G F <instrumental_1> A C G <verse_2> F Amin C G F Amin C G F Amin C G F Amin C G F Amin C G C <chorus_2> Amin G Amin F Amin G C <chorus_3> Amin G Amin F Amin G F <instrumental_2> Amin C G <bridge_1> F Amin C G F Amin C G F Amin C G F Amin C G F Amin C G F Amin C G F Amin C G F Amin C G <chorus_4> C Amin G Amin F Amin G C <chorus_5> Amin G Amin F Amin G C <chorus_6> Amin G Amin F Amin G C <instrumental_3> F Amin C G F Amin C G F,2023-01-27,,2020.0,,artist_424,,1oeKqHrG4EGSAQd9PgvPgs,0wczmL4iUleqcy10Ek5Eyh
639,<intro_1> Emin D G A G C D Amin G <verse_1> Emin D Bmin A G C D Cmaj7 <chorus_1> G Emin Bmin A G Emin Bmin A G <verse_2> Emin D Bmin A G C D Cmaj7 <chorus_2> G Emin Bmin A G Emin Bmin A D <bridge_1> Cmaj7 D Amin Bmin Cmaj7 D Amin Bmin Cmaj7 D Amin Bmin Cmaj7 D Amin Bmin <chorus_3> G Emin Bmin A G Emin Bmin A G Emin Bmin A G Emin Bmin A G,2023-02-10,'candy pop' 'modern rock' 'pixie' 'pop' 'pop emo' 'pop punk' 'rock',2020.0,modern rock,artist_421,pop rock,7EUhSxz4srS8pqh1cENbLB,74XFHRwlV6OrjEM0A2NCMF
640,<intro_1> Dmin C Dmin C <chorus_1> Dmin F C Dmin F C As Dmin F C Dmin F C As <verse_1> Dmin D Dmin F C Dmin F C Dmin F C Dmin F C As A <chorus_2> Dmin F C Dmin F C As Dmin F C Dmin F C As <verse_2> Dmin F D F Dmin F C Dmin F C Dmin F C Dmin F C Dmin F C Dmin F C <chorus_3> Dmin F C Dmin F C As Dmin F C Dmin F C As <verse_3> Dmin F C As D Dmin F C Dmin F C As A Dmin F C Dmin F C <chorus_4> Dmin F C Dmin F C As Dmin F C Dmin F C As Dmin,2014-06-10,'country rap' 'redneck',2010.0,,artist_425,country,2lFrU5wsc4o8Jgpb8TpHQp,1LkLu8Wywk1qLvWUYAQiZR
641,<intro_1> Emin Cmaj7 Emin Bmin Cmaj7 Emin Bmin <verse_1> Cmaj7 Emin Bmin Cmaj7 Emin Bmin Cmaj7 Emin Bmin Cmaj7 Emin Bmin <chorus_1> Cmaj7 Emin Cmaj7 Amin D Emin Cmaj7 Amin Cmaj7 Emin Bmin <verse_2> Cmaj7 Emin Bmin Cmaj7 Emin Bmin Cmaj7 Emin Bmin Cmaj7 Emin Bmin <chorus_2> Cmaj7 Emin Cmaj7 Amin D Emin Cmaj7 Amin Cmaj7 Emin <instrumental_1> Cmaj7 Emin <bridge_1> Amin Cmaj7 G Amin Cmaj7 G Amin Cmaj7 G Amin Cmaj7 G <chorus_3> Cmaj7 Emin Cmaj7 Amin D Emin Cmaj7 Amin Cmaj7 Emin Amin D Emin Cmaj7 Amin Cmaj7 Emin Bmin,2023-02-10,'candy pop' 'modern rock' 'pixie' 'pop' 'pop emo' 'pop punk' 'rock',2020.0,modern rock,artist_421,pop rock,2Jb3hVkRFoiiwXYcELiBfC,74XFHRwlV6OrjEM0A2NCMF
642,<verse_1> C G D G Emin G D C D C Cadd9 C G D G Emin G D C D C <chorus_1> G C G C G D C D C Cadd9 <verse_2> C G D G Emin G D C D C G D G Emin G D C D <chorus_2> C G C G C G D C D C Cadd9 G D G Emin G D C D <verse_3> C G D G Emin G D C D C G D G Emin G D C D C <chorus_3> G C G C G D C D C <chorus_4> G C G C G D C D C D C <outro_1> D C D C D C D C D C,,'art pop' 'brooklyn indie' 'chamber pop' 'countrygaze' 'indie pop' 'indie rock' 'singer-songwriter' 'small room',,indie rock,artist_426,pop rock,,5QdyldG4Fl4TPiOIeMNpBZ
643,<intro_1> A E B7 E <verse_1> A B7 E A E B7 E <verse_2> A E A B7 E A E B7 E <bridge_1> A B7 E <verse_3> A E B7 E A E B7 E <verse_4> A E A B7 E A E B7 E,2022-02-14,,2020.0,,artist_427,,60AZe1jpvHj4Wugt9Igt5s,2ryDE15FCJqRWNyxU8wSES
644,<intro_1> Emin7 Bmin Emin7 Bmin G <verse_1> Emin7 Bmin G Emin7 Bmin G Fsmin Emin7 Dmaj7 A Emin7 Dmaj7 <chorus_1> Bmin D G Bmin D G Emin7 <verse_2> Bmin G Emin7 Bmin G Fsmin Emin7 Dmaj7 A Emin7 Dmaj7 <chorus_2> Bmin D G Bmin D G <instrumental_1> Fsmin G Bmin <bridge_1> G Fsmin G Bmin G A G Emin7 <chorus_3> Bmin D G Bmin D G Emin7,2023-10-06,'candy pop' 'modern rock' 'pixie' 'pop' 'pop emo' 'pop punk' 'rock',2020.0,modern rock,artist_421,pop rock,4w34xOG4R20bcijSufbq8l,74XFHRwlV6OrjEM0A2NCMF
645,<intro_1> Fmaj7 Cmaj7 Amin Fmaj7 Cmaj7 Amin Fmaj7 Cmaj7 Amin Fmaj7 Cmaj7 Amin <verse_1> Fmaj7 Cmaj7 Amin Fmaj7 Cmaj7 Amin <chorus_1> Dmin7 Fmaj7 Cmaj7 Dmin7 Fmaj7 Cmaj7 Dmin7 Fmaj7 Amin Dmin7 Fmaj7 Cmaj7 Fmaj7 Cmaj7 Amin <verse_2> Fmaj7 Cmaj7 Amin Fmaj7 Cmaj7 Amin <chorus_2> Dmin7 Fmaj7 Cmaj7 Dmin7 Fmaj7 Cmaj7 Dmin7 Fmaj7 Amin Dmin7 Fmaj7 Cmaj7 Fmaj7 Cmaj7 Amin <bridge_1> Fmaj7 Amin G Fmaj7 Amin G Fmaj7 Amin Cmaj7 G Emin Fmaj7 Amin G Emin <chorus_3> Dmin7 Fmaj7 Cmaj7 Dmin7 Fmaj7 Cmaj7 Dmin7 Fmaj7 Amin Dmin7 Fmaj7 Cmaj7 <outro_1> Fmaj7 Cmaj7 Amin Fmaj7 Cmaj7 Amin Fmaj7 Cmaj7 Amin Fmaj7 Cmaj7 Amin Fmaj7 Cmaj7 Amin Fmaj7 Cmaj7 Amin Fmaj7 Cmaj7 Amin Fmaj7,2023-02-10,'candy pop' 'modern rock' 'pixie' 'pop' 'pop emo' 'pop punk' 'rock',2020.0,modern rock,artist_421,pop rock,2bfOeIn8bQkRr02NNX29tR,74XFHRwlV6OrjEM0A2NCMF
646,<intro_1> B Dsmin E Fs <verse_1> B Dsmin E Fs B Dsmin E Fs B Gsmin E Fs B Gsmin B <chorus_1> Gsmin Dsmin E Dsmin E B Gsmin Dsmin E Dsmin E <verse_2> B Dsmin E Fsmin B Dsmin E Fs B Gsmin E Fs B Gsmin B <chorus_2> Gsmin Dsmin E Dsmin E B Gsmin Dsmin E Dsmin E B Dsmin E B Dsmin E B Dsmin E B Dsmin E,2023-01-20,,2020.0,,artist_428,,1rpaiQIgFkFg76VUTRuh2m,7nUZN8xZKmQYsMDukn8QU9
647,<intro_1> Fs D Fs D <verse_1> Fs D Fs D Fs D Fs D Fs D Fs D <chorus_1> Fs D Fs D Fs D Fs D <verse_2> Fs D Fs D Fs D Fs D Fs D Fs D <chorus_2> Fs D Fs D Fs D Fs D <instrumental_1> Fs D Fs D <bridge_1> Fs D Fs D <chorus_3> Fs D Fs D Fs D Fs D Fs D Fs D Fs D Fs D,2023-02-10,'candy pop' 'modern rock' 'pixie' 'pop' 'pop emo' 'pop punk' 'rock',2020.0,modern rock,artist_421,pop rock,5NRtdsFFlmyE8qDMgS08PE,74XFHRwlV6OrjEM0A2NCMF
648,<intro_1> Gmaj7 Eminadd9 <verse_1> Gmaj7 Eminadd9 Gmaj7 Eminadd9 Cmaj7 Bmin Gmaj7 Cmaj7 Bmin Gmaj7 Eminadd9 <verse_2> Gmaj7 Eminadd9 Gmaj7 Eminadd9 Cmaj7 Bmin Gmaj7 Cmaj7 Bmin Gmaj7 Eminadd9 Gmaj7 Eminadd9 C G <chorus_1> C G C G C G C G C G C G C G C G C G C <chorus_2> G C G C G C G Cmaj7 Bmin Gmaj7 Cmaj7 Bmin Gmaj7 Eminadd9 Gmaj7 Eminadd9 <verse_3> Gmaj7 Eminadd9 Gmaj7 Eminadd9 Gmaj7 Eminadd9 Gmaj7 Eminadd9 Cmaj7 Bmin Gmaj7 Cmaj7 Bmin Gmaj7 Eminadd9 Gmaj7 Eminadd9 C G <chorus_3> C G C G C G C G C G,2016-08-05,,2010.0,,artist_429,,0QqKwogBhBEouLNmOuCsDw,538mbRlZiZHOUtGmrkscve
649,<intro_1> A Fs D E A Fsmin D E A Fsmin D E A Fsmin D A Bmin D E <verse_1> A Bmin D E A Fsmin D E A Fsmin D E A Fsmin D E A Fsmin D E A Fsmin D E A Fsmin D E A Fsmin D E A D E A Bmin D E A Fsmin D Fsmin A Fsmin D E A Fsmin D E A Fsmin A Fsmin D E D E D E Amin7 D E A Fsmin D E A Bmin D E A Fsmin D E A Fsmin D E A D E A D E A Fsmin D E D E A D A F D E A D E A Fsmin D E A Fsmin D E A Bmin D E A Bmin D E A Bmin D E <verse_2> A Bmin D E A Fsmin D E A7 D E7 A A7 D E A E A D A Fs D E A Fsmin D E A Fsmin D E A Fsmin D E D E A Fsmin D E A Fsmin D E A Fsmin E Fsmin <outro_1> A Fsmin D E A Fsmin D E A Fsmin D E D E A Fsmin D E A Fsmin D E,,,,,artist_430,,,3SPdPjoHldspbKonnVea44
650,<intro_1> F <verse_1> Gmin C F C F <chorus_1> Bb F C F Gmin Amin Dmin Gmin C F <verse_2> Gmin C F C F <chorus_2> Bb F C F Gmin Amin Dmin Gmin C F <instrumental_1> Gmin Amin Dmin Gmin C F Cs <verse_3> Fs Gsmin Cs Fs Cs Fs <chorus_3> B Fs Cs Fs Gsmin Asmin Dsmin Gsmin Cs Fs <outro_1> B Fs Cs Fs Gsmin Asmin Dsmin Gsmin Cs Fs,2017-12-02,,2010.0,,artist_431,,40fvcDX5oxbLZXOoIBJ8II,1CCRTkQBGvOamPrsBcCtps
651,Cmin Gsmaj7 Fmin7 As F7 Cmin7 C7sus2 Cmin Gsmaj7 Fmin7 Cmin Gsmaj7 Fmin7 Cmin Gsmaj7 Cmin Gsmaj7 As Cmin Gsmaj7 Fmin7 As Cmin As F7 Gsmaj7 Cmin Gsmaj7 Cmin Gsmaj7 Cmin7 C7sus2 Cmin7 Cmin Gsmaj7 Fmin7 As Cmin As F7 Gsmaj7 Cmin Gsmaj7 F7 As Cmin Gsmaj7 F7 As Cmin Gsmaj7 Fmin7 As Cmin As F7 Gsmaj7 Cmin Gsmaj7 Fmin7 Cmin,2013,'anime score' 'japanese soundtrack',2010.0,,artist_432,,1KvWQVn90Zfa1KdSuZXYxV,0Riv2KnFcLZA3JSVryRg4y
652,<intro_1> Ds Gmin A7 D7 G A D7 G <verse_1> F7 E7 Amin7 D7 D G Amin G D G Gsdim E7 Amin7 F7 G Gsdim F7 E7 A7 D7 G <chorus_1> D7 Gmin F7 As Gs7 G7 Cmin F7 As Ds Gmin A7 D7 Gmin <instrumental_1> Ds7 D7 D <verse_2> G Bmin E7 Amin7 D7 D G Amin Gdim G D7 G Bmin E7 Amin F7 G Gsdim F7 E7 A7 D G <chorus_2> D7 Gmin F7 As Gs7 G7 Cmin F7 As Ds Gmin A7 D7 Gmin D Gmin,2017-07-04,'tango' 'tango cancion',2010.0,,artist_33,,2eKK8yecnfdNlpqmy1R7oR,5diAzb0BD6mSdU1xOhM7dc
653,<intro_1> C <verse_1> F G C F G Emin Amin Emin Amin Emin Amin F G <chorus_1> Amin C Amin G Amin C Amin G <verse_2> C F G C F G Emin Amin Emin Amin Emin Amin F G <chorus_2> Amin C Amin G Amin C Amin G <bridge_1> E F Bb Amin F Dmin F Dmin G Dmin E G <outro_1> C Amin E Amin,2005-01-10,'anti-folk',2000.0,,artist_433,country,6LRRnDBaalYj2dS33cpjxN,3RyJG8xp58XSmsiuIySzUj
654,<verse_1> Emin C B Emin C B Emin C <chorus_1> B Emin C B Emin C B Emin C B <verse_2> Emin C B Emin C B <chorus_2> Emin C B Emin C B <verse_3> Emin C B Emin C B <verse_4> Emin C B Emin C B <chorus_3> Emin C B Emin C B Emin C B <verse_5> Emin C B Emin C B <outro_1> Emin C B Emin C B Emin C B Emin,,'cello' 'dark cabaret' 'steampunk',,,artist_434,punk,,1K6L6Hw4HibspToNP1FeBC
655,<intro_1> Emin7 G D Bmin D Emin7 G <verse_1> D Bmin D Bmin D Bmin D Bmin Emin7 A D Bmin D Bmin <verse_2> D Bmin D Bmin D Bmin D Bmin Emin7 A D Bmin D Bmin <chorus_1> Emin7 A D Bmin D Bmin Emin7 G D Bmin D Bmin <interlude_1> Emin7 G <verse_3> D Bmin D Bmin D Bmin D Bmin Emin7 A D Bmin D Bmin <chorus_2> Emin7 A D Bmin D Bmin Emin7 G D Bmin D Bmin <outro_1> Emin7 G D Bmin D Bmin Emin7 G D Bmin D,2018-04-13,'chamber pop' 'ectofolk' 'indie folk',2010.0,,artist_435,country,5z3JoCggEaXnTI3E2ZDp05,0jkK3K1ATFFHofEWjd2i00
656,<intro_1> Asus2 E B <verse_1> A E B A E B A E/Gs Bsus4 A E/Gs Bsus4 <chorus_1> E Bsus4 Fsmin7 A E Bsus4 Fsmin7 A Csmin7 A Fsmin7 A E Bsus4 Dadd13 <verse_2> A E B A E B A E/Gs Bsus4 A E/Gs Bsus4 <chorus_2> E Bsus4 Fsmin7 A E Bsus4 Fsmin7 A Csmin7 A Fsmin7 A E Bsus4 Dadd13 <bridge_1> Fsmin7 G Bmin7 Csus2 Fsmin7 G Bmin7 A G <solo_1> Csmin7 D E Csmin7 A Fsmin7 A E Bsus4 Dadd13 <chorus_3> E Bsus4 Fsmin7 A E Bsus4 Fsmin7 A E Bsus4 Fsmin7 A E Bsus4 Fsmin7 A Csmin7 A Fsmin7 A E Bsus4 Dadd13 E,2001-09-25,'glam metal' 'hard rock',2000.0,hard rock,artist_436,metal,4QO00F2MwWmZ37IeoSWejw,5OfhOoKunSnuubxxRML8J3
657,<intro_1> A E A E <verse_1> A E A E A G Fsmin7 F <chorus_1> A Emin F Dmin A Emin F Dmin A Emin D A/Cs C G A <instrumental_1> E <verse_2> A E A E A G Fsmin7 F <chorus_2> A Emin F Dmin A Emin F Dmin A Emin D A/Cs C G <instrumental_2> Csno3d Bno3d Gno3d Ano3d Csno3d Bno3d Eno3d Ano3d Csno3d Bno3d Gno3d Ano3d E <solo_1> A E F Dmin A G Fsmin7 F <chorus_3> A Emin F Dmin A Emin F Dmin A Emin D A/Cs C G A Emin F Dmin A Emin F Dmin A Emin F Dmin <outro_1> A E A E A,2001-09-25,'glam metal' 'hard rock',2000.0,hard rock,artist_436,metal,43hxiM60UPz15vh7JtBWuf,5OfhOoKunSnuubxxRML8J3
658,<verse_1> G D Bmin A G D A A7 G D Bmin A A7 G D A A7 <chorus_1> G D Bmin A A7 G D A A7 G D Bmin A A7 G D A A7 G D Bmin A G D A A7 <verse_1> G D Bmin A G D Bmin A A7 G A Bmin G A Bmin G A Fs Bmin A A7 <chorus_2> G D Bmin A A7 G D A A7 G D Bmin A A7 G D A A7 <outro_1> G D Bmin A G D A A7,2022-11-24,,2020.0,,artist_437,,0RwyaIGtHqnSVjlbnV6GxJ,4TDHTrq8xN1oKR2TFnBgez
659,<intro_1> C <verse_1> G C G C <bridge_1> G Amin G Amin Emin C G7 C G D C G C <verse_2> G C G C <bridge_2> G Amin G Amin Emin C G7 C G D C G C <verse_3> G C G C G C <outro_1> Amin C Amin Emin C G7 C G D C,2022-06-13,,2020.0,,artist_438,,2HUWePdV0AFS4mipk4G28q,6U65hm7m0hVAVGV0SXNFMw
660,<intro_1> G D Emin C <verse_1> G D Emin D G D Emin C D <chorus_1> Emin C G D Emin C G D D7 G D Emin C <verse_2> G D Emin C D G D Emin C D <chorus_2> Emin C G D Emin C G D D7 G D Emin C G D Emin C D D7 Emin C G D D7 Emin C G D D7 <outro_1> Emin C G D D7 Emin C G D D7 Emin,2022-09-29,,2020.0,,artist_437,,3hVbWl8FXniKgKHwExeqFh,4TDHTrq8xN1oKR2TFnBgez
661,<verse_1> G C Emin D G C Emin D D7 G C Emin D D7 G C Emin D D7 <chorus_1> Emin C G D D7 Emin C G D D7 Emin C G D D7 Emin C D D7 <verse_2> G C Emin D G C Emin D D7 G C Emin D D7 G C Emin D D7 <chorus_2> Emin C G D D7 Emin C G D D7 Emin C G D D7 Emin C D D7 C D Bmin Emin D C D Bmin Emin D C D D7 Emin C G D D7 Emin C G D D7 Emin C G D D7 Emin C G D D7 Emin C G D D7 Emin C D D7 <outro_1> Emin C G D Emin C G D,2021-04-30,,2020.0,,artist_437,,4nZEzbQJsML7axnpndGlx7,4TDHTrq8xN1oKR2TFnBgez
662,<intro_1> G D Amin C G D Amin C <verse_1> G D Amin C D G D Amin C D G D Amin C D G D Amin C D <chorus_1> G D Amin C D D7 G D Amin C D D7 G D Amin C D D7 <verse_2> G D Amin C D G D Amin C D G D Amin C D G D Amin C D <chorus_2> G D Amin C D D7 G D Amin C D D7 G D Amin C D D7 G D Amin C D D7 G D Amin C D D7 G D Amin C D D7 G D Amin C D D7 G,2022-11-24,,2020.0,,artist_437,,78UitC8kxvWCClPPwkWAgE,4TDHTrq8xN1oKR2TFnBgez
663,<verse_1> Bmin G D A A7 Bmin A G D A A7 Bmin G D A A7 Bmin A G D A A7 <chorus_1> Bmin G D A Bmin A G D A A7 Bmin G D A Bmin A G D A A7 Bmin G D A <verse_2> A7 Bmin G D A A7 Bmin A G D A A7 Bmin G D A A7 Bmin A G Bmin G D A G A A7 <chorus_2> Bmin G D A Bmin A G D A A7 Bmin G D A Bmin A G D A A7 Bmin G D A Bmin A G D A A7 <outro_1> Bmin G D A A7 Bmin A G D A Bmin G D A A7 Bmin A G D A A7,2021-03-09,,2020.0,,artist_437,,6C1tJiIj7TccUh3YEx9f43,4TDHTrq8xN1oKR2TFnBgez
664,<intro_1> C G Amin F C G Amin F G <verse_1> C G Amin F C G Amin F G C G Amin F C G Amin F G Amin F C G Amin F C G <chorus_1> F G C Amin F Amin F G F G C Amin F Amin F G F G C G Amin F G C F C G C F Amin G C F Amin G <chorus_2> F G C Amin F Amin F G F G C Amin F Amin F G F G C G Amin F <outro_1> C G Amin F C G Amin F G,2022-11-24,,2020.0,,artist_437,,4uxQTrY3t7CgKttKJsazLc,4TDHTrq8xN1oKR2TFnBgez
665,<intro_1> G D Emin C G D Emin C D D7 <verse_1> G D Emin D G D Emin D D7 Emin C G D D7 Emin C G D <chorus_1> G D Emin C G D Emin C D G D D7 <verse_2> G D Emin C G D Emin C D D7 Emin C G D D7 Emin C G D <chorus_2> G D Emin C G D Emin C D Emin C G D D7 Emin C G D G D Emin C G D Emin C D G D Emin C G D Emin C D G,2022-11-24,,2020.0,,artist_437,,1tM4K9YPlP1soTZXMHAxPM,4TDHTrq8xN1oKR2TFnBgez
666,<verse_1> Dsmin D Dsmin D Cssus4 Bno3d Ano3d Cssus4 Bno3d Dsmin7 Dmaj7 Dsmin7 Dmaj7 <verse_2> Dsmin D Dsmin D Cssus4 Dsaugmaj7/Cs Csaugmaj7/A Csno3d Bno3d Gsaugmaj7/E Dsaugmaj7/B Csaugmaj7/A Gsaugmaj7/E Dsaugmaj7/B Csaugmaj7/A Gsaugmaj7/E Dsaugmaj7/B Csaugmaj7/A Gsaugmaj7/E Dsaugmaj7/B Csaugmaj7/A Gsaugmaj7/E Dsaugmaj7/B Csaugmaj7/A Gsaugmaj7/E Dsaugmaj7/B Csaugmaj7/A Gsaugmaj7/E Dsaugmaj7/B Csaugmaj7/A Gsaugmaj7/E Dsaugmaj7/B Csaugmaj7/A Gsaugmaj7/E Dsaugmaj7/B Csaugmaj7/A Gsaugmaj7/E Dsaugmaj7/B Csaugmaj7/A Gsaugmaj7/E Dsaugmaj7/B Csaugmaj7/A Gsaugmaj7/E Dsaugmaj7/B Csaugmaj7/A E,2016-12-09,'alternative country' 'heartland rock',2010.0,heartland rock,artist_19,country,1X7RdbDd9xKlXir2cUmRCr,3qkZBMz5JgmRN9u5wwhRC6
667,<intro_1> G Cadd9 <verse_1> G D Emin Cadd9 G D Emin Cadd9 <chorus_1> D Emin Cadd9 D Emin Cadd9 D Emin D Emin Cadd9 <outro_1> D Emin Cadd9 D Emin D Emin Cadd9 D Emin,,'video game music',,,artist_439,,,5mocQZIZJJsA389LmLpCkk
668,<intro_1> Amin7 G Amin7 G Amin7 G F Emin Dmin C G <verse_1> C C/B Amin7 G C C/B Bb C C/D C/E F C C/B Amin7 G C G Bb F <verse_2> G C C/B Amin7 G C Gmin C C/D C/E F G C C/B Amin7 G C G F Emin Dmin C G <instrumental_1> C C/B Amin7 G C Gmin C C/D C/E F C C/B Amin7 G C G F Emin Dmin C <verse_3> G C C/B Amin7 G C Gmin C C/D C/E F G C C/B Amin7 G C G F Emin Dmin C G <verse_4> C C/B Amin7 G C Gmin C C/D C/E F G C C/B Amin7 G C G F Bb C G F C,1990,,1980.0,,artist_440,,2iWECOOleGwM9WdwNPolpH,6Y8Cno2jir9tUsbDYFiwC7
669,<intro_1> Emin G D <verse_1> Emin G D Emin G D <chorus_1> Emin G D Emin G D <verse_2> Emin G D Emin G D <chorus_2> Emin G D Emin <bridge_1> Amin D Amin D Amin D Amin D <chorus_3> G D Emin G D Emin G D Emin G D G D G D,2021-09-17,'indiecoustica',2020.0,,artist_441,alternative,5GwXSdqUvaTqzT31szDMwI,5GoLHATtGcyqwnLMmDRnch
670,<intro_1> Emin <verse_1> D A Emin D A Emin <verse_2> D A Emin D A Emin <chorus_1> D A Emin <verse_3> D A Emin D A Emin <bridge_1> A Bmin C D B <chorus_2> Emin D A Emin <chorus_3> D A Emin,2017-11-03,,2010.0,,artist_442,,4HyrU5YjWXAlhR8kXm5w4e,6BoGPE6HncyAwa1Ka8uQVn
671,<intro_1> E Gsmin7 A Amin B <verse_1> E Gsmin A B7 <verse_2> E Gsmin A B7 Fsmin D B B7 <chorus_1> A B7 Gsmin Gs7 Csmin B <chorus_2> A B7 Gs Gs/C Csmin B A B7 <interlude_1> E Gsmin A Amin B7 <verse_3> E Gsmin A B7 E Gsmin A B7 Fsmin D B B7 <chorus_3> B Bb A B7 Gsmin Gs/C Csmin B <chorus_4> A B7 Gs Gs/C Csmin B A B7 A <interlude_2> B Gsmin Gs/C Csmin B <chorus_5> A B7 Gs Gs/C Csmin B A B7 E <outro_1> Gsmin A Amin B7 E,2021-12-09,'cuarteto',2020.0,,artist_443,,6LBpjWMfy1NUfyxAJbcMRs,3ghRXw2nUEH2THaL82hw8R
672,<intro_1> Gsmin Dsadd11 Gsmin/B Gsmin Dsadd11 Gsmin/B <verse_1> Gsmin Dsadd11 Gsmin Dsadd11 Gsmin Dsadd11 Csmin Gsmin Dsadd11 <chorus_1> Csmin B Gsmin Fs Csmin B Gsmin Fsadd13 Emin7 Emin Gsmin Dsadd11 Csmin Gsmin Dsadd11 Csmin Gsmin Dsadd11 Csmin Gsmin Dsadd11 Eadd13 <chorus_2> Csmin B Gsmin Fs Csmin B Gsmin Fs Emin7 Emin E Csmin Gsmin Fs E Csmin Gsmin Fsadd13 E Csmin Gsmin Fsadd13 Csmin Badd13 Gsmin Fsadd13,2023-02-09,,2020.0,,artist_444,,1tLF8UaFMkT28AUCOO2ccd,3X9nkz31tAOM25rdtzfi60
673,<intro_1> G Amin C Bmin Emin <verse_1> G Amin C Bmin Emin G Amin C Bmin Emin G Amin C Bmin Emin G Amin C Bmin Emin <chorus_1> C G Amin C G Amin Emin <interlude_1> G Amin C Bmin Emin <verse_2> G Amin C Bmin Emin G Amin C Bmin Emin <chorus_2> C G Amin C G Amin Emin <solo_1> G Amin C Bmin Emin G Amin C Bmin Emin C G Amin C G Amin Emin <verse_3> G Amin C Bmin Emin G Amin C Bmin Emin <chorus_3> C G Amin C G Amin Emin <outro_1> C G Amin C G Amin Emin G Amin C Bmin Emin,2017-05-30,'canadian americana',2010.0,,artist_445,,4sSqslLbaYNsYMu3sIQh3c,18kqY0obPXyo3oXtuzrS7k
674,<intro_1> Bmin A Bmin <verse_1> A Bmin A Bmin D Emin G A Bmin A Bmin A Bmin A Bmin D Emin G A Bmin A Bmin C Cmaj7 Bmin C Amin Bmin C Cmaj7 Bmin C Amin Bmin C Bmin Emin Bmin A Bmin A Bmin A Bmin D Emin G A Bmin G A Bmin G A Bmin G A Bmin A Bmin A Bmin,,'new romantic' 'new wave pop' 'solo wave' 'sophisti-pop' 'synthpop',,,artist_446,pop,,7nBZYpVAH6bD0QlD7Mpil7
675,<verse_1> D A D A D <chorus_1> A D <verse_2> A D A D <chorus_2> A D,2019-10-23,,2010.0,,artist_447,,6ZzqsrZ1xAjDzd2ORGOzoA,38yOUctO9eek9ti5NWMQXm
676,<intro_1> D A G D <verse_1> A G D A G D A G D A G D A G D A G D A G D A G D,2007-12-04,'argentine punk' 'argentine rock' 'latin alternative' 'ska argentino',2000.0,argentine rock,artist_448,punk,2y2fBWTVMVbzPlmxkLojE7,5sASmkskUJsvYDSYKRkkYd
677,<intro_1> C Emin Amin <verse_1> C Dmin E Amin C Dmin E C <chorus_1> G Amin F C G Amin F C Amin C Amin <verse_2> C Dmin E Amin C Dmin E C <chorus_2> G Amin F C G Amin F C Amin C Amin <verse_3> Dmin E C G Dmin E C G C G C G Dmin Amin <chorus_3> G Amin F C G Amin F C Amin C Amin,,'big room' 'brostep' 'dutch edm' 'edm' 'house' 'pop dance' 'slap house' 'trance',,,artist_449,electronic,,2o5jDhtHVPhrJdv3cEQ99Z
678,<intro_1> C G Dmin F C G Dmin F C <verse_1> G Dmin F C G Dmin F <chorus_1> C G Dmin F C G Dmin F C G Dmin F C <verse_2> G Dmin F C G Dmin F <chorus_2> C G Dmin F C G Dmin F C G Dmin F C <verse_3> G Dmin F C G Dmin F <chorus_3> C G Dmin F C G Dmin F <interlude_1> C G Dmin F C G Dmin F C G Dmin F C G Dmin F <chorus_4> C G Dmin F C G Dmin F <verse_4> C G Dmin F C G Dmin F <chorus_5> C G Dmin F C G Dmin F C,2021-06-05,,2020.0,,artist_450,,5JDWJtBLdArudvrEiCrv5G,0HZE46Z878Bm7631oYiJgt
679,<intro_1> C G Amin F C G Amin F <verse_1> C G Amin F C G Amin F C G Amin F C G Amin F C G Amin F C G Amin F <verse_2> C G Amin F C G Amin F C G Amin F C G Amin F <chorus_1> C G Amin F C G Amin F C G Amin F <verse_3> C G Amin F C G Amin F C G Amin F C G Amin F <chorus_2> C G Amin F C G Amin F C <outro_1> G Amin F C G Amin F,2023-01-22,'modern country pop',2020.0,,artist_451,pop,0fQIh3kxy3MeDDuHuJMEXN,67ZcPnEGiAlCx2O3sQarWV
680,<intro_1> Eno3d Fsno3d Ano3d Eno3d Fsno3d Bno3d Eno3d Fsno3d Ano3d Eno3d Fsno3d Bno3d Cno3d Eno3d Fsno3d Ano3d Eno3d Fsno3d Bno3d Eno3d Fsno3d Ano3d Eno3d Fsno3d Bno3d Cno3d Fsno3d Bno3d Ano3d Bno3d Ano3d Fsno3d Bno3d Ano3d Bno3d Fsno3d Bno3d Ano3d Bno3d Ano3d Fsno3d Bno3d Ano3d Fsno3d Eno3d Fsno3d Ano3d Bno3d Cno3d Fsno3d Ano3d Bno3d Cno3d Fsno3d Ano3d Bno3d Cno3d <verse_1> Eno3d Fsno3d Eno3d Fsno3d Eno3d Fsno3d Gno3d Ano3d Eno3d Fsno3d Eno3d Fsno3d Eno3d Fsno3d Gno3d Ano3d Eno3d Fsno3d Eno3d Fsno3d Eno3d Fsno3d Gno3d Ano3d Eno3d Fsno3d Eno3d Fsno3d Eno3d Fsno3d Gno3d Ano3d Eno3d Cno3d Dno3d Cno3d Dno3d Cno3d Dno3d Ebno3d Cno3d Dno3d Cno3d Dno3d Cno3d Dno3d Cno3d Dno3d Ebno3d Cno3d Dno3d <chorus_1> Eno3d Bbno3d Ano3d Eno3d Bbno3d Ano3d Bbno3d Ano3d Eno3d Bbno3d Ano3d Eno3d Bbno3d Ano3d Bno3d Cno3d <interlude_1> Fsno3d Ano3d Bno3d Cno3d Fsno3d Ano3d Bno3d Cno3d <verse_2> Eno3d Fsno3d Eno3d Fsno3d Eno3d Fsno3d Gno3d Ano3d Eno3d Fsno3d Eno3d Fsno3d Eno3d Fsno3d Gno3d Ano3d Eno3d Fsno3d Eno3d Fsno3d Eno3d Fsno3d Gno3d Ano3d Eno3d Fsno3d Eno3d Fsno3d Eno3d Fsno3d Gno3d Ano3d Eno3d Cno3d Dno3d Cno3d Dno3d Cno3d Dno3d Ebno3d Cno3d Dno3d Cno3d Dno3d Cno3d Dno3d Cno3d Dno3d Ebno3d Cno3d Dno3d <chorus_2> Eno3d Bbno3d Ano3d Eno3d Bbno3d Ano3d Bbno3d Ano3d Eno3d Bbno3d Ano3d Eno3d Bbno3d Ano3d Bno3d Cno3d <interlude_2> Fsno3d Ano3d Bno3d Cno3d Bno3d Ano3d Bno3d Fsno3d Ano3d Bno3d Cno3d Bno3d Ano3d Fsno3d Ano3d Bno3d Cno3d Bno3d Ano3d Bno3d Fsno3d Ano3d Bno3d Cno3d Bno3d Ano3d Fsno3d Ano3d Bno3d Cno3d Bno3d Ano3d Bno3d Fsno3d Ano3d Bno3d Cno3d Bno3d Ano3d Fsno3d Ano3d Bno3d Cno3d Bno3d Ano3d Bno3d Fsno3d Ano3d Bno3d Cno3d Bno3d Ano3d Fsno3d Ano3d Bno3d Cno3d Bno3d Ano3d Bno3d Fsno3d Ano3d Bno3d Cno3d Bno3d Ano3d Fsno3d Ano3d Bno3d Cno3d Bno3d Ano3d Bno3d Fsno3d Ano3d Bno3d Cno3d Bno3d Ano3d Fsno3d Ano3d Bno3d Cno3d Bno3d Ano3d Bno3d Fsno3d Ano3d Bno3d Cno3d Bno3d Ano3d Fsno3d Ano3d Bno3d Cno3d Bno3d Ano3d Bno3d Fsno3d Ano3d Bno3d Cno3d Bno3d Ano3d <bridge_1> Fsno3d Ano3d Bno3d Cno3d Bno3d Ano3d Bno3d Fsno3d Ano3d Bno3d Cno3d Bno3d Ano3d Fsno3d Ano3d Bno3d Cno3d Bno3d Ano3d Bno3d Fsno3d Ano3d Bno3d Cno3d Bno3d Ano3d Eno3d Fsno3d Eno3d Fsno3d Eno3d Fsno3d Ano3d Bno3d Cno3d Bno3d Ano3d Eno3d Fsno3d Eno3d Fsno3d Eno3d Fsno3d Ano3d Bno3d Cno3d Bno3d Ano3d Eno3d Fsno3d Eno3d Fsno3d Eno3d Fsno3d Ano3d Bno3d Cno3d Bno3d Ano3d Eno3d Fsno3d Eno3d Fsno3d Eno3d Fsno3d Ano3d Bno3d Cno3d Bno3d Ano3d Fsno3d Cno3d Bno3d Eno3d <interlude_3> Fsno3d Eno3d Fsno3d Eno3d Fsno3d Eno3d Fsno3d Cno3d Bno3d Gno3d Fsno3d Cno3d Bno3d Eno3d Fsno3d Cno3d Bno3d Gno3d Fsno3d Cno3d Bno3d Eno3d <bridge_2> Fsno3d Cno3d Bno3d Gno3d Fsno3d Cno3d Bno3d Eno3d Fsno3d Cno3d Bno3d Gno3d Fsno3d Cno3d Bno3d Eno3d Fsno3d Gno3d Eno3d Fsno3d Gno3d Eno3d Fsno3d Gno3d Eno3d Fsno3d Gno3d <chorus_3> Eno3d Bbno3d Ano3d Eno3d Bbno3d Ano3d Bbno3d Ano3d Eno3d Bbno3d Ano3d Eno3d Bbno3d Ano3d Bno3d Cno3d <interlude_4> Fsno3d Ano3d Bno3d Cno3d Bno3d Ano3d Bno3d Fsno3d Ano3d Bno3d Cno3d Bno3d Ano3d Fsno3d Ano3d Bno3d Cno3d Bno3d Ano3d Bno3d Fsno3d Ano3d Bno3d Fsno3d Ano3d Bno3d Cno3d Bno3d Ano3d Bno3d Fsno3d Ano3d Bno3d Cno3d Bno3d Ano3d Fsno3d Ano3d Bno3d Cno3d Bno3d Ano3d Bno3d Fsno3d Ano3d Bno3d Cno3d Bno3d Ano3d <bridge_3> Fsno3d Ano3d Bno3d Cno3d Bno3d Ano3d Bno3d Fsno3d Ano3d Bno3d Cno3d Bno3d Ano3d Fsno3d Ano3d Bno3d Cno3d Bno3d Ano3d Bno3d Fsno3d Ano3d Bno3d Cno3d Bno3d Ano3d <outro_1> Fsno3d Bno3d Ano3d Bno3d Ano3d Fsno3d Bno3d Ano3d Bno3d Fsno3d Bno3d Ano3d Bno3d Ano3d Fsno3d Bno3d Ano3d Fsno3d Eno3d Fsno3d,2023-04-14,'hard rock' 'metal' 'old school thrash' 'rock' 'thrash metal',2020.0,hard rock,artist_452,metal,2zSb2Db4kNYH5qIs5V3BgG,2ye2Wgw4gimLv2eAKyk1NB
681,Bmin Gadd13 Fs7 A Emin C D Bmin Gadd13 Fs7 Bmin A Fs7 Bmin Gadd13 Fs7 Bmin A Fs7 Bmin Gadd13 Fs7 Bmin Gadd13 Fs7 Bmin A Fs7 Bmin A Fs7 Bmin Emin C D Bmin Emin C D Bmin Emin C D Bmin Emin C D Bmin Gadd13 Fs7 Bmin A Fs7 Bmin Gadd13 Fs7 Bmin Gadd13 Fs7 Bmin A Fs7 Bmin A Fs7 Bmin Emin C D Bmin Emin C D Bmin Emin C D Bmin Emin C D Bmin Gadd13 Fs7 Bmin A Fs7 Bmin Gadd13 Fs7 Bmin A Fs7 Bmin,2011-12-01,'baltic post-punk' 'lithuanian rock',2010.0,,artist_453,punk,4jvazUN2aHuJxvJjmqrBqv,1hPFXo3zHHaS83N6h4tTbH
682,<intro_1> Eb Bb Cmin Bbmin Ab Bb Eb <chorus_1> Bb Cmin Eb7 Ab Eb F Bb Eb G Cmin F7 Ab Bb Eb Bb <chorus_2> Eb Bb Cmin Eb7 Ab Eb F Bb Eb G Cmin F7 Ab Bb Eb <verse_1> Cmin Eb Ab Eb Cmin Eb Ab Bb Cmin Gmin Ab Eb Ab Eb Bb Ab Bb Eb Ab Fmin Bb Eb F <chorus_3> C Dmin F7 Bb F G C7 F A Dmin G Bb C F Db C <chorus_4> F C Dmin F7 Bb F G C7 F A Dmin G Bb C F <verse_2> Dmin Bb C F Dmin Bb C Dmin Amin Bb F Bb F C Bb C F Bb Gmin C F,,'indie catala' 'rock catala',,rock catala,artist_454,alternative,,1hOwyBjBzD71G76KApDEy5
683,<intro_1> D G Bb C <verse_1> G G7 C D G G7 C D Emin G C D Emin B C A <chorus_1> D G Bb C D G Bb C G <verse_2> G7 C D G G7 C D Emin G C D Emin B C A <chorus_2> D G Bb C D G Bb C G <bridge_1> Dmin7 C G Dmin7 C G Dmin7 C G Dmin7 C Amin7 <bridge_2> D G Bb C D G Bb C <chorus_3> D G Bb C D G Bb C D G Bb C D G Bb C <outro_1> D G Bb C D G Bb C D,,,,,,,,
684,<intro_1> C F Amin F G C F Amin F G <verse_1> C F Amin F G C F Amin F G <chorus_1> C G Amin F Amin G/B C F Dmin C/E G C <interlude_1> F Amin F G C F Amin F G <verse_2> C F Amin F G C F Amin F G <chorus_2> C G Amin F Amin G/B C F Dmin C/E G C <interlude_2> F Amin F G <bridge_1> F C G Amin G F C G Amin G F C G Amin G F C G Amin G F C G <chorus_3> C G Amin F Amin G/B C F Dmin C/E G F C G Amin F Amin G/B C F Dmin C/E G C <interlude_3> F Amin F G C F Amin F G C,2022-09-24,,2020.0,,artist_455,,0CGLGp4b9BFmTHiQvCsXGv,6VghhyqNbpqyKzi8fSTDuu
685,<intro_1> Emin Esus2 Dsus2 Csus2/C G D <verse_1> Emin Esus2 Dsus2 Csus2/C G D <chorus_1> C D Emin Fsmin G D <verse_2> Emin Fsmin G C Emin Fsmin G D Emin Fsmin G C Bmin C D Amin <chorus_2> Bmin C D Emin Fsmin G D <bridge_1> Amin Emin G C Amin Emin G C <chorus_3> D Emin Fsmin G D,2021-09-10,'pop worship',2020.0,,artist_456,pop,13vCQ1N7N0tqRH1d5jnNQA,16PLnrdItn0Qu9wWLVvfXr
686,<verse_1> C G Amin C G Amin F G Amin Dmin G <chorus_1> C G Amin C G Amin F G Amin Dmin G <verse_2> C G Amin C G Amin F G Amin Dmin G <verse_3> C G Amin C G Amin F G Amin Dmin G <chorus_2> C G Amin C G Amin F G Amin Dmin G <verse_4> C G Amin C G Amin F G Amin Dmin G <chorus_3> C G Amin C G Amin F G Amin Dmin G,2021-10-13,,2020.0,,artist_457,,6gRn64hY90R4ZkrabIPa05,6uo7IS5T110F4koHbsmWZ3
687,<intro_1> A D A D A D <verse_1> A G D A G D A <bridge_1> G D A G D A <chorus_1> G D A G D A <verse_2> G D A G D A <bridge_2> G D A G D A <chorus_2> G D A G D A <bridge_3> G D A G D A <chorus_3> G D A G D A,2022-11-04,'classic norwegian pop' 'norwegian pop' 'norwegian rock',2020.0,norwegian rock,artist_458,pop rock,3gDR2fKnxyvDuVtL8BCF5n,1FKCRRhfazT8IjGqy9QT1X
688,<intro_1> Eb <verse_1> Db Eb Db Eb Db Eb Db Eb Db Eb Db <chorus_1> Eb Fmin Ab Db Eb Fmin Ab Db Eb Fmin Ab Db Eb Fmin Ab Fmin Eb <verse_2> Db Eb Db Eb Db Eb Db Eb Db Eb Db <chorus_2> Eb Fmin Ab Db Eb Fmin Ab Db Eb Fmin Ab Db Eb Fmin Ab Fmin Eb Fmin Ab Db Eb Fmin Ab Fmin <chorus_3> Eb Fmin Ab Db Eb Fmin Ab Db,,'anime rap' 'otacore',,,artist_459,rap,5OLnxwC8H22NGEqwPm0fxp,50iN4QFD9Z9S1KAzDLvAju
689,<verse_1> Fmin Fs Fmin Fs Fmin Fs Fmin Fs Fmin <chorus_1> Fs Fmin Fs Fmin Fs Fmin Fs Fmin <verse_2> Fs Fmin Fs Fmin Fs Fmin Fs Fmin <chorus_2> Fs Fmin Fs Fmin Fs Fmin Fs Fmin <verse_3> Fs Fmin Fs Fmin Fs Fmin Fs Fmin <chorus_3> Fs Fmin Fs Fmin Fs Fmin Fs Fmin <verse_4> Fs Fmin Fs Fmin Fs Fmin <chorus_4> Fs Fmin Fs Fmin Fs Fmin Fs Fmin <outro_1> Fs Fmin Fs Fmin Fs Fmin Fs,2021-12-10,'greek trap',2020.0,,artist_460,rap,0RKajkby9qSFKjChpfyYoW,7wasuXDWKXAOq7jQvxEK3E
690,<verse_1> Bb A Dmin Bb A Dmin <bridge_1> Bb A Dmin Bb A Dmin <chorus_1> Bb A Dmin Bb A Dmin Bb A Dmin Bb A Dmin <chorus_2> Bb A Dmin Bb A Dmin Bb A Dmin Bb A Dmin Bb A Dmin Bb A Dmin Bb A Dmin Bb A Dmin Bb A Dmin Bb A Dmin Bb A Dmin Bb A Dmin Bb A Dmin Bb A Dmin Bb A Dmin Bb A Dmin Bb A Dmin Bb A Dmin Bb A Dmin Bb A Dmin,,,,,,,,
691,<intro_1> Bbmaj7 Amin7 Dmin7/A Bbmaj7 Amin7 Dmin7 <verse_1> Bbmaj7 Amin7 Dmin7/A Bbmaj7 Amin7 Dmin7 Bbmaj7 Amin7 Dmin7/A Bbmaj7 Amin7 Dmin7 Bbmaj7 Amin7 Dmin7/A Bbmaj7 Amin7 Dmin7 Bbmaj7 Amin7 Dmin7/A Bbmaj7 Amin7 Dmin7 Bbmaj7 Amin7 Dmin7/A Bbmaj7 Amin7 <chorus_1> Bbmaj7 Amin7 Dmin7/A Bbmaj7 Amin7 Dmin7 Bbmaj7 Amin7 Dmin7/A Bbmaj7 Amin7 Dmin7 Bbmaj7 Amin7 Dmin7/A Bbmaj7 Amin7 Dmin7 <verse_2> Bbmaj7 Amin7 Dmin7/A Bbmaj7 Amin7 Dmin7 Bbmaj7 Amin7 Dmin7/A Bbmaj7 Amin7 Dmin7 Bbmaj7 Amin7 Dmin7/A Bbmaj7 Amin7 Dmin7 Bbmaj7 Amin7 Dmin7/A Bbmaj7 Amin7 Dmin7 Bbmaj7 Amin7 Dmin7/A Bbmaj7 Amin7 <chorus_2> Bbmaj7 Amin7 Dmin7/A Bbmaj7 Amin7 Dmin7 Bbmaj7 Amin7 Dmin7/A Bbmaj7 Amin7 Dmin7 Bbmaj7 Amin7 Dmin7/A Bbmaj7 Amin7 Dmin7 <bridge_1> Bbmaj7 Amin7 Dmin7/A Bbmaj7 Amin7 Dmin7 Bbmaj7 Amin7 Dmin7/A <chorus_3> Bbmaj7 Amin7 Dmin7/A Bbmaj7 Amin7 Dmin7 Bbmaj7 Amin7 Dmin7/A Bbmaj7 Amin7 Dmin7 Bbmaj7 Amin7 Dmin7/A Bbmaj7 Amin7 Dmin7 <outro_1> Bbmaj7 Amin7 Dmin7/A Bbmaj7 Amin7 Dmin7,2021-06-18,'croatian hip hop',2020.0,,artist_461,rap,5nLyf0oOizRtOfUMUaKWZm,0Wme57aoD5E4RPxcRP7MAM
692,F Dmin Amin C F Dmin Amin C F Dmin Amin C F Dmin Amin C F Dmin Amin C F Dmin Amin C F Dmin Amin C F Dmin Amin C F Dmin Amin C F Dmin Amin C F Dmin Amin C F Dmin Amin C F Dmin Amin C F Dmin Amin C F Dmin Amin C,,,,,,,,
693,<verse_1> D Fsmin D Fsmin Csmin D Fsmin Csmin D Fsmin D Fsmin E D Fsmin E D Fsmin E Bmin Fsmin Csmin D <chorus_1> Fsmin Csmin D Bmin Fsmin Csmin D Bmin Fsmin Csmin D Bmin Fsmin <verse_2> D Fsmin Csmin D Bmin Fsmin Csmin D Bmin Fsmin Csmin D Bmin Fsmin Csmin D <chorus_2> Fsmin E A D Fsmin D Bmin Fsmin Csmin D Bmin Fsmin <bridge_1> D Fsmin D Fsmin E Bmin Fsmin Bmin <verse_3> D Fsmin Csmin D Bmin Fsmin Csmin D Bmin Fsmin Csmin D Bmin Fsmin A D <chorus_3> Fsmin Csmin D Fsmin G,2022-12-02,'glitchcore' 'hyperpop',2020.0,,artist_462,pop,2iS3P95EkgyRAHx2hLy0ga,4kqFrZkeqDfOIEqTWqbOOV
694,<verse_1> C F C Amin F C G C F C Amin F C Dmin Amin C F <chorus_1> G F C G Amin Dmin G G7 <verse_2> C F C Amin F C G C F C Amin F C G Dmin Amin C F <chorus_2> G F C G Amin Dmin G G7 <bridge_1> C Amin F G C G C Amin F G C G Dmin G Dmin G G7 <verse_3> C F C C/B Amin F C G C F C Amin F C <chorus_3> F C G Amin F C G Amin Dmin G C <outro_1> Amin G Amin F G C G C Amin C G Amin F G C,2017-05-01,'australian singer-songwriter',2010.0,,artist_463,,5xv7ansmoUPI67HcfPuuNX,5VbD0260te11AgTgTs5odC
695,<intro_1> G Emin7 Cmaj9 G Emin7 Cmaj9 G Emin7 Cmaj9 G Emin7 Cmaj9 G <chorus_1> Emin7 Cmaj9 Dsus4 D Emin7 Amin7 C G <verse_1> Emin7 C G Emin7 C G <chorus_2> Emin7 Cmaj9 Dsus4 D Emin7 Amin7 C G <bridge_1> D Emin7 Amin7 C D Emin7 Amin7 G Emin7 C C <chorus_3> Emin7 Cmaj9 Dsus4 D Emin7 Amin7 C G Emin7 Cmaj9 Dsus4 D <chorus_4> Emin7 Cmaj9 Dsus4 D Emin7 Amin7 C G Emin7 Amin7 C G,2008-10-07,'ccm' 'christian alternative rock' 'christian music',2000.0,christian alternative rock,artist_464,rock,66wfrvlXVOPFlC79OhiQJl,5y1gFSVnE4DGxUxHeKrGk6
696,<intro_1> G Emin7 Amin D Bmin7 C G D Emin D7 G Emin C D G C G <verse_1> Emin Amin D Bmin7 Csus2 G D Bmin Csus2 G Emin7 Amin D G Emin Amin D Bmin Csus2 G D Bmin Csus2 G Emin7 Amin D G <chorus_1> C D G Emin7 Amin7 D7 G D Emin D G Bmin C D C G <solo_1> Emin D7 G Emin C D G C G <verse_2> Emin Amin D Bmin7 Csus2 G D Bmin Csus2 G Emin7 Amin D G Emin Amin D Bmin Csus2 G D Bmin Csus2 G Emin7 Amin D G <chorus_2> C D G Emin7 Amin7 D7 G Emin D G Bmin C D C <solo_2> Emin D7 G Emin C D G Emin D7 G Emin C D G C G <verse_3> D C G D C G D C G Emin7 Amin7 D G D C G D C G D C G Emin7 Amin7 D G <chorus_3> C D G Emin7 Amin7 D7 G D Emin D G Bmin C D Gsus4 <chorus_4> C D G Emin7 Amin7 D7 G D Emin D G Bmin C D C <outro_1> Emin D7 G Emin C D G Emin D7 G Emin C D G C G,1994-11-18,'chanson' 'french pop' 'french rock',1990.0,french rock,artist_465,pop rock,7LpFD7TIcbYpN6fJBJtQjK,15uNxh8omvRvH71kcdIe2r
697,<verse_1> Emin D G Amin C Emin G D Emin G D Emin G D Emin <chorus_1> G D Amin Emin G D Amin Emin G D Amin Emin G D Amin Emin <verse_2> D G Amin C Emin G D Emin G D Emin G D Emin <chorus_2> G D Amin Emin G D Amin Emin G D Amin Emin G D Amin Emin <verse_3> D G Amin C Emin G D Emin G D Emin G D Emin <chorus_3> G D Amin Emin G D Amin Emin G D Amin Emin G D Amin Emin,,'middle earth',,,artist_466,,,7bKo8Jgp76YNToFednF7kT
698,<intro_1> G A D <verse_1> G A <verse_2> D G A <chorus_1> G A D Bmin G A D Bmin G A D <chorus_2> G A D Bmin G A D Bmin G A D <verse_3> G A <chorus_3> G A D Bmin G A D Bmin G A D <chorus_4> G A D Bmin G A D <outro_1> Dsus4 D Dsus4 D,,,,,artist_467,,,6NY2nyKotgz5R32ptUcXG5
699,<intro_1> G D <verse_1> G Emin G Emin C G C G <verse_2> Emin G Emin C G C G G/Fs Emin Emin/Fs G G/Fs Emin Emin/Fs G <chorus_1> C G Emin D C G Emin D G D <verse_3> G Emin G Emin C G C G G/Fs Emin Emin/Fs G G/Fs Emin Emin/Fs G <chorus_2> C G Emin D C G Emin D C G Emin D C G Emin D G,2022-10-14,,2020.0,,artist_468,,40qb95F1GdotBLLJJ0NhXR,4IkYUDeCe6OrwQhdSZZ81b
700,<intro_1> Dmaj7 Csmin7 Bmin7 E13 Amaj7 Dmaj7 Csmin7 Bmin7 E13 Amaj7 <verse_1> Dmaj7 Csmin7 Bmin7 E13 Amaj7 Dmaj7 Csmin7 Bmin7 E13 Amaj7 <chorus_1> Bmin7 Csmin7 Dmaj7 Csmin7 Bmin7 Csmin7 Dmaj7 Csmin7 Bmin7 Csmin7 Dmaj7 Csmin7 Cmin7 Bmin7 Fs13 Amaj7 <verse_2> Dmaj7 Csmin7 Bmin7 E13 Amaj7 <chorus_2> Bmin7 Csmin7 Dmaj7 Csmin7 Bmin7 Csmin7 Dmaj7 Csmin7 Bmin7 <solo_1> Csmin7 Dmaj7 Csmin7 Cmin7 Bmin7 Fs13 A <chorus_3> Bmin7 Csmin7 Dmaj7 Csmin7 Bmin7 Dmaj7 Csmin7 Bmin7 E13 Amaj7 Dmaj7 Csmin7 Bmin7 E13 Amaj7,2019-05-03,,2010.0,,artist_469,,0gWfyrNLqhiKhXD8oILKMD,17BP9YIf9E94kdlCuFLQr1
701,<intro_1> Eno3d Emin D A Eno3d D A <verse_1> Eno3d Dno3d Ano3d G Eno3d G Eno3d Dno3d Ano3d G Eno3d G Eno3d Dno3d Ano3d G Eno3d G Eno3d Dno3d Ano3d G Eno3d G Eno3d Dno3d Ano3d G Eno3d G Eno3d Dno3d Ano3d G Eno3d G Eno3d Dno3d Ano3d G Eno3d G Eno3d Dno3d Ano3d G Eno3d G Eno3d <chorus_1> Dno3d Ano3d Eno3d Dno3d Ano3d Dno3d Ano3d Dno3d A Eno3d <verse_2> Dno3d Ano3d G Eno3d G Eno3d Dno3d Ano3d G Eno3d G Eno3d Dno3d Ano3d G Eno3d G Eno3d Dno3d Ano3d G Eno3d G Eno3d Dno3d Ano3d G Eno3d G Eno3d Dno3d Ano3d G Eno3d G Eno3d Dno3d Ano3d G Eno3d G Eno3d Dno3d Ano3d G Eno3d G Eno3d <chorus_2> Dno3d Ano3d Eno3d Dno3d Ano3d Dno3d Ano3d Dno3d A Eno3d <verse_3> Dno3d Ano3d G Eno3d G Eno3d Dno3d Ano3d G Eno3d G Eno3d Dno3d Ano3d G Eno3d G Eno3d Dno3d Ano3d G Eno3d G Eno3d Dno3d Ano3d G Eno3d G Eno3d Dno3d Ano3d G Eno3d G Eno3d Dno3d Ano3d G Eno3d G Eno3d Dno3d Ano3d G Eno3d G Eno3d,1997,'australian rock' 'hard rock' 'rock',1990.0,australian rock,artist_470,rock,1LheCZ3RXeYZ9jdXMQhQwc,711MCceyCBcFnzjGY4Q7Un
702,<verse_1> Dsmin Cs Dsmin Cs Dsmin Cs Dsmin Cs Dsmin Cs Dsmin Cs Dsmin Cs Dsmin Cs Dsmin Cs Dsmin Cs Dsmin Cs <chorus_1> Fs Cs Bbmin Gs Fs Cs Gssus4 Gs Fs Cs Gssus4 Gs Fs Cs Gssus4 Gs Fs Cs <verse_2> Dsmin Cs Dsmin Cs Dsmin Cs Dsmin Cs Dsmin Cs Dsmin Cs Dsmin Cs Fs Dsmin C/Fs Gs <chorus_2> Cs Fs Cs Bbmin Gs Fs Cs Gssus4 Gs Fs Cs Gssus4 Gs Fs Cs Gssus4 Gs Fs Cs Fs Gs <bridge_1> Bbmin Fs Gs Bbmin Fs <chorus_3> Cs Bbmin Gs Fs Cs Gssus4 Gs Fs Cs Gssus4 Gs Fs Cs Gssus4 Gs Fs Cs,2023-02-03,'hopebeat' 'pov: indie',2020.0,,artist_471,rap,6Qw4HUMmHFOZDm7ifh2Vui,6R664N4cEza3eORSqKSgO4
703,<intro_1> E Esus4 Gsmin A E <verse_1> Esus4 Gsmin A Csmin B Csmin B E Gsmin A B E Gsmin A Csmin B Fsmin Gsmin A B B7 <chorus_1> E A B E A B Csmin Gs B Fs Fsmin Gsmin A B E <interlude_1> Esus4 E Gsmin A E Gsmin A Csmin B Fsmin Gsmin A Bsus4 B <chorus_2> E A B E A B Csmin Gs B Fs Fsmin Gsmin A B E <outro_1> A B E A B Csmin Gs B Fs Fsmin Gsmin A B E A B E Esus4 Gsmin A E,,'classic belgian pop',,,artist_22,pop,,7p0vcwWuuNIgMQvaYkgiRG
704,<intro_1> E <verse_1> A B E A B E A B E A B A B D B D B <verse_2> E A B E A B E A B E A B A B D B D B <interlude_1> A B D B D B E A B E A B E A B E A B E A B E A B E A B E A B E,,,,,,,,
705,<verse_1> G D Emin C G D Emin C G D Emin C <chorus_1> G D Emin C G D Emin C G D Emin C <bridge_1> G D Emin C G D Emin7 C <chorus_2> G D Emin7 C G D Emin7 C G B Emin C <outro_1> G D Emin C G,2022-11-12,,2020.0,,artist_472,,7062vbsPmNVrgRQNfBlnYW,0e09BIk5bpWHB308HHZzBb
706,<chorus_1> F C F C F C F C G C G C F G C <interlude_1> F C F C F C F C <verse_1> F D G F C F C <chorus_2> F C F C F C F C G C G C F G C <interlude_2> F C F C F C F C <verse_2> F D G F C F C <chorus_3> F C F C F C F C G C G C F G C <interlude_3> F C F C F C F C <verse_3> F D G F C F C <chorus_4> F C F C F C F C G C G C F G C,,'aesthetic rap' 'meme rap',,,artist_473,rap,,2YHPVKeJcX02OyeNneU5v3
707,<intro_1> E Csmin Fs A E Csmin Fs A E Csmin Fs A E Csmin Fs A E Csmin Fs A E Csmin Fs A E Csmin Fs A E Csmin Fs A E Csmin Fs A E Csmin Fs A E Csmin Fs A E Csmin Fs A E Csmin Fsmin A E Csmin Fs A E Csmin Fs A E Csmin Fs A E,2019-06-20,,2010.0,,artist_474,,0Mlp9ySQVrscxvfrh6Z3bi,62kGqxOjA65sJd3Nua6l3g
708,<intro_1> Dmin7 Ab Bb <verse_1> Dmin7 Ab Bb Dmin7 Ab Bb Dmin7 Ab Bb Dmin7 Ab Bb Ab Bb Ab Bb <chorus_1> Dmin7 Ab Bb Dmin7 Ab Bb <verse_2> Dmin7 Ab Bb Dmin7 Ab Bb Dmin7 Ab Bb Dmin7 Ab Bb Ab Bb Ab <bridge_1> Dmin7 Bb Dmin7 Bb Dmin7 Bb Dmin7 Bb <outro_1> Dmin7 Ab Bb Dmin7 Ab Bb Dmin7 Ab Bb Dmin7 Ab Bb,2020-03-27,'alternative r&b' 'uk contemporary r&b' 'uk funky',2010.0,,artist_475,soul,1x6MXwyxf4R0V0Cdy4MnYl,3ETLPQkcEd7z4k3IbZmXMq
709,<intro_1> Fsmin Csmin E Fsmin Csmin E Fsmin Csmin E Fsmin Csmin E <verse_1> Fsmin Csmin E Fsmin Csmin E Fsmin Csmin E Fsmin Csmin E Fsmin E <bridge_1> Csmin E B <verse_2> Fsmin Csmin E Fsmin Csmin E Fsmin <chorus_1> Csmin E Fsmin Csmin E <outro_1> Fsmin Csmin E Fsmin Csmin E,2014-10-08,'german cloud rap',2010.0,,artist_476,rap,3w77P9O8bZq7G3RDhsy59H,6RxDDCslC38gATlTuVBmMW
710,<intro_1> Bb C Dmin C Gmin C Dmin C <verse_1> F C Bb F Amin7 Bb <verse_2> F C Bb F Amin7 Bb <chorus_1> Dmin C Bb Dmin C Bb <verse_3> F C Bb F Amin7 Bb <verse_4> F C Bb F Amin7 Bb <chorus_2> Dmin C Bb Dmin C Bb <bridge_1> Dmin C Bb Dmin C Bb C Dmin C Gmin C Dmin C <chorus_3> Gmin C Dmin C Bb C Dmin C Gmin Dmin C Bb C Dmin C Gmin C Dmin C Gmin Dmin,2019-06-07,'classic belgian pop',2010.0,,artist_22,pop,7o0HI844pa9iN9rrA5H41Z,7p0vcwWuuNIgMQvaYkgiRG
711,<intro_1> Bmin Fsmin7 Bmin Fsmin G Asus4 D G A D G Emin7 A <chorus_1> D Fsmin G Asus4 A D Fsmin G Asus4 A D Fsmin D <verse_1> Fsmin G A D Bmin Fsmin G A D Fs7 Bmin Emin7 A G Asus4 D G A D G Emin7 A <chorus_2> D Fsmin G Asus4 A D Fsmin G Asus4 A,2019-06-13,'desi pop' 'filmi' 'modern bollywood',2010.0,,artist_477,pop,1y1rQTkWmrZdJmjwuK07GC,5wJ1H6ud777odtZl5gG507
712,<verse_1> Ebmaj7 Bb Cmin7 F Ebmaj7 Bb Cmin7 F <verse_2> Ebmaj7 Bb Cmin7 F Ebmaj7 Bb Cmin7 Dsus4 D <bridge_1> Bmin C G/D D D/C Bmin C G/D D Bmin C G/D D D/C Bmin C G/D D <verse_3> Dmin Ebmaj7 Bb F F/Eb Dmin Ebmaj7 Bb F <verse_4> F/Eb Dmin Ebmaj7 Bb F F/Eb Dmin Ebmaj7 Bb F <outro_1> Ebmaj7 Dmin Dmin7 Bbmaj7 Amin Amin7 Dmin,,,,,,,,
713,<intro_1> Amin G F G <verse_1> Amin G F G Amin G F G Amin G F G Amin G F G Amin G F G Amin G F G Amin G F G Amin G F G <chorus_1> Amin G F G Amin G F G Amin G F G Amin G F G <interlude_1> Amin G F G <verse_2> Amin G F G Amin G F G Amin G F G Amin G F G Amin G F G Amin G F G Amin G F G Amin G F G <chorus_2> Amin G F G Amin G F G Amin G F G Amin G F G <interlude_2> Amin G F G <verse_3> Amin G F G Amin G F G Amin G F G Amin G F G Amin G F G Amin G F G Amin G F G Amin G F G <chorus_3> Amin G F G Amin G F G Amin G F G Amin G F G <interlude_3> Amin G F G <verse_4> Amin G F G Amin G F G Amin G F G Amin G F G Amin G F G Amin G F G Amin G F G Amin G F G <chorus_4> Amin G F G Amin G F G Amin G F G Amin G F G Amin G F G <chorus_5> Amin G F G Amin G F G Amin G F G Amin G F G Amin G F G,2020-03-20,,2010.0,,artist_478,,7uHoNWpMZ8BdJo3I6h9oIk,3TzSVg2vePWnfYCTNo3Mx6
714,<intro_1> Bbmin7 <verse_1> Bbmin Bbmin7 Bbmin Bbmin7 Bbmin Bbmin7 Bbmin Bbmin7 Gb Bbmin Gb Bbmin Bbmin7 Bbmin Gb/Bb Bbmin Bbmin7 Bbmin Gb Bbmin Bbmin7 Gb Bbmin Fno3d <chorus_1> Bbmin Abadd13 Gmin7 Gb Db Cmin7 F7 Bbmin Abadd13 Gmin7 Gbmaj7 F7 Bbmin Gb/Bb Bbmin Gb/Bb <verse_2> Bbmin Bbmin7 Bbminadd13 Gbmaj7/Bb Bbmin Bbmin7 Bbminadd13 Gbmaj7/Bb Gb Bbmin Gb/Bb Bbmin Fadd11 <chorus_2> Bbmin Abadd13 Gmin7 Gbmaj7 F7 Db Ab/C B Gb/Bb Db/Ab Abmin7 B/Gb Gb Ebmin7 Gbadd9 Amaj7 Bbmin Abadd13 Gmin7 Gbmaj7 Db Cmin7 F7/A Bbmin Abadd13 Gmin7 Gbmaj7 F7 Bbmin,2023-02-08,'classic italian pop' 'italian adult pop',2020.0,,artist_479,pop,2jeeJUdskWxxB8ivvTk0Z5,6iuybPv0Mii8x21mztjaUN
715,<verse_1> Bmin A Dmaj7 G Bmin A Dmaj7 G Bmin A D G Bmin A D <chorus_1> Bmin A D Gmaj7 Bmin A D Gmaj7 Bmin A D Gmaj7 Bmin A D Gmaj7 <verse_2> Bmin A Dmaj7 Bmin A Dmaj7 G Bmin A D G Bmin A D <chorus_2> Bmin A D Gmaj7 Bmin A D Gmaj7 Bmin A D Gmaj7 Bmin A D Gmaj7 <verse_3> Bmin A D Gmaj7 Bmin A D Gmaj7 Bmin D Bmin A Dmaj7 <chorus_3> Bmin A D Gmaj7 Bmin A D Gmaj7 Bmin A D Gmaj7 Bmin A D Gmaj7,2023-02-11,'emo trap italiana' 'trap metal italiana',2020.0,,artist_480,rap,7zbLHH0prN66iIognD95F6,5N9yiZXsLClmcg1KHZuJf5
716,<intro_1> C D Bmin Emin D C D Bmin Emin D C D Bmin Emin D C D Bmin Emin D <verse_1> C D Bmin Emin D C D Bmin Emin D C D Bmin Emin D C D Bmin Emin D <chorus_1> C D Bmin Emin D C D Bmin Emin D <instrumental_1> C D Bmin Emin D C D Bmin Emin D <verse_2> C D Bmin Emin D C D Bmin Emin D C D Bmin Emin D C D Bmin Emin D <chorus_2> C D Bmin Emin D C D Bmin Emin D <instrumental_2> C D Bmin Emin D C D Bmin Emin D <chorus_3> C D Bmin Emin D C D Bmin Emin D C D Bmin Emin D C D Bmin Emin D <outro_1> C D Bmin Emin D C D Bmin Emin D C D Bmin Emin D C D Bmin Emin D,2023-03-24,'dance rock' 'new romantic' 'new wave' 'permanent wave' 'rock' 'synthpop',2020.0,dance rock,artist_481,pop rock,3p5JD79PQP737dyEY2hnmf,762310PdDnwsDxAQxzQkfX
717,<chorus_1> C F Bb F <chorus_2> C Bb F Dmin F Dmin C F Bb F <chorus_3> C Bb F Bb F Bb F C F Bb F <chorus_4> C Bb F,1991-09-20,'lo-fi' 'protopunk' 'singer-songwriter',1990.0,,artist_334,punk,1LISiPbB2YLJREwinzbN54,6hkch2KhRl0tywpeVK5xR5
718,<intro_1> F C G F <verse_1> C G F C G <verse_2> C G F G <chorus_1> C G F C G C G F G C F G C Amin G F G C Amin G F C F <verse_3> C G F C G <verse_4> C G F G <chorus_2> C G F C G C G F B C F G C Amin G F G C Amin G F C F C F C F C F C F C F,2022-11-11,'alternative roots rock' 'new americana',2020.0,alternative roots rock,artist_482,rock,24QSizv628ZFPezSgnwGdd,3ohcHMuUq1717s8AH17hfT
719,<intro_1> E D A <verse_1> E D A E D E D A E D A <chorus_1> E D A E D A E D A E D A <verse_2> E D A E D A E D A E D A <chorus_2> E D A E D A E D A E <solo_1> D A E D A <bridge_1> G A E G A Fs B <chorus_3> E D A E D A E D A E D A E D A <outro_1> E D A E D A D A D A E D A E,2022-02-18,,2020.0,,artist_483,,0f71Yue16yAvu2KaEsbDx9,4czKAIXFsqWKaPMCH6lznB
720,<intro_1> Csmin B Csmin B Csmin B Csmin B <verse_1> Csmin B Csmin B Csmin B Csmin B Csmin B Csmin B Csmin B Csmin B Csmin B Csmin B Csmin B Csmin B Csmin B Csmin B Csmin B Csmin B Csmin B Csmin B Csmin B Csmin B <chorus_1> Csmin B Csmin B Csmin B Csmin B <interlude_1> Csmin B Csmin B Csmin B Csmin B Csmin B Csmin B Csmin B Csmin B <verse_2> Csmin B Csmin B Csmin B Csmin B Csmin B Csmin B Csmin B Csmin B <chorus_2> Csmin B Csmin B Csmin B Csmin B Csmin B Csmin B,2004-01-01,'boston rock',2000.0,boston rock,artist_484,rock,2qqhAGuMtFyv0YdiChqUXu,0NjdXlUziaK1qv3kgZV4Jy
721,<intro_1> A7 G7 C A7 C G C G A7 G7 C A7 C G C G <verse_1> A7 G7 Emin A7 C G C G A7 G7 Emin A7 C G C G A7 <chorus_1> Fsmin Emin Fsmin Emin Fsmin Emin C G A7 C G A7 <interlude_1> G7 C A7 C G C G A7 G7 C A7 C G C G <verse_2> A7 G7 Emin A7 C G C G A7 G7 Emin A7 C G C G A7 <chorus_2> Fsmin Emin Fsmin Emin Fsmin Emin C G A7 C G A7 <interlude_2> C G A7 <outro_1> C G A7 C G A7 C G A7 C G A7,2016-11-11,,2010.0,,artist_485,,39CKyG1wRghlce98hmDTGt,2yZjKqSM3xw1sEy5iNRjVO
722,<intro_1> Fs Cs Fs Asmin7 Gs <verse_1> Fs Cs Fs Asmin7 Gs Cs Fs Asmin7 Gs Dsmin7 Fmin7 Fs Gssus4 <chorus_1> Cs Gssus4 Asmin7 Fssus2 Cs Gssus4 Asmin7 Fssus2 <interlude_1> Fs Cs Fs Cs Asmin7 Gs <verse_2> Fs Cs Fs Asmin7 Gs Fs Cs Fs Asmin7 Gs Dsmin7 Fmin7 Fs Gssus4 <chorus_2> Cs Gssus4 Asmin7 Fssus2 Cs Gssus4 Asmin7 Fssus2 <interlude_2> Fs Cs Fs Cs Asmin7 Gs Fs Cs Fs Cs Asmin7 Gs Fs Cs Fs Cs Asmin7 Gs Fs Cs Fs Cs Asmin7 Gs Fs Cs Fs Cs Asmin7 Gs Fs Cs Fs Cs Asmin7 Gs Fs Cs Fs Cs Asmin7 Gs Fs Cs Fs Cs Asmin7 Gs Fs Cs Fs Cs Asmin7 Gs Fs Cs Fs Cs Asmin7 Gs <chorus_3> Asmin7 Fssus2 Cs Gssus4 Asmin7 Fssus2,2019-04-26,,2010.0,,artist_486,,1KQ8ESfJR7qkLLh5LR3BUC,1fNB11ukpnRRwihzsEH8nu
723,<intro_1> C F C F C <verse_1> F C F C Amin F C F C <verse_2> F C F C Amin F C Amin C F <chorus_1> C Emin C F G C Emin C F G <verse_3> C F C F C Amin F C <verse_4> F C F C Amin F C <chorus_2> Emin F G C Emin F G Amin G F Amin G F Amin G F,2022-11-11,'alternative roots rock' 'new americana',2020.0,alternative roots rock,artist_482,rock,5FC1Nm4dviw2WEEQ5cNPeU,3ohcHMuUq1717s8AH17hfT
724,<intro_1> Dmin A Dmin A Dmin A Dmin A Dmin A Dmin A Dmin A Dmin A Dmin A Dmin A F Gmin A Bb F C Gmin A Dmin A Dmin A Dmin A Dmin A Dmin A F Gmin A Bb F C Gmin A Dmin A <bridge_1> D Fsmin Emin D Fsmin Emin G D G D A Emin G Bmin A G A7 G A7 G A <outro_1> Dmin A Dmin A Dmin A Dmin A Dmin A Dmin A Dmin A Dmin,,,,,,,,
725,<verse_1> Dmin C Bb C Dmin C Bb C Dmin C Bb C <instrumental_1> Dmin C Bb C Bb C <verse_2> Dmin C Bb Gmin Dmin C Bb C Dmin C <chorus_1> Bb Gmin Dmin C Bb C Dmin Bb C Gmin Dmin Bb C Dmin C Bb C Bb C <chorus_2> Dmin Bb C Gmin Dmin Bb C Gmin Dmin Bb C Gmin Dmin Bb C Gmin Dmin,2001,'pop punk' 'punk' 'skate punk',2000.0,,artist_218,punk,0TI86M3hsKmuVBZ4U7664b,74xFFXkvOq9dPDigOWTHiX
726,<intro_1> Cadd9 Emin G D <verse_1> Cadd9 Emin G D Cadd9 Emin G D Cadd9 D Emin Cadd9 D Emin <chorus_1> Cadd9 G Emin D Cadd9 G Emin D Cadd9 Emin G Bmin <verse_2> Cadd9 Emin G D Cadd9 Emin G D <chorus_2> Cadd9 G Emin D Cadd9 G Emin D Cadd9 G Emin D Cadd9 D Emin Cadd9 D Emin <chorus_3> Cadd9 G Emin D Cadd9 G Emin D Cadd9 G Emin D G,2019-08-23,'country pop' 'texas country',2010.0,,artist_487,country,1qN9L6jLVHWlsCo2FdvHaA,6wCypaPtud9fC2djKw9PDX
727,<verse_1> E A E B7 A B7 E <verse_2> A E B7 A B7 E <verse_3> A E A E A E B7 <verse_4> E A E B7 A B7 E A E B7 A B7 E A E B7 A B7 E <verse_5> A E B7 A B7 E <verse_6> A E B7 A B7 E <verse_7> A E A E A E B7 <verse_8> E A E B7 A B7 E,,,,,,,,
728,<intro_1> Dmin C Bb C <verse_1> Dmin C Bb C Dmin C Bb C Dmin C Bb Dmin C Bb C <chorus_1> Dmin F C Dmin F C Gmin C F C Gmin C F C Cs Dmin C Bb C <verse_2> Dmin C Bb C Dmin C Bb C Dmin C Bb C Dmin C Bb C <chorus_2> Dmin F C Dmin F C Gmin C F C Gmin C F C Cs Dmin C Bb C Dmin F C Dmin F C Gmin C F C Gmin C F C Cs Dmin,2001,'pop punk' 'punk' 'skate punk',2000.0,,artist_218,punk,14J1LbkjrncXO2N7OY0jLg,74xFFXkvOq9dPDigOWTHiX
729,<intro_1> F Dmin Amin <verse_1> F Dmin Amin F Dmin Amin F Dmin Amin F Dmin Amin <chorus_1> F Dmin Amin F Dmin Amin <verse_2> F Dmin Amin F Dmin Amin F Dmin Amin F Dmin Amin <chorus_2> F Dmin Amin F Dmin Amin <verse_3> F Dmin Amin F Dmin Amin F Dmin Amin <chorus_3> F Dmin Amin F Dmin Amin F Dmin Amin F Amin F Dmin Amin,2022-11-18,'finnish dance pop' 'finnish hip hop',2020.0,,artist_488,pop,2kjC7Db9n6zN7XwOquPvS3,4uXWoMQ5N4kmQdBW3nFW4i
730,<intro_1> Eb G Ab <verse_1> Eb G Ab Eb G Ab Eb <chorus_1> G Ab Eb G Ab Eb G Ab Eb <verse_2> G Ab Eb G Ab Eb G Ab Eb G Ab Eb <chorus_2> G Ab Eb G Ab Eb G Ab Eb <outro_1> G Ab Eb,2002-11-05,'alternative country' 'chamber pop' 'drone folk' 'gbvfi' 'lo-fi' 'singer-songwriter',2000.0,,artist_489,country,3EvolQ19qQJDsVFPuE9ySG,2ajVJyxI4sHmTMtTA3ENko
731,<verse_1> E A E B A E B <chorus_1> E A D A E A E A <verse_2> E A E B A E B <chorus_2> E A D A E A E A <solo_1> E <verse_3> B A E B <chorus_3> E A D A E A,2018-10-18,'action rock' 'modern alternative rock',2010.0,modern alternative rock,artist_106,rock,4omhBF7gkddYZXYx8aEfhN,7c7LKkvEU9xLPyFmvV4njL
732,<intro_1> C Dmin C Dmin Bb C Dmin C Dmin A C Dmin C Dmin Bb C Dmin C Dmin A <verse_1> Dmin C Dmin C Dmin <chorus_1> C Dmin C Dmin Bb C Dmin C Dmin A C Dmin C Dmin Bb C Dmin C Dmin A C Dmin C Dmin C Dmin <verse_2> C Dmin C Dmin <chorus_2> C Dmin C Dmin Bb C Dmin C Dmin A C Dmin C Dmin Bb C Dmin C Dmin A C Dmin C Dmin C Dmin <bridge_1> C Gmin Dmin F C Gmin Dmin F,2001,'pop punk' 'punk' 'skate punk',2000.0,,artist_218,punk,2NXWitNV1HkWNmbcVy4pJL,74xFFXkvOq9dPDigOWTHiX
733,<verse_1> Fmin Bbmin/F Fminadd13 Fmin7 Fmin Bbmin/F Fminadd13 Fmin7 Fmin Bbmin7 Eb C7 Fmin Bbmin7 Eb C7 <chorus_1> Bbmin7 Eb Fmin9 Ebadd13 Bbmin7 Eb Fmin Ebadd13 Bbmin7 Eb Fmin Ebadd13 Bbmin7 Eb Fmin <verse_2> Bbmin Eb Fmin Bbmin Eb Fmin Bbmin7 Eb C7 Fmin Bbmin7 Eb C7 <chorus_2> Bbmin7 Eb Fmin9 Ebadd13 Bbmin7 Eb Fmin Ebadd13 Bbmin7 Eb Fmin Ebadd13 Bbmin7 Eb Fmin Bbmin7 Eb Abmaj7 Fmin Bbmin7 C7 <chorus_3> Bmin7 E Fsmin9 Eadd13 Bmin7 E Fsmin Eadd13 Bmin7 E Fsmin Eadd13 Bmin7 E Fsmin,,,,,,,,
734,<intro_1> Cmin Gs Bb Fmin Gmin Cmin Gs Gmin Fmin Eb Dmin Cmin Csmin Cmin <verse_1> Gs Bb Fmin Eb Cmin Gs Bb Fmin Gs Fmin G Gs G <chorus_1> Amin F C G Amin F Amin F C G Amin F Cmin Gs Gmin Fmin Eb Dmin <verse_2> Cmin Gs Bb Fmin Eb Dmin Cmin Gs Bb Fmin Eb Dmin Gs Fmin G Gs G <chorus_2> Amin F C G Amin F Amin F C G Amin F <solo_1> Cmin Gs Bb F G Gs G <chorus_3> Amin F C G Amin F Amin F C G Amin F <outro_1> Cmin Csmin Cmin,2022-10-21,'fantasy metal' 'german metal' 'german power metal' 'gothic symphonic metal' 'metal' 'opera metal' 'power metal' 'speed metal' 'symphonic metal',2020.0,,artist_490,metal,5431nMAW8bggPO2oAdDxXn,1Ih0fEQQsy9EeAJbYEeQRa
735,<verse_1> E A7 E A7 D A7 E E7 <verse_2> E A7 E A7 D A7 E E7 <chorus_1> D A7 E E7 D A7 E E7 D A7 E E7 D A7 E E7 <bridge_1> E A7 E A7 D A7 E E7 <verse_3> E A7 E A7 D A7 E E7 <verse_4> E A7 E A7 D A7 E E7 <chorus_2> D A7 E E7 D A7 E E7 D A7 E E7 D A7 E E7 <bridge_2> D A7 E E7 D A7 E E7 D A7 E E7 D A7 E E7 D A7 E E7 D A7 E E7 E A7 E A7 D A7 E E7 <chorus_1> D A7 E E7 D A7 E E7 D A7 E E7 D A7 E E7 <outro_1> D A7 E E7 D A7 E E7,,'blues' 'classic soul' 'instrumental funk' 'instrumental soul' 'memphis soul' 'soul' 'southern soul' 'traditional blues',,,artist_491,soul,4fQMGlCawbTkH9yPPZ49kP,2vDV0T8sxx2ENnKXds75e5
736,<intro_1> Bmin <verse_1> Emin Bmin Emin Bmin Emin Bmin Emin Bmin Emin Bmin Emin Bmin Emin Bmin Eminadd13 Bmin Eminadd13 Bmin Eminadd13 Bmin Eminadd13 Emin Bmin Eminadd13 Bmin Eminadd13 Bmin Eminadd13 Bmin <chorus_1> Eminadd13 Bmin Eminadd13 Bmin Eminadd13 Bmin Eminadd13 Bmin Emin Bmin Emin Bmin Emin Bmin Edim Bmin Emin Bmin Emin Bmin Emin Bmin Emin <verse_2> Bmin Eminadd13 Bmin Eminadd13 Bmin Eminadd13 Bmin Eminadd13 Bmin Eminadd13 Bmin Eminadd13 Bmin Eminadd13 Bmin Edim Bmin Eminadd13 Bmin Eminadd13 Bmin Eminadd13 Bmin Eminadd13 Emin Bmin Eminadd13 Bmin Eminadd13 Bmin Eminadd13 Bmin <chorus_2> Eminadd13 Bmin Eminadd13 Bmin Eminadd13 Bmin Eminadd13 Bmin Emin Bmin Emin Bmin Emin Bmin Edim Bmin Emin Bmin Emin Bmin Emin Bmin Emin <interlude_1> Bmin <chorus_3> Eminadd13 Bmin Eminadd13 Bmin Eminadd13 Bmin Eminadd13 Bmin Emin Bmin Emin Bmin Emin Bmin Edim Bmin Emin Bmin Emin Bmin Emin Bmin Emin Bmin Eminadd13 Bmin Eminadd13 Bmin Eminadd13 Bmin Edim Bmin,2023-02-09,'italian hip hop' 'italian pop',2020.0,,artist_492,rap,35BICD5dEJLVicj9cV0jhe,5gYADZXuZoaJwrwfAPbKuH
737,<intro_1> Dmaj7 <verse_1> Fsmin7 G E9 E Dmaj7 Fsmin7 G E E9 Gmaj7 A7 Fs7 Bmin7 Bmin7/A Gmaj7 A7 Fs7 Bmin7 Bmin7/A Gmaj7 A7 Fs7 Bmin7 A E9 A7sus4 Dmaj7 <chorus_1> Emin7 A7 Dmaj7 D7 G Gmaj7 Emin7 A13 A7sus4 Abdim7 A7sus4 A7 <verse_2> Dmaj7 Fsmin7 Gmaj7 E9 D Dmaj7 Fsmin7 Gmaj7 E9 Gmaj7 A7 Fs7 Bmin7 Bmin7/A Gmaj7 A7 Fs7 Bmin7 Bmin7/A G A7 Fs7 Bmin7 Bmin7/A E9 A7sus4 Dmaj7 <chorus_2> Emin7 A7 Dmaj7 D D9 G Gmaj7/F Emin7 Gadd9/A Abdim7 A7sus4 A <bridge_1> Gmaj7 Dmaj7 Gmaj7 Dmaj7 Fs7 G Abdim7 A7 Bbdim7 Bmin7 E9 E7 A7sus4 <chorus_3> Dmaj7 Emin7 A7sus4 A7 D D7 G Gmaj7 Emin7 A7sus4 Abdim7 A7sus4 <instrumental_1> Dmaj7 Emin7 A7 Dmaj7 D7 G Gmaj7 Emin7 A7sus4 Abdim7 Gadd9/A A7,2023-02-10,,2020.0,,artist_493,,3BmaFHt6q91CmMrA7fLLRC,7poQNrOwZoUcoqihg4Xex0
738,<intro_1> Eb <verse_1> Cmin Fmin Bb Eb Cmin Fmin Bb Eb Cmin Fmin Bb Eb Cmin Ab Bb G <chorus_1> Eb Fmin Bb Ab Eb Cmin Fmin Bb Ab Eb Bb Eb <verse_2> Cmin Fmin Bb Eb Cmin Fmin Bb Eb Cmin Fmin Bb Eb Cmin Ab Bb G <chorus_2> Eb Fmin Bb Ab Eb Cmin Fmin Bb Ab <interlude_1> Eb <verse_3> Cmin Fmin Bb Eb Cmin Ab Bb G <chorus_3> Eb Fmin Bb Ab Eb Cmin Fmin Bb Ab Bb Ab Bb Eb Db Ab Db,2023-02-09,'neue volksmusik',2020.0,,artist_494,,2m5wZJciBSeNQ3t9rErzCt,4jxyVFz6FAPjHyiF6vv3XT
739,<intro_1> C Emin C Emin C Emin C Emin <verse_1> C Emin C Emin C Emin C Emin <chorus_1> F G F G F G C Emin C Emin <verse_2> C Emin C Emin C Emin C Emin C Emin C Emin <chorus_2> F G F G F G C Emin C Emin <verse_3> C Emin C Emin C Emin C Emin <chorus_3> F G F G F G C,2018-09-07,'post-grunge',2010.0,,artist_495,,0x02IKC09GufIhUIW7WCbN,14ZxDAK6ITtZZqPdiWrvSn
740,<intro_1> Bmin F Emin Gmin Bmin Emin G Bmin Gmin Bmin Gmin <verse_1> Bmin G Gmin Bmin G Bmin Gmin Bmin Gmin Bmin G Bb Bmin G Bmin Gmin Bb Bmin G Bb Bmin G <chorus_1> Bmin D G Bmin D Bmin D <instrumental_1> Bmin G Bmin Gmin G Bmin G Bmin G Bb <verse_2> Bmin G Bmin G Bmin G Bmin G Bmin G Bmin Emin Gmin Bmin Gmin Bmin C <chorus_2> G Bmin D G Bmin D Bmin D <instrumental_2> Bmin G Bmin G Bmin G Bmin G <verse_3> Bmin E G Bmin G Bmin G Bmin G Bmin G Bmin G Bmin G Bmin G <instrumental_3> Bmin G Emin Bmin G E Bmin G Bmin G E Bmin G E Bmin G Emin Bmin G <chorus_3> Bmin D G Bmin D Bmin D,2023-01-20,'english indie rock',2020.0,english indie rock,artist_496,rock,2FyRW5FCNTKZNoFGHOwHPs,3RHoFGKe6KE3LLml7ujPKJ
741,<verse_1> A E Fsmin D A E A E Fsmin D A E A <chorus_1> D A E Fsmin D A E A D A E Fsmin D A E A <verse_2> E Fsmin D A E A E Fsmin D A E A <chorus_2> D A E Fsmin D A E A D A E Fsmin D A E A <bridge_1> E A E A E A D A E A E A E A E A D A E A <verse_3> E Fsmin D A E A E Fsmin D A E A <chorus_3> D A E Fsmin D A E A D A E Fsmin D A E A D A E Fsmin D A E A,,,,,,,,
742,<intro_1> Amin F/A Amin G/A <verse_1> Amin F G Amin F G Amin F G Amin F G F Amin G F Amin G <chorus_1> Amin F C G Amin F C G Dmin Bb F C Bb C <verse_2> Amin F G Amin F G Amin F G Amin F G F Amin G F Amin G <chorus_2> Amin F C G Amin F C G Dmin Bb F C Bb C <bridge_1> Bb Dmin C Bb Dmin C <solo_1> F Amin G F Amin G <bridge_2> F Amin G F Amin G <chorus_3> Amin F C G Amin F C G Dmin Bb F C Bb C Amin F/A Amin G/A Amin G/A F/A G/A Amin,2023-02-17,'melodic hard rock',2020.0,melodic hard rock,artist_497,rock,2gnB7LSNjqrHBonnuipfiG,5vwEknXi4MlLlFVFF3hDOg
743,<intro_1> Bmaj7 <verse_1> Gsmin7 Dsmin11 Dsmin7 Dsmin11 Dsmin7 Bmaj7 Gsmin7 Dsmin11 Dsmin7 Dsmin11 Dsmin7 Cs Badd13 Badd9 Gsmin7 Cs <chorus_1> Bmaj7 Gsmin7 Dsmin11 Dsmin7 Ds11 Dsmin7 Bmaj7 Gsmin7 Cs Asmin7 Bmaj7 <verse_2> Gsmin7 Dsmin11 Dsmin7 Dsmin11 Dsmin7 Bmaj7 Gsmin7 Dsmin11 Dsmin7 Dsmin11 Dsmin7 Cs Badd13 Badd9 Gsmin7 Cs <chorus_2> Bmaj7 Gsmin7 Dsmin11 Dsmin7 Dsmin11 Dsmin7 Bmaj7 Gsmin7 Dsmin11 Dsmin7 Dsmin11 Dsmin7 Bmaj7 Gsmin7 Dsmin11 Dsmin7 Dsmin11 Dsmin7 Bmaj7 Gsmin7 Dsmin11 Dsmin7 Bmaj7 Gsmin7 Dsmin11 Dsmin7 Dsmin11 Dsmin7,2023-02-09,'classic italian pop' 'italian adult pop',2020.0,,artist_498,pop,72FMKiJcDj3jjUFJgLvZ5Q,0gm1lHoOXAdy5OB4AwFYRr
744,<verse_1> Emin Amin Emin Amin F Amin Dmin F Amin F Amin Emin Amin Emin Amin Emin Amin Emin Amin F Amin Dmin F Amin F Amin Emin Amin Emin Amin Emin Amin Emin Amin Emin Amin Emin Amin Emin F,2005-01-01,'nouvelle chanson francaise',2000.0,,artist_499,,3ptpgM8mvJgIZ9aBT2XwaU,7rBVeyli30WgThrTij6qR6
745,<intro_1> Amin F C <verse_1> Amin F C Amin F C Amin7 Amin F C Amin C F C <verse_2> Amin F C Amin F C Amin F C G Amin F C E Amin F C E Amin F <chorus_1> C E Amin F C E Amin F C E Amin F C E Amin F C E Amin F C E Amin <instrumental_1> F C <outro_1> Amin F C Amin F C,2022-12-19,,2020.0,,artist_500,,3UKlSrL2PFIDbt1a0wA3LU,0pEoq8emZVkFGn2nRrJSnT
746,<intro_1> G Emin7 C D <chorus_1> G Emin7 C D G D G Emin7 C D G <verse_1> Emin C Emin B Emin C Emin B G D Emin C G D C D <chorus_2> G Emin7 C D G D G Emin7 C D G <verse_2> Emin C Emin B Emin C Emin B G D Emin C G D C D <chorus_3> G Emin7 C D G D G Emin7 C D G D <outro_1> G Emin7 C Emin7 D G Emin7 C Emin7 D G Emin7 C Emin7 D,1985,'deep christian rock',1980.0,deep christian rock,artist_501,rock,34eWGrKVDVYO2dNGh4NzAC,6OQ86Y34bqd5wpCI7O9xJP
747,<intro_1> Dno3d <verse_1> Dmin Dsus2 D Dsus4 Dmin Dsus2 D Dsus4 Dmin Dsus2 D Dsus4 Gmin/D Dmin Dsus2 D Dsus4 Gmin/D Dmin Dsus2 D Gmin/D Dmin Dsus2 D Gmin Dmin Dsus2/C Gmin Bb Dmin Dsus2/C Gmin Bb Dmin <chorus_1> Dsus2/C Gmin Bb C Dmin Dsus2/C Gmin Bb C Dmin Dsus2/C Gmin Bb C Dmin Dsus2/C Gmin Bb C Dmin <interlude_1> Dsus2/F D/Fs Gmin <verse_2> Dmin Dsus2/F D/Fs Gmin Dmin Dsus2/F D/Fs Gmin Dmin Dsus2/F D/Fs Gmin <verse_3> Dmin Dsus2/F D/Fs Gmin Dmin Dsus2/F D/Fs Gmin Dmin Dmin/C Gmin Bb C Dmin Dmin/C Gmin Bb A <chorus_2> Dmin Dsus2/C Gmin Bb C Dmin Amin Gmin F A Dmin Dsus2/C Gmin Bb C Dmin Amin Gmin F A Dmin Dsus2/C Gmin Bb C Dmin Amin Gmin F A Dmin <outro_1> Dsus2/C Gmin Bb C Dmin Amin Gmin F A,2021-08-27,'norwegian metal' 'prog metal' 'progressive metal',2020.0,,artist_502,metal,3u7a2c9595rXVuZUEh9a8H,4lgrzShsg2FLA89UM2fdO5
748,<verse_1> Amin G F G Amin G F G Amin G F G Amin G F Fmin Amin G F G Amin G F Fmin Amin G F G Amin G F G Amin G F G Amin G Amin Fmin Amin G F G Amin G F Fmin Amin G F G Amin G F G Amin G F G Amin G F G,2023-02-10,'nepali pop',2020.0,,artist_503,pop,6D7zop7mvKLDKqpSkchYIw,3SWItS4Rx0TeXI1tcc6gbz
749,<intro_1> Amin7 D7 Gmin7 C7 Amin7 D7 Gmin7 C7 Amin7 D7 Gmin7 C7 <verse_1> Amin7 D7 Gmin7 C7 Amin7 D7 Gmin7 C7 Amin7 D7 Gmin7 C7 Amin7 D7 Gmin7 C7 Amin7 D7 <chorus_1> Gmin7 C7 Amin7 D7 Gmin7 C7 Amin7 D7 Gmin7 C7 Amin7 D7 Gmin7 C7 Amin7 D7 <verse_2> Gmin7 C7 Amin7 D7 Gmin7 C7 Amin7 D7 Gmin7 C7 Amin7 D7 Gmin7 C7 Amin7 D7 <chorus_2> Gmin7 C7 Amin7 D7 Gmin7 C7 Amin7 D7 Gmin7 C7 Amin7 D7 <bridge_1> Gmin7 C7 Amin7 D7 Gmin7 C7 Amin7 D7 Gmin7 C7 Amin7 D7 Gmin7 C7 Amin7 D7 <chorus_3> C C7 Amin7 D7 Gmin7 C7 Amin7 D7 Gmin7 C7 Amin7 D7 Gmin7 C7 Amin7 D7 Gmin7 C7 Amin7,2009-09-29,'dance pop' 'pop' 'urban contemporary',2000.0,,artist_504,pop,0SgbP5ZZOsUiHlE8EfeHma,4iHNK0tOyZPYnBU7nGAgpQ
750,<intro_1> A D A E A D A D A E A D A <chorus_1> Fsmin D E A D E A Fsmin D E A <verse_1> Fsmin D Fsmin E Fsmin D A E A E Fsmin D A E D E <chorus_2> A Fsmin D E A D E A Fsmin D E A D A E A D A <solo_1> Amin Gsmin Bmin E Amin A E Dmin E <bridge_1> A E D A E D E A E D A D E A D E A E D A E D E A B D A D E G Fsmin E A D A,2020-05-08,'afrikaans gospel',2010.0,,artist_505,,35uiXstrAJ7MsDma2Ohvj8,71EVj2pkQqxpv87X71vFsM
751,G D G C D G D G C G D C G C D G C G D G C G C G D G C G D G D G D G C D G D G C G D C G D G,2011-02-20,'irish country',2010.0,,artist_506,country,30wK78v06ZQVFNe24hSQoC,3m3FVqK23db5Sf6vFKLs05
752,<intro_1> C7 Fmin C7 Fmin <verse_1> Bbmin Fmin Bbmin C7 Fmin Bbmin Fmin C7 Fmin C7 Fmin Bbmin Fmin <verse_2> Bbmin C7 Fmin Bbmin Fmin C7 Fmin C7 Fmin,1958,,1950.0,,artist_507,,3sLhMSePzxSrmxluIqeoAZ,3VBpsrUi2vV7Uj87ONHu7Z
753,<intro_1> A Bmin Csmin Bmin Bb A Bmin Csmin Bmin Bb <verse_1> A Bmin Csmin Bmin Bb A Bmin Csmin E A D Csmin D Csmin Bmin E <chorus_1> A Bmin Csmin Bmin Bb A Bmin Csmin Bmin Bb <verse_2> A Bmin Csmin Bmin Bb A Bmin Csmin E A D Csmin D Csmin Bmin E <chorus_2> A Bmin Csmin Bmin Bb A Bmin Csmin Bmin Bb <solo_1> A Bmin Csmin Bmin Bb A Bmin Csmin E A <bridge_1> D Csmin D Csmin Bmin E <chorus_3> A Bmin Csmin Bmin Bb A Bmin Csmin Bmin Bb A D A D A D A D A,,'classic opm' 'opm',,,artist_508,,6v5gynE8gZcLwipN1UjCaD,6RV3CKY0UJIPKXyGs85Thm
754,<verse_1> G G7 C G G7 A7 D D7 G G7 C G <chorus_1> D G C G D G E <verse_2> A A7 D A A7 B7 E E7 A A7 D A <chorus_2> E A D A E A,,'classic texas country' 'contemporary country',,,artist_509,country,,6zLBxLdl60ekBLpawtT63I
755,<intro_1> D Fsmin G <verse_1> D Fsmin G D Fsmin7 G <chorus_1> D Fsmin7 G D Fsmin7 G Gmin D Fsmin7 G <verse_2> D Fsmin7 G D Fsmin7 G <chorus_2> D Fsmin7 G D Fsmin7 G Gmin D Fsmin7 G D Fsmin7 G <chorus_3> D Fsmin7 G D Fsmin7 G Gmin D Fsmin G <outro_1> D G Gmin,2022-05-06,'country pop' 'texas country',2020.0,,artist_487,country,20UUqgUjpiEZWKW0wujOVP,6wCypaPtud9fC2djKw9PDX
756,<intro_1> A E Bmin D A E Bmin D <verse_1> A E Bmin D A E Bmin D <verse_2> A E Bmin D A E Bmin D <chorus_1> Bmin D A E Bmin D A E Bmin D A E Bmin D A E <bridge_1> A E Bmin D A E Bmin D A E Bmin D E Bmin D Bmin <chorus_2> D A E Bmin D A E Bmin D A E Bmin D A E <outro_1> A E Bmin D,2023-02-08,'asheville indie' 'bubblegrunge' 'indie pop',2020.0,,artist_510,alternative,0EWHn0McVO8Ewbkqvh53AD,3ir2pF2mkiEWqyPenKTh5e
757,<intro_1> Emin D Emin <chorus_1> D Emin D Emin D Emin D Emin <verse_1> D Emin D Emin D Emin <chorus_2> D Emin D Emin D Emin D Emin <verse_2> D Emin D Emin D Emin <chorus_3> D Emin D Emin D Emin D Emin <verse_3> D Emin D Emin D Emin <chorus_4> D Emin D Emin D Emin D Emin <verse_4> D Emin D Emin D Emin <outro_1> D Emin D Emin D Emin D Emin,2009-01-01,'bagpipe' 'irish folk' 'traditional scottish folk',2000.0,,artist_511,country,3cbDdoVPsU5OlGfIGhgHh8,37QFe07xXVifiZf6t6t3PE
758,<intro_1> Emin <verse_1> C D Emin C D C D C D <chorus_1> Emin C G D Emin C D Emin C G D Emin C D Emin <verse_2> C D Emin C D C D C D <chorus_2> Emin C G D Emin C D Emin C G D Emin C D Emin <verse_3> G C D Emin G C D C D C D Emin <chorus_3> C G D Emin C D Emin C G D Emin C D Emin C G D Emin C D Emin C G D Emin C D Emin,2010-02-16,'neon pop punk' 'pop punk' 'screamo',2000.0,,artist_512,pop,3P43WpBHNxj5wMqSNWCp75,0KDuKk6YdEu3hR56HtXmxt
759,<intro_1> A D A E A D A D E D A E D A <verse_1> E D A E D A D A D E <chorus_1> A D A E A D A E D A <verse_2> E D A E D A D A D E <chorus_2> A D A E A D A E Fs A E <chorus_3> A D A E A D A E A D A E A D A E <outro_1> A D A E A D A E A D,1988,'album rock' 'glam metal' 'hard rock',1980.0,hard rock,artist_513,rock,7nyjXSQu2WGpZMzzBthVbN,7HL4id2U7FSDJtfKQHMgQx
760,<verse_1> Amin/E E7b9 Amin/E <chorus_1> Amin C E Gsdim7 F A7/Cs Dmin F E7 <verse_2> Amin/E <chorus_2> Amin C E Gsdim7 F A7/Cs Dmin F E7,2022-07-07,'bass trap',2020.0,,artist_514,rap,0SmsBon58vD8QskC1l18TQ,1fd3fmwlhrDl2U5wbbPQYN
761,Dno3d Bno3d Ano3d Gsno3d Dno3d Bno3d Ano3d Gsno3d Ano3d Fs Ano3d Fs Ano3d Fs Bmin B A Dno3d Bno3d Ano3d Gsno3d Dno3d Bno3d Ano3d Gsno3d Ano3d Fs Ano3d Fs Ano3d Fs Bmin B A Dno3d Csno3d Cno3d Bno3d Eno3d Dno3d Csno3d Cno3d Bno3d Eno3d Dno3d Ano3d Dno3d Eno3d Ano3d Dno3d Eno3d Ano3d Dno3d Eno3d Ano3d Dno3d Eno3d Ano3d Dno3d Eno3d E,,,,,,,,
762,<intro_1> G Amin G Amin G Amin G Amin <verse_1> G Amin G Amin G Amin G Amin <chorus_1> C G/B D C G/B D C G/B D C G/B D G Amin C G/B Amin G Amin C G/B Amin <instrumental_1> G Amin G Amin <verse_2> G Amin G Amin G Amin G Amin <bridge_1> G C G C <chorus_2> G/B D C G/B D C G/B D C G/B D G Amin C G/B Amin G Amin C G/B Amin G Amin C G/B Amin G Amin C G/B Amin <outro_1> G,2023-02-10,'cornwall indie',2020.0,,artist_515,alternative,1I3yFdfvL3zbTRlcnoUmX5,5HS4BCPnb2zYSwsmXunf8d
763,<intro_1> D G D G <verse_1> D G D G D G D G <chorus_1> D A Bmin7 A G A D A Bmin7 A G A Bmin7 Emin7 A D G <verse_2> D G D G D G D G <chorus_2> D A Bmin7 A G A D A Bmin7 A G A Bmin7 Emin7 A Bmin7 A G Emin7 <chorus_3> D A Bmin A G A D A Bmin7 A G A Bmin7 Emin7 A Bmin7 Emin7 A D G D G D,2023-03-31,'country pop' 'texas country',2020.0,,artist_487,country,2Hvzq7ogFz5Xk0WX7Gbviz,6wCypaPtud9fC2djKw9PDX
764,<intro_1> A E A E A D A E A <chorus_1> E A D A E A <verse_1> E A D A E A <chorus_2> E A D A E A <instrumental_1> E A D A E A <verse_2> E A A7 D A E A <chorus_3> E A A7 D A E A <outro_1> A7 D A E A,2005,,2000.0,,artist_516,,3mTxMEg0VYNoiPn86BaXyD,3Ew4w7gt889osIUzTRRviX
765,<verse_1> G Emin G Emin G Emin G Emin G Emin G Emin G Emin G Emin Amin C G D/Fs <chorus_1> Amin C G D Amin C G D G <verse_2> Emin G Emin G Emin G Emin G Emin G Emin G Emin G Emin Amin C G D/Fs <chorus_2> Amin C G D Amin C G D Amin <outro_1> C G D G,2023-06-09,,2020.0,,artist_517,,3LrZy46NcTosu1FHoleBse,0fXNL948r9cbGsA6ZSwg6L
766,<intro_1> C G D C G D C <verse_1> G D C G D C <chorus_1> G D C G D C <verse_2> G D Emin C G D C <chorus_2> G D C G D C Cmin <interlude_1> C D G G/D Emin C D G G/D Emin C D G G/D C D G G/D C Cmin G,2020-01-24,'scottish singer-songwriter',2010.0,,artist_518,,39LkA4qDpUqjxZLPiMqq3V,35Fgpow3yDLh3dvixUOucS
767,<intro_1> Fsmin D Fsmin D Fsmin D E Fsmin D <verse_1> Fsmin E Fsmin D Cs Fsmin E Fsmin D Cs A E Bmin Cs <verse_2> Fsmin E Fsmin D Cs Fsmin E Fsmin D Cs A E Bmin Cs <chorus_1> Fsmin A E D Cs Fsmin A D Cs Fsmin D Fsmin D <verse_3> Fsmin E Fsmin D Cs Fsmin E Fsmin D Cs A E Bmin Cs <chorus_2> Fsmin A E D Cs Fsmin A D Cs Fsmin D Fsmin D <solo_1> Fsmin D Fsmin D Fs Bmin E A D B/Ds Cs Fs Bmin E A D B/Ds Cs Fsmin D Fsmin D E <bridge_1> A E Bmin Fsmin Cs A E Bmin Cs <chorus_3> Fsmin A E D Cs Fsmin A D Cs Fsmin A E D Cs Fsmin A D Cs Fsmin D Fsmin D Fsmin D Fsmin D Fsmin D Fsmin E/Gs A Bmin Cs Fsmin,1997-08-29,'finnish power metal' 'metal' 'neo classical metal' 'power metal' 'progressive metal' 'speed metal' 'symphonic metal',1990.0,,artist_519,metal,0hOCa3vJD3oulhcY8GGCRC,1O8CSXsPwEqxcoBE360PPO
768,<intro_1> Dsus2 D7sus2 G Dsus2 D7sus2 Amin Dsus2 D7sus2 Amin Dsus2 D7sus2 Emin <verse_1> Amin G Amin G Amin D G <chorus_1> Amin C G Amin C G <instrumental_1> Dsus2 D7sus2 Amin Dsus2 D7sus2 Emin <verse_2> Amin G <bridge_1> D G D G C G D G <instrumental_2> Dsus2 D7sus2 G Dsus2 D7sus2 Amin Dsus2 D7sus2 Amin Dsus2 D7sus2 G Amin G Amin D G <chorus_2> Amin C G Amin C G Amin C G Amin D G,2023-03-10,'celtic punk' 'celtic rock' 'punk',2020.0,celtic rock,artist_520,punk,72Ze4nativHv39hK8Gqd72,5kQGFREO5FzMBMsAO3cEtj
769,<intro_1> Bb Eb Gmin Eb <verse_1> Bb Eb Gmin Eb Bb Eb Gmin Eb <chorus_1> Bb Eb Gmin Eb Bb Eb Gmin Eb <intro_2> Bb Eb Gmin Eb <verse_2> Bb Eb Gmin Eb Bb Eb Gmin Eb F <chorus_2> Bb Eb Gmin Eb Bb Eb Gmin Eb Ebmin <instrumental_1> Gmin Eb Bb F Gmin Eb Bb F <bridge_1> Gmin Eb Bb F <instrumental_2> Gmin Eb Bb F <chorus_3> Bb Gmin Eb Bb/D Eb Gmin Eb <outro_1> Bb Eb Gmin Eb Bb Eb Gmin Eb,2022-11-28,,2020.0,,artist_521,,2Cfm0uChvnvuKw7j6InCxP,2iwr2tr1oiAV1iCYf74VjC
770,<intro_1> Amin G F Amin G F <verse_1> Amin G F Amin G F <verse_2> Amin G F Amin G F G F G <chorus_1> F G C Amin F G C <verse_3> Amin G F Amin G F G F G <chorus_2> F G C Amin F G C F G C Amin F G C <bridge_1> F G C Amin F G C Amin F G C Amin F G C Amin <chorus_3> F G C Amin F G C F G C Amin F G C,2018-10-12,'german worship' 'swiss worship',2010.0,,artist_522,,4MpcbfvnYFqu1ZlsGewTE9,1873VC6wwt3SV4zFnXoWi1
771,<intro_1> Amin G Emin F <verse_1> Amin Fmaj7 Dmin G Fmaj7 G Fmaj7 G Dmin7 E7 <chorus_1> Amin Dmin7 E7 Amin Dmin7 E7 Amin E7 G Amin <verse_2> G Fmaj7 Emin Dmin7 G Amin G Fmaj7 G Dmin7 E7 <chorus_2> Amin Dmin7 E7 Amin Dmin7 E7 Amin E <bridge_1> Amin G Dmin7 E Amin G Dmin7 E <chorus_3> Amin Dmin7 E7 Amin Dmin7 E Amin G Fmaj7 Emin Dmin E Amin,,,,,,,,
772,<intro_1> Amaj7 A Csmin Bmin E <verse_1> A Csmin Bmin E A Csmin Bmin7 Bmin A E <chorus_1> Bmin7 E A Bmin E A <instrumental_1> Amaj7 A Csmin Bmin E <verse_2> A Csmin Bmin E A Csmin Bmin E <chorus_2> Bmin7 E A Bmin E A <bridge_1> Dmaj7 A D Bmin Cs E <chorus_3> Bmin Csmin A Bmin Csmin A <outro_1> Bmin A Bmin A B,2022-06-24,,2020.0,,artist_523,,0rw7E6zwcpgeMAz2fuZPNq,6hUIDnCrzRoxekFkOoy8Fi
773,<intro_1> G <verse_1> D A Bmin G D A Emin G D A Emin G D A G <chorus_1> D A Bmin G D A Bmin G D A Bmin G Bmin A D <verse_2> A Bmin G D A Bmin G D A Bmin G D A G <chorus_2> D A Bmin G D A Bmin G D A Bmin G D A Bmin G Bmin A D <bridge_1> G A Bmin G A Bmin D G A Bmin G A Bmin G A Bmin G A Bmin D G A Bmin G A Bmin G A Bmin G Bmin <chorus_3> G D A Bmin G D A Bmin G D A Bmin G D A Bmin G Bmin A D,,'christian music' 'classic praise',,,artist_524,,,4q7PS6zi0CyrEo23orQCkW
774,<verse_1> Emin Amin G Emin Amin G Emin Amin G Emin Amin G <chorus_1> Emin Amin G Emin Amin G Emin Amin G Emin Amin G Emin Amin G Emin Amin G Emin Amin G Emin Amin G <verse_2> Amin G Emin Amin G Emin Amin G Emin Amin G Emin Amin G Emin Amin <chorus_2> Emin Amin G Emin Amin G Emin Amin G Emin Amin G Emin Amin G Emin Amin G Emin Amin G Emin Amin G <bridge_1> Emin Amin G Emin Amin G Emin Amin G Emin Amin G Emin Amin G Emin Amin G Emin Amin G Emin Amin G <chorus_3> Emin Amin G Emin Amin G Emin Amin G Emin Amin G Emin Amin G Emin Amin G Emin Amin G Emin Amin G,2023-02-08,'alt z' 'nz pop',2020.0,,artist_525,pop,6YufjjSqUweXdQHduL76zr,0Cp8WN4V8Tu4QJQwCN5Md4
775,<intro_1> Dmin C Amin Bb Dmin Amin Bb C <verse_1> Dmin C Amin Bb Dmin Amin Bb C Dmin Amin Bb C Bb C Bb C <chorus_1> Fmin Cs Gs Ds Fmin Cs Gs Ds Gmin Ds Bb F Gmin Ds D <verse_2> Dmin C Amin Bb Dmin Amin Bb C Bb C Bb C <chorus_2> Fmin Cs Gs Ds Fmin Cs Gs Ds Gmin Ds Bb F Gmin Ds D <bridge_1> Dmin C Amin Bb Dmin Amin Bb C <solo_1> Gmin Eb Gmin Dmin Cmin Gmin Eb Bb Cmin Dmin Bb C Bb C <chorus_3> Fmin Cs Gs Ds Fmin Cs Gs Ds Gmin Ds Bb F Gmin Ds D <chorus_4> Fmin Cs Gs Ds Fmin Cs Gs Ds Gmin Ds Bb F Gmin Ds D <outro_1> Dmin F Dmin F G F Dmin F Dmin F G A Dmin F Dmin F G F,2008-10-24,'fantasy metal' 'german metal' 'german power metal' 'gothic symphonic metal' 'metal' 'opera metal' 'power metal' 'speed metal' 'symphonic metal',2000.0,,artist_490,metal,6AqIhSDn28XFG0ymRAWQpe,1Ih0fEQQsy9EeAJbYEeQRa
776,Bmin Fmin G A D Fmin G D G D A D A G D G D A D Fmin G D G D A D A G D G D A D A G D G D A Bmin Fmin G D G D A D Bmin Fmin G A D Bmin A G D G D A Bmin Fmin G D G D A D G D G D A D,1999-01-01,'irish country',1990.0,,artist_506,country,1a08K9aIMOoJwG8j1Z9hET,3m3FVqK23db5Sf6vFKLs05
777,<verse_1> F Bb Dmin F Bb F Bb Dmin F Bb Gmin Dmin7 Gmin7 F Bb <chorus_1> F Dmin7 C Bb F Dmin7 C Bb <verse_2> F Bb Dmin7 F Bb Dmin7 C F Bb Dmin C Amin Bb Gmin Dmin7 Gmin F Bb <chorus_2> F Dmin7 C Bb F Dmin7 C Gmin7 <bridge_1> Bb Dmin7 C F C Bb <chorus_3> F Dmin7 C Gmin7 Bb F Dmin7 C Gmin7 F Bb F Dmin7 C Gmin7 F Bb,2023-03-10,'singer-songwriter pop',2020.0,,artist_526,pop,1aNcRXb2dHyCqcd5PBAE8m,0VMFTqmv0hYlWruyBERT95
778,<intro_1> G C Emin7 C G C Emin7 C <verse_1> G Dmin7 Amin7 C G Dmin7 Amin7 C D Emin7 D <chorus_1> G Amin7 G/B C Emin7 C G Amin7 G/B C Emin7 C G <interlude_1> Amin7 G/B C Emin7 C <verse_2> G Dmin7 G C Cmin7 G7 Dmin7 G C Cmin7 G/B C D Emin7 D <chorus_2> G Amin7 G/B C Emin7 C G Amin7 G/B C Emin7 C G <interlude_2> Amin7 G/B C Emin7 C G Amin7 G/B C Emin7 C <bridge_1> Amin7 C G D Amin7 C G D Amin7 C G D Amin7 C G D <interlude_3> C D/C G/B C <chorus_3> G Amin7 G/B C Emin7 C G Amin7 G/B C Emin7 C <chorus_4> G G/C G/E G/C G G/C G/E G/C G <outro_1> C Emin7 C,2022-11-28,,2020.0,,artist_521,,7JFZRofZgVuHNe0nVqYkns,2iwr2tr1oiAV1iCYf74VjC
779,<verse_1> G Gmaj7 Bmin Emin Amin Dsus4 D G C D C G Gmaj7 Bmin Emin Amin Amin/D D C C/D G <chorus_1> Fmaj7 G Fmaj7 Dsus4 D C G D Emin A7 D <verse_2> G Gmaj7 Bmin Emin Amin Dsus4 D G C D C G Gmaj7 Bmin Emin Amin Amin/D Dsus4 D C D G <chorus_2> Fmaj7 G Fmaj7 Dsus4 D C G D Emin A7 D <solo_1> G D Emin C Amin D Fmaj7 <verse_3> G Gmaj7 Bmin Emin Amin D G C D C G Gmaj7 Bmin Emin Amin Dsus4 D C C/D G <chorus_3> Fmaj7 G Fmaj7 Dsus4 D C G D Emin A7 D C/D G,,,,,,,,
780,<intro_1> E <chorus_1> A E A E A E B A E A E A E B <interlude_1> E <chorus_2> A E A E A E B A E A E A E B <interlude_2> A E A E A E B A E A E A E B <chorus_3> A E A E A E B A E A E A E B A E A E A E B A E A E A E B,2022-09-23,'australian indie folk' 'folk-pop',2020.0,,artist_527,country,59PjkF6iaAQrBlOE61qeRS,6cSxzHrQgGc4I4Ck5Gewej
781,<intro_1> Gmin Bb Gmin Bb Gmin Bb Gmin Bb <verse_1> Gmin Bb Gmin Bb Gmin Bb Gmin Bb Gmin Bb Gmin Bb Gmin Bb Gmin Bb Eb Dmin Cs C <chorus_1> Gmin Bb Eb Gmin Bb Eb Gmin Bb Eb Gmin Bb Eb <interlude_1> Gmin Bb Gmin Bb Gmin Bb Gmin Bb <verse_2> Gmin Bb Gmin Bb Gmin Bb Gmin Bb Gmin Bb Gmin Bb Gmin Bb Gmin Bb Eb Dmin Cs C <chorus_2> Gmin Bb Eb Gmin Bb Eb Gmin Bb Eb Gmin Bb Eb Gmin Bb Eb Gmin Bb Eb Gmin Bb Eb Gmin Bb Eb <solo_1> Gmin Bb Eb Gmin Bb Eb Gmin Bb Eb Gmin Bb Eb Gmin Bb Eb Gmin Bb Eb D <chorus_3> Gmin Bb Eb Gmin Bb Eb Gmin Bb Eb Gmin Bb Eb Gmin Bb Eb Gmin Bb Eb Gmin Bb Eb Gmin Bb Eb <outro_1> Gmin Bb Gmin Bb F Gmin Bb Gmin Bb F Gmin,2023-08-11,'opm' 'pinoy rock',2020.0,pinoy rock,artist_528,rock,7zyS2Fs4BNWXoZtsLEmqk2,18B9mAtwCLjkXGMlBtH1LZ
782,<intro_1> Bmin7 Csmin7 Fsmin7 Bmin7 Csmin7 Fsmin7 <verse_1> Bmin7 Csmin7 Fsmin7 Bmin7 Csmin7 Fsmin7 Bmin7 Csmin7 Fsmin7 Bmin7 Csmin7 Fsmin7 Bmin7 Cs7 Dmaj7 Bmin7 Dmaj7 Csmin7 Bmin7 Cs7 Dmaj7 Fsmaj7sus4 <chorus_1> Bmin7 E Amaj7 Dmaj7 Bmin7 E Amaj7 Dmaj7 Bmin7 E Amaj7 Dmaj7 Bmin7 E Amaj7 Dmaj7 <verse_2> Bmin7 Csmin7 Fsmin7 Bmin7 Csmin7 Fsmin7 Bmin7 Csmin7 Fsmin7 Bmin7 Csmin7 Fsmin7 Bmin7 Cs7 Dmaj7 Bmin7 Dmaj7 Csmin7 Bmin7 Cs7 Dmaj7 Fsmaj7sus4 <chorus_2> Bmin7 E Amaj7 Dmaj7 Bmin7 E Amaj7 Dmaj7 Bmin7 E Amaj7 Dmaj7 Bmin7 E Amaj7 Dmaj7 <bridge_1> Bmin7 E Amaj7 Dmaj7 Bmin7 E Amaj7 Dmaj7 <chorus_3> Bmin7 E Amaj7 Dmaj7 Bmin7 E Amaj7 Dmaj7 Bmin7 E Amaj7 Dmaj7 Bmin7 E Amaj7 Dmaj7,,,,,,,,
783,<intro_1> Db Fmin Ab Bbmin <verse_1> Fmin Eb Db Fmin Eb Db Fmin Eb Db F Fmin Eb Db Fmin Ab Db Fmin Eb Db Fmin Ab Db Fmin Eb Db Dbmin Bbmin Fmin Ab Bbmin Db Fmin Ab Bbmin <chorus_1> Db Fmin Ab Bbmin Db Fmin Ab Bbmin <interlude_1> Db Fmin Ab Bbmin <verse_2> Fmin Ab Db Fmin Ab Db Fmin Ab Db Fmin Eb Db Fmin Ab Db Fmin Eb Db Fmin Ab Db Fmin Eb Db Dbmin Bbmin Fmin Ab Bbmin Db Fmin Ab Bbmin <chorus_2> Db Fmin Ab Bbmin Db Fmin Ab Bbmin <bridge_1> Eb Db Fmin Eb Cmin <chorus_3> Db Fmin Ab Bbmin Db Fmin Ab Bbmin,2023-11-07,'italian adult pop' 'italian pop' 'turin indie',2020.0,,artist_529,pop,7LCYkerBZ30eorfev3AHwd,5mTg1ztZByLRHsOEtwmT4G
784,<intro_1> Csmin B A Csmin B Csmin B Csmin B Csmin B A <verse_1> Csmin B A B Csmin B A B Csmin B A B Csmin B A B Csmin E <bridge_1> Ds E Fsmin A E Ds B Fsmin A E Fsmin A E B E Fsmin A <interlude_1> B Csmin A B A B <verse_2> Csmin B A B Csmin B A B Csmin B A B Csmin B A B Csmin <outro_1> B A B Csmin B A B Csmin B A,2003,'neon pop punk' 'pop punk' 'screamo' 'south dakota indie',2000.0,,artist_530,pop,7ISrLJkICgf2HGqnt5Yxyp,4W8SeWrRZUburGZyp5JwYj
785,<intro_1> Emin C G D <verse_1> Emin C G D Emin C G D Emin C G D <chorus_1> C G D C G D C G B D Emin C G D Emin <verse_2> C G D G Emin C G D Emin C G D Emin C D <chorus_2> C G D C G D C G B D Emin C G D C G D C G D <bridge_1> Amin D Amin D Amin Emin D F <chorus_3> C G D C G D C G B D Emin C G D,2023-02-09,'italian adult pop' 'italian underground hip hop' 'rap italiano old school',2020.0,,artist_531,rap,6V56v1doz8vc9tVXgY4HXY,1Ij5ZIGlPTkoZibay58zHe
786,<intro_1> Amin G Dmin E Amin G Dmin E Amin G Dmin E Amin G Dmin E <verse_1> Amin G Dmin E Amin G Dmin E Amin G Dmin E Amin G Dmin E Amin G Dmin E Amin G Dmin E <chorus_1> Amin G Dmin E Amin G Dmin E Amin G Dmin E Amin G Dmin E Amin G Dmin E Amin G Dmin E Amin E/Gs Dmin E Amin E/Gs Dmin E <verse_2> Amin G Dmin E Amin G Dmin E Amin G Dmin E Amin G Dmin E <chorus_2> Amin G Dmin E Amin G Dmin E Amin G Dmin E Amin G Dmin E Amin G Dmin E Amin G Dmin E Amin E/Gs Dmin E Amin E/Gs Dmin E <interlude_1> Amin G Dmin E Amin G Dmin E Amin G Dmin E Amin G Dmin E Amin G Dmin E Amin G Dmin E Amin G Dmin E Amin G Dmin E Amin G Dmin E <chorus_3> Amin G Dmin E Amin G Dmin E Amin G Dmin E Amin G Dmin E Amin G Dmin E Amin G Dmin E Amin E/Gs Dmin E Amin E/Gs Dmin E,1999-03-10,'anime' 'classic j-pop' 'j-pop' 'japanese singer-songwriter',1990.0,,artist_532,pop,4bn18EWACtnepu20f2YtiA,7lbSsjYACZHn1MSDXPxNF2
787,<intro_1> Dmin Amin Bbmaj7 Cadd13 <verse_1> Dmin Amin Bbmaj7 Cadd13 Dmin Amin Bbmaj7 C <verse_2> Dmin Amin Bb Cadd13 <chorus_1> Dmin Amin Bb Cadd13 <verse_3> Dmin F Bb F <verse_4> Dmin Amin Bb Cadd13 <chorus_2> Dmin Amin Bb Cadd13 Dmin Amin Bb Cadd13 <bridge_1> Bbmaj7 Gmin Amin Dmin Amin Bb Gmin Amin <chorus_3> Dmin Amin Bb Cadd13 Dmin Amin Bb Cadd13 Dmin,2022-04-07,'italian hip hop' 'italian pop' 'rap genovese' 'trap italiana',2020.0,,artist_328,rap,0mHC3BK9vFGoEU0EcGPWRZ,0jdNdfi4vAuVi7a6cPDFBM
788,<intro_1> D C/D D G/D D C/D D G D G F D G F D G F D G F <verse_1> G Bb G Bb G Bb G Bb D <chorus_1> F D F G D F G <interlude_1> D G F D G F <verse_2> G Bb G Bb G Bb G Bb D <chorus_2> F D F G D F G D F G <bridge_1> A G F Bb A G F Bb A G F Bb C <solo_1> D G F D G F D G F D G F <bridge_2> D <interlude_2> C/D D G/D D F G <chorus_3> D F G D F G D F G D F G D F G D F G D F G F G D F,2001-06-05,'album rock' 'hard rock' 'new wave' 'rock',2000.0,hard rock,artist_533,rock,66CnEXvRUAbv4FjXS3kVsu,49DW3KvkyjHO35mK1JnSyS
789,<intro_1> E A E A B E B A B E A B <verse_1> E A B E A B E A B E A B <chorus_1> E Csmin A B E Csmin A B E Csmin A B E Csmin A B E A B E B A B <verse_2> E A B E A B E A B E B A B <chorus_2> E Csmin A B E Csmin A B E Csmin A B E Csmin A B E Csmin <bridge_1> A Csmin B <chorus_3> E Csmin A B E Csmin A B E Csmin A B E Csmin A B E <outro_1> Csmin B E Csmin B E Csmin B A B E,2009-07-14,'alternative metal' 'funk metal' 'pop rock' 'post-grunge',2000.0,pop rock,artist_534,metal,5ihnjN1d2LOK087HydYutz,4uN3DsfENc7dp0OLO0FEIb
790,<intro_1> F Fmin Gmin F Gmin C7 F <verse_1> C7 F Bb F C7 A Dmin G C <verse_2> F D7 G C7 F C7 F <verse_3> D7 G C7 A D7 G F C7 F <verse_4> C7 F C7 F D7 G C F A Dmin A Dmin G C <verse_5> F G Dmin G C7 F Bb F D7 F D7 G C F <verse_6> C F G Bb A Dmin G C F Bb F Dmin G7 Amin F <verse_7> Bb F C F Bb F C F <verse_8> Bb G C F Bb F C F <outro_1> C F,,'australian country' 'bush ballad',,,artist_535,country,,0M4w6wFmaVFmP4lIndnEU5
791,<intro_1> G Amin C D C G <verse_1> Amin C D C G Amin C D C G Amin C D C G Amin C D C G <chorus_1> Amin C Amin C Amin C D C G D C G <verse_2> Amin C D C G Amin C D C G Amin C D C G Amin C D C G <chorus_2> Amin C Amin C Amin C D C G D C G <bridge_1> Amin C D C G Amin C D C G <chorus_3> Amin C Amin C Amin C D C G D C G <outro_1> D C G,,,,,,,,
792,<intro_1> Bmin G D A Bmin G D A <chorus_1> Bmin G D A Bmin G D A Bmin G D A Bmin G D A D C D A <verse_1> D C G A D C G A D C G A D C G A Bmin <chorus_2> G D A Bmin G D A Bmin G D A Bmin G D A D C D A <verse_2> D C G A D C G A D C G A D C G A Bmin <chorus_3> G D A Bmin G D A Bmin G D A Bmin G D A <bridge_1> G D A G D A Bmin G D A Bmin G D A Bmin G D A Bmin G D A Bmin A D E A Bmin <outro_1> G D A Bmin G D A,1997-01-01,'neo mellow' 'pop rock' 'post-grunge',1990.0,pop rock,artist_536,pop rock,2IL6VtR11FDYZIb5RupkcI,7m60UAnbgFFNuJbmS6OxTk
793,<intro_1> Db Ebmin Bbmin Abmin <verse_1> Db Ebmin Bbmin Ab Db Ebmin Bbmin Ab Gb Db Bbmin Ab Gb Db Bbmin Ab <chorus_1> Gb Db Bbmin Ab Gb Db Bbmin Ab Gb Db Bbmin Ab <interlude_1> Db Ebmin <verse_2> Db Ebmin Bbmin Ab Db Ebmin Bbmin Abmin Gb Db Bbmin Ab Gb Db Bbmin Ab <chorus_2> Gb Db Bbmin Ab Gb Db Bbmin Ab Gb Db Bbmin Ab <interlude_2> Db Ebmin Bbmin Abmin <chorus_3> Gb Db Bbmin Ab Gb Db Bbmin Ab Gb Db Bbmin Ab <outro_1> Db Ebmin Bbmin Abmin,2020-11-20,'la pop',2010.0,,artist_537,pop,2eoPKOONaK9Dh9essIxrIt,5RGUEjOuOgYjBfL9wOmoGh
794,<intro_1> Bmin A Fsmin G A <verse_1> Bmin A Fsmin G A Bmin A Fsmin G A Bmin A Fsmin G A Bmin A Fsmin G A G <chorus_1> Bmin A Fsmin G A Bmin A Fsmin G A <verse_2> Bmin A Fsmin G A Bmin A Fsmin G A Bmin A Fsmin G A Bmin A Fs Fsmin G A G <chorus_2> Bmin A Fsmin G A Bmin A Fsmin G A Bmin A Fsmin G A Bmin A Fsmin G A <instrumental_1> Cmin As Gmin Gs As Cmin As Gmin G Gs A Bmin A Fsmin G Bmin A Fsmin G Bmin A Fsmin G A Emin <chorus_3> Bmin A Fsmin G A Bmin A Fsmin G A Bmin A Fsmin G A Bmin A Fsmin G A <outro_1> Bmin A Fsmin G A Bmin A D G A Bmin A G A Bmin,2008-08-23,'australian rock',2000.0,australian rock,artist_538,rock,2jk7v5nioQqFMP4Yakz6JM,4rCLXPaqaUjGa1aHDwkviR
795,<intro_1> E <verse_1> A E A E A B E A E A B E <chorus_1> A E B E A E B A E Gs Csmin E A E B E <instrumental_1> A E B E F <verse_2> As F As F As C F As F As C F <chorus_2> As F C F As F C As F A Dmin F As F C F <outro_1> As F C F,2021-02-25,'redneck',2020.0,,artist_338,,6NLqVOAD9oYf2fMAlkqfNv,03UZwtrCiMR9P10LcjQ5Wu
796,<verse_1> G C G D D7 G C G <chorus_1> Amin G D G C G D G <verse_2> C G D D7 G C G <chorus_2> Amin G D G C G D G <verse_3> C G D D7 G C G <chorus_3> Amin G D G C G D G <outro_1> Amin G D G C G D G,2017-08-25,'classic uk pop' 'rock of gibraltar',2010.0,,artist_539,pop rock,1A9KhC4OAl2XfpXUYqClg3,34E3csCxpXunPGEkOVVX2g
797,<intro_1> F <verse_1> Bb F Bb C Bb C F Bb C Bb C F <chorus_1> Bb F C Bb C F Bb F C Bb C F <instrumental_1> C Bb C F <verse_2> Fmin Bb C Bb C F Bb C Bb C F <chorus_2> Bb F C Bb C F Bb F C Bb C F C Bb C F,2021-02-25,'redneck',2020.0,,artist_338,,5jH5MaS9kdWzBd5sVyv7Io,03UZwtrCiMR9P10LcjQ5Wu
798,<verse_1> Cmaj7 Dmaj7 D7 Amin7 D7 Cmaj7 Dmaj7 D7 Amin7 D7 Cmaj7 Bmin7 Amin7 G Cmaj7 Bmin7 Amin7 D7 Cmaj7 Bmin7 Amin7 G Cmaj7 Bmin7 Amin7 G Cmaj7 Bmin7 Amin7 Bmin7 Cmaj7 Bmin7 Amin7 G Amin7 G Cmaj7 Dmaj7 Cmaj7 Dmaj7 D7 Amin7 D7 Cmaj7 Dmaj7 Cmaj7 Bmin7 Amin7 G Cmaj7 Bmin7 Amin7 D7 Cmaj7 Bmin7 Amin7 G Cmaj7 Bmin7 Amin7 G Cmaj7 Bmin7 Amin7 G Cmaj7 Bmin7 Amin7 G Cmaj7 Bmin7 Amin7 G Cmaj7 Bmin7 Amin7 G Cmaj7 Bmin7 Amin7 D7,2022-11-29,'indonesian pop' 'indonesian singer-songwriter',2020.0,,artist_540,pop,0FYKoqCrIte8iCt3Mn4nd9,7d86ERlvO5UG44j7Va0Y0C
799,<intro_1> E A E B7 A7 E <verse_1> A E B7 A7 E <verse_2> A E B7 A7 E <verse_3> A E B7 A E <verse_4> A E B7 A E <verse_5> A E B7 A7 E <verse_6> A E B7 A7 E,1986,'folk' 'singer-songwriter',1980.0,,artist_541,country,2gJDO68aSBYVjrOsZQGzNx,3loACRmkzdtOMNJEaB6j8L
800,<verse_1> D D7 G/D G7 D D7 G G7 G D C G/D A Asus4 A/E A D D7 G/D G7 D D7 G G7 D C Bmin G A7 A <bridge_1> D D7 Amin/D G G7 D D7 Amin/D G Fsmin A A7 D G Fsmin A Asus4 A/E A Asus4 A7 A Asus4 A/E <verse_2> D D7 G/D G7 D D7 G G7 D C Bmin G A A7 D D7 Amin/D G G7 D D7 Amin/D G G7 D D7 Amin/D G G7 D D7 Amin/D G G7 D D7 Amin/D G G7 D D7 Amin/D G G7 <verse_3> D D7 G/D G7 D D7 G G7 G D C G A Asus4 A/E A D D7 G G7 D D7 G G7 D C Bmin G A7 A <outro_1> D D7 Amin/D G G7 D D7 Amin/D G G7 D D7 Amin/D G G7 D D7 Amin/D G G7 D D7 Amin/D G G7 D D7 Amin/D G D D7 G7 C7 G7 C7 Cs7 D7 D,,,,,,,,
801,<intro_1> Fsmaj7 Dsmin7 Fsmaj7 Dsmin7 Csmin7 <verse_1> Bmaj7 Bmin7 Fsmaj7 Dsmin7 Csmin7 Bmaj7 Bmin7 Fsmaj7 Dsmin7 <chorus_1> Csmin7 Bmaj7 Bmin7 Fsmaj7 Dsmin7 Csmin7 Bmaj7 Bmin7 Fsmaj7 Dsmin7 Csmin7 Bmaj7 Bmin7 Fsmaj7 Dsmin7 Csmin7 Bmaj7 Bmin7 Fsmaj7 Dsmin7 <chorus_2> Csmin7 Bmaj7 Bmin7 Fsmaj7 Dsmin7 Csmin7 Bmaj7 Bmin7 Fsmaj7 Dsmin7 Csmin7 Bmaj7 Bmin7 Fsmaj7 Dsmin7,2022-11-30,'bedroom r&b',2020.0,,artist_542,soul,6CHSSXvAEDPJcSJzqD6TkI,6hjYrTgChYiwxAzggQaqvO
802,<intro_1> Bb Db Ab Bb Db Ab Bb <verse_1> Db Ab Bb Db Ab Bb Db Ab Bb Db Eb Bb Db Ab Bb Db Ab Bb <verse_2> Db Ab Bb Db Ab Bb Db Ab Bb Db Eb Bb Db Ab Bb <chorus_1> Eb F Bb Eb F Gmin Eb F Bb Bb7 Gb Eb Bb Db Ab Bb Db Ab Bb <verse_3> Db Ab Bb Db Ab Bb Db Ab Bb Db Eb Bb Db Ab Bb <chorus_2> Eb F Bb Eb F Gmin Eb F Bb Bb7 Gb Eb Bb Db Ab Bb <outro_1> Db Ab Bb Db Ab Bb Db Ab Bb,,,,,artist_543,,,43yeLru7CvD8TL4d8XObgg
803,<intro_1> G C Emin D/Fs C <verse_1> G C Emin D/Fs C <chorus_1> G C Emin D/Fs C G C Emin D/Fs C,2010-09-28,'pop soul' 'r&b',2000.0,,artist_544,soul,1ZCrBGrpDDdLGgk7c9AvGk,0id62QV2SZZfvBn9xpmuCl
804,<verse_1> C F C F C G C <chorus_1> F G F G F C,,'ccm' 'christian music' 'world worship' 'worship',,,artist_545,,,3YCKuqpv9nCsIhJ2v8SMix
805,<intro_1> C Emin F G <verse_1> C Emin F G C Emin F G Amin Emin F G <chorus_1> C G C G C G C G C Emin <verse_2> C Emin F G C Emin F G Amin Emin F G <chorus_2> C G C G C G C G C <bridge_1> F E7 Amin F E7 Amin F E7 Amin F G <chorus_3> C G C G C G C G C,2015-07-31,'candy pop',2010.0,,artist_546,pop,6BpGr5DoiBhwBkwGMxbSEy,0KaOODqnbHxMIZ3qUH5F5n
806,<verse_1> E B7 E A E B7 E B7 E A E B7 E <chorus_1> A E B7 E B7 E A E B7 E <chorus_2> A E B7 E <verse_2> B7 E A E B7 E B7 E A E B7 E <chorus_3> A E B7 E A E B7 E,2020-05-01,'banjo' 'children's folk' 'kindie rock',2010.0,kindie rock,artist_547,country,46KDaQrOxKuPchEddEWmF8,2RmT9R0322WMFN5x3OHMQe
807,<intro_1> E D <verse_1> A E A E A E A E A E <chorus_1> Fs7 E Fs7 E Csmin Gsmin A E Csmin Gsmin A E A Gsmin Fs7 E A E <verse_2> A E A E A E A E A E <chorus_2> Fs7 E Fs7 E Csmin Gsmin A E Csmin Gsmin E A Gsmin Fs7 E A E <verse_3> A E A E Csmin A E A E A E <chorus_3> D E D E Csmin Gsmin A E Csmin Gsmin E A E A E <outro_1> A E A E A E A E,,,,,,,,
808,<intro_1> F Amin F C F Amin G <verse_1> F C F C F Amin G C <verse_2> F C F C F Amin G C <chorus_1> F Amin F C F Amin G F Amin F C F Amin G C F Amin G C <verse_3> F C F C F Amin G C <verse_4> F C F C F Amin G C <chorus_2> F Amin F C F Amin G F Amin F C F Amin G C F Amin G C <bridge_1> Amin F C G Amin F C G <chorus_3> F Amin F C F Amin G F Amin F C F Amin G C F Amin G F <outro_1> Amin F C G F Amin G F Amin F C G F Amin G,2023-03-03,'modern country pop',2020.0,,artist_548,pop,43N0Hhr1jUDFWhkaWrNzNR,05o2ENqv0CV8aD6BWKEaBD
809,<verse_1> F Bb F Bb C Bb <chorus_1> F Bb F Bb C Bb <solo_1> F Bb F Bb C Bb F <outro_1> Bb C F Bb C F Bb C F Bb C F Bb F Bb F,1992-03-23,'alternative rock' 'new wave' 'noise pop' 'post-punk' 'scottish indie' 'shoegaze' 'singer-songwriter' 'uk post-punk',1990.0,alternative rock,artist_549,alternative,5xKCzJrHr2M81hbmadzVkV,4rjlerN21ygkIhmUv55irs
810,<intro_1> A E D A <verse_1> E D A E D A D A E D A D A E D A G D A E D A E D A E <verse_2> A E D A E D A D A E D A <outro_1> D A E D A E D A,2021-12-10,'alternative country' 'art pop' 'chamber pop' 'lo-fi' 'singer-songwriter' 'slowcore' 'solo wave',2020.0,,artist_550,pop,0RICDmtykWneVpFrLVY0Jz,7gqsi6aBSkRMJoL9psKqMr
811,<intro_1> A C D <verse_1> A C D A C D <chorus_1> A C D A C D <verse_2> A C D A C D F G F D <chorus_2> A C D A C D <bridge_1> F G F G A <chorus_3> C D A C D <outro_1> A C D A C D A C D A C D A C D,2015-02-09,'art pop' 'etherpop' 'indie rock' 'indietronica' 'metropopolis' 'neo-synthpop',2010.0,indie rock,artist_158,pop rock,4Pwbmdi0Q2RwktwTjMK5WA,7bcbShaqKdcyjnmv4Ix8j6
812,<intro_1> Dmin7 Emin7 Dmin7 Emin7 Dmin7 Emin7 Dmin7 Emin7 Dmin7 Emin7 Dmin7 Emin7 <verse_1> Dmin7 Emin7 Dmin7 Emin7 Dmin7 Emin7 Dmin7 Emin7 <chorus_1> Dmin7 Emin7 Dmin7 Emin7 <chorus_2> Dmin7 Emin7 Dmin7 Emin7 Dmin7 Emin7 Dmin7 Emin7 <verse_2> Dmin7 Emin7 Dmin7 Emin7 Dmin7 Emin7 Dmin7 Emin7 <chorus_3> Dmin7 Emin7 Dmin7 Emin7 <chorus_4> Dmin7 Emin7 Dmin7 Emin7 Dmin7 Emin7 Dmin7 Emin7 <outro_1> Dmin7 Emin7 Dmin7 Emin7 Dmin7 Emin7 Dmin7 Emin7,2020-02-15,'jawaiian',2010.0,,artist_551,,3oRAkzAGOrKFVAuxAIvRsS,6LHrsUsgCCqUiPQ8oNW2zd
813,<intro_1> Dmin C Dmin Asus4 Dmin C Dmin Amin7 Dmin C Bb Dmin C Bb A7 <verse_1> Dmin C Dmin Gmin7 Asus4 A7 Dmin C F Dmin Dmin7 Gmin7 Asus4 A7 Dmin C Dmin Bb7 C A <chorus_1> F C Dmin Amin Bb F Dmin Bb Gmin7 Csus4 C F C Dmin Amin7 Bb F Dmin7 Gmin7 Asus4 A7 Dmin C Dmin Bb7 C Asus4 A7 Dmin C Dmin Amin7 Dmin C Bb Dmin C Bb A7 <verse_2> Dmin C Dmin Gmin7 Asus4 A7 Dmin C F Dmin Gmin7 Asus4 A7 Dmin C Dmin Bb7 C Asus4 A <chorus_2> F C Dmin Amin Bb F Dmin Bb Gmin7 Csus4 C F C Dmin Amin7 Bb F Dmin7 Gmin7 Asus4 A7 Dmin C Dmin Bb7 C Asus4 A7 Dmin <outro_1> C Dmin Amin7 Dmin C Dmin C Dmin C Dmin Bb Dmin7,1988-02-26,'canzone napoletana' 'classic italian pop' 'italian adult pop',1980.0,,artist_552,pop,3aDF4xN6yOlDmF91U9C2xJ,1VZvpyWFZWk1GitulKUo3d
814,<intro_1> C F A G <verse_1> C F A G C F A G <chorus_1> C F A G C F A G C F A G <verse_2> C F A G C F A G C F A G C F A G <chorus_2> C F A G C F A G C F A G C F A G,,'la pop',,,artist_553,pop,,49tQo2QULno7gxHutgccqF
815,<verse_1> Amin7 Bmin7 Gadd13 Amin7 Bmin7 Gadd13 Amin7 Bmin7 Gadd13 Amin7 Bmin7 Gadd13 Amin7 Bmin7 Gadd13 Amin7 Bmin7 Gadd13 Amin7 Bmin7 Gadd13 Amin7 Bmin7 Gadd13 <chorus_1> Amin7 Bmin7 Gadd13 Amin7 Bmin7 Gadd13 Amin7 Bmin7 Gadd13 Amin7 Bmin7 Gadd13 <verse_2> Amin7 Bmin7 Gadd13 Amin7 Bmin7 Gadd13 Amin7 Bmin7 Gadd13 Amin7 Bmin7 Gadd13 <chorus_2> Amin7 Bmin7 Gadd13 Amin7 Bmin7 Gadd13 Amin7 Bmin7 Gadd13 Amin7 Bmin7 Gadd13,,,,,,,,
816,<verse_1> Gmin F D7 Eb F7 Bb Dmin Eb Cmin7 F7 Fsus4 F7 <chorus_1> Bb7 Dmin Eb7 Dmin Bb7 Dmin Eb7 F <verse_2> Gmin F F7 D7 Eb7 Eb Bb Dmin Eb Cmin7 F Eb F <chorus_2> Bb7 Bb Dmin7 Eb7 Dmin7 Bb7 Bb Dmin Eb7 F <bridge_1> D7 Gmin F Eb D7 Gmin F Eb Eb7 Ebmin <chorus_3> Bb Eb Dmin Bb Dmin Eb F <outro_1> Bb Dmin Eb Dmin Bb Dmin Eb F,2013-02-14,'classic italian pop' 'italian adult pop',2010.0,,artist_554,pop,0HwK4w6byACK872Hwrj3Q3,5jcswtptZttxBwWKXbR5k5
817,<verse_1> Emin C D C D Emin C D C D Emin C D Emin Amin Bmin C <chorus_1> Emin C Emin C Emin <interlude_1> Amin Bmin C G B7 Emin <verse_2> G D Emin G D Amin Emin Amin D Emin Amin Bmin C D <chorus_2> Emin C Emin C Emin <interlude_2> C D Emin C D Emin <verse_3> G D Emin G D Amin Emin Amin Bmin C Amin D Emin Amin Bmin C D <chorus_3> Emin C Emin C Emin,2015-04-17,'classic pakistani pop' 'pakistani pop' 'sufi',2010.0,,artist_555,pop,6tHe6afvLtCSftjaITXjbN,4cxl9RcyEbY0koslSaEKLY
818,<intro_1> Fmin Eb Fmin7 Eb <verse_1> Cmin Fmin Cmin Cmin7 Ab7 Gsus4 G7 Cmin Fmin Cmin Cmin7 Ab7 Dmin7 G7 Ab7 <chorus_1> Bb Ebsus4 Eb Bb Ab Eb Bb Cmin Cmin7 Ab7 Fmin7 Bb G7 Fmin Cmin Fmin7 Bb Fmin7 Eb Bb Ab Eb Bb Cmin Cmin7 Abmin7 Fmin Bb Ab Eb Ab Eb Fmin Eb Fmin Bb Abdim Eb Gaug G7 <verse_2> Cmin Fmin Cmin Cmin7 Cmin Ab Eb Fmin Eb Gsus4 G7 Cmin Ab7 Cmin Ab Eb Fmin Eb Gsus4 G Ab7 <chorus_2> Bb Ab Eb Bb Ab Eb Eb7 Cmin Cmin7 Ab7 Fmin7 Bb G7 Fmin Cmin Fmin7 Bb Ab Eb Bb Ab Eb Eb7 Cmin Cmin7 Adim Ab7 Fmin Bb Ab Eb <outro_1> Ab Eb Fmin Eb Fmin Ab Eb Fmin Eb Fmin Bb Abdim Eb G7 Cmin Cmin7 Cmin,1988-02-26,'canzone napoletana' 'classic italian pop' 'italian adult pop',1980.0,,artist_552,pop,3FLJhwXvMIAWFeWhzFurwe,1VZvpyWFZWk1GitulKUo3d
819,<verse_1> Bb Bb7 Eb Ab7 Bb Bb7 Eb Ab7 <chorus_1> Bb Bb7 Eb Ab7 Bb Bb7 Eb Ab7 Bb Bb7 Eb Ab7 <verse_2> Bb Bb7 Eb Ab7 Bb Bb7 Eb Ab7 Bb Bb7 Eb Ab7 Bb Bb7 Eb Ab7 <instrumental_1> Bb Bb7 Eb Ab7 Bb Bb7 Eb Ab7 Bb Bb7 Eb Ab7 Bb Bb7 Eb Ab7 <outro_1> Bb Bb7 Eb Ab7 Bb Bb7 Eb Ab7 Bb Bbsus4 Ebmin Bb,,'latinx alternative',,,artist_556,alternative,,0qraFJK6boYSp4ZMMX4PzG
820,<verse_1> D Dminmaj7 Amin11 B7 Bmin7 A7 D Dminmaj7 Amin11 B7 Bb Eb Bb Eb Eb7 Bb Eb Bb Eb Eb7 Bb Eb Ebsus4 <chorus_1> Dno3d Dminmaj7 Cno3d Gno3d Ebno3d Gsno3d Ano3d Dno3d Dminmaj7 Cno3d Gno3d Ebno3d Gsno3d <verse_2> D Dminmaj7 Amin11 B7 Bmin7 A7 D Dminmaj7 Amin11 B7 Bb Eb Bb Eb Eb7 Bb Eb Bb Eb Eb7 Bb Eb Ebsus4 <chorus_2> Dno3d Dminmaj7 Cno3d Gno3d Ebno3d Gsno3d Ano3d Bb Eb Bb Eb Eb7 Bb Eb Bb Eb Eb7 Bb Eb Ebsus4 <chorus_3> Dno3d Dminmaj7 Cno3d Gno3d Ebno3d Gsno3d Ano3d Dno3d Dminmaj7 Cno3d Gno3d Ebno3d Gsno3d <outro_1> Bb Eb Ebsus4 Bb Eb Ebsus4 Bb Eb Ebsus4,,,,,,,,
821,<intro_1> Gmin A7 Dmin Gmin A7 Dmin <verse_1> Gmin A7 Dmin Gmin A7 Dmin Gmin A7 Dmin Gmin A7 Dmin Gmin A7 Dmin Bb Gmin A7 <chorus_1> Gmin A7 Dmin Gmin A7 Dmin Gmin A7 Dmin C Bb A7 Gmin A7 Dmin <verse_2> Gmin A7 Dmin Gmin A7 Dmin Gmin A7 Dmin Gmin A7 Dmin Gmin A7 D Bb Gmin A7 <chorus_2> Gmin A7 Dmin Gmin A7 Dmin Gmin A7 Dmin C Bb A7 Gmin <bridge_1> A7 Gmin A7 Gmin <outro_1> A7 Dmin Gmin A7 Dmin Gmin A7 Dmin C Bb A7,2023-01-20,'swiss indie' 'swiss pop',2020.0,,artist_557,alternative,28J92lAyXPqIKsspMZLdEG,2Nu9BiGXLIAbTs0mrbsmRW
822,<intro_1> E Fs7 <verse_1> B Fs Gsmin Fs E B Cs Fssus4 Fs B Fs Gsmin Fs E B Cs Fs Csmin7 Fs7 B Cs7 Emin Cs7 Csdim Fssus4 <chorus_1> D Daug D D7 G7 D E7 Emin7 A7 D Daug D Fsmin G D E Gmin Asus4 <verse_2> D A Bmin Fsmin G D E7 Asus4 <bridge_1> D A Bmin Fsmin G D E7 A7 G A7 D E7 Gmin E Bb Asus4 A <chorus_2> F Faug F Bb F Bbmin Bbdim D Daug D Fsmin G D E7 Gmin Asus4 A <outro_1> G D,1988-02-26,'canzone napoletana' 'classic italian pop' 'italian adult pop',1980.0,,artist_552,pop,47us9gfAfSBMfj5OIMQUCo,1VZvpyWFZWk1GitulKUo3d
823,<intro_1> C Amin F G <verse_1> C Amin F G C Amin F G C Amin F G C Amin F G <chorus_1> C Amin F G C Amin F G <verse_2> C Amin F G C Amin F G C Amin F G C Amin F G <chorus_2> C Amin F G C Amin F G <bridge_1> C Amin F G C Amin F G <chorus_3> C Amin F G C Amin F G C Amin F G C Amin F G,2019-03-15,'canadian contemporary country' 'canadian country',2010.0,,artist_558,country,2LTbdjNraFvobHaIPettGy,67Dpp3kDh6tqv9TcIzOi38
824,<intro_1> Dsmin Asmin Gsmin <verse_1> Dsmin Asmin Gsmin Dsmin Asmin Gsmin <chorus_1> Dsmin Csadd13 Gsmin9 Gsmin Dsmin Csadd13 Gsmin9 <verse_2> Dsmin Csadd13 Gsmin9 Dsmin Csadd13 Gsmin9 Gsmin <chorus_2> Dsmin Csadd13 Gsmin9 Dsmin Csadd13 Gsmin9 <bridge_1> Dsmin Asmin Gsmin Dsmin Csadd13 Gsmin9 <chorus_3> Dsmin Csadd13 Gsmin9 Dsmin Csadd13 Gsmin9,2023-02-09,'italian adult pop' 'italian hip hop' 'italian pop' 'trap italiana',2020.0,,artist_559,pop,2j8E9m3kDHfxFnGhN4fXaC,1vgQksyJ0IVz8y9XerEOy3
825,<intro_1> A E Fsmin D A E Fsmin D <verse_1> A E Fsmin D A E Fsmin C A E Fsmin D A E Fsmin D Bmin E Bmin E <chorus_1> A Fsmin D E A Fsmin D E A E Fsmin D <verse_2> A E Fsmin D A E Fsmin D Bmin E Bmin E <chorus_2> A Fsmin D E A Fsmin D E Fsmin <bridge_1> Csmin D A E Fsmin Csmin D E <chorus_3> B Gsmin E Fs B Gsmin E Fs B Csmin E,2023-02-09,'italian adult pop' 'italian pop',2020.0,,artist_560,pop,32XKm4CJzVNRUCzkhQoX13,5FwDaIGy29GQC5d0MR7fKf
826,<verse_1> Bmaj7 Db Gb Db/F Ebmin Db Bmaj7 Db Gb Db/F Ebmin Abmin7 Db Ebmin Bbmin <chorus_1> Abmin7 Db7 Gbmaj7 Bbmin7 Abmin7 Db7 Gbmaj7 Bbmin7 Abmin Db <verse_2> Bmaj7 Db7 Gb Db/F Ebmin Db Bmaj7 Db Gb Db/F Ebmin Db/F Abmin7 Db Ebmin Bbmin <chorus_2> Abmin7 Db7 Gbmaj7 Bbmin7 Abmin7 Db7 Gbmaj7 Bbmin7 Abmin7 Db <bridge_1> Gb Bb <chorus_3> Abmin7 Db7 Gb Bbmin7 Abmin7 Db Gb,2022-11-24,'italian pop',2020.0,,artist_561,pop,74cyFjvgjyiFiQ3QxszFWq,35V1WomiedCJeGfupcPm7s
827,<intro_1> D Bmin G Fs D Bmin G Fs <verse_1> D Bmin G Fs D Bmin G Fs D Bmin G Fs D Bmin G Fs D Bmin G Fs D Bmin G Fs D Bmin G Fs D Bmin G Fs D Bmin G Fs D Bmin G Fs D Bmin G Fs D Bmin G Fs D Bmin G Fs D Bmin G <chorus_1> D Bmin G Fs D Bmin G A Bmin G D Bmin G,2023-02-10,'australian hip hop',2020.0,,artist_562,rap,6bVtAHmzr3X8pwJ2TpeF2G,2tIP7SsRs7vjIcLrU85W8J
828,<intro_1> E A E A E A E A E B A E B E A E B E A E B E A E B A B A E <chorus_1> Esus4 Asus2 Esus4 E A Esus4 E A Esus4 E A E B A E Bsus4 E A E B E A E B E A E B A B A Esus4 E A E A Esus4 E A E Esus4 E A E A E A E B A E B E A E B E A E Bsus4 E A E Bsus4 E A E B <outro_1> A Bsus4 A Esus4 A Bsus4 A Esus4 B A E B A E B A7 E,2000-01-01,,1990.0,,artist_430,,4wYRxaRj8r8u9UCitElZ2x,3SPdPjoHldspbKonnVea44
829,F Bb F Bb F Bb F Gmin F Bb F Bb F Bb F Gmin F Bb F Bb F Gmin7 F Bb F Bb F Bb F Bb F Gmin F Bb F Bb F,2023-06-07,'acoustic pop' 'stomp and holler',2020.0,,artist_563,pop,7jiuSQrU8EVgrwQZiPavvS,4RwbDag6jWIYJnEGH6Wte9
830,<verse_1> C Gmin Cmin Gmin Cmin Fmin Cmin Gmin Cmin Fmin Cmin Gmin Cmin Fmin Cmin Gmin Fmin Gmin Cmin Fmin Gmin Cmin Fmin <chorus_1> Cmin Gmin Fmin Cmin Gmin Fmin Cmin Gmin Fmin <bridge_1> Cmin Fmin Gmin Cmin Fmin Gmin Cmin Fmin Gmin <verse_2> Cmin Gmin Cmin Fmin Cmin Gmin Cmin Fmin Cmin Gmin Fmin Cmin Fmin Gmin Cmin Fmin Cmin Gmin Cmin Fmin Gmin Cmin Fmin,,,,,,,,
831,<intro_1> Amin C Amin C <verse_1> Amin C Amin C Amin C Amin C Amin C G <chorus_1> F C F C G C F C F C G F C G F C G F C G F C Amin C Amin <verse_2> C Amin C Amin C Amin C <chorus_2> F C F C G C F C F C G F C G F C G F C G F C Amin C Amin C Amin,1996-01-01,'alternative country' 'classic texas country',1990.0,,artist_564,country,3fwJnywakCdRr4rqeQcgmK,2gk28RNJaPStV8BnugHYpF
832,<intro_1> A7 D <chorus_1> D7 G D E7 A7 D D7 G A7 D <verse_1> G D A7 D D7 G A7 D <chorus_2> D7 G D E7 A7 D D7 G A7 D <verse_2> D7 G D A7 D D7 G A7 D <chorus_3> D7 G D E7 A7 D D7 G A7 D,1963-12-31,'adult standards' 'easy listening' 'torch song' 'vocal jazz',1960.0,,artist_565,jazz,0M1uwzjENOO4nD1K4PYijC,0NkyXWGxE3WTFixDSJ39PK
833,<verse_1> A Bmin A D B7 E Cs7 Fsmin D E <verse_2> A Bmin A D B7 E E/F Cs7 Fsmin E D E <chorus_1> D A E Fsmin D A E Fsmin E D E E/F Cs7 Fsmin E D <verse_3> Fsmin Csmin D A E Fsmin Csmin D A E Fsmin D A E Fsmin D A Bmin7 E <chorus_2> D A E Fsmin D A E Fsmin E D E E/F Cs7 Fsmin D E <verse_4> A Bmin7 A D B7 E E/F Cs7 Fsmin D E <chorus_3> D A E Fsmin D A E Fsmin E D E E/F Cs7 Fsmin D E,2022-11-25,'latin arena pop' 'pop flamenco' 'spanish pop' 'spanish pop rock',2020.0,spanish pop rock,artist_566,pop rock,3X1boMr4xCcji24wYgwof5,5kSJMVPcTITrSZxTrHllVN
834,<intro_1> G C G <verse_1> C G C G C G C G C G <verse_2> C G C G C G C G C G <verse_3> C G C G C G C G C G <verse_4> C G C G C G C G C G <verse_5> C G C G C G C G C G <verse_6> C G C G C G C G C G <verse_7> C G C G C G C G C G <verse_8> C G C G C G C G C G <interlude_1> C G C G C G C G C G <verse_9> C G C G C G C G C G,2013-03-01,'nashville singer-songwriter',2010.0,,artist_567,,6erzfSOHsGXVrzXeqMDjxu,3NcFkdauX5fttKZQEeijXL
835,<intro_1> Fsmin E A E D E Fsmin <verse_1> D Fsmin E D Fsmin E Dmaj9 Cs7 Fsmin Aadd9 Dmaj9 Cs7 Fsmin7 Dadd9 E Fsmin Aadd9 Dadd9 E Cs7 <chorus_1> Dadd9 E Fsmin7 Aadd9 Dadd9 Cs7 Fsmin Aadd9 A Dadd9 E Csmin7 Cs7 Fsmin Dadd9 E Fsmin7 D E <interlude_1> Fsmin E A E <verse_2> D Fsmin E D Fsmin E Dmaj9 Cs7 Fsmin Aadd9 Dmaj9 Cs7 Fsmin7 Dadd9 E Fsmin Aadd9 Dadd9 E Cs7 <chorus_2> Dadd9 E Fsmin7 Aadd9 Dadd9 Cs7 Fsmin Aadd9 A Dadd9 E Csmin7 Cs7 Fsmin Dadd9 E Fsmin7 D E <solo_1> Fsmin E A E D E <bridge_1> Dadd9 E Fsmin7 A Dadd9 E A G Dadd9 E Fsmin7 Aadd9 Dadd9 D E <chorus_3> Eb F Gmin Bb Eb D7 Gmin Bbadd9 Bb Eb F Dmin7 D7 Gmin Eb F Gmin Eb F <outro_1> Gmin F Bb F Gmin Bb F Ebmaj7,2023-02-10,'otacore',2020.0,,artist_568,,3cKFb6k6jl2yQnzmakBgo7,1jbIbk9ECOmQ24DyLFUsOc
836,<verse_1> G D Emin C G Dsus4 Emin C G/D C D <chorus_1> G/B D Emin C Fsaug G/B D Emin C Fsaug <verse_2> G D Emin C Dsus4 C G/D C D <chorus_2> G/B D Emin C Fsaug G/B D Emin C <bridge_1> Emin C G/B Fsaug Emin C G/B D <chorus_3> G/B D Emin C Fsaug G/B D Emin C G/B Dsus4 Emin Fsaug G/B,2022-10-23,,2020.0,,artist_569,,1dSX3YNfvxlBicHsT4VQH3,5TKkiJ8wdbQZSoeoUOCIzB
837,<intro_1> G C G7 G C G7 C <verse_1> G C G7 C G C G7 C G C G C D G D7 G D C D C D C D G C <verse_2> G C G7 C G C G7 C G C G7 C D G D7 G D C D C D C D D7 G C <verse_3> F C7 F G C G7 C G7 C F C7 F D G D7 G C G7 C G7 C G7 C <verse_4> G C G7 C G C G7 C G C G7 C D G D7 G D C D C D C D D7 G C G7 C G C G7 C G C G9,,'cartoon' 'children's music',,,artist_570,,6NppfuelS9nfTVhWTea3qC,64TYMfqkpGQsUEuF5xqS2R
838,<intro_1> Cmin7 Dmin7 G7 Cmin7 Dmin7 G7 <chorus_1> Cmin7 Dmin7 G7 Cmin7 Dmin7 G7 Cmin7 Dmin7 G7 Cmin7 Dmin7 G7 <verse_1> Cmin7 Dmin7 G7 Cmin7 Dmin7 G7 Cmin7 Dmin7 G7 Cmin7 Dmin7 G7 <chorus_2> Cmin7 Dmin7 G7 Cmin7 Dmin7 G7 Cmin7 Dmin7 G7 Cmin7 Dmin7 G7 <verse_2> Cmin7 Dmin7 G7 Cmin7 Dmin7 G7 Cmin7 Dmin7 G7 Cmin7 Dmin7 G7 <chorus_3> Cmin7 Dmin7 G7 Cmin7 Dmin7 G7 Cmin7 Dmin7 G7 Cmin7 Dmin7 G7 <outro_1> Cmin7 Dmin7 G7 Cmin7 Dmin7 G7,2022-09-23,'hawaiian hip hop' 'pop rap',2020.0,,artist_571,rap,0qGv5vwsNs6qEq8gDtfZ5y,1z7b1Pr1rSlvWRzsW3HOrS
839,<intro_1> G Bmin Cadd9 Amin G/B C D <verse_1> G Cadd9 Emin7 D/Fs G Cadd9 Emin7 D/Fs C D11 Emin7 Amin7 Dsus4 D <chorus_1> G Bmin Cadd9 Amin G/B C D G Bmin C C/B Amin D G Bmin Cadd9 Amin G/B C D <verse_2> G Cadd9 Emin7 D/Fs G Cadd9 Emin7 D/Fs C D11 Emin7 Amin7 Dsus4 D <chorus_2> G Bmin Cadd9 Amin G/B C D G Bmin C C/B Amin D F <bridge_1> C/E Amin G/B Dsus4 D Dsus4 D <solo_1> G Bmin Cadd9 Amin G/B C D G Bmin Cadd9 Amin G/B C D <chorus_3> G Bmin Cadd9 Amin G/B C D G Bmin C C/B Amin D F C/E Amin D <outro_1> G Bmin Cadd9 Amin G/B C D G,2019-08-09,'australian country',2010.0,,artist_572,country,5qa6KJRDd5qvL45cnzLxks,1kfw6RPH8k2cuQnZ1fqnzk
840,<intro_1> G C G C G D <verse_1> G C G C G D G C G C G D G <verse_2> C G C G D G C G C D G <chorus_1> D C G C G D C G C G D <verse_3> G C G C G D G C G C G D G <chorus_2> D C G C G D C G C G D C G D Emin <outro_1> C G C G D G C G C G D G C G D G <outro_1> C G C D G,2018-09-21,'country dawn',2010.0,,artist_573,country,6TM9OqJ5iOv069DwCyX2gP,31Esw1yHgJZBPcRa4nUyTP
841,<intro_1> Fmaj7 E7 Dmin7 <verse_1> Fmaj7 E7 Dmin7 E7 Fmaj7 E7 Dmin7 E7 Fmaj7 <chorus_1> Emin7 Dmin7 E7 Fmaj7 Emin7 Dmin7 E7 <interlude_1> Fmaj7 E7 Dmin7 Fmaj7 E7 Dmin7 <verse_2> Fmaj7 E7 Dmin7 E7 Fmaj7 E7 Dmin7 E7 Fmaj7 <chorus_2> Emin7 Dmin7 E7 Fmaj7 Emin7 Dmin7 E7 <interlude_2> Fmaj7 E7 Dmin7 Fmaj7 E7 Dmin7 <chorus_3> Fmaj7 Emin7 Dmin7 E7 Fmaj7 Emin7 Dmin7 E7 Fmaj7,2022-08-05,,2020.0,,artist_574,,7ndrxDZg0xQ44fXwUETk6r,3jJus7tgqFxpKKzw1E3yDR
842,<intro_1> Bmin Bmin/Fs G A Emin D/Fs G A Bmin Bmin/Fs G A Emin D/Fs G A <verse_1> Bmin Bmin/Fs G A Emin D/Fs G A Bmin Bmin/Fs G A Emin D/Fs G Gadd13 <chorus_1> D A G Gadd13 D A G Gadd13 D A Bmin G D A Bmin <verse_2> Bmin/Fs G A Emin D/Fs G A Bmin Bmin/Fs G A Emin D/Fs G Gadd13 <chorus_2> D A G Gadd13 D A G Gadd13 D A Bmin G D A Bmin D A Bmin <outro_1> Bmin/Fs G A Emin D/Fs G A Bmin Bmin7 Gmaj7 Gadd9 Gmaj7 Emin D/Fs G Gadd13 D,2016-04-14,,2010.0,,artist_575,,3lvUE1Tx9kL37aGaF7FIKM,7nW46aJfNHxK9Y3M5Dhadk
843,<verse_1> Cmaj7 G Cmaj7 G Cmaj7 G Cmaj7 G <instrumental_1> Cmaj7 G Cmaj7 G <chorus_1> Cmaj7 G Cadd9 Cmaj7 G Cadd9 <chorus_2> Cmaj7 G Cadd9 Cmaj7 G Cadd9 Cmaj7 G Cadd9 Cmaj7 G Cadd9 Cmaj7,,'indie r&b',,,artist_576,soul,,4zoRNhOhsGX3w8yBAnFSQ8
844,<intro_1> G C/G G Amin7 Cadd9 Dno3d G <verse_1> C/G Dno3d G A7sus4 Cadd9 Dno3d G <chorus_1> Amin7 Cadd9 Dno3d G Amin7 Cadd9 Dno3d G <verse_2> C/G Dno3d G A7sus4 Cadd9 Dno3d G <chorus_2> Amin7 Cadd9 Dno3d G Amin7 Cadd9 Dno3d G <chorus_3> Amin7 Cadd9 Dno3d G Amin7 Cadd9 Dno3d G <verse_3> C/G Dno3d G A7sus4 Cadd9 Dno3d G <chorus_4> Amin7 Cadd9 Dno3d G Amin7 Cadd9 Dno3d G <outro_1> Amin7 Cadd9 Dno3d G Amin7 Cadd9 Dno3d G Amin7 Cadd9 Dno3d G Amin7 Cadd9 Dno3d G Amin7 Cadd9 Dno3d G D/Fs G D/Fs G D/Fs G,1989-01-01,'chanson' 'french rock' 'swiss rock',1980.0,swiss rock,artist_203,rock,3wJ5zfFloOrpjCniEcgVTA,29My6ypNwcVp0mjpy3sX2E
845,<verse_1> G C G D G C G D G <chorus_1> C G D G C G D G <verse_2> C G D G C G D G,,'family gospel',,,artist_577,,,2qOrysv5iso39fQCNvipOp
846,<verse_1> C Amin F C Amin F C Amin F C Amin F C <chorus_1> Amin F C Amin F C Amin F G C Amin F G C Amin F G C Amin F C Amin F C Amin F C Amin F C <chorus_2> Amin F C Amin F C Amin F G C Amin F G C Amin F G C <solo_1> Amin F C <chorus_3> Amin F C Amin F C Amin F C Amin F C Amin F G C Amin F G C Amin F G C,2023-01-06,'jawaiian' 'reggae rock',2020.0,reggae rock,artist_578,rock,3pB7gL97eTfd8S0vBxJErb,5RkXaPxdZ8L7ERNgDZXlKh
847,<intro_1> D <verse_1> Dsus4 D G D G D A D Dsus4 D G D G D A D Dsus4 D A D Dsus4 D A <verse_2> D Dsus4 D G D G D A D Dsus4 D G D G D A D Dsus4 D A <bridge_1> Bmin G D Bmin G D Bmin G D Emin G A <verse_3> D Dsus4 D G D G D A D Dsus4 D G D G D A Bmin A Bmin A D Dsus4 D Dsus4 D G D,,,,,,,,
848,Asmin Fs Cs Gs Asmin Fs Cs Gs Asmin Cs C Cs Asmin C Cs Asmin Fs Cs Gs Asmin Cs C Asmin Cs C Cs Asmin C Cs Asmin C Asmin C Asmin C Asmin Cs C Cs Asmin C Cs Asmin C Cs Asmin C Cs Asmin Fs Cs Gs Asmin,2021-08-20,,2020.0,,artist_579,,5t3m9uNevIiDkuw5oKBfK1,07lusnnfarU3wvElRDWYDi
849,<intro_1> F Gmin As C F Gmin As C F <chorus_1> Gmin As C F Gmin As C F <verse_1> C F As C F Gmin C F <chorus_2> Gmin As C F Gmin As C F <verse_2> C F As C F Gmin C F <chorus_3> Gmin As C F Gmin As C F Gmin As C F Gmin As C F <verse_3> C F As C F Gmin C F <chorus_4> Gmin As C F Gmin As C F,,,,,,,,
850,<verse_1> D E Bmin G D E Bmin G D E Bmin G D E Bmin G <chorus_1> D E Bmin G D E Bmin G D <verse_2> E Bmin G D E Bmin G D E Bmin G D E Bmin G <chorus_2> D E Bmin G D E Bmin G D E Bmin G D E Bmin G D,,,,,artist_580,,,1mo0ccV3ZNvhzMBY8ReU51
851,<intro_1> Fmaj7 Gmin7 Amin7 Adim <chorus_1> C13 C7 C13 C9 Fmaj7 Fadd13 Fmaj7 Fsdim C13 C7 C13 C9 Fmaj7 Fadd13 C7 <intro_2> Fadd13 C9 <verse_1> Fmaj7 Gmin7 Amin7 Fmaj7 Gmin7 Amin7 Adim <chorus_2> C13 C7 C13 C9 Fmaj7 Fadd13 Fmaj7 Fadd13 <verse_2> Fmaj7 Gmin7 Amin7 Fmaj7 Gmin7 Amin7 Adim <chorus_3> C13 C7 C13 C9 Fmaj7 Fadd13 Fmaj7 Fadd13 <bridge_1> F7 Bb7 F7 Bb7 G7 C13 <verse_3> Fmaj7 Gmin7 Amin7 Fmaj7 Gmin7 Amin7 Adim <chorus_4> C13 C7 C13 C9 Fmaj7 Fadd13 Fmaj7 Fadd13 <bridge_2> F7 Bb7 F7 Bb7 G7 C13 <verse_4> Fmaj7 Gmin7 Amin7 Fmaj7 Gmin7 Amin7 Fsdim <outro_1> C13 C7 C13 C9 Fmaj7 Fadd13 Fmaj7 Fsdim C13 C7 C13 C9 Fmaj7 Fadd13 Fmaj7 Fsdim C13 C7 C13 C9 Fmaj7 Fadd13 F13/F,1957-01-01,'adult standards' 'jazz' 'jazz blues' 'soul' 'swing' 'vocal jazz',1950.0,,artist_581,jazz,55EYAMBZWyygmDMkE1yBLO,5V0MlUE1Bft0mbLlND7FJz
852,<intro_1> G D Amin9 Amin Amin9 Amin <verse_1> G D Amin Emin G D Amin Emin G D Amin G D Amin <chorus_1> G D Amin9 Amin Amin9 Amin G D Amin9 Amin Amin9 Amin <verse_2> G D Amin Emin G D Amin Emin G D Amin G D Amin <chorus_2> G D Amin9 Amin Amin9 Amin G D Amin9 Amin Amin9 Amin <outro_1> G D Amin9 Amin Amin9 Amin G D Amin9 Amin Amin9 Amin,2023-05-19,'german indie pop',2020.0,,artist_582,pop,0JC78CrCpxXmi2nD6ZwVva,0EylhTdGUMAzDIthmoDoe9
853,<verse_1> C F Amin Dmin Amin G F G <chorus_1> C G Amin F C G Amin F C G C F <verse_2> C F Amin Dmin Amin G F G <chorus_2> C G Amin F C G Amin F C G C <bridge_1> Csus4 Amin F C Csus4 Amin <chorus_3> C G Amin F C G Amin F C G C F <chorus_4> Amin F C,2023-01-13,'ccm',2020.0,,artist_583,,0OV98BulGkPOoLuO6ADWit,4RbkVdTJEHZEfppvxBD6Il
854,<intro_1> C G D C G D <verse_1> C G D C G D C G D C Emin D <chorus_1> Emin Amin G D Emin C G D Emin Amin G D Emin C G C G <verse_2> C G D C G D C G D C Emin D <chorus_2> Emin Amin G D Emin C G D Emin Amin G D Emin C G Emin Amin G D Emin C G D Emin Amin G D Emin C G D Emin C G D Emin C G <bridge_1> D Emin C G D Emin C G D Emin C G D Emin C G D Emin C G D Emin C G D Emin C G D Emin C G Emin C G Emin C G <chorus_3> D Emin Amin G D Emin C G D Emin Amin G D Emin C G,2022-09-30,'german ccm' 'german worship',2020.0,,artist_584,,1NZcmyAc9KiQB3du7moLrk,0y8Ht0AmX44zPR84N7EmQ7
855,<intro_1> Cs Csmaj7 Asmin Fs <verse_1> Cs Fmin Asmin Fs Cs Fmin Asmin Fs Cs Fmin Asmin Cs Fmin Asmin Fs Cs Fmin Asmin Fs Cs Fmin Asmin <chorus_1> Fs Cs Asmin Fs Cs Fmin Asmin Fs Cs Fmin Asmin Fs <verse_2> Cs Fmin Asmin Fs Cs Fmin Asmin Fs Cs Fmin Asmin Fs Cs Fmin Asmin Fs Cs Asmin Fs Cs Fmin Asmin Fs Cs Fmin Asmin Fs <chorus_2> Cs Fs Cs Csmaj7 Cs Fs Cs Fmin Asmin Fs Cs Fmin Asmin Fs Cs Fmin Asmin Fs Cs Fmin Asmin Fs,2023-02-10,'italian pop' 'pop virale italiano' 'rap genovese',2020.0,,artist_585,pop,4BtXn7gvRgO2fFn3N7V6xP,25u1DN0MwQVSav4XoJS7hl
856,<intro_1> Cs <verse_1> F Fs G Gs F Fs E D <chorus_1> Cs Fs Cs F Fs F Gs Ds Cs Gs Cs Fs E D Cs <verse_2> F Fs G Gs F Fs E D <chorus_2> Cs Fs Cs F Fs F Gs Ds Cs Gs Cs Fs E D Cs <bridge_1> Cs7 Cs Cs7 Cs Cs7 Cs Cs7 Fs E D Cs Cs7 Fs Cs Cs7 Fs <chorus_3> Cs Cs7 Fs Cs Cs7 Fs E D Cs,2022-05-18,'hyperpop',2020.0,,artist_586,pop,1lPcz78ga6HOCTzEjoy9EP,7t6dcfG1BhMh3LTAXhxmeL
857,<intro_1> B7 E7 <verse_1> B7 E7 A A7 A B7 E7 A A7 A B7 E7 A A7 A <chorus_1> Cs Fs Cs Fs Eb Ab Eb Ab <verse_2> B7 E7 A A7 A B7 E7 A A7 A Cs Fs Cs Fs Eb Ab Eb Ab <verse_3> B7 E7 A A7 A B7 E7 A A7 A <chorus_2> Cs Fs Cs Fs Eb Ab Eb Ab <verse_4> B7 E7 A A7 A B7 E7 A A7 A B7 E7 A A7 A B7 E7 A A7 A,,,,,artist_587,,,5TKEKLhk0wTKM5m61BtKQC
858,<verse_1> D A D <verse_2> A D <verse_3> A D <verse_4> A D <verse_5> A D <verse_6> A D <verse_7> A D <verse_8> A D <verse_9> A D A D A D A D A D,1965,'arkansas country' 'banjo',1960.0,,artist_588,country,27UMlOxTzxoozsq7lG0A0K,6ZSZMR9ufoLgp0rdHenFJp
859,<intro_1> Bno3d Ano3d Eno3d <verse_1> Bno3d Ano3d Eno3d Bno3d Ano3d Eno3d Dno3d Fsno3d Bno3d Gno3d Bno3d Fsno3d <chorus_1> Bno3d Fsno3d Gno3d Dno3d Bno3d Fsno3d Gno3d Dno3d Bno3d Fsno3d Gno3d Dno3d Eno3d Cno3d Bno3d Ano3d Eno3d <verse_2> Bno3d Ano3d Eno3d Bno3d Ano3d Eno3d Dno3d Fsno3d Bno3d Gno3d Bno3d Fsno3d <chorus_2> Bno3d Fsno3d Gno3d Dno3d Bno3d Fsno3d Gno3d Dno3d Bno3d Fsno3d Gno3d Dno3d Eno3d Cno3d Bno3d <chorus_3> Fsno3d Gno3d Dno3d Bno3d Fsno3d Gno3d Dno3d Bno3d Fsno3d Gno3d Dno3d Eno3d Cno3d Bno3d,2016-08-19,'melancholia',2010.0,,artist_589,,0GA2BG5NA0YwHaeBFsDoZb,5EOPLr73C9nIPYwVEAsiOY
860,<intro_1> C F Amin G <verse_1> C F Amin G C F Amin G C F Amin G C F Amin G C F Amin G C F Amin G <verse_2> C F Amin G C F Amin G C F Amin G C F Amin G <chorus_1> Dmin C F G Amin Bb F G Dmin C F G Amin Bb F G C F Amin G C F Amin G C F Amin G C F Amin G <verse_3> C F Amin G C F Amin G C F Amin G C F Amin G C F Amin G C F Amin G C F Amin G C F Amin G C F Amin G C F Amin G C F Amin G C F Amin <chorus_2> Dmin C F G Amin Bb F G Dmin C F G Amin Bb F G C F Amin G C F Amin G C F Amin G C F Amin G,,'alternative country' 'new americana' 'ok indie' 'southern americana' 'tulsa indie',,,artist_590,alternative,,5MPWTD6J1H9XqYEOb4QkdH
861,<intro_1> D Dsus4 D Dsus4 D Dsus4 <verse_1> D Dsus4 D Dsus4 D Dsus4 D Dsus4 D Dsus4 D Dsus4 D Dsus4 D G D G D A <chorus_1> D G D G D A D A D G D A D G D A D Dsus4 D Dsus4 <verse_2> D Dsus4 D Dsus4 D Dsus4 D Dsus4 D Dsus4 D Dsus4 D Dsus4 D G D G D A <chorus_2> D G D G D A D A D G D A D G D A D <solo_1> Dsus4 D Dsus4 D A D Dsus4 D Dsus4 D A D G D A D G D A D <outro_1> A D G D A D G D A D,,'country' 'country dawn' 'country road',,,artist_591,country,,1SX44N5qjWuFcCK8WTO0c6
862,<intro_1> D A A7 D <verse_1> A A7 D A A7 G A D <chorus_1> G D G D G Bmin G Emin A D A A7 D <verse_2> A A7 D A A7 G A D <chorus_2> G D G D G Bmin G Emin A D A A7 D <verse_3> A A7 D A A7 G A D <chorus_3> G D G D G Bmin G Emin A D <outro_1> G D G D G Bmin G Emin A D G Emin A D A A7 D Dsus4 D,,,,,artist_592,,,6DR7b1QU9VjGiJlBEAtkvT
863,<intro_1> Emaj7 Bmin A Dmin Emaj7 Bmin A Dmin Emaj7 Bmin A Dmin <verse_1> Csmin B Eadd13 Csmin B Eadd13 Amin <interlude_1> Emaj7 Bmin A Dmin <verse_2> Csmin B Eadd13 Csmin B Eadd13 Amin Csmin B Eadd13 Csmin B Eadd13 Amin <chorus_1> Emaj7 Bmin A Dmin Emaj7 Bmin A Dmin <bridge_1> Amaj7 B Amaj7 B Amaj7 B Amaj7 B Amaj7 B Amaj7 B Amaj7 B Amaj7 B Amaj7 B Amaj7 B Amaj7 B Amaj7 B <outro_1> Emaj7 Bmin A Emaj7 Bmin A Dmin Csmin B Eadd13 Csmin B Eadd13,,'german pop',,,artist_593,pop,6uzYSAhYEQCwRe9bdwjLFz,2NpPlwwDVYR5dIj0F31EcC
864,<verse_1> F Amin F Amin F Amin F Amin F Amin F Amin G <chorus_1> F G Amin F G Amin F G Amin <verse_2> F Amin F Amin F Amin F Amin F Amin F Amin G <chorus_2> F G Amin F G Amin F G Amin F G Amin F G Amin <outro_1> F Amin F Amin,2022-06-10,'polish alternative',2020.0,,artist_594,alternative,18rW3nIZ7HTXhmNpJyisje,2Lp4rVUJ5ZRZfT8wkWF81K
865,<verse_1> G7 C G7 C C7 F C G7 C <chorus_1> G7 C F C D7 G7 C Dmin7 C F C Dmin7 G7 C <verse_2> Emin Gmin7 C7 F Fmin C Emin Gmin7 C7 D Dmin G7 C Emin Gmin7 C7 F Fmin E A7 D Dmin G7 C <verse_3> F As F C F C F As Gmin F C F C As Asmin F,,'ccm' 'christian alternative rock' 'christian music',,christian alternative rock,artist_595,rock,1ayGWNFNbZ8Cto8Sy40CCb,3vcFXwLEUdfWMu7gTQKyot
866,<intro_1> Ds Fmin Cmin Gs <verse_1> Ds Fmin Cmin Gs Ds Fmin Cmin Gs Ds Fmin Cmin Gs Ds Fmin Cmin Gs As Cmin Gmin7 Gs As Cmin <chorus_1> Ds Fmin Cmin Gs Ds Fmin Cmin Gs Ds Fmin Cmin Gs Ds Fmin Cmin Gs <verse_2> Ds Fmin Cmin Gs Ds Fmin Cmin Gs As Cmin Gmin7 Gs As Cmin <chorus_2> Ds Fmin Cmin Gs Ds Fmin Cmin Gs Ds Fmin Cmin Gs Ds Fmin Cmin Gs,2023-02-08,'emo trap italiana' 'italian pop',2020.0,,artist_596,rap,2AzbPKN2Vf3CUukNZGnjYx,3lxINiPO2Mtk6VqtUSd5t1
867,<intro_1> G7 <verse_1> C7 A7 D7 G7 <verse_2> C7 A7 D7 G7 <instrumental_1> C7 A7 G7 D7 C7 G7 <verse_3> C7 A7 D7 G7 D7 C7 G7 <instrumental_2> D7 C7,2016-10-20,'swamp pop',2010.0,,artist_597,pop,0MBaZl0zRHWVuxrFaXY9dR,6nNkKMkPl1qBCEW3Al9eVV
868,<intro_1> Amin C A G <verse_1> Amin C A G Amin C A G Amin C A G Amin C A C D C Amin C A G <verse_2> Amin C A G Amin C A G Amin C A G Amin C A C D C Amin C A G <bridge_1> D Amin D E <verse_3> Amin C A G Amin C A G Amin C A G Amin C A C D C Amin C A G <outro_1> A G Amin C A G A G A G Amin C A G A,2016-10-20,'swamp pop',2010.0,,artist_597,pop,73F01kVqBaROy6iqexy34g,6nNkKMkPl1qBCEW3Al9eVV
869,<intro_1> E <chorus_1> B E <verse_1> B E <bridge_1> A E Fsmin G C B <chorus_2> E B E <instrumental_1> B B7 B E <bridge_2> A E Fsmin G C B <chorus_3> E B E A E,2016-10-20,'swamp pop',2010.0,,artist_597,pop,6KJjpnFy2W0YHGiKGuhsvU,6nNkKMkPl1qBCEW3Al9eVV
870,<intro_1> F Bb G7 F C F <verse_1> C F Bb G C C7 F C F Bb G C C7 F Bb <bridge_1> F Bb F G C C7 <chorus_1> F Bb G C C7 F Bb F C <instrumental_1> F Bb G7 C C7 F Bb <bridge_2> F Bb F G C C7 <chorus_2> F Bb G C C7 F C7 F <instrumental_2> C7 F,,,,,,,,
871,<verse_1> Asus2 E Asus2 E Asus2 E Asus2 E Asus2 E Asus2 E Asus2 E Asus2 E Asus2 E Asus2 E Csmin B A Gsmin Asus2 E Asus2 E Asus2 E Asus2 E Asus2 E Asus4 E <chorus_1> A Gsmin B Fsmin Asus2 E Asus2 E Asus2 E <verse_2> Asus2 E Asus2 E Asus2 E Asus2 E Asus2 E Asus2 E Asus2 E Asus2 E Asus2 E Asus2 E Csmin B A Gs Asus2 E Asus2 E Asus2 E Asus2 E Asus2 E Asus2 E <chorus_2> A Gsmin B Fsmin A Gsmin B Fsmin E Fsmin E Fsmin E Fsmin E,,,,,,,,
872,<intro_1> Dmin Amin Bbmaj7 Bb Dmin Amin Bbmaj7 <verse_1> Dmin Amin Bbmaj7 Dmin Amin Bbmaj7 Bb Dmin Amin Bbmaj7 Bb Dmin Bbmaj7 Bb Bbmin Dmin Bbmaj7 <chorus_1> Dmin Bbmaj7 Bb Dmin Bbmaj7 Dmin C Bbmaj7 Gmin Bb Dmin C Bb <verse_2> Dmin Amin Bbmaj7 Bb Dmin Amin Bbmaj7 Bb Dmin Ebmin Dmin <bridge_1> F Bbmaj7 Amin Dmin <verse_3> Bbmaj7 Amin Dmin Bbmaj7 Amin Dmin Bbmaj7 Amin Dmin C Dmin <chorus_2> Bbmaj7 Bb Dmin Bbmaj7 Dmin Bbmaj7 Bb Dmin Bbmaj7 Dmin C Bbmaj7 Gmin Bb Dmin C Bb <outro_1> Dmin F Bbmaj7 Amin Dmin F Bbmaj7 Amin Dmin,2021-04-16,'melodic metalcore' 'metalcore' 'uk metalcore',2020.0,,artist_598,metal,7LxGDCzj70MYhuCXqQRswv,38LdIuxB548zgHoEY2AN7a
873,<verse_1> G C G D C G D7 G C <chorus_1> D C D C D C D D7 C D C D C D C D G <verse_2> C G D C G D7 G C <chorus_2> D C D C D C D D7 C D C D C D C D G <verse_3> C G C D C G <chorus_3> D C D C D C D D7 C D C D C D C D G,,,,,artist_599,,,2JzUs8Q17CMTfP24SFCYd1
874,<intro_1> G <verse_1> C G <chorus_1> C G <bridge_1> Ds <verse_2> G C G <chorus_2> C G <solo_1> C G <bridge_2> Ds <verse_3> G C G C G <bridge_3> Ds G,1968-04-22,'album rock' 'beatlesque' 'bubblegum pop' 'classic rock' 'folk rock' 'heartland rock' 'mellow gold' 'psychedelic rock' 'rock-and-roll' 'singer-songwriter' 'soft rock' 'sunshine pop',1960.0,psychedelic rock,artist_298,pop rock,3CulB52aTsN76POuRBxLWb,320EPCSEezHt1rtbfwH6Ck
875,Ab Db Fmin Ab Db Fmin Ab Db Fmin Ab Dbmaj7 Fmin Ebmin Ab Dbmaj7 Db Fmin Gmin Dbmaj7 Ebmaj7 Fmin Eb Ab Db Fmin Ab Db Fmin Ab Dbmaj7 Ab Dbmaj7 Fmin Eb7 Ab Db Fmin Eb Ab Dbmaj7 Eb Fmin Eb Ebmin Ab Db Ab Ebmin Db Ab Ebmin Db Ab Ebmin Db Eb Ab Dbmaj7 Fmin Ebmin Ab Dbmaj7 Fmin Eb Ab Dbmaj7 Fmin Ebmin Ab Dbmaj7 Fmin Ebmin Ab Dbmaj7 Fmin Ab Dbmaj7 Bbmin Ab Dbmaj7 Fmin Ab Dbmaj7 Fmin Abmaj7 Dbmaj7 Ab Fmin7 Ebmin7 Db Ab Abmaj7 Ebmin7 Ab Dbmaj7 Abmaj7 Ebmin7 Dbmaj7 Ab Abmaj7 Ebmin7 Dbmaj7 Ab Db Ab,2019-03-29,'norske viser' 'norwegian pop' 'talentkonkurranse',2010.0,,artist_600,pop,0cPkaBWbFsLtTBcp4tY5tY,75ZTlOo6olxm9thcXVh6Ta
876,<intro_1> C <chorus_1> Cadd13 C Cadd13 Cmaj7 Cadd13 Dmin G7 Dmin Dminadd13 Dmin Dminadd13 Bb Dminadd13 C <verse_1> Edim7 A7 Dmin F G7 C G7 Cmin G Cmin Db Dmin7 G7 <chorus_2> C Cadd13 C Cadd13 Cmaj7 Cadd13 Dmin G7 Dmin Dminadd13 Dmin Dminadd13 Bb Dminadd13 Emin7 A7 <outro_1> F G Emin7 A7 F E7 Amin Fmin C Cadd13 Cmaj7 Cadd13 Dmin7 G7 C,,,,,,,,
877,<intro_1> Emin G D C <verse_1> Emin G D C Emin G D C <interlude_1> Emin Fs G C Emin D <chorus_1> C G D Emin C G D Emin C G D Emin C G D C <verse_2> Emin G D C Emin G D C <chorus_2> G D Emin C G D Emin C G D Emin C G D C <bridge_1> Emin C G D Emin C G D Emin <chorus_3> C G D Emin C G D Emin C G D Emin C G D C G D C,2023-07-21,,2020.0,,artist_601,,5IDjOtUQ2UAjyoJ3vN7xbh,5uGLuPqfATGbvk6shtjDoX
878,<intro_1> D E A D E A D E A D E A D E A D E D E G D E G D E G D E A <verse_1> D E A D E A D E A D E A D E A D E D E G D E G D E G D E A D E A D E A D E A D E A D E A D E A D E A D E D,,'melodic rap' 'mississippi hip hop' 'pop rap' 'rap' 'trap',,,artist_602,rap,,7iZtZyCzp3LItcw1wtPI3D
879,<intro_1> Dno3d Dno3d/Cs Dno3d/B Dno3d/Fs Dno3d/G Dmaj7/A <verse_1> Dno3d Dno3d/Cs Dno3d/B Dno3d/Fs Dno3d/G Dmaj7/A Dno3d Dno3d/Cs Dno3d/B Dno3d/Fs Dno3d/G Dmaj7/A <verse_2> Dno3d Dno3d/Cs Dno3d/B Dno3d/Fs Dno3d/G Dmaj7/A Dno3d Dno3d/Cs Dno3d/B Dno3d/Fs Dno3d/G Dmaj7/A <chorus_1> Dno3d/G Dno3d Dno3d/Cs Dno3d/G Dno3d Dno3d/Cs Dno3d/B Dmaj7/A D/Ab Dno3d/G Dno3d Dno3d/Cs Dno3d/B Dno3d/Fs Dno3d/G Dmaj7/A <verse_3> Dno3d Dno3d/Cs Dno3d/B Dno3d/Fs Dno3d/G Dmaj7/A Dno3d Dno3d/Cs Dno3d/B Dno3d/Fs Dno3d/G Dmaj7/A <verse_4> Dno3d Dno3d/Cs Dno3d/B Dno3d Dno3d/Cs Dno3d/B Dno3d Dno3d/Cs Dno3d/B Dno3d/Fs Dno3d/G Dmaj7/A <chorus_2> Dno3d/G Dno3d Dno3d/Cs Dno3d/G Dno3d Dno3d/Cs Dno3d/B Dmaj7/A D/Ab Dno3d/G Dno3d/B Dmaj7/A Dno3d/G <bridge_1> Dno3d/B Dmaj7/A Dno3d/G Dno3d/B Dmaj7/A D/Ab Dno3d/B Dmaj7/A Dno3d/G Dno3d Dmaj7/Fs Dmaj7/A <chorus_3> Dno3d/G Dno3d Dno3d/Cs Dno3d/G Dno3d Dno3d/Cs Dno3d/B Dmaj7/A D/Ab Dno3d Dno3d/Cs Dno3d/B Dno3d/Fs Dno3d/G Dmaj7/A Dno3d/Fs Dno3d/G Dmaj7/A <outro_1> Dno3d/B Dmaj7/A Dmaj7/C Dno3d Dno3d/Fs Dno3d/G Dno3d,,,,,,,,
880,<intro_1> Bb F Eb F Bb <verse_1> F Eb Bb F Eb Bb <chorus_1> Gmin F Eb Gmin F Eb Gmin F Eb Bb F Eb F <verse_2> Bb F Eb Bb F Eb Bb <chorus_2> Gmin F Eb Gmin F Eb Gmin F Eb Bb F Eb F Bb F Eb F Bb <bridge_1> Cmin Eb <chorus_3> Gmin F Eb Gmin F Eb Gmin F Eb Bb F Eb <outro_1> F Bb F Eb F Ab Gb Bb,2017-07-21,'glam metal' 'hard rock',2010.0,hard rock,artist_436,metal,4wGPXraznAXLV1a0eUGLA3,5OfhOoKunSnuubxxRML8J3
881,F G Emin C Amin F G Emin F G Emin F G Emin F G Emin F G Emin F G Emin F G Emin F G Emin F G Emin F G Emin F G Emin F G Emin F G C F G C F G C F G C F G C F G Emin F G Emin F G Emin F G Emin F G Emin F G Emin F G C F G C F G C F G C F G C F Amin F G C Emin F Amin F G C F G F G C F G C F G C F G C F G Amin D7 F G C,2023-02-01,,2020.0,,artist_603,,5jPxzoxyaeiy3ka9lQWhzH,3nAGcmMHQfwXWAf5heSQbz
882,<intro_1> Amin Amin/B C F7 Fadd9 Amin Amin/B C F7 Fadd9 <verse_1> Amin Amin/B C D7sus2 Dmin7 Amin Amin/B C D7sus2 Amin Amin/B C F7 Fadd9 <verse_2> Amin Amin/B C F7 Amin C D7sus2 Amin Amin/B C D7sus2 Dmin7 Amin C F7 Fadd9 Amin C F7 Fadd9 Amin C F7 Fadd9,,'anti-folk' 'freak folk' 'new weird america',,,artist_604,country,,6Luf1q47JKj9GmkUuV4cj5
883,<intro_1> C G Amin F C G F C <verse_1> G Amin F C G F C <verse_2> G Amin F C G F C <chorus_1> Amin G F C G F C <verse_3> G Amin F C G F C <verse_4> G Amin F C G F C <chorus_2> Amin G F C G F C Amin G F C G F C F C G C F C G F C G Amin F C G F C G Amin F C G F C <chorus_3> Amin G F C G F C <verse_5> G Amin F C G F C <verse_6> G Amin F C G F C <chorus_4> Amin G F C G F C Amin G F C G F C <outro_1> F C G F C,2011-03-08,'album rock' 'classic rock' 'heartland rock' 'mellow gold' 'piano rock' 'rock' 'singer-songwriter' 'soft rock',2010.0,piano rock,artist_605,rock,3UpWAHui6MTeUBIL799Wt3,6zFYqv1mOsgBRQbae3JJ9e
884,<intro_1> D A D Bsus2 <verse_1> D A D Bmin D A D Bmin Fsmin D Fsmin D <chorus_1> A Bmin Fsmin G A D A Bmin Fsmin G A <intro_2> D A D Bsus2 <verse_2> D A D Bmin D A D Bmin Fsmin D Fsmin D <chorus_2> A Bmin Fsmin G A D A Bmin Fsmin G A <bridge_1> Cmin G Emin7 Fsmin Cmin G Emin7 Fs Fsmin <intro_3> D A D Bsus2 Fsmin D Fsmin D <chorus_3> A Bmin Fsmin G A D A Bmin Fsmin G A <outro_1> G A D,2023-02-03,'irish pop',2020.0,,artist_606,pop,3wSkbpT3er8zmg5i0hFYmT,25tMQOrIU4LlUo6Sv8v5SE
885,<intro_1> E <verse_1> A E B E A C E B E <verse_2> A E B E A C E B E <bridge_1> A B7 A <verse_3> E A E B E A C E B7 E B7 E E7 A C E B7 E <bridge_2> A B7 A <verse_4> E A E B7 E A C E B7 E <outro_1> B7 E B7 E,2011-03-08,'album rock' 'classic rock' 'heartland rock' 'mellow gold' 'piano rock' 'rock' 'singer-songwriter' 'soft rock',2010.0,piano rock,artist_605,rock,28JzpzSoewPaTPlotYuhDz,6zFYqv1mOsgBRQbae3JJ9e
886,<verse_1> C G A E C G A E C G A E C G A E <verse_2> C G A E C G A E C G A E C G A E <chorus_1> C G7/B Amin F C E7 Amin C G7/B Amin F C E7 Amin <instrumental_1> C G A E <chorus_2> C G7/B Amin F C E7 Amin C G7/B Amin F C E7 Amin <instrumental_2> Gs C/G Fsdim7 Dmin/F Dmin G <outro_1> C Dmin7 G7 F C,2021-06-04,'boston rock',2020.0,boston rock,artist_607,rock,4PBHiw0RcPgcuFVXUGvH7G,34XlPCFfB4vT7P1ekWq9Jc
887,<intro_1> E Esus4 E Esus4 <verse_1> E A E B A <verse_2> E A E A E B A B A <solo_1> E Esus4 E A E B Csmin A <verse_3> E A E B A E A E A E B A E <solo_2> Fsmin Gs A E B Csmin A E B Csmin <outro_1> A E,2015-10-30,'bubblegrunge' 'indie punk' 'small room',2010.0,,artist_608,punk,1QCzAi27CvhlfDZtkJhiVc,1lVadNivMiSkc2N6irhWdg
888,<intro_1> G Emin7 A7sus4 Cadd9 G Emin7 A7sus4 Cadd9 <verse_1> G Emin7 A7sus4 Cadd9 G Emin7 A7sus4 Cadd9 <chorus_1> G Emin7 A7sus4 Cadd9 G Emin7 A7sus4 Cadd9 G Emin7 A7sus4 Cadd9 <verse_2> G Emin7 A7sus4 Cadd9 G Emin7 A7sus4 Cadd9 <verse_3> G Emin7 A7sus4 Cadd9 G Emin7 A7sus4 Cadd9 <chorus_2> G Emin7 A7sus4 Cadd9 G Emin7 A7sus4 Cadd9 <interlude_1> G Emin7 A7sus4 Cadd9 G Emin7 A7sus4 Cadd9 G Emin7 A7sus4 Cadd9 G Emin7 A7sus4 Cadd9 <chorus_3> G Emin7 A7sus4 Cadd9 G Emin7 A7sus4 Cadd9 <verse_4> G Emin7 A7sus4 Cadd9 G Emin7 A7sus4 Cadd9,2021-11-04,'zurich indie',2020.0,,artist_609,alternative,476RbXAfuEbFczubKZFqVS,0POez7PsE2uSyj8UUKW10W
889,Emin G Emin G Emin G Emin G C Eno3d G C G C G C G C G D Emin G Emin D G Emin G Emin Eno3d Emin G Emin G Emin G Emin G Emin G Emin G Emin G Emin G C G C G C G D Emin G D Emin C Emin D Emin C Emin D Emin C G D G,2022-08-26,,2020.0,,artist_610,,5kkDRpdFHdJ66OJ1H4vC3t,3eHCLjEmzHMe6XBrGD9MBM
890,<verse_1> G C G D D7 G <verse_2> G7 C G D D7 G <chorus_1> C G C G D D7 G <instrumental_1> C G <chorus_2> C G C G D D7 G <verse_3> C G D D7 G D D7 G,2006-01-01,'irish country',2000.0,,artist_506,country,34xgZUWLuVUzIFTIrUyhTe,3m3FVqK23db5Sf6vFKLs05
891,<intro_1> Emin C D Bmin C Amin D Emin <verse_1> C D Bmin C Amin D Emin C D Bmin C Amin D <chorus_1> Emin C D Bmin C Amin D Emin C D Bmin C Amin D Emin <verse_2> C D Bmin C Amin D Emin C D Bmin C Amin D <chorus_2> Emin C D Bmin C Amin D Emin C D Bmin C Amin D <outro_1> Emin C D Bmin C Amin D,,,,,,,,
892,<chorus_1> D E A D E Fsmin <chorus_2> D E A D E A <chorus_3> D E A D E A <interlude_1> D A D E A D Fsmin D,2008-01-01,,2000.0,,artist_611,,3KnJHuwqNWFkl9ro3juZrp,2ONx8MeMBN34ptuYdk2Kh6
893,<intro_1> C F Bb F C <verse_1> Bb F C Bb F C Bb F C Bb F G C Bb F C <instrumental_1> F Bb F C <verse_2> Bb F C Bb F C Bb F C Bb F G C Bb F C <instrumental_2> F Bb F C <verse_3> Bb F C Bb F C Bb F C F Bb G C Bb F <instrumental_3> C F Bb F C F Bb F C,2009-12-04,'celtic' 'celtic rock' 'irish folk' 'irish rock',2000.0,irish rock,artist_612,rock,0TuN5jroPeOmPA81vBrrcg,2mcMCQLrNDEW6O1pAEK3dr
894,<intro_1> G D/Fs Emin G/D C D <verse_1> G D/Fs Emin G/D C D <verse_2> G D/Fs Emin G/D C D G <chorus_1> Emin C G D Emin C G D Emin C G D <verse_3> G D/Fs Emin G/D C D <chorus_2> Emin C G D Emin C G D Emin C G D <interlude_1> Emin C G D Emin C G D Emin C G D Emin C G D Emin C G D <outro_1> G D C,,'post-teen pop',,,artist_613,pop,,5338fdSzGNOFD4cxAxDTeq
895,<intro_1> Dmin Bb F A <verse_1> Dmin Bb F A Dmin Bb F A Dmin Bb C Dmin Bb F A Dmin Bb F A <verse_2> Dmin Bb F A Dmin Bb F A Dmin Bb C Dmin Bb F A Bb <chorus_1> C F Bb C F Bb C F Bb C F Bb Dmin Bb F A <verse_3> Dmin Bb F A Dmin Bb F A Dmin Bb C Dmin Bb F A <verse_4> Dmin Bb F A Dmin Bb F A Dmin Bb C Dmin Bb F Dmin Bb F A <chorus_2> C F Dmin Bb C F Bb C F Bb C F Bb C F Bb C F Bb C F Bb C F Bb <outro_1> Dmin Bb F A,2023-02-24,'german indie',2020.0,,artist_614,alternative,3FcTf96J6zhMhDgdG0mAd1,21K0gLOe4i0o6l1MHd5a6W
896,<intro_1> Cmaj7 E Cmaj7 E Cmaj7 E Cmaj7 E Cmaj7 E Cmaj7 E <verse_1> Cmaj7 E Cmaj7 E Cmaj7 E Cmaj7 E <bridge_1> Cmaj7 E Cmaj7 E Cmaj7 E Cmaj7 E Cmaj7 E <chorus_1> Cmaj7 D E Cmaj7 D E Cmaj7 D E Cmaj7 D E <verse_2> Cmaj7 E Cmaj7 E Cmaj7 E Cmaj7 E <chorus_2> Cmaj7 D E Cmaj7 D E Cmaj7 D E Cmaj7 D E Cmaj7 D E Cmaj7 D E Cmaj7 D E Cmaj7 D Gs <outro_1> Cmaj7 E,2012-05-22,,2010.0,,artist_615,,3Bz5SDAXkoutZLNCRn1A0d,0gInFRDVuoS0SWrFHJnqAy
897,<verse_1> A E A E A Cs7 Fsmin Cs7 A E7 A E A D E A <verse_2> E A E A Cs7 Fsmin Cs7 A E7 A E A D E A <verse_3> E A E A Cs7 Fsmin Cs7 A E7 A E A D E A,,,,,artist_616,,0ElJBfbQr8FJKZW4EvzZss,6UcChJFHqKzPPnNxAY5D0s
898,<intro_1> Amin F Dmin B E <verse_1> Amin G F Dmin B E <chorus_1> F Dmin Amin C F Dmin Esus4 E <chorus_2> Amin F Dmin B E Amin F Dmin B E F Dmin Amin C F Dmin E <verse_2> Amin F Amin Dmin Amin B E <chorus_3> F Dmin Amin C F Dmin Esus4 E <chorus_4> Amin F Dmin B E Amin F E Dmin E F Dmin Amin C F Dmin E <bridge_1> Amin Emin D F Amin Emin D Dmin <chorus_5> Amin F E Dmin D B E Amin F E Dmin E C F Dmin Amin C F Dmin E Eno3d,2022-12-02,'dance pop' 'pop' 'talent show',2020.0,,artist_617,pop,3i0rzDAN7n9At98l37wtkc,3whuHq0yGx60atvA2RCVRW
899,<intro_1> G <verse_1> Cadd9 Gadd9 G Cadd9 Gadd9 G Amin7 D11 Amin7 D11 <chorus_1> G Emin Amin C D11 G Emin Amin C D11 G <verse_2> Cadd9 Gadd9 G Cadd9 Gadd9 G Amin7 D11 Amin7 D11 <chorus_2> G Emin Amin C D11 G Emin Amin C D11 <solo_1> G Emin7 Amin C D11 <chorus_3> G Emin7 Asus4 Cadd9 D11 G Emin Amin C D11 E7 C D11 <outro_1> G,2019-08-09,'australian country',2010.0,,artist_572,country,7vamSd2pwjHSyId0tPsblN,1kfw6RPH8k2cuQnZ1fqnzk
900,<intro_1> E A G E G A <verse_1> E G A E G A E A G D E D C D <verse_2> E A G E G A E A G D E D C D <chorus_1> E C G E C G E C G E C G E <instrumental_1> A G E G A <verse_3> E A G E G A E A G D E D C D <chorus_2> E C G E C G E C G E C G E <bridge_1> A C G A C G <chorus_3> E C G E C G E C G E C G E <outro_1> C G E C G E C G E C G E A G E A G E A G E A G,2020-06-19,'scottish indie rock',2010.0,scottish indie rock,artist_618,rock,6Aq9AIpw6fiHtgMxJp1rb8,6DHkGAqwV3RPeYpkYFdggL
901,<intro_1> G Amin D G <verse_1> C/G D/G G D/Fs Emin Amin C D G <verse_2> C/G D/G G D/Fs Emin Amin C D G <chorus_1> Emin Bmin C G D/Fs Amin Emin C D Emin <verse_3> G C/G D/G G D/Fs Emin Amin C D G <chorus_2> Emin Bmin C G D/Fs Amin Emin C D G Emin Bmin C G D/Fs Amin Emin C D Emin G C/G D/G G,,'classic belgian pop',,,artist_619,pop,,3wUzBiKi0obGJeF4nYJu9B
902,<intro_1> F Dmin Bb F <verse_1> Bb C F Dmin Bb C F <verse_2> Bb C F Dmin Bb C F <chorus_1> Dmin Amin Bb F C Dmin Amin Bb C F <verse_3> Bb C F Dmin Bb C F <verse_4> Bb C F Dmin Bb C F <chorus_2> Dmin Amin Bb F C Dmin Amin Bb C F <instrumental_1> Dmin Bb F <verse_5> C F Bb C F Dmin Bb C F <outro_1> Dmin Bb C,2022-02-18,'uk americana',2020.0,,artist_620,,31zZczQT17S5XDnUPg8HKi,5BzWZRbyd5YTq709bv1ljW
903,<intro_1> Emin G D Bmin Emin G D Bmin Emin Bmin C D Emin <chorus_1> D C G Bmin Emin Bmin Emin Bmin C D Emin G Emin Bmin C D Bmin Emin Bmin Emin Bmin C D Emin D C G Bmin Emin Bmin Emin Bmin C D Emin <interlude_1> B Amin Emin G Amin Bmin B Emin B Amin Emin Bmin C D Emin G C D G C D G Amin Bmin Amin Emin <chorus_2> D C G Bmin Emin Bmin Emin Bmin C D Emin <interlude_2> G D Emin G D Bmin Emin Bmin Emin C D Emin G Cmin C D G Cmin C D G Amin Emin Amin Emin <chorus_3> D C G Bmin Emin Bmin Emin Bmin C D Emin G Emin Bmin C D Bmin Emin Bmin Emin Bmin C D Emin <outro_1> Bmin Emin Bmin C D Emin C D Emin,,'alternative metal' 'nu metal' 'rap metal' 'rock',,rock,artist_621,metal,1ez4uWPnJwYufNhYTLVsJr,5eAWCfyUhZtHHtBdNk56l1
904,<verse_1> C Amin Emin C7 F F7 F7 Dminadd13 Amin Dmin7 Bmin7 E7 Amin Amin7 B7 E G7 C Amin Emin C7 F F7 F7 Dminadd13 Emin7 A7 Gmin7 F Dmin Dmin7 E7 C/A B7 Dmin7 C Amin Dmin7 G7 C <verse_2> Amin Emin C7 F F7 F7 Dminadd13 Emin7 A7 Gmin7 F Dmin Dmin7 E7 C/A B7 Dmin7 C Amin Dmin7 G7 C,2020-06-03,'background jazz',2010.0,,artist_622,jazz,23G8P94lKwgXNAKH2z5VP8,73EUNkbwvo1Y6ZmVjummIq
905,<intro_1> D <verse_1> C G D C G D Amin A Amin A D C G D <chorus_1> G D C G D Amin D C G D Dmin D <verse_2> C G D Dmin D Dmin C G D Amin A D C G D <chorus_2> G D C G D Amin A D C G D C G D <outro_1> Dmin D C G D Dmin D C G D C G D C G D,2021-02-25,'redneck',2020.0,,artist_338,,1TrJ3y7onQrLlEJlspldjV,03UZwtrCiMR9P10LcjQ5Wu
906,<intro_1> A E <chorus_1> A E A E <chorus_2> A E A E <chorus_3> A E A E A E A E <chorus_4> A E A E,1995-01-23,'dream pop' 'uk post-punk',1990.0,,artist_623,pop,6sAso3ZZZcWvND4UO4ly85,30JExXexrTakSa79ce2mn8
907,<verse_1> G D G D G D Emin7 A G D G D G D Emin7 A <verse_2> G D G D G D Emin7 A G D G D G D Emin7 A <chorus_1> G D/Fs Emin7 A D G D/Fs Emin7 A D <verse_3> G D G D G D Emin7 A G D G D G D Emin7 A <verse_4> G D G D G D Emin7 A G D G D G D Emin7 A <chorus_2> G D/Fs Emin7 A D G D/Fs Emin7 A D <chorus_3> G D/Fs Emin7 A D G D/Fs Emin7 A D <chorus_4> G D/Fs Emin7 A D G D/Fs Emin7 A D,1995-08-15,,1990.0,,artist_624,,1RryLVHCnXW3FaA8UKZ926,0Tz09alfnwRpaz2EB69AT3
908,<intro_1> Abadd9 Ab Cmin7 Bbmin7 Ab Cmin7 Bbmin7 <verse_1> Abadd9 Fmin7 Bbmin11 Ab Eb <verse_2> Abadd9 Ddim7 Bbmin11 D9 <chorus_1> Db7 Fmin7 Fmin11 Db7 Bbmin9 Ab Bbmin7 Bbmin9 Absus2/C Ab/C Db7 Bbmin9 Fmin9 Db Dbadd9 Bbmin9 Bbmin Ab Cmin7 Bbmin7 Ab Cmin7 Bbmin7 <verse_3> Abadd9 Fmin7 Bbmin7 Ddim7 Dbminadd13 <verse_4> Ab/C Fminadd13 Bbmin7 Fmin7 Eb <chorus_2> Db7 Fmin7 Fmin11 Db7 Bbmin9 Ab Bbmin7 Bbmin9 Absus2/C Ab/C Db7 Bbmin9 Fmin9 Db Dbadd9 Bbmin9 Bbmin Ab <bridge_1> Db7 Fmin7 Edim7 Fmin7 Db7 Db/F Eb/G Ab Ab/C Eb Ab/C Ab7/C Db7 Fmin/Ab Eb/G Fmin7 Dmajs9 Db7 Abmaj9/C Bbmin Ab Bbmin7 Bbminadd13 Absus2/C Ab/C <chorus_3> Db7 Fmin9 Db7 Ab Bbmin Ab Eb/G Fmin7 Eb Ab/C Db Ab/C Db Eb Db/F Dbmin7/Gb Fmin7/Eb Dmajs9 Db Ab/C Db/F Bb/G Ab <bridge_2> Db7 Fmin7 Edim7 Fmin7 Db7 Db/F Eb/G Ab Ab/C Eb Ab7/C Db7 Fmin/Ab Gdim7 Fmin7 Dmajs9 Db7 Abmaj9/C Bbmin Ab <instrumental_1> Cmin7 Fmin7 Cmin7 Bbmin9 Ab Bbmin7 Cmajs9 Fmin7 Cmin7 Bbmin11 Ab,2015-07-24,'gospel',2010.0,,artist_625,,4qw9bLpVrIRaWzINNs1A8J,77HU1Zb1VDIFvWKteJii0E
909,<intro_1> C G Amin F C G Amin F <verse_1> C G Amin F C G Amin F C G Amin F C G Amin F E Amin E Amin E Amin E Amin <chorus_1> C E F G C E F G <instrumental_1> C G Amin F C G Amin F <verse_2> C G Amin F C G Amin F E Amin E Amin E Amin E Amin <chorus_2> C E F G C E F G C E F G C E F G <outro_1> C E F G C E F G C E F G C E F G C E F G C E F G C E F G,2021-10-07,,2020.0,,artist_626,,49SJ2fkMiOtIqT2FNPgzav,5UbDIFq8PbCbEQWPGpZKO6
910,<verse_1> C Amin F G Emin Amin D C G C Amin F G Emin Amin D C G <chorus_1> C G Amin G Amin G Dmin G C G Amin G Amin G Dmin G C <verse_2> Amin F G Emin Amin D C G C Amin F G Emin Amin D C G <chorus_2> C G Amin G Amin G Dmin G C Amin F G Emin Amin D C G <chorus_3> C G Amin G Amin G Dmin G C G Amin G Amin G Dmin G C Amin G Dmin G C,1993-11-10,'j-pop',1990.0,,artist_627,pop,5J6POaDAhQz14pulwUH8ip,64Y8hjY7esLUC8ucjtHYwZ
911,<intro_1> C Cmaj7 Bmin7 Amin7 Dmin7 Cmaj7 Bmin7 Amin7 D7 <verse_1> Cmaj7 Bmin7 Amin7 Dmin7 Cmaj7 Bmin7 Amin7 Dmin7 Cmaj7 Bmin7 Amin7 Dmin7 Cmaj7 Bmin7 Amin7 D7 <chorus_1> Cmaj7 Bmin7 Amin7 Cmaj7 Bmin7 Amin7 Cmaj7 Bmin7 Amin7 Dmin7 Cmaj7 D7 Cmaj7 Bmin7 <interlude_1> Amin7 G7 Cmaj7 Bmin7 Amin7 C7 <verse_2> Cmaj7 Bmin7 Amin7 D7 Cmaj7 Dmin7 Amin7 Gmaj7 Cmaj7 Bmin7 Amin7 D7 Cmaj7 Bmin7 Amin7 <interlude_2> Cmaj7 Emin7 Amin7 Cmaj7 Bmin7 Amin7 G7 <chorus_2> Cmaj7 Bmin7 Amin7 Cmaj7 Bmin7 Amin7 Cmaj7 Bmin7 Amin7 Dmin7 Cmaj7 D7 Cmaj7 Bmin7 <interlude_3> Amin7 D7 Cmaj7 Bmin7 Amin7 Gmaj7 Cmaj7 D7 Amin7 G7 Cmaj7 Amin7 <verse_3> Dmin7 Cmaj7 Bmin7 Amin7 Cmaj7 Bmin7 Amin7 Cmaj7 Bmin7 Amin7 <outro_1> Dmin7 Cmaj7 Bmin7 Amin7 Dmin7 Cmaj7 Bmin7 Amin7 Cmaj7 Bmin7 Amin7 Cmaj7 Bmin7 Amin7 Cmaj7 Bmin7 Amin7 Dmin7 Cmaj7 Bmin7 Amin7 Dmin7 Cmaj7 Bmin7 Amin7 Cmaj7 Bmin7 Amin7 Cmaj7,2018-08-24,'classic opm' 'opm',2010.0,,artist_6,,11a1urwupkxuJVPac4zOzd,33kC1w8s5cXEi1zyJZuqSI
912,<intro_1> G A Bmin A G A Bmin A <verse_1> G D Bmin G D Bmin G A <chorus_1> G D A Bmin G D A <instrumental_1> G D Bmin A <verse_2> G D Bmin G D Bmin G A <chorus_2> G D A Bmin G D A G D A Bmin G D A <instrumental_2> G A Bmin A G A Bmin A <bridge_1> G D G A Bmin G D G A Bmin <chorus_3> G D A Bmin G D A <outro_1> G A Bmin A,2012-07-08,'uk worship',2010.0,,artist_628,,6UuxTebwqgW9iIHRNgFyby,1VKTtG7vk18V4A973mkEVJ
913,<verse_1> Amin C D F Amin E7 Amin C D F Amin E7 Amin C D F Amin E7 Amin C D F Amin E7 Amin C D F Amin E7 Amin C D F Amin E7 Amin <chorus_1> D F C Dmin E7 Amin D F C Dmin E7 Amin <verse_2> C D F Amin E7 Amin C D F Amin E7 Amin C D F Amin E7 Amin C D F Amin E7 Amin <chorus_2> D F C Dmin E7 Amin D F C Dmin E7 Amin,2023-09-15,'german indie' 'german indie folk',2020.0,,artist_629,alternative,33uI08hGJ1QJt6J6bioBkF,6XlZ98sKawGp29N1VyWFqV
914,<intro_1> E Fsmin Asus2 Bsus2 <verse_1> E Fsmin Asus2 Bsus2 E Fsmin Asus2 Bsus2 Gsmin Asus2 Fsmin Bsus2 Gsmin Asus2 Fsmin Bsus2 <chorus_1> E Fsmin Asus2 Bsus2 E Fsmin Asus2 Bsus2 <verse_2> E Fsmin Asus2 Bsus2 E Fsmin Asus2 Bsus2 Gsmin Asus2 Fsmin Bsus2 Gsmin Asus2 Fsmin Bsus2 <chorus_2> E Fsmin Asus2 Bsus2 E Fsmin Asus2 Bsus2 <outro_1> E Fsmin Asus2 Bsus2 E Fsmin Asus2 Bsus2,2023-02-03,'danish alternative rock',2020.0,danish alternative rock,artist_630,rock,7cV58Bvu5K4WzbIBg6hX6t,2RMn57qMY0yhUiIYdtUXlh
915,<intro_1> C <chorus_1> D <verse_1> C <chorus_2> A C A C A C A C A C D A C D A C D A C D A C,2020-09-25,'bristol indie' 'crank wave' 'modern rock',2010.0,modern rock,artist_631,alternative,51js1dExwInVO163gghEHn,75mafsNqNE1WSEVxIKuY5C
916,<intro_1> Aadd13 A E9 E7 Aadd13 A E9 E7 <verse_1> A E9 A E E/Fs E/Gs A Cs7 Fs9 Fs7 B B7 E7sus4 E A A/As A/B E <verse_2> A E9 A E E/Fs E/Gs A Cs7 Fs9 Fs7 B B7 E7sus4 E A A/B A/C A/Cs <chorus_1> Cs Fs B7 E E/Fs E/G E/Gs <verse_3> A E9 A E E/Fs E/Gs A Cs7 Fs9 Fs7 B B7 E7sus4 E Aadd13 E9 A,,,,,,,,
917,<intro_1> Emin Eno3d Emin Eno3d Emin Eno3d <chorus_1> Emin Eno3d Emin Gno3d Emin <verse_1> Eno3d Gno3d Emin Gmin Emin Gmin Emin Eno3d <chorus_2> Emin Gmin Emin Ano3d Emin <verse_2> Eno3d Emin Gmin Emin Gno3d Eno3d Emin Gmin Emin Gmin Emin <chorus_3> Gno3d Eno3d Amin Eno3d Ano3d Eno3d Ano3d,2022-01-07,,2020.0,,artist_632,,1dN2Nq0biHVDT1yX8JlKH4,0rm6KGFlaDu1388CiFSTGQ
918,<intro_1> Amin C G <verse_1> Amin C G Amin C G <chorus_1> Amin C G Amin C G Amin C G Amin C G F G Amin F G Amin C F <verse_2> Amin C G Amin C G <chorus_2> Amin C G Amin C G Amin C G Amin C G Amin C G <outro_1> Amin,2001,'pop punk' 'punk' 'skate punk',2000.0,,artist_218,punk,5bT1X7cPnnQHr7bUpsTsBI,74xFFXkvOq9dPDigOWTHiX
919,<intro_1> D G C G <chorus_1> C G Emin D G C G <verse_1> C G Emin D G C G <chorus_2> C G Emin D G C G <verse_2> C G Emin D G C G <chorus_3> C G Emin D G C G <verse_3> C G Emin D G C G <chorus_4> C G Emin D G C G <outro_1> D G C G D G C G,,'irish rebel song',,,artist_633,,6shRWjCaGjuYOqdeXcsDf7,7rPd1HB1nqffbrroHsZcQP
920,<intro_1> G A C G A C G <verse_1> C D7 C G C D7 C G <chorus_1> A C G A C G A C G A C G C D7 C G <verse_2> C D7 C G C D7 C G <chorus_2> A C G A C G A C G A C G C D7 C G <verse_3> C D7 C G C D7 C G <chorus_3> A C G A C G A C G A C G <outro_1> A C G,,,,,artist_634,,,2U9M3kBI42NTsOznoIRirM
921,<verse_1> C Bb F C Bb F <chorus_1> C Bb F C Bb F <verse_2> C Bb F C Bb F <chorus_2> C Bb F C Bb F C Bb F <verse_3> C Bb F C Bb F C Bb F <chorus_3> C Bb F C Bb F C Bb F C Bb F C,2001,'pop punk' 'punk' 'skate punk',2000.0,,artist_218,punk,4MLhuUzlGfGm3u5ToIwHY9,74xFFXkvOq9dPDigOWTHiX
922,<intro_1> Amin C F G Amin C F G <verse_1> Amin C F G Amin C F G Amin C F G Amin C F G <chorus_1> Amin F G Dmin Amin F G Dmin Amin C F G <verse_2> Amin C F G Amin C F G Amin C F G Amin C F G <chorus_2> Amin F G Dmin Amin F G Dmin <bridge_1> F Amin G F Amin G F Amin G <instrumental_1> Amin F G <verse_3> Amin F G Amin F G Amin F G Amin F Emin <chorus_3> Amin F G Dmin Amin F G Dmin Amin F G Dmin Amin F G Dmin Amin,2001,'pop punk' 'punk' 'skate punk',2000.0,,artist_218,punk,1pXr9vMbbCnszXNj6O6k8J,74xFFXkvOq9dPDigOWTHiX
923,<intro_1> G C G C <verse_1> G C G C G C G C G Emin D C G Amin7 D <chorus_1> G C G Emin7 D B Emin G C G Amin7 D G C D <verse_2> G C G C G C G C G Emin G C G Amin7 D <chorus_2> G C G Emin7 D B Emin G C G Amin7 D G Cs7 Ds <chorus_3> Gs Cs Gs Fmin7 Ds C Fmin Gs Cs Gs Asmin7 Ds Gs Fmin7 Cs <outro_1> Ds Gs,,'family gospel',,,artist_635,,,30KnZHK1nRRvHgZVJFXjpI
924,<intro_1> C Emin F Dmin <verse_1> C Emin F Dmin C Emin F Dmin C Emin F Dmin G C <chorus_1> Amin F G C G C Amin F G C G C <verse_2> Emin F Dmin C Emin F Dmin G C Amin F G C G C Amin F G C <bridge_1> G A Amin G F C As F Dmin F Dmin Amin F G C G C Amin F G C G C,2003-05-10,,2000.0,,artist_636,,0TULYr62muJSptzmrrgnC1,0I2ih3wfDtDIiuE0s33j6V
925,<intro_1> Dmin Bb F C Dmin C F Dmin C F Dmin C F Dmin C F <verse_1> Dmin C F Dmin C F Dmin C F Dmin C F <bridge_1> Bb C Bb C <verse_2> Dmin C F Dmin C F Dmin C F Dmin C F <bridge_2> Bb C Bb C <chorus_1> Dmin Bb F C Dmin Bb F C Dmin Bb F C Dmin Bb F C <instrumental_1> Bb C Bb C <verse_3> Dmin C F Dmin C F Dmin C F Dmin C F <bridge_3> Bb C Bb C Bb C Bb C <chorus_2> Dmin Bb F C Dmin Bb F C Dmin Bb F C Dmin Bb F C Dmin Bb F C Dmin Bb F C Dmin Bb F C Dmin Bb F C <instrumental_2> Bb C Bb C Bb C Bb C <outro_1> Dmin Bb F C Dmin Bb F C Dmin Bb F C Dmin Bb F C Dmin Bb F C Dmin Bb F C Dmin Bb F C Dmin Bb F C Dmin Bb,1993-09-07,'britpop' 'c86' 'dream pop' 'uk post-punk',1990.0,,artist_324,pop,7qcnpbAmM7jYg6HBYd1e6L,4tfyTbsNNN5xfxKDwG4VfP
926,<intro_1> C F <verse_1> C F <verse_2> C F,,,,,,,,
927,<chorus_1> Cs Gs Asmin Fs Cs Gs Fs Gs Cs Gs Asmin Fs Gs Cs Gs Asmin Fs Cs Gs Asmin Gs Cs Cssus4 Gs Cs Fs Cs Gs Cs Gs Cs Cssus4 Gs Cs Fs Cs Gs Cs Gs Fs Cs Gs Cs,,,,,,,,
928,<intro_1> Eno3d,1993-09-07,'britpop' 'c86' 'dream pop' 'uk post-punk',1990.0,,artist_324,pop,3ROhjsWahITjSgZzKTcKUp,4tfyTbsNNN5xfxKDwG4VfP
929,<intro_1> Fsmin <verse_1> D A E Fsmin D A E Bmin G Bmin Cs <chorus_1> A E G A E G Cs Fsmin Bmin Cs Fsmin <verse_2> D A E Fsmin D A E Bmin G Bmin Cs <chorus_2> A E G A E G Cs Fsmin Bmin Cs A E G A E G Cs Fsmin Bmin Cs Fsmin <bridge_1> Csmin Fsmin Csmin Fsmin Csmin Bmin7 Csmin D E <chorus_3> A E G A E G Cs Fsmin Bmin Cs A E G A E G Cs Fsmin Bmin Cs Fsmin,2023-02-08,'belgian pop',2020.0,,artist_637,pop,4VFulYnAAUZN7IVYpaxYnv,1VGBAmirdZGTCGioTAzHYA
930,<intro_1> E9 A13 Dmaj7 Bmin7 E9 A13 Dmaj7 Bmin7 E9 <verse_1> A13 Dmaj7 Bmin7 E9 A13 Dmaj7 Bmin7 E9 A13 Dmaj7 Bmin7 E9 A13 Dmaj7 Bmin7 <chorus_1> G/D A/E E7sus4 Aadd13/Cs Fsmin B G/D A/E E7sus4 Dadd9 Dsdim7 Fsmin7 G/D A/E E7sus4 Aadd13/Cs Fsmin B G/D A/E E7sus4 Dadd9 Dsdim7 Fsmin7 <outro_1> E9 A13 Dmaj7 Bmin7 E9 A13 Dmaj7 Bmin7 E9 A13 Dmaj7 Bmin7 E9 A13 Dmaj7 Bmin7 G/D A/E E7sus4 Aadd13/Cs Fsmin B G/D A/E E7sus4 Dadd9 Dsdim7 Fsmin7 E9,,'epunk' 'furry',,,artist_638,punk,,0NE6MVtTFUuLSPWdwzqcNP
931,<verse_1> Eb F Dmin Gmin Eb F Dmin Gmin Eb F Dmin Gmin Eb F Bb <verse_2> Eb F Dmin Gmin Eb F Dmin Gmin Eb F Dmin Gmin Eb F Bb <chorus_1> Eb Bb Eb Gmin Eb Bb Gmin Eb F Dmin Eb <verse_3> F Dmin Gmin Eb F Dmin Gmin Eb F Dmin Gmin Eb F Bb <chorus_2> Eb Bb Eb Gmin Eb Bb Gmin Eb F Dmin Eb <bridge_1> F Gmin F Eb Dmin7 Gmin Eb Gmin Gmin7 Eb <verse_4> F Dmin Gmin Eb F Dmin Gmin Eb F Dmin Gmin Eb F Bb <outro_1> Eb F Bb Eb F Bb,1998-07-02,'new wave pop',1990.0,,artist_639,pop,5AlH6FIXI0n9RRjNWbOamX,2EfG2EoT8GFJrMiilbTVl2
932,<intro_1> B7 E <verse_1> B7 E B7 E <chorus_1> B7 E <instrumental_1> B7 E <verse_2> B7 E B7 E <chorus_2> B7 E <instrumental_2> B7 E <verse_3> B7 E B7 E <chorus_3> B7 E <outro_1> B7 E B7 E,2022-11-18,'alternative country',2020.0,,artist_640,country,1WL69n0lfHm5o2s5tHBunG,1VA93XBE8WfC2Nbe8xNLRX
933,<intro_1> Amin G F E Amin G F E <verse_1> Amin G F E Amin G F E <chorus_1> Amin G F E Amin G F E <bridge_1> C G F E C G F E <verse_2> Amin G F E Amin G F E <chorus_2> Amin G F E Amin G F E <bridge_2> C G F E C G F E <instrumental_1> Amin G F E Amin G F E <verse_3> Amin G F E Amin G F E <chorus_3> Amin G F E Amin G F E Amin G F E Amin G F E Amin,2014-11-11,'glam rock' 'melancholia' 'new romantic' 'new wave' 'new wave pop' 'solo wave' 'sophisti-pop',2010.0,glam rock,artist_641,pop rock,3gFbOlhtxWy0U0pMtbUH4y,5RNFFojXkPRmlJZIwXeKQC
934,<intro_1> C G7 C G7 <verse_1> C G7 C F C G7 C G7 E7 Amin E7 F D7 G7 <chorus_1> C C7 F Fmin C G7 C G7 <verse_2> C G7 C F C G7 C G7 E7 Amin E7 F D7 G7 <chorus_2> C C7 F Fmin C G7 C G7 <instrumental_1> C G7 C F C G7 C G7 E7 Amin E7 F D7 G7 C C7 F Fmin C G7 C G7 <verse_3> C G7 C F C G7 C G7 E7 Amin E7 F D7 G7 <chorus_3> C C7 F Fmin C G7 C G7 <outro_1> C C7 F Fmin C G7 C,1992,'acoustic blues',1990.0,,artist_642,jazz,2IhlFWhBrYdUkBxUIDhkPc,7hYKC5uBED0V5rpKQkqgQ5
935,<intro_1> G <verse_1> Emin Amin Bmin7 Amin Emin Bmin7 Amin D Emin C Amin Emin <verse_2> Amin Bmin7 Amin Emin Bmin7 Amin D <chorus_1> G C Amin D G C Amin D Emin C Amin Emin <verse_3> Amin Bmin7 Amin Emin Bmin7 Amin D Emin C Amin <solo_1> Emin Amin Bmin7 Amin Emin Bmin7 Amin D Emin C Amin <verse_4> Emin Amin Bmin7 Amin Emin Bmin7 Amin D <chorus_2> G C Amin D G C Amin D Emin C Amin <outro_1> Emin C Amin G,,,,,,,,
936,<intro_1> F Dmin Amin <verse_1> F Dmin Amin F Dmin Amin F G Dmin <chorus_1> Amin C G Amin C G F G Amin F G Amin F G Amin <verse_2> F Dmin Amin F G D Amin <chorus_2> C G Amin C G F G Amin F G Amin F G Amin F G Amin <chorus_3> C G Amin C G F G Amin F G Amin F G Amin <outro_1> F G Amin,2023-01-13,'modern country pop',2020.0,,artist_643,pop,1MdDSHdHItoEtGTMPe6m2u,2dZ1l4hWgtbMS0N5T9Oalb
937,<chorus_1> Dmin F C Dmin C Dmin F C Dmin C <verse_1> Dmin F C Dmin C Dmin F C Dmin C Dmin F C Dmin C Dmin F C Dmin C Dmin <chorus_2> F C Dmin C Dmin F C Dmin C Dmin <verse_2> F C Dmin C Dmin F C Dmin C Dmin <chorus_3> F C Dmin C Dmin F C Dmin C Dmin F C Dmin C Dmin F C Dmin C Dmin,,,,,,,,
938,Amin Dmin Amin Dmin Amin Dmin Amin Dmin Amin E F E F E F E F E Amin Dmin C E Amin Dmin C E Amin C F Dmin E Amin Dmin Amin Dmin Amin Dmin Amin Dmin Amin Dmin C E Amin Dmin C E Amin C F Dmin E Amin D C F G D C F G Amin Dmin C E Amin Dmin C E Amin Dmin C E Amin Dmin C E Amin C F Dmin E Amin Dmin C E Amin Dmin C E Amin C F Dmin E Amin C F G Amin C F G Amin C F G E A D A Bmin E A D Fs Bmin E A Fs D E D C As D C As C D C As C D E F G D E F B G E F G E E7/B Amin G F D G Cmin Gs Ds G Cmin Gs Gmin Fmin G Cmin Bb Ds D Cmin,2023-03-03,,2020.0,,artist_644,,6UjF2rwLKgnUrt23Onq0rh,2hvntb0GuCXAFKwgc7X0o5
939,<intro_1> Amin C G F Amin C G F <verse_1> Amin C G F Amin C G F Amin C G F Amin C G <chorus_1> F Amin C G <verse_2> Amin C G F Amin C G F Amin C G <chorus_2> F Amin C G F Amin C G <bridge_1> F Amin C G F Amin C G <chorus_3> F Amin C G F Amin C G <outro_1> Amin C G F,,'cali rap' 'westcoast flow',,,artist_645,rap,,1D8twu2cuGQdILSS02MqLW
940,<intro_1> Emin D G Amin Emin D G Amin Emin D G Amin Emin D G Amin <verse_1> Emin D G Amin Emin D G Amin Emin D G Amin Emin D G Amin Emin D G Amin Emin D G Amin Emin D G Amin Emin D G Amin <chorus_1> Emin D G Amin Emin D G Amin Emin D G Amin Emin D G Amin Emin D G Amin Emin D G Amin Emin D G Amin Emin D G Amin <verse_2> Emin D G Amin Emin D G Amin Emin D G Amin Emin D G Amin <chorus_2> Emin D G Amin Emin D G Amin Emin D G Amin Emin D G Amin Emin D G Amin Emin D G Amin Emin D G Amin Emin D G Amin <outro_1> Emin D G Amin Emin D G Amin Emin D G Amin Emin D G,2023-01-20,'german indie folk',2020.0,,artist_646,country,0tb0RHrF4IpwPJOKYxnxxe,6zcWVbyNT0z94MBffsTJGP
941,<intro_1> Bb Eb Bb <verse_1> Eb Bb Eb F Bb Eb Bb Eb F Bb Eb Bb Eb F Bb Eb Bb Eb F Bb <chorus_1> F Eb Bb F Eb Bb F Gmin F Gmin F Eb F Bb E/Fs <verse_2> B E B E Fs B E B E Fs B E B E Fs B E B E Fs B <chorus_2> Fs E B Fs E B Fs Gsmin Fs Gsmin Fs E Fs B F/G <verse_3> C F C F G C F C F G C Gb/Ab Db Gb Db Gb Ab Db <chorus_3> Ab Gb Db Ab Gb Db Ab Bbmin Ab Bbmin Ab Gb Ab Db Gb Ab Db Gb Ab Db Gb Ab Db,,'anthem worship' 'apostolic worship' 'world worship' 'worship',,,artist_647,,0NqscUmrBfLULZ1WVz2m2R,0DLoqaxhfWU5litFyzLqn8
942,<intro_1> Gmin F Dmin Eb Cmin F Eb D Gmin F Dmin Eb Cmin Dmin Gmin <verse_1> Emin D Bmin C Amin Bmin C Bmin Emin D Bmin C Amin Bmin Emin C D Bmin Emin C D G C D Bmin Emin C B7 Gmin F Dmin Eb Cmin F Eb D Gmin F Eb Dmin Cmin Dmin Gmin <verse_2> Emin D Bmin C Amin Bmin C Bmin Emin D Bmin C Amin Bmin Emin C D Bmin Emin C D G C D Bmin Emin C B7 Gmin F Dmin Eb Cmin F Eb D Gmin F Eb Dmin Cmin Dmin Gmin <instrumental_1> F Dmin Eb Cmin F Eb D Gmin F Dmin Eb Cmin Dmin Gmin <outro_1> F Dmin Eb Cmin F Eb D Gmin F Eb Dmin Cmin Dmin Gmin F Dmin Eb Cmin F Eb D Gmin F Eb Dmin Gmin F Dmin Eb Cmin F Eb D Gmin F Eb Dmin,,'vocaloid',,,artist_648,,,7LOYTIZlvOwx83g2iBL3eM
943,<verse_1> C Cmaj7 C Cmaj7 Dmin Dmin7 Dmin Dmin7 C Cmaj7 C Cmaj7 Dmin Dmin7 Dmin Cmaj7 <chorus_1> C Dmin7 G Fmaj7 Dmin7 Amin F Dmin7 A G Emin Dmin7 F E Amin <verse_2> C Dmin7 F Cmaj7 F Dmin7 Amin F Dmin7 Amin G Emin Dmin7 F Emin C <interlude_1> F G Amin G <outro_1> F Dmin7 Amin F Dmin7 Amin G Emin Dmin7 F Emin Amin,2023-02-08,'classic italian pop',2020.0,,artist_649,pop,3zn6I6sXe0tutUhdGzAzEJ,3PxABgbDMeYxPK9GGjNg4j
944,<intro_1> Amin F C G <verse_1> Amin F C G Amin F C G Amin F C G <chorus_1> Amin F C G Amin F C G <interlude_1> Amin F C G <verse_2> Amin F C G <chorus_2> Amin F C G Amin F C G <solo_1> Amin F C G <bridge_1> Amin F C Gadd11 <chorus_3> Amin F C G Amin F C G <outro_1> Amin F C G Amin F C G,2017-10-10,'scandipop',2010.0,,artist_650,pop,2x5DaKuIEgbodegSzctTOr,6psCCMHymYfQy6VvYRr6cs
945,<intro_1> Fsmin <verse_1> E/Fs Dmaj7/Fs E/Fs Fsmin E/Fs Dmaj7/Fs E/Fs D Bmin Fsmin Eadd13 D Bmin Fsmin Eadd13 <chorus_1> D Bmin Fsmin E/Gs E D Bmin Fsmin E/Gs E Dmaj7 Bmin7 <verse_2> Fsmin E/Fs Dmaj7/Fs Fsmin E/Fs D Bmin Fsmin Eadd13 D Bmin Fsmin Eadd13 E <chorus_2> D Bmin Fsmin E/Gs E D Bmin Fsmin E/Gs E Dmaj7 Bmin Fsmin E/Gs E Dmaj7 Bmin Fsmin E/Gs E Dmaj7 Bmin7 Fsmin,,,,,,,,
946,<intro_1> Amin C G F <verse_1> Amin C Amin C G Amin C F <chorus_1> Amin C G F C Amin C F Amin C F Amin C F <verse_2> Amin C G F Amin C G C F <chorus_2> Amin C G F C Amin C G Amin C F C Amin C F C Amin,2023-06-09,'singer-songwriter pop',2020.0,,artist_651,pop,3WZyXUHTqffITfNniSJyKD,4NYx2GcZWwIW3glF0dW1fC
947,<intro_1> Gb Ab/Gb Gb Ab/Gb <verse_1> Gb Abdim7/Gb Gb7 B/Gb Gb Abdim7/Gb Gb7 B/Gb Ab7/Eb Db B Gb Abdim7/Gb Gb7 B/Gb Gb Abdim7/Gb Gb7 B/Gb Ab7/Eb Db B/Gb Ab/Gb Dbsus4 Db <chorus_1> Gb Gb/E Eb7/Bb Abmin7 E7 Dbsus4 Db Gb Gb/E Eb7/Bb Abmin7 E7 Dbsus4 Db Gb Ab/Gb Gb Ab/Gb <verse_2> Gb Abdim7/Gb Gb7 B/Gb Gb Abdim7/Gb Gb7 B/Gb Ab7/Eb Db B/Gb Ab/Gb Dbsus4 Ebsus4 <chorus_2> Ab Ab/Gb F7/C Bbmin7 Gb7 Ebsus4 Eb Ab Ab/Gb F7/C Bbmin7 Gb7 Ebsus4 Ab Bbmin7 Gb7 Ebsus4 Ab Bb/Ab Ab Bb/Ab Ab,,,,,,,,
948,<intro_1> A <verse_1> G D A G D A G D C G D C Emin A D A Asus2 <verse_2> G C F Emin A D A <instrumental_1> Eb Bb F Eb Bb F Eb Bb F <verse_3> Eb Bb F Eb Bb F Eb Bb F Eb Bb F Eb Bb Eb E F <instrumental_2> Bb Gmin <verse_4> B Eb Cmin C F Fmin7 <verse_5> C7 C C7 C Bb F C Cadd13 C Bb F C Bb F C Bb F C Bb F C <verse_6> Bb F F7 C Bb F7 C Bb F C Bb F C Bb F C <instrumental_3> C7 C Ab Cmin Ab Cmin Ab <outro_1> Cmin Bb Ab Cmin Bb Ab Cmin Ab Abmin Eb Bb Bb7 Cmin Ab Ab7 Bb Ab,,'adult standards' 'classic rock' 'folk rock' 'mellow gold' 'rock-and-roll' 'rockabilly' 'singer-songwriter',,rockabilly,artist_652,rock,2WAl9YUZYSsJesXACRzk1Z,0JDkhL4rjiPNEp92jAgJnS
949,<intro_1> Amin <verse_1> F/E Amin F/E <bridge_1> Amin C/G F/E Amin C/G F/E <verse_2> Amin F/E Amin F/E <chorus_1> G Amin F/E G C/G Emin F/E G Amin F/E G C/G Emin F/E Amin <verse_3> F/E Amin F/E <bridge_2> Amin C/G F/E Amin C/G F/E <chorus_2> G Amin F/E G C/G Emin F/E G Amin F/E G C/G Emin F/E C/G F/E C/G F/E C/G F/E C/G <chorus_3> G Amin F/E G C/G Emin F/E G Amin F/E G C/G Emin F/E Amin <outro_1> C/G,2019-11-15,'orebro indie' 'swedish singer-songwriter',2010.0,,artist_653,alternative,4n7GSkW703JwCpqyyrBoGH,74ELd1GTp5fY2NFCiY5RNl
950,<verse_1> Emin7 Cmin G D/Fs Emin7 Aadd9/Cs C/D Cmin7 Eb Fadd13 G <verse_2> Emin7 Amin7 Emin7 Cmaj7 Amin7 Gadd9 D C Amin7 D G Cmaj7 Bmin Cmaj7 Dadd13 Emin7 Fadd9 D <chorus_1> A E D A Bmin7 D Gadd9 E A E D A E D A Gadd9 E <verse_3> B Fs/B E/B B Csmin7 E B Csmin7 Dsmin7 Fs B Fs E Fs Gsmin Csmin7 Dsmin7 G Fsmin7 Emin D G A/G G A/G B <outro_1> Fs/B E/B B Csmin7 E B,2023-02-08,'classic italian pop' 'italian adult pop' 'mexican pop',2020.0,,artist_654,pop,4UWIMVtvcoZz7TeQa95iMW,0H1InhXaXQPL1aj0mvHemU
951,<verse_1> G D G D G D G D G <chorus_1> C G C <verse_2> G D G D G D G D G D G D G <chorus_2> C G C <outro_1> G D G D G D G D G,2013-10-01,'cosmic american',2010.0,,artist_302,,5lFB31tF5SDiZqavmswS9x,4u9ZHrFXFXptM7H68RJbiY
952,<intro_1> E Fsmin D E Fsmin D <verse_1> Bmin Fsmin Fsmin/E G D A/Cs Bmin Fsmin Fsmin/E G D Csmin Bmin A/Cs D <chorus_1> E Fsmin D E Fsmin D E Fsmin D E Fsmin D <verse_2> Bmin Fsmin Fsmin/E G D A/Cs Bmin Fsmin Fsmin/E G D Csmin Bmin A/Cs D <chorus_2> E Fsmin D E Fsmin D E Fsmin D E Fsmin D <bridge_1> Csmin D Fsmin E D E D E D E D <interlude_1> E D E Fsmin D <chorus_3> E Fsmin D E Fsmin D Csmin D Fsmin E,2006-08-15,'ccm' 'christian alternative rock' 'christian music' 'worship',2000.0,christian alternative rock,artist_655,rock,7yWSBvDGeKXgdDZnoy2YXd,6j1fmLreVuAay7k6Gudfa2
953,<intro_1> Amin C/G Dsus2 C Bsus4 Amin C/G Dsus2 C Bsus4 <verse_1> Amin C/G Dsus2 C Bsus4 Amin C/G Dsus2 C Bsus4 Amin C/G Dsus2 C Amin C/G Dsus2 C Bsus4 <chorus_1> F G Amin C F G Amin C F G Amin C F G <verse_2> Amin C/G Dsus2 C Bsus4 Amin C/G Dsus2 C Bsus4 Amin C/G Dsus2 C Bsus4 Amin C/G Dsus2 C Bsus4 <bridge_1> F G Amin C F G Amin C <chorus_2> F G Amin C F G Amin C F G Amin C F G Amin C <outro_1> F G Amin C F G Amin C F G Amin C F G Amin C,,,,,,,,
954,<intro_1> B E Gsmin E B E Gsmin E <verse_1> B Gsmin B Gsmin B Gsmin B Gsmin E <chorus_1> B E Gsmin E B E Gsmin E <interlude_1> B <verse_2> Gsmin B Gsmin B Gsmin B Gsmin B E <chorus_2> B E Gsmin E B E Gsmin E <verse_3> B Gsmin B Gsmin B Gsmin B Gsmin B Gsmin B Gsmin B Gsmin B Gsmin E <chorus_3> B E Gsmin E B E Gsmin E <interlude_2> Csmin E Gsmin Fs Csmin E Gsmin Fs <bridge_1> Csmin E Gsmin Fs Csmin E Gsmin Fs Csmin E Gsmin Fs Csmin E <verse_4> B Gsmin B Gsmin B Gsmin B,2005-06-07,'emo' 'neon pop punk' 'pop punk',2000.0,,artist_656,pop,6MxsvhhdxBhJxooO66zlO6,19zqV9DV3txjMUjHvltl2D
955,<chorus_1> Dmin C Bb Gmin Amin Dmin C Bb Gmin Dmin <verse_1> F Gmin Bb C Dmin F Gmin Bb C Dmin F Gmin Bb C Dmin Gmin7 Dmin Bbmaj7 <chorus_2> Dmin C Bb Gmin C Dmin C Bb Gmin C Dmin <verse_2> F Gmin Bb C Dmin F Gmin Bb C Dmin F Gmin Bb C Dmin Gmin7 Dmin Bbmaj7 <chorus_3> Dmin C Bb Gmin C Dmin C Bb Gmin C Dmin <outro_1> C Bb Gmin C Dmin C Bb Gmin C Dmin,2023-02-08,,2020.0,,artist_657,,6C7AP6DWA9UsMK3kIqMifX,5b7RP4RDJ37q5EPUs4nf59
956,<intro_1> C G C G C G C G <verse_1> C G C G C G C G <verse_2> C G C G C G C G C G C G <verse_3> C G C G C G C G <outro_1> C G C G C G C G,2018-05-18,'canadian contemporary r&b' 'canadian pop' 'neo mellow',2010.0,,artist_12,soul,70VCnApzoHyOZvYuK4EoaM,1uquUYtkdKei0zuhBY9P0t
957,<intro_1> A/Cs Fsmin Bmin E <verse_1> A/Cs Fsmin Bmin E A/Cs Fsmin Bmin E A/Cs Fsmin Bmin E A/Cs Fsmin Bmin E <bridge_1> A/Cs Gmin/Bb <interlude_1> A/Cs Fsmin Bmin E A/Cs Fsmin Bmin E <verse_2> A/Cs Fsmin Bmin E A/Cs Fsmin Bmin E A/Cs Fsmin Bmin E A/Cs Fsmin Bmin E A/Cs Fsmin Bmin E A/Cs Fsmin Bmin E,1987-05-01,'alternative rock' 'britpop' 'permanent wave' 'sheffield indie',1980.0,alternative rock,artist_658,alternative,2KACTge0W3IUKPXRmJSGBd,36E7oYfz3LLRto6l2WmDcD
958,<intro_1> C <verse_1> Amin Dmin G C Amin Dmin G <chorus_1> C Amin F Amin G C C/B Amin F G Amin <verse_2> C Amin Dmin G C G/B Amin Cadd13 Dmin G <chorus_2> C Amin F Amin G C C/B Amin F G Amin <bridge_1> F Emin Dmin Dmin7 F Emin Dmin7 E7 Amin G <chorus_3> C Amin F Amin G C C/B Amin F G Amin,2023-02-08,'italian pop',2020.0,,artist_659,pop,3WbpTinnlotDTs3uXwVrP7,5i0snp4GKBLiFsAZAwuJ5b
959,<intro_1> Bb D7 Eb7 <verse_1> Bb C Bb C Bb D7 Eb7 Ebmin7 <chorus_1> Bb D7 Eb7 Bb D7 Eb7 Bb D7 Eb7 C7 Bb D7 C7 <verse_2> Bb C Bb C Bb D7 Eb7 Ebmin7 <chorus_2> Bb D7 Eb7 Bb D7 Eb7 Bb D7 Eb7 C7 Bb D7 C7 <instrumental_1> Fs Cs7 <bridge_1> Fs Cs7 Fs Cs7 Fs Cs7 Fs C7 <chorus_3> Bb D7 Eb7 Bb D7 Eb7 Bb D7 Eb7 C7 Bb D7 C7,,,,,,,,
960,<verse_1> E G Fs E G Fs E G Fs E G Fs E G B <chorus_1> E G A E G A E G A E G A C D E C D E G Fs E G Fs <verse_2> E G A E G A E G B <chorus_2> E G A E G A E G A E G A C D E C D E <bridge_1> G B <solo_1> E G A E G A E G A E G A <chorus_3> E G A E G A E G A E G A C D E C D E G Fs E G Fs E G Fs E G Fs E,2015-03-08,'neo soul',2010.0,,artist_660,soul,5YDUDi2SsfYIUBZjjYIL6f,4f9iBmdUOhQWeP7dcAn1pf
961,<intro_1> D Emin Bmin G <verse_1> D Emin Bmin G D Emin Bmin G A G A Bmin D A G A Bmin D A <chorus_1> D Fsmin G A Bmin Fsmin G A D <verse_2> Emin Bmin G D Emin Bmin G A G A Bmin D A G A Bmin D A <chorus_2> D Fsmin G A Bmin Fsmin G A D Fsmin G A Bmin Fsmin G A D,2023-02-08,'italian hip hop' 'italian pop',2020.0,,artist_661,rap,59nchDV5vZqIP0m1DgpSuS,0zoMmzmyi8N8LwzhyXPvtk
962,<intro_1> E B C D E B C D <verse_1> E B C D E B C D E B C D E B C D <chorus_1> G D A E G D A E G D A E G D A E B C D E B C D <verse_2> E B C D E B C D E B C D E B C D <chorus_2> G D A E G D A E G D A E G D A E B C D E B C D E B C D E B C D E B C D E,1998,'australian alternative rock' 'australian rock',1990.0,australian alternative rock,artist_10,rock,4YsHiIF7X6xTOSWmwqFYJt,6LBCQo20ri3tsvbsWWLmr6
963,<intro_1> F Amin Dmin7 F/C C7 Bb/C C7 <verse_1> Dmin Bbadd9 F Dmin Bb F Dmin Bbadd9 F Dmin Bb F <chorus_1> Bb Dmin C/E F Amin Gmin7 Bb F C7 <verse_2> Dmin Bbadd9 F Dmin Bb F Dmin Bbadd9 F Dmin Bb F <chorus_2> Bbmaj7 Dmin C/E F Amin Bb Bbmaj7 Dmin C/E F Dmin7 Amin Gmin7 <outro_1> Bb Bbmaj7 F Amin Dmin7 F/C C7 Bb/C C7 F,2023-02-08,'italian adult pop' 'italian pop',2020.0,,artist_662,pop,3slQ550jA1udn2keXTvu1U,3hN3iJMbbBmqBSAMx5veDa
964,<intro_1> Amin G Amin G Amin G Amin G Amin <chorus_1> G Amin G Amin G Amin G Amin G Amin G Amin G Amin G Amin G Amin G Amin G <bridge_1> Amin G Amin G Amin G Amin G <chorus_2> Amin G Amin G Amin G Amin G Amin G Amin G Amin G Amin F C G Amin F C G F Ab <chorus_3> Bbmin Ab Bbmin Ab Bbmin Ab Bbmin Ab Bbmin Ab Bbmin Ab Bbmin <chorus_4> Ab Bbmin Ab Bbmin Ab Bbmin Ab Bbmin Ab Bbmin Ab Bbmin Ab Bbmin <verse_1> Ab Bbmin Ab Bbmin Ab Bbmin Ab Bbmin Ab Bbmin Ab Bbmin Ab Bbmin Ab Bbmin Ab Bbmin Ab Bbmin Ab Bbmin Ab Bbmin Ab Bbmin Ab Bbmin,1976,'art punk' 'permanent wave' 'protopunk' 'singer-songwriter',1970.0,,artist_13,punk,4Q0gexDyqLyLHmnktsn0KQ,0vYkHhJ48Bs3jWcvZXvOrP
965,<verse_1> Cmin Gmin Cmin Bb Cmin Bb Ab Gmin Fmin7 Gmin7 Ab Cmin Bb Fmin Gmin Ab <chorus_1> Cmin Fmin Ab Bb Cmin Fmin7 Ab Bb Cmin Gmin Ab Gmin Fmin7 <verse_2> Cmin Gmin Ab Fmin Cmin Gmin Ab Gmin Fmin Gmin Ab <chorus_2> Cmin Fmin7 Ab Bb Cmin Fmin7 Ab Bb Cmin Fmin7 Ab Bb <bridge_1> Ab Fmin Gmin7 Cmin Bb Cmin Fmin7 Gmin7 G7 <chorus_3> Cmin Fmin7 Ab Bb Cmin Fmin7 Ab Bb Cmin Fmin7 Ab Bb Cmin Fmin7 Ab Bb,2023-02-09,'italian adult pop' 'italian pop',2020.0,,artist_663,pop,1Zr8LezOCv9IKPm9cwN27F,7GgpsUpkj3olseoaTY7TEY
966,<intro_1> Cmaj7 C G Cmaj7 C G <verse_1> Cmaj7 C G Cmaj7 C G Emin D G Cmaj7 D Cmaj7 C G Cmaj7 C G Emin D Cmaj7 D <chorus_1> Emin B7 G A C D Cmaj7 C G <interlude_1> Cmaj7 C G <verse_2> Cmaj7 C G Cmaj7 C G Emin D C A G B7 Emin D Amin G Cmaj7 Fmaj7 <chorus_2> Emin B7 G D A C Bmin G Amin D Cmaj7 C G <outro_1> Cmaj7 C G Cmaj7 C G Cmaj7,2019-08-05,,2010.0,,artist_664,,3uN9uoXFQC6l04B5eO0UKb,5JEH2BerhiDMRdwe3WhNnJ
967,<verse_1> C Amin C G C Amin7 C G C Amin C G C Amin Cmin G C Amin7 C G C Amin C G C Amin7 C G C Amin C G C Amin C G C Amin7 C G C Amin C G C Amin C G C Amin Cmin G C Amin7 C G C Amin7 Cmin G C Amin C G C Amin C G C Amin C G C Amin C G C Amin C G C Amin C G C Amin C G C Amin C G C Amin7 Cmin G C Amin7 C,2021-10-08,'fremantle indie',2020.0,,artist_665,alternative,1yeMuA03ANPOrPmDEBvtKp,1a6a0hVxotITvRTjVXaT9n
968,<intro_1> Amin C Amin C <verse_1> Amin C Amin C D F Amin D F Amin D F Amin C Amin C Amin D F Amin <chorus_1> C D F Amin C D Amin C Amin C D F Amin <verse_2> C Amin C D F Amin C Amin C Amin D F Amin <chorus_2> C D F Amin C D Amin C Amin C D F Amin <bridge_1> C Amin C Amin D F Amin <chorus_3> C D F Amin C D Amin <outro_1> C D F Amin C D Amin C D Amin,,,,,artist_666,,,3Ds96gXKTTw3CRUZaLTZqK
969,<intro_1> Bmin G Bmin Emin <verse_1> A Bmin Emin Bmin G Bmin G Bmin Emin G Emin G Bmin G Emin Bmin Emin G Bmin Emin <bridge_1> G C G C G Bmin Emin C Bmin G C Bmin Emin Bmin B G C Bmin Emin Bmin <interlude_1> Emin Bmin Emin <verse_2> A Bmin Emin Bmin Emin Bmin G Bmin G Bmin Emin Bmin Emin Bmin Emin Bmin Emin <bridge_2> C G C G Bmin Emin C G Bmin B <outro_1> G C Bmin Emin Bmin G C Bmin Emin Bmin,1994-08-29,'britpop' 'permanent wave' 'rock' 'welsh rock',1990.0,welsh rock,artist_14,pop rock,2HwON96D8XSQLwRvCzn5rQ,2uH0RyPcX7fnCcT90HFDQX
970,<intro_1> Dmaj7 <verse_1> G Bmin G <verse_2> D G Bmin G Bmin G D A <chorus_1> Emin A D A Bmin A Emin A D A Bmin A Emin A D <verse_3> G Bmin G Bmin G D A <chorus_2> Emin A D A Bmin A Emin A D A Bmin A Emin A D A Bmin A G <outro_1> Emin A D A Bmin A Emin A D,2023-02-08,'italian adult pop' 'italian pop',2020.0,,artist_667,pop,5htUUUBlgHZ9fztWTTDEFm,3xGlLcG9CUrs5MvFkSLOS5
971,<verse_1> Amaj7 Abdim7 Fsmin7 Emin7 Dmaj7 Dbmin7 Bmin7 E9 <verse_2> Amaj7 Abdim7 Fsmin7 Emin7 Dmaj7 Dbmin7 Bmin7 E9 <chorus_1> Amaj7 Fsmin7 Dmaj7 E9 Amaj7 Fsmin7 Dmaj7 E9 Amaj7 Fsmin7 Dmaj7 E9 Amaj7 Fsmin7 Dmaj7 E9 <verse_3> Amaj7 Abdim7 Fsmin7 Emin7 Dmaj7 Dbmin7 Bmin7 E9 <verse_4> Amaj7 Abdim7 Fsmin7 Emin7 Dmaj7 Dbmin7 Bmin7 E9 <verse_5> Amaj7 Abdim7 Fsmin7 Emin7 Dmaj7 Dbmin7 Bmin7 E9 <chorus_2> Amaj7 Fsmin7 Dmaj7 E9 Amaj7 Fsmin7 Dmaj7 E9 Amaj7 Fsmin7 Dmaj7 E9 Amaj7 Fsmin7 Dmaj7 E9 <bridge_1> Amaj7 Fsmin7 Dmaj7 E9 Amaj7 Fsmin7 Dmaj7 E9 <chorus_3> Amaj7 Fsmin7 Dmaj7 E9 Amaj7 Fsmin7 Dmaj7 E9 Amaj7 Fsmin7 Dmaj7 E9 Amaj7 Fsmin7 Dmaj7 E9,2021-12-03,'jazz pop',2020.0,,artist_668,pop,18hPvq4l7aiolR6NenxBz6,4eMIZNb3qBMQXkfwCaA31H
972,<intro_1> Amin E Amin E <verse_1> Amin Dmin Amin Dmin <chorus_1> C Cmaj7 A C Cmaj7 A F D7 G E <interlude_1> Amin E Amin E7 Amin F Dmin Bmin Amin <verse_2> Dmin Amin Dmin E Dmin Bmin <chorus_2> C Cmaj7 A C Cmaj7 A F Dmin G E <interlude_2> Amin E Amin E7 <verse_3> Amin F E Dmin E Amin F E Dmin G <chorus_3> C Cmaj7 A C Cmaj7 A F D7 G E Amin <outro_1> E A,2011-09-20,'comic',2010.0,,artist_11,,31trJ0p6jSrc4UTceABL0o,292sg99iIOc93zcd30r4Oz
973,<intro_1> B A B A B <verse_1> A B A B A B A Fs G Cadd9/F G Cadd9/F G Cadd9/F G Cadd9/F G <instrumental_1> A G A G D <chorus_1> A G A D A G A D A G A D A E D G Cadd9/F <instrumental_2> B A B A B <verse_2> A B A B A B A Fs G Cadd9/F G Cadd9/F G Cadd9/F G Cadd9/F G <instrumental_3> A G A G D <chorus_2> A G A D A G A D A G A D A E D G Cadd9/F <instrumental_4> B A B A B <verse_3> A B A B A B A Fs G Cadd9/F G Cadd9/F G Cadd9/F G Cadd9/F G <instrumental_5> A G A G D <chorus_3> A G A D A G A D A G A D A E D G Cadd9/F F D,1978-04-10,'album rock' 'art rock' 'blues rock' 'classic rock' 'flute rock' 'folk rock' 'hard rock' 'progressive rock' 'psychedelic rock' 'rock' 'singer-songwriter' 'symphonic rock',1970.0,flute rock,artist_226,rock,4mDT3PTfUgwEo8C8ykUxkS,6w6z8m4WXX7Tub4Rb6Lu7R
974,<intro_1> Bmin A G <verse_1> D Fsmin7 G A D <verse_2> Fsmin7 G A <chorus_1> D Fsmin7 G A Gmin Emin Gmin Bmin A G <verse_3> D Fsmin7 G A <verse_4> D Fsmin7 G A <chorus_2> D Fsmin7 G A D Fsmin7 G A <outro_1> Emin Gmin Bmin A G D,,'italian adult pop' 'italian alternative' 'italian indie pop' 'italian pop' 'milan indie',,,artist_669,pop,,0Sv8sjzMHBbAWXt4CGB9Us
975,<verse_1> Amin F C E Amin F C E <chorus_1> Amin F C G Amin F C G Amin F C G Amin F C G Amin <verse_2> F C E Amin F C G Dmin F C G Dmin F G <chorus_2> Amin F C G Amin F C G Amin F C G Amin F C G <bridge_1> Amin F C G Amin F G Amin F C G Amin F C G Amin <instrumental_1> F C G <chorus_3> Amin F C G Amin F C G Amin F C G Amin F C G Amin,2023-10-28,'italian adult pop' 'italian pop',2020.0,,artist_670,pop,5kG79iNNWnQARflxo1l6ae,59MLbXG0jLVwJup3KAd6m1
976,<intro_1> G C <verse_1> Gmaj7 C Bmin C Gmaj7 C Bmin C Emin D Cmaj7 Amin Bmin Emin D Cmaj7 Amin Bmin Emin <chorus_1> G C Amin D Bmin Emin Amin Bmin C G C <verse_2> G C Bmin C Emin D Cmaj7 Amin Bmin Emin D Cmaj7 Amin Bmin Emin <chorus_2> G C Amin D Bmin Emin Amin Bmin C Amin <bridge_1> D Emin C Cmaj7 <chorus_3> G C Amin D Bmin Emin Amin Bmin C G C G,2023-02-08,'italian hip hop' 'italian pop' 'rome indie',2020.0,,artist_671,rap,5coGRpcrHdoLBuTLAeKGxu,2T4kh33TYdnDesvlQyRst8
977,<chorus_1> E Gs Fsmin A B E <verse_1> Gs Fsmin A B E <bridge_1> A E A E B <chorus_2> E Gs Fsmin A B E <solo_1> Gs Fsmin A B E Gs Fsmin A B E <bridge_2> A E A E B <chorus_3> E Gs Fsmin A B E,2016-05-20,'country' 'country rock' 'outlaw country',2010.0,country rock,artist_672,country,6kiBHtPe8GfNhLygAO2jiv,6e7QpHYqEiyJGiM98IysLa
978,<intro_1> Emin C Emin C <verse_1> Emin C Emin C <interlude_1> Emin C <verse_2> Emin C Emin C D C D C G <chorus_1> C D C <interlude_2> Emin G C Emin G C <verse_3> Emin C Emin C D C D C G <chorus_2> C D C <chorus_3> G C D C <outro_1> Emin G C Emin G C Emin G C Emin C Emin C,2018-06-15,'classic belgian pop',2010.0,,artist_22,pop,2532PzpPlJvS25Gd04BGx4,7p0vcwWuuNIgMQvaYkgiRG
979,<intro_1> Fsmin7 Gmaj7 Fsmin7 Gmaj7 Fsmin7 Gmaj7 Fsmin7 Gmaj7 Fsmin7 Gmaj7 Fsmin7 <verse_1> Gmaj7 Fsmin7 Gmaj7 Fsmin7 <chorus_1> Emin Fsmin7 Cmaj7/G Bmin7 A/Cs Emin Fsmin7 Cmaj7/G Bmin7 A/Cs <instrumental_1> Gmaj7 Fsmin7 Gmaj7 Fsmin7 <verse_2> Gmaj7 Fsmin7 Gmaj7 Fsmin7 <chorus_2> Emin Fsmin7 Cmaj7/G Bmin7 A/Cs Emin Fsmin7 Cmaj7/G Bmin7 A/Cs <outro_1> Emin Fsmin7 Cmaj7/G Bmin7 A/Cs Emin Fsmin7 Cmaj7/G Bmin7 A/Cs,2018-07-27,'bay area indie' 'shiver pop',2010.0,,artist_673,alternative,7LD81Yw0rPSTJtwgqBXesC,2CXaub1yYrSk6ruDtOx6LZ
980,<verse_2> C Amin G C Amin F C Amin G C Amin F <verse_3> C Amin G C Amin F C Amin F G C Amin F <verse_4> C Amin G C Amin F C Amin G C Amin F <interlude_1> Dmin7 F Dmin7 F Dmin7 F C Amin F G F Dmin7 F Dmin7 F C Amin F <verse_5> C Amin G C Amin F C Amin G C Amin F <verse_6> C Amin G C Amin F C Amin G C Amin F <verse_7> C Amin G C Amin F C Amin G C Amin F <instrumental_1> C Amin G Cmaj7 Amin F C Amin G Cmaj7 Amin F,2022-11-04,'belgian jazz',2020.0,,artist_674,jazz,1W1d1dq6iEtC1zUD7F363X,3eSHHprsyLcEwQUYwAAWmw
981,<intro_1> A Csmin D A Csmin D A <verse_1> Fsmin Csmin D A D A E A D <verse_2> A Fsmin Csmin D A D A E A D <chorus_1> A E Fsmin D A E Fsmin D <verse_3> A Fsmin Csmin D A D A E A Csmin D A,,'art pop' 'indie rock' 'indie soul' 'indietronica' 'kiwi rock' 'neo-psychedelic' 'portland hip hop' 'psychedelic pop',,kiwi rock,artist_675,alternative,,1LeVJ5GPeYDOVUjxx1y7Rp
982,<intro_1> Bmin G Emin A <verse_1> Bmin G Bmin Emin Bmin G Emin Bmin <chorus_1> A Emin Bmin A Emin Bmin A G Bmin A G Bmin G Emin A <verse_2> Bmin G Bmin Emin Bmin G Emin Bmin <chorus_2> A Emin Bmin A Emin Bmin A G Bmin A G Bmin G Emin A <verse_3> Bmin G Bmin Emin Bmin G Emin Bmin <chorus_3> A Emin Bmin A Emin Bmin A G Bmin A G Bmin G Emin A <verse_4> Bmin G Bmin Emin Bmin Emin Bmin G Emin Bmin <chorus_4> A Emin Bmin A Emin Bmin A G Bmin A G Bmin G Emin A,2022-06-03,,2020.0,,artist_676,,7K8lqMfMFl8Q2aqcCwnDCb,2RU6YIOuyukDRAoiT0M9Z4
983,<intro_1> B7 <verse_1> E7 A7 D7 F7 G7 E7 A7 D7 F7 G7 E7 A7 Db7 C7 B7 Bb7 A7 C7 G7 <verse_2> A7 D7 G7 A7 D7 A7 D7 F7 G7 E7 A7 D7 F7 G7 E7 A7 D7 Db7 C7 B7 Bb7 A7 F7 D7 G7 A7 D7 <interlude_1> G7 D7 A7 E7 A7 D7 G7 E7 A7 D7 F7 G7 E7 A7 D7 Db7 C7 B7 Bb7 A7 F7 D7 G7 <outro_1> A7 D7 G7 D7 G7 D7 G7 D7 G7,1971-01-01,'funk' 'psychedelic soul' 'rock keyboard' 'soul' 'southern soul',1970.0,,artist_677,soul,0VG5YnN8MmNqqu1iMyxfRh,0IecGJbdBeYSOVtSPRehh5
984,<intro_1> Emin G D C Emin G D C Emin <verse_1> G D C Emin G D C Emin <chorus_1> Amin Emin G D Dsus4 C Emin <verse_2> G D C Emin G D C Emin <chorus_2> Amin Emin G D Dsus4 C Emin <verse_3> G D C Emin G D C Emin <chorus_3> Amin Emin G D Dsus4 C Emin <verse_4> G D C Emin <chorus_4> Amin Emin G D Dsus4 C Emin,2021-04-30,,2020.0,,artist_676,,4XAIeTN6lGCmd6hy0cdQWh,2RU6YIOuyukDRAoiT0M9Z4
985,<intro_1> A Csmin7 Bmin7 Dmin7 <verse_1> A Asus4 Csmin7 Cmin7 Bmin7 Dmin7 A Csmin7 Cmin7 Bmin7 Dmin7 <verse_2> A Csmin7 Bmin7 Dmin7 A Csmin7 Bmin7 Dmin7 <verse_3> A Csmin7 Cmin7 Bmin7 Dmin7 A Csmin7 Cmin7 Bmin7 Dmin7 <bridge_1> Bmin7 C E Fs <verse_4> B Dsmin7 Dmin7 Csmin7 Emin7 B Dsmin7 Dmin7 Csmin7 Dmin7 B Dsmin7 Dmin7 Csmin7 Dmin7,2023-01-11,'bisaya indie' 'pinoy indie',2020.0,,artist_678,alternative,5F0Srwhpjpqt1KxyI1cDy1,6Ef0AJQePmfx2cB3vo5vEe
986,<instrumental_1> Cmin Gs As <verse_1> Cmin As Gs As Cmin Gs As Cmin As Gs As Cmin As Gs As Cmin As Gmin Gs As Cmin As Gmin Gs As Cmin As Gs As Cmin As Gs As Cmin <interlude_1> Gs As <verse_2> Ds As Gs As Ds As Gs As Gmin Gs As Cmin As Gmin Gs As Cmin As Gs As Cmin As Gs As Cmin <interlude_2> Gs As <verse_3> Ds As Gs As Ds As Gs As Gmin Gs As Cmin As Gmin Gs As Cmin As Gs As Cmin As Gs As Cmin,2023-10-30,'classic pakistani pop' 'pakistani pop' 'sufi',2020.0,,artist_555,pop,7qMn3zc9jKwL99gt3YVnPg,4cxl9RcyEbY0koslSaEKLY
987,<intro_1> E <chorus_1> Emin A G Fsmin Emin A G Fsmin <verse_1> Emin A D Csmin Emin D Emin A D Csmin Emin D Emin <chorus_2> A D Csmin Emin D Emin A D Csmin Emin D Emin <verse_2> A Bmin A G Emin A Emin A Emin A D Csmin Emin D Emin A D Csmin Emin D Emin <chorus_3> A D Csmin Emin D Emin A D Csmin Emin D Emin,2015-02-09,'art pop' 'etherpop' 'indie rock' 'indietronica' 'metropopolis' 'neo-synthpop',2010.0,indie rock,artist_158,pop rock,4cvFDemd1TVYV0JXgUAJlu,7bcbShaqKdcyjnmv4Ix8j6
988,Bmaj7 Cs7 Fs Fsaug Bmaj7 Cs7 Bmaj7 Cs7 Bmaj7 Cs7 Bmaj7 Cs7 Bmaj7 Cs7 Bmaj7 Cs7 Fs Fsaug Fs Fsaug Fs Fsaug Fs Fsaug Fs Fsaug Fs Fsaug Fs Fsaug Bmaj7 Cs7 Bmaj7 Cs7 Bmaj7 Cs7 Bmaj7 Cs7 Bmaj7 Cs7 Bmaj7 Cs7 Bmaj7 Cs7 Bmaj7 Cs7 Bmaj7 Cs7 Bmaj7 Cs7 Fs Cs7 Fs Cs7 Fs Cs7 Fs Cs7 Fs Cs7 Fs Cs7 Fs Cs7 Fs Cs7 Fs,2016-02-26,'bubblegrunge' 'indie rock',2010.0,indie rock,artist_397,rock,58wpyLVYf92yK5irWUwtuP,0aeq6izGKdpdcBUkXGCHXv
989,<intro_1> G D A Bmin F C G Amin Bb F C Dmin Amin <verse_1> G D A Bmin G D A Bmin F C G Amin F C G Amin <chorus_1> Bb F C Dmin Bb F C Dmin <verse_2> G D A Bmin G D A Bmin F C G Amin F C G Amin <chorus_2> Bb F C Dmin Bb F C Dmin Bb F C Dmin Bb F C Dmin G D A Bmin G D A Bmin F C G Amin F C G Amin Bb F C Dmin Bb F C Dmin <chorus_3> Bb F C Dmin Bb F C Dmin Bb F C Dmin Bb F C Dmin <outro_1> Bb F C Dmin Bb Emin Bb Emin,,'art pop' 'indie rock' 'indie soul' 'indietronica' 'kiwi rock' 'neo-psychedelic' 'portland hip hop' 'psychedelic pop',,kiwi rock,artist_675,alternative,3VZrMjHeYvUrFGKeG7B62D,1LeVJ5GPeYDOVUjxx1y7Rp
990,<intro_1> C Amin F G Amin <verse_1> C Amin G F Amin C Amin G F Amin <verse_2> C Amin G F Amin C Amin G F Amin <verse_3> C Amin G F Amin C Amin G F Amin <verse_4> C Amin G F Amin C Amin G F Amin <outro_1> C Amin F G Amin,2021-09-15,'lo-fi beats' 'lo-fi study',2020.0,,artist_679,,4AdoufaT15nd4nF46HIlGv,7LWdcPFBFcRaamGjIJbPV7
991,<verse_1> E A E A E A E A <chorus_1> G A E G A E G A E G A E <verse_2> A E A E A E A <chorus_2> G A E G A E G A E G A E <verse_3> G A E G A E G A E <chorus_3> G A E G A E G A E G A E,2018-04-14,'classic oklahoma country' 'modern country pop' 'oklahoma country' 'texas country',2010.0,,artist_680,country,5yZFo8mudvpi6vQ06A59ap,3EVsC9ZK7QMDuK4FPcZaEq
992,<intro_1> D G A <verse_1> D Fs G Gmin D Fs G Gmin <chorus_1> Fsmin Bmin Fsmin Bmin G Gmin D <verse_2> Fs G Gmin D Fs G Gmin <chorus_2> Fsmin Bmin Fsmin Bmin G Gmin <bridge_1> Emin D Emin D Emin E Gmin Fsmin A Aaug <chorus_3> Fsmin Bmin Fsmin Bmin Fsmin Bmin G A D G <outro_1> A D G A D G A Bmin G Gmin D G A,2022-11-17,,2020.0,,artist_681,,33x7mxFb8QfYTvbeNurMhW,0OxsOVP54A6DGrZq3Q2ycb
993,<intro_1> C/G G C <verse_1> F/G C Gmin C7 F C/E Dmin G Dmin G7 C F/G C Gmin Gbmajs911s Fadd13 Emin7 Dmin Fmin C G C F/G C Gmin C7 F C/E Dmin G Dmin G7 <instrumental_1> C F/G C F/G <verse_2> C Gmin Gbmajs911s F Emin Dmin7 G Emin Dmin G7 C F/G C Gmin Gbmajs911s Fadd13 Emin7 Dmin Fmin C G Gmin C7 <chorus_1> F C D G C F Dmin C G C F/G C F Dmin G G7b9 C G C F Dmin G C,2011-07-19,'classic garage rock' 'protopunk' 'southern gospel',2010.0,classic garage rock,artist_682,rock,2LD3rjz9OehtaWel47cRiv,1KqnnHm6UY5FW6UENrzSVX
994,<intro_1> F <verse_1> Gmin Amin Gmin7 C7sus4 Fmaj7 Dmin G7 C7 F <verse_2> Gmin Amin Gmin7 C7sus4 F Dmin G7 C7 F <bridge_1> Bb Bdim7 F F7 Bb Bdim7 F Gmin7 C7 Gmin Amin Gmin7 Csus4 Fmaj7 Dmin G7 C7 F,,,,,,,,
995,<intro_1> G Dsus4 C9 G Dsus4 C9 G <verse_1> Dsus4 C9 G Dsus4 C9 G <verse_2> Dsus4 C9 G Dsus4 C9 G <chorus_1> C G D Emin C G Dsus4 D C G D Emin C G Dsus4 D <verse_3> G Dsus4 C9 G Dsus4 C9 G <chorus_2> C G D Emin C G Dsus4 D C G D Emin C G Dsus4 D <verse_4> G Dsus4 C9 G Dsus4 C9 G,2015,'folk-pop',2010.0,,artist_683,pop,7vMmEp1Ofgn5KtGh4sQjq2,5hPR4Atp3QY2ztiAcz1inl
996,<verse_1> C Dmin C B7 Emin7 A7 Dmin G7 Cmaj7 F Bbmaj7 G7 C G7 C Dmin C B7 Emin7 A7 Dmin G7 Cmaj7 F Bbmaj7 G7 C,,,,,,,,
997,<intro_1> B Dsmin E B Dsmin E B <verse_1> Dsmin E B Dsmin E B Csmin E B Fs Csmin E B Fs <chorus_1> B Fs E B Fs E B Fs E B Fs E B <bridge_1> Fs E B Fs E B Fs E B Fs E B,2018-02-23,'spanish indie pop',2010.0,,artist_684,pop,0bVMFNFPAMSExMjgPr4op9,2LCcy9CZWwZ7Vvykt8IVVq
998,G G/Fs Emin C D/Fs D G G/Fs Emin7 G G/Fs Emin7 G G/Fs Emin7 C D/Fs G G/Fs Emin7 C D/Fs G G/Fs Emin7 C D/Fs G G/Fs Emin7 C D G G/Fs Emin7 G G/Fs Emin7 G G/Fs Emin7 C D/Fs G G/Fs Emin7 C D/Fs G G/Fs Emin7 C D/Fs G G/Fs Emin7 C D G G/Fs Emin7 G G/Fs Emin7 C D Emin D C Emin D C G G/Fs Emin7 C D/Fs G G/Fs Emin7 C D G G/Fs Emin7 G G/Fs Emin7 G,2023-08-31,'country pop' 'roots americana',2020.0,,artist_685,pop,0EBfnjo1xiKsfZLpuJ3lkH,4Lnd7Ix0gpCGpdKjns4gG8
999,<verse_1> Csmin7 Fs7/Cs A/Cs Fsmin7 Gs7 Csmin7 Fs7/Cs A/Cs Fsmin7 Gs7 Csmin7 E Fs7 Amin9 D/A A/B B B/Cs Csmin7 B/Cs Csmin7 A7 D Gs7 B/Cs Csmin7 B/Cs Csmin7 A7 Dsmin7 Gs7 Csmin9 Csmin7 Fs7/Cs A/Cs Fsmin7 Gs7 Csmin7 Fs7/Cs A/Cs Fsmin7 Gs7 Csmin7 B/Cs Csmin7 B/Cs Csmin7 A7 D Gs7 B/Cs Csmin7 B/Cs Csmin7 A7 Dsmin7 Gs7 Csmin9 E Fs7 Amin9 D/A A/B B Amin7 B/Cs Csmin7 Amin7 Fsmin11 Gs7 E Fs7 Amin9 D9/A A/B B B/Cs Csmin7 B/Cs Csmin7 A7 D Gs7 B/Cs Csmin7 B/Cs Csmin7 A7 Dsmin7 Gs7 Csmin9 <outro_1> B/Cs Csmin7 B/Cs Csmin7 A7 D Gs7 B/Cs Csmin7 B/Cs Csmin7 A7 Dsmin7 Gs7 Csmin9,,,,,artist_686,,,1eSuwr8DSVHAzgnuoTbeaB
1000,<intro_1> C7 F C7 F C7 F C7 F <verse_1> C7 F C7 F C7 F Bb C7 F C7 F Bb C7 F <instrumental_1> C7 F C7 F C7 F C7 F <verse_2> C7 F C7 F C7 F Bb C7 F C7 F Bb C7 F <outro_1> C7 F C7 F C7 F C7 F C7 F C7 F C7 F C7 F,,,,,,,,
